uc_id,high_green,lon,lat
1,0,-171.78310831964657,-13.833334896571351
1000,1,47.125402310654806,40.37903946402107
10001,1,117.11851130143856,34.938760705056744
10003,1,113.44616218788916,30.3748256402119
10005,0,112.132576340631,28.53305343673117
10006,1,79.13811725264237,12.932522553842992
10007,0,117.63388202022024,35.51304977287628
10008,1,83.0208127251078,25.308416628706738
10011,0,112.36916080507076,28.841204291268006
10015,0,109.73487100257834,24.477342271948693
10017,0,108.3567239568143,21.763132665846324
10019,1,115.6176421722828,33.17495021355548
10021,0,111.65567339794376,27.69596744756469
10022,0,83.29966334964726,26.092161801701387
10023,1,110.2615420103366,25.27086398307352
10025,0,123.75037250614275,41.29146504668522
10027,1,112.32415565348656,28.590308966716194
10028,0,82.88978836633599,25.112219656805163
10029,1,113.92993080203878,30.937046820107177
10033,0,118.8346537683245,36.711042156144885
10037,0,111.46950080613968,27.306922162680003
10039,0,110.3220398083426,25.410797200246307
10041,1,111.4680673728134,27.23463792397588
10043,1,117.12508583670044,34.8105732359986
10049,0,117.95132146065104,35.705763095917355
1005,0,58.186482207981825,38.05557982865388
10050,1,78.81790391930794,10.378715531222104
10051,1,116.42099718791096,33.94332325813789
10052,1,78.77764264225402,10.082271991947012
10053,1,113.83673841070888,30.645041074847533
10056,0,83.38491396568944,26.03437886241805
1006,0,60.615709000499464,41.55264652951947
10060,1,79.31877409105705,12.931843554435313
10061,0,108.62896744444046,21.96446779705196
10063,0,117.4440733079538,35.094049100007695
10064,0,80.0476429000422,16.23479777460288
10067,0,131.14440771352318,46.63175046741648
10068,0,82.65858295222762,24.094768833560224
10069,0,121.99754412627642,39.62207830975193
10071,0,114.90021812105324,32.006986500648225
10072,0,78.81411750039936,9.952481220229291
10073,1,119.13153819829806,36.69916881691289
10074,0,81.63655105430733,21.257703866636625
10075,1,115.04686446424893,32.133990810157286
10076,0,82.67293863355845,24.195525501659784
10077,0,113.82953441581296,30.560848179062532
10079,1,117.26796345712415,34.79058806507711
10085,0,117.35366703175065,34.87159794328149
10091,1,116.20492026135958,33.509966890310565
10093,1,111.98891092920756,27.738859221580732
10095,0,121.25498603268754,38.80628135247302
10098,0,78.84749668150485,9.363993281126398
10099,1,115.82979482003262,32.883716856150166
101,1,19.51333284995514,42.069518871808775
1010,0,68.55576499488808,38.53624039807302
10101,1,113.13194476945364,29.378325608594167
10102,0,83.79206205161354,26.495535652284243
10103,1,115.41293890597127,32.46246009935661
10104,0,80.0382795845113,15.509938120369446
10105,0,119.39260885487931,36.88197110512227
10106,1,83.99295931111287,26.89364257770205
10107,0,111.73938462887892,27.2483287720341
10109,0,124.12157337785624,41.302856975313034
10110,0,83.5574745433869,25.934335880232872
10111,0,121.94402796425987,39.3966043252897
10112,0,82.78811865741248,24.19392220113728
10113,0,121.64289024237968,38.99520855977074
10114,0,80.17153936015279,16.097439506500123
10115,1,115.58990397138648,32.641321780142704
1012,0,73.29685120381963,40.76816593283376
10122,0,78.99765228393007,10.171877288483476
10123,0,114.03867255508582,30.574937312933972
10125,1,117.5410255499934,34.85158322127546
10127,1,116.79086805955102,33.94167113755933
10129,1,116.94471622095244,34.182368832756985
1013,1,74.09883394262884,33.769515167737914
10131,1,114.29791641353712,30.557677891233368
10132,1,79.13267990673071,10.770180955184872
10135,0,109.27123661912684,22.6935639151895
10138,0,83.06413440312839,24.67975736935024
10141,0,117.9781496107831,35.268088936309255
10143,1,117.1832726384122,34.25692888118814
10144,0,81.94690696181641,21.734014991930337
10147,0,114.36420638308356,30.87974072369348
10149,0,114.24760928847074,30.72368356104045
1015,1,83.45272398014669,27.665774226875502
10151,0,113.11327031082956,29.14276105032946
10153,0,131.40503863645625,46.56752686705354
10157,1,112.55527474602862,28.26098985404805
10159,0,109.5958760451132,23.10244622258561
1016,0,80.33417032891882,6.015556966408864
10160,1,82.15004972795698,22.075339292968263
10161,1,116.18248773137384,33.144767891153506
10162,1,80.69202185106832,17.598624106724067
10163,0,120.32335754525056,37.64767736786877
10164,0,83.5719959161615,25.593552505586633
10166,0,79.32710953275081,11.520531569054183
10169,1,119.20334370145076,36.44388107743487
10171,1,117.57239651853956,34.759654952690454
10173,0,112.88384890622854,28.685392378206508
10176,1,80.42912874266496,16.30296784139703
10177,0,119.94160911368574,37.19608925070683
10179,0,110.3928791706837,24.490959699122175
10180,1,79.67005083109954,13.085421109682772
10181,0,114.08717468198648,30.337087555089884
10183,0,118.62536576543938,35.775911073425185
10185,0,112.18188924186448,27.458862156393877
10189,1,113.11505870810392,28.790968882287665
1019,0,100.09667028417051,17.61980573936139
10190,1,79.51406377191456,11.931740921251013
10191,0,111.59658507505688,26.446259078923536
10193,0,118.46782612344197,35.54043046636258
10194,0,80.3488771838122,15.817670818931312
10195,1,117.44973788986638,34.420279795018665
10197,0,113.91884975541691,29.983882883065625
10199,1,118.30513911331188,35.07582374353467
102,0,24.114251069202854,56.96324412479012
10201,0,112.81734724906282,28.353833329853703
10203,0,120.51223633551004,37.63460670801894
10204,1,79.38371609633695,10.96666063822325
10207,1,115.66689057244176,32.18475856042648
10208,1,79.71417744306721,12.827540284834672
10209,0,120.75812965169976,37.80884477408869
1021,0,100.55261172618296,5.393065011014907
10210,1,79.48299858731855,11.605936777846862
10211,1,116.55796768654636,33.257950268464256
10213,0,114.30900816192704,30.351465606433727
10215,0,112.51851639638195,27.735375468004264
10217,1,115.39527207649668,31.804560841660347
1022,0,105.39102592932704,21.32259969275903
10220,1,79.5503101667661,11.77575135734894
10221,0,114.56454420681764,30.688969602781587
10222,0,79.31662809871514,10.421640865887293
10223,0,109.14588748467574,21.47740729128988
10224,1,80.64631973612862,16.509432670299475
10227,1,113.8892363783232,29.728434160999782
10228,0,80.570864610056,16.4344501875887
10229,1,112.9972701615186,28.184498968840145
10231,0,111.83843591776689,26.594764726523003
10233,0,111.62028799002252,26.230129158096897
10235,1,118.0451393707494,34.85889125048312
10237,1,116.98271512032244,33.63179328250482
10239,1,115.00491622367336,31.182099698304512
10241,0,110.07611244663548,23.367779672785677
10242,0,80.47962298303649,15.911691887511532
10243,0,120.41197383657268,37.36550339727925
10244,1,79.58286194018778,11.569458447099656
10249,1,114.80396923485397,30.84195716812732
1025,1,127.28847566130014,37.65129922519506
10252,0,79.4474897045579,10.660507102099585
10253,1,119.9476879855363,36.77126404142858
10255,0,112.09569488219124,26.787902609912997
10257,0,116.25084565543706,32.64858976964797
10259,0,130.89046601342835,45.804906918924615
1026,1,120.54088930125587,23.928200607599095
10261,0,118.82417423510032,35.5906602062578
10262,1,79.55518860435765,11.28662832620885
10265,0,109.87957305818443,22.741346754826285
10266,1,79.91698549707787,13.1233274904224
10267,0,112.90247003096128,27.894422672196107
10268,0,80.64454032935109,16.24171281460695
1027,1,130.84293288950408,33.89576172784667
10271,1,113.81186863912754,29.25229118108371
10273,0,110.39581697402228,23.546534116881432
10276,0,83.60864134780373,25.034141421524993
1028,1,120.59766121795896,16.41791982936361
10281,1,119.76925421716844,36.39124198619671
10283,1,119.3981479520886,36.00518924154823
10285,0,112.38128854139327,26.96956954246057
10286,1,84.47345631973207,26.769313811568445
10289,0,112.93774035603568,27.841535996221115
1029,1,138.5911074675465,-34.878930031478994
10290,0,79.80102586905109,11.927549312739512
10292,0,79.76634365745376,11.760611554000942
10293,0,114.87075266708882,30.64133698149588
10296,1,79.64410946468924,11.103544082100786
103,1,20.299962376673935,42.659183979267155
10300,1,80.17084012416713,13.028005536530884
10302,0,79.696912565961,11.39964209272704
10303,0,119.19714219273008,35.76109157564264
10305,1,117.95018353389663,34.32190376409173
10306,1,84.49498562871099,26.23169375831305
10307,0,113.25007912552589,28.20605482456551
10308,0,80.11061759444648,13.415527647520848
10309,0,112.95337371025504,27.782235683625636
1031,1,175.2690239130702,-37.77201183630924
10310,0,79.63250313890829,10.775173084474432
10313,1,117.99848087189324,34.432761589319014
10314,1,79.98613032933524,12.68049308156095
10315,0,116.27048438897332,32.348544834158886
10319,1,115.9016032275172,31.845387501565483
1032,1,-121.64052592709837,36.688090837443625
10320,0,83.98469348256397,25.58202453364328
10321,1,114.87440646375576,30.41827487630917
10323,1,113.13789641583442,27.852793024773888
10325,1,110.14509163219118,22.632420009419516
10326,0,82.72894143537242,22.370682249276552
10329,0,120.82275588144084,37.303572424304846
10331,0,118.8184410014222,35.18246168798258
10332,0,84.43627651363813,26.473029149246777
10333,1,118.33489973737642,34.61988668085326
10334,0,84.18583163187716,25.771252902516785
10335,1,112.59817182653804,26.908385841514864
10337,0,109.97706394190593,22.26224423199184
10338,0,84.36071225769679,26.22323305915405
10339,0,116.71316189705334,32.70976922263314
1034,1,-119.45043777226324,49.88544864360484
10343,0,129.6047863242093,44.58106600252699
10345,1,118.62951947004294,34.91262104641325
10347,0,125.75609617128386,41.676614660913806
10349,0,120.5221361997564,36.87287060103166
1035,1,-91.4103596717287,15.02543871467417
10353,0,121.30995115296444,37.54180364865836
10355,0,116.81575021647542,32.776502501560344
10356,0,80.99414510584678,16.43088987893599
10358,0,79.83435564618459,10.940444655769534
10361,1,120.03427841404658,36.29229129643057
10362,0,79.83473685181518,10.785900972188612
10365,0,112.8618278250477,27.24497247016553
10366,0,83.18334792164403,23.128465289580543
10368,1,81.10522196082567,16.705676045836054
10369,1,117.32104691569629,33.31849916476505
10370,0,84.84039482577194,26.98490206439017
10371,0,125.94013325436758,41.730035522281675
10375,0,112.39191067539385,26.410508876764396
10377,0,110.34700243774228,22.70919511939885
10379,0,111.2989051752703,24.53243018677996
10381,0,120.71291982593614,36.96502432751373
10383,1,117.56030675117375,33.535385356164795
10386,0,84.03612827966664,24.95132645783875
10387,0,126.03715086545544,41.78768119677094
10391,0,116.78030729139316,32.56786098973102
10395,1,118.3359087144526,34.377797689594495
10397,1,115.02499220976944,30.18778741756287
10399,1,117.95427368866828,33.900976128694396
104,1,21.306344446728534,46.18116867865216
1040,0,-79.84847257818087,-6.772035590540438
10403,1,116.95849462249552,32.624517793004145
10404,0,81.13729819959778,16.189738356353416
10409,0,110.25863449808158,22.314815438476693
10413,1,117.21899135175046,32.9731243595547
10415,1,113.63181238556076,28.142997355950712
10419,0,110.55080253145414,22.85422046726172
10423,0,130.95893845439497,45.30765584684062
10425,1,115.25788258352073,30.45237624605763
10427,1,113.74977669016744,28.28195116911663
10431,0,120.26517957389316,36.342424835348005
10432,0,84.92485427866723,26.642570599645772
10433,0,126.42455581877944,41.93876666220356
10435,0,126.59304449883268,42.06605764262141
10437,0,119.50425989612354,35.40903679943939
10441,1,124.37507856952811,40.14617246913331
10444,1,84.79218258597221,25.96574617635762
10446,0,84.17057850275972,24.915575755615883
10447,1,117.33043490014086,32.93250556615642
10449,1,120.41008561440124,36.23544976190619
10451,0,111.46339392220094,24.33727101548384
10453,1,111.57698722324032,24.41454477221087
10457,1,118.266385271048,33.93609989705125
10461,0,130.92198572242157,45.21548455657156
10462,0,84.7454625581533,25.78629201476415
10463,1,113.50748783540756,27.668766906496973
10464,1,81.52501970388053,16.805007357014443
10466,1,81.5240924929833,16.544188196856208
10469,0,120.00283688264462,35.87497028076105
10470,0,84.65145241687884,25.553549504297603
10471,1,118.7754238525661,34.53608244047795
10473,0,121.51088267434376,37.42784098342261
10475,1,113.70765378607192,27.938604146969315
10479,0,119.32443038755956,35.10547091941569
10481,1,116.52974968268924,31.764118095086232
10483,0,120.19253262466286,35.99415283978912
10489,1,112.82919555988344,26.43633159454102
10490,0,84.3693947527982,24.752189490293137
10493,1,113.66519847658088,27.795568934642592
10495,1,117.88466442478769,33.47940489059507
1050,1,-54.657724116718185,-25.513796661566815
10502,1,84.99253725205236,25.82130823581908
10503,0,119.14311563909338,34.84200726447964
10505,0,121.59169041662491,37.39293611062569
10507,0,110.2765589771447,21.606104199885376
10509,1,115.42892399647424,30.242787860787335
1051,0,-54.954689564379926,-34.9190739490279
10513,1,113.79411120711391,27.88014066488833
10514,0,81.6820840685695,16.754359454202234
10519,0,117.15969222873524,32.47864759450477
10524,1,81.79462273439457,17.01229491368785
10526,0,83.34565804401034,21.926225760012667
10527,1,115.19645460853113,29.8578929345445
10529,0,117.54475228583988,32.86959602526352
1053,1,-12.2890634755424,11.321506692490622
10535,1,113.73549869206236,27.63832925719883
10537,0,110.24924843804732,21.37550602602416
10539,0,113.33762496891592,27.005086570562728
10540,0,84.93061683647935,25.64354413141039
10542,0,83.39419269746665,21.899384995442652
10543,0,119.18018944741534,34.61850506711574
10544,0,81.72814907336605,16.52465811434043
10545,1,118.37358559361772,33.77265333421303
10546,1,85.13790061889736,26.04206624651449
10547,0,121.17241097838168,36.77903370106396
10553,1,113.86104982240364,27.632635842685826
10557,1,117.8697191311392,33.1287024027927
10563,0,110.35343338535164,21.28002362465185
10565,1,118.19894351552684,33.47266106573244
10567,0,113.2571821301282,26.70964072257723
10573,1,118.80075134531992,34.11424672272359
10576,1,85.54114190398755,25.83218726346455
10579,0,119.38978693586226,34.73963745212256
1058,1,-8.604457385184958,41.159912185712585
10580,1,85.58271081917114,26.60692874258944
10581,1,115.59475133939054,30.125154114576933
10585,0,122.08005646548833,37.50351392341997
10586,1,85.13519413818405,25.580870206493927
1059,0,-8.402188838759287,43.35147627306129
10591,0,110.40356408298648,21.20987501554004
10597,0,110.6399434514289,21.659729336297247
106,1,22.291875240080984,48.61574611209794
10601,1,114.01466438098332,27.627144898233947
10603,0,121.54048144220974,36.90666825123378
10608,0,82.13975247258283,17.074971324890054
1061,1,-4.069594432069305,55.776836509721896
10611,1,115.57752436850524,29.84997700495235
10614,0,82.15494968115992,17.04276132704619
10615,0,110.8529837007119,21.914853910478307
10617,0,113.10878545526104,26.127271404427233
10623,1,113.53469905212314,26.786693702021164
10625,0,122.15817531573772,37.417841463506626
10627,1,118.70562944949872,33.714677385328216
10628,1,85.68422154497168,26.489146164216823
10629,1,117.270631246802,31.840448989643725
1063,0,-1.7465940600907903,4.9390407718285045
10636,0,82.241818000029,16.975174276475087
10639,0,110.16829552272192,20.328046421404157
1064,0,-1.5148280477410927,43.488983024630905
10642,1,84.99940994583957,24.76914866649491
10645,1,113.0258110119991,25.791936620812493
10647,1,119.24857649609709,34.29761657932654
10648,0,85.31186911258082,25.504553549280946
10651,1,110.90572482343566,21.676359800607752
10653,0,109.41696695928508,18.29722869727673
10655,0,121.69002059693776,36.83703689351449
10657,1,122.05060841247754,37.19952300522273
10659,1,116.94541917604722,31.467055158792903
10661,0,110.79352789056898,21.43856729284236
10663,1,114.38937329875826,27.82188725646632
10669,0,115.92732561598233,30.076013373083185
1067,0,2.044106468984596,7.180919492628381
10674,1,85.58249215005692,25.477911454367774
10675,0,115.66628748544404,29.681939055912256
10677,0,113.94711758644468,27.136229514566946
10679,0,113.2317623480265,25.95524389468785
1068,0,3.0305480407195344,7.2401983212102845
10681,0,110.19354437558567,19.989283303028248
10683,0,109.50229525355856,18.27605857255863
10689,1,116.11864363971144,30.17381231138077
1069,1,4.3831142053137695,51.219019592195096
10691,0,110.98071724625092,21.629390574806155
10693,0,111.45616638969253,22.533466070121
10695,0,110.32288018322954,20.01211511499609
10697,0,111.57488917459858,22.770026394340835
10699,0,112.17484101856952,23.917660269440816
107,0,20.905791002427705,41.79395821149031
1070,0,4.669876290833525,52.30545639626798
10700,0,84.01666688164505,21.862242043801803
10704,1,85.89085004233135,26.184103325800923
10705,1,119.3361278219228,34.09600138583598
10707,0,111.00251496247084,21.51945371129429
10711,1,116.57996162087127,30.642288246722813
10715,1,119.04587532474171,33.586977295246996
10717,0,110.09842769931832,19.366181391006833
10719,0,118.52241082694734,33.00050329093668
1072,1,6.833436132074544,51.083371016482545
10721,1,115.99340139592924,29.70384923359209
10723,1,114.92947900752506,28.24066954468867
10725,1,116.96511636930084,31.0482963434827
10727,0,115.9925059659765,29.75874575408469
10729,0,114.66695696074692,27.81459444349134
1073,1,7.591365044424568,47.531119190638265
10733,1,119.58020028163152,34.20359172383356
10734,1,86.07326936661849,26.3474247306213
10735,0,115.90116604167731,29.60834621474538
10737,0,122.43920846399315,37.15652708812111
1074,1,8.90916370694703,44.416741387092664
10741,1,119.27402687624765,33.777883791264905
10743,1,115.75724109759258,29.328433962305603
10745,1,116.8230223972044,30.74394797703727
10747,0,131.14541474652725,44.39455264789071
1075,0,9.85572442164241,37.26976298014978
10753,1,119.1526921213844,33.52931372116939
10754,0,85.53698619018883,24.89911351883515
10757,1,117.28750801694702,31.24920553835323
10759,0,115.80239938308476,29.245427845207576
10760,1,85.90929705955001,25.57669159445955
10761,0,111.30766546216914,21.50247810622024
10764,1,83.00068778346524,17.69085787340411
10766,1,86.10224324483461,25.73124328621546
10769,0,112.03445523836469,22.93182353270527
10771,0,110.02931200547852,18.513999643460355
10773,0,119.15495351044416,33.45925138611957
10774,1,86.17047649432307,26.10302677915858
10777,0,116.23502845532988,29.738853192801457
10779,1,114.94638361973804,27.81310694912886
10780,0,84.5792657171941,22.197929496672963
10781,0,116.03408050888494,29.457006582548487
1079,1,15.837461940435375,50.206314013932165
10791,0,111.77991537123916,22.180289209441785
10793,1,118.33243700420456,32.303798413010014
10795,0,115.81669529359,29.025825648938007
10796,0,83.23294927518863,17.716416366087653
1080,0,17.02480822071278,54.46334401924803
10800,0,85.93629286253554,25.38763014125575
10801,1,119.81839246107384,33.997194312861446
10803,0,116.69452308506146,30.126662765860015
10805,1,129.50393840878448,42.901251347406394
10806,0,83.14701875284716,17.64896442446342
10807,1,119.00287624060796,33.01779868098402
1081,1,16.375710526491186,48.19521126367861
10811,1,117.85633375799652,31.6112133686654
10812,1,85.55346783882092,24.44801104107037
10813,1,117.05357961868086,30.531458226268203
10814,1,85.36682540064731,23.9978626205052
10816,1,86.0856364983915,25.434856470994937
10817,1,118.2810268257206,32.10410212584153
1082,0,13.299336936428636,-8.915006869375427
10824,0,83.19265733640316,17.615784052543155
10825,0,117.22070800937408,30.72063122588297
10826,0,86.15983734856354,25.53319004129215
10827,0,110.75137296797942,19.613392098623603
10830,1,85.35089810200093,23.659126197442667
10831,1,115.89979750009508,28.661482704571338
10832,1,85.31463696123248,23.371577291659513
10833,1,119.309326520515,33.2444115798149
10834,1,83.40368277325592,18.11195754062932
10835,1,112.46784832780727,23.070284683639837
10837,1,119.7902808348434,33.77964132341459
1084,1,19.26348308228551,47.47747426554377
10840,1,84.84465644844143,22.2380542150255
10841,1,119.61872120828988,33.598401628682566
10842,0,83.356740092642,17.814212930673474
10843,1,118.09940201861262,31.72723125106291
10847,0,112.44898263890916,23.025068766572858
10849,0,112.70179247586836,23.354795890062515
1085,0,15.799303271783064,9.30941237649854
10851,0,111.97037532866295,21.86109578849628
10855,0,117.8997055013671,31.319518211612618
10856,0,86.10031910444901,25.175066798161623
10857,1,115.52228837947582,28.04392429099019
10859,1,113.56612848625484,24.802117489750675
1086,1,18.860892895887975,-33.925864174803685
10861,0,119.00776236882494,32.68509133130079
10862,1,85.52628435337049,23.644839616679715
10863,1,113.04301110589236,23.71094160204093
10864,1,86.63542499855565,26.143327480675712
10865,0,114.91274355399968,27.038473560329063
10867,0,112.58855945113628,22.986379292283903
10869,1,117.01887387322904,30.102363343703292
10871,1,114.98845547435178,27.11407723171893
10873,0,112.08567868140813,21.94351178810566
10875,1,117.4713731386188,30.65636734606536
10877,0,115.39619854975514,27.757692681236943
10879,1,119.78193081626588,33.46534762354889
10880,1,86.57988988883541,25.868380933680385
10883,0,115.71995393922494,28.18926580066835
10887,1,118.79056543981169,32.05365036921913
10889,0,113.64231147325684,24.795442271733744
10891,0,112.81565487766096,23.26321926651679
10893,0,118.35249091007051,31.71394551894552
10895,0,113.6150346798698,24.695521990348
10897,0,115.13154153272968,27.212644741179968
10899,0,115.77586178861702,28.17854624057398
109,1,23.32303013318354,42.68221899200766
1090,1,23.274795311932788,45.03725234608176
10903,1,112.319606735383,22.19166956033398
10904,1,86.48914901093329,25.330748123589764
10905,0,115.95995667064008,28.434332320241392
10907,0,112.77019155255448,23.087316039698987
10909,1,117.81137778068864,30.94207538777566
1091,0,28.504984836226814,54.225255286665906
10912,1,86.78767711141882,25.917402180883972
10913,0,112.88604325559656,23.165362005437693
10915,1,118.50574430708754,31.7002694610853
10919,0,120.25218891330016,33.771137295005076
10921,0,112.8599894132126,22.883531246540212
10923,0,113.00077877942022,23.249394597391795
10925,0,119.4476273779247,32.78172496320442
10926,0,86.64279514237798,25.44262886787743
10927,1,118.3863563514552,31.375195416823782
10929,0,113.17752227411698,23.467940830701966
1093,0,25.12902048836931,35.32813360872403
10933,1,113.56914513539644,22.88767208869179
10935,0,118.49233777712264,31.564077425321557
10937,1,113.2140506391541,23.38330048459173
10939,0,118.58754125444896,31.665390314995868
1094,1,27.13678264844062,38.42621498247261
10941,1,120.14179233418876,33.375648542821125
10945,1,119.17572035403316,32.281356135884394
10949,0,112.69057101973006,22.37310952027176
10953,0,118.19117025014332,31.087497464278
10955,0,116.24435556426155,28.374666133989024
10957,0,116.69133886323456,28.99632793982444
10961,0,112.95133329247535,22.77197168871073
10963,0,112.77118627785124,22.45235000563866
10965,0,113.52739731026293,23.866850061262586
10967,0,113.32663631353064,23.44673664280393
10970,1,86.14203538635432,23.65773906834113
10971,0,118.41868560580087,31.25825461750127
10973,1,119.419076049879,32.387803892427314
10974,1,87.265071905812,26.306934673189293
10975,0,112.85014752698672,22.500558260864924
10976,0,86.90909484945873,25.39018610856849
10977,0,118.85405736149404,31.779664373089975
10979,1,119.8381095453374,32.92338166694649
10983,0,114.73313676413608,25.799258518741404
10984,1,85.12347840739268,20.83872701877749
10985,0,112.7907218840248,22.25012749210975
10987,0,119.5151587243138,32.523728940755376
10989,0,120.10486490520049,33.18821958490298
10991,1,119.5726444927288,32.431077441828585
10992,1,85.19477612875463,20.941485293998287
10995,1,114.77805031378708,25.6931504311148
10997,1,116.05611243129869,27.76537691711964
10998,1,86.40767287325741,23.75470827349201
110,1,27.912122880106512,47.76412135110024
11001,0,118.84678795350274,31.564613804382848
11003,1,114.93255612497876,25.849985680208203
11005,1,113.576936388655,23.544067203643063
11007,1,119.16216761707544,31.953391410519036
11008,0,86.98292673868423,25.242520213511742
11009,1,118.32488970682888,30.9140304037565
1101,0,34.810395741357276,31.89251484688097
11011,1,117.19449418095004,29.297230371891207
11013,0,113.4907752139751,23.440741940807595
11015,1,119.45687161256473,32.19568141316539
11016,1,87.48862274527254,26.143719739229763
11017,1,118.5838919806512,31.15009566305621
11018,0,84.7882716983251,19.307119645423104
11019,1,116.3592284729104,27.969644588068913
11020,0,85.25772440242176,20.79930375001369
11021,1,119.03638520029712,31.665310504270195
11025,0,119.4558703540959,32.12300833095197
11027,0,113.60167856116772,23.2842163960156
1103,0,31.811944368533368,-1.330758065399083
11031,1,116.60545977045304,28.24229721403455
11033,0,118.90319320132107,31.345220683151087
11035,1,117.1385289588189,28.965133183730575
11037,1,119.91204671108828,32.48057165377019
11039,1,120.44402815038184,33.19403468720983
11043,1,120.11635601133534,32.72920273880397
11044,1,87.49703259265263,25.7783947778375
11047,0,113.41416847208669,22.67481887084996
11048,0,87.25516542694493,25.253734087299858
1105,0,36.1076408401527,33.71808629565324
11050,0,84.98444912518929,19.35653473826293
11051,0,114.9253443416681,25.383775001054975
11055,0,113.49253463448416,22.710221856018737
11057,1,119.58296019016689,32.00630182120238
11059,0,113.16882904338247,22.099661962321058
11061,1,118.74999699826591,30.942454411346237
11063,0,113.81080650745776,23.29194994681414
11067,1,120.3213809467419,32.84470216991103
11069,1,119.81243964969973,32.240591171130696
1107,1,33.47607612998233,-19.118163814444543
11071,1,116.79245621765278,28.21800915570078
11073,0,119.86877912738215,32.30618070099492
11075,0,113.29984636291232,22.195900914140022
11077,1,115.40456284051228,25.95908324442051
11078,0,87.56524627555766,25.55247218316788
11079,0,113.51244131912254,22.290428806800787
11080,1,86.88228637294007,23.708979485463523
11081,1,120.15722962183902,32.502229539185194
11085,0,119.80622109771302,32.08034738652389
1109,0,35.26304860868916,-14.478675952185595
11090,0,86.89221497819197,23.836987942848676
11091,1,119.58923469137449,31.74891229265341
11093,0,119.92553935487328,32.14957029936018
11099,1,117.04322423993234,28.24856579404008
1110,1,35.0005463122459,1.03173954307841
11101,1,120.02137288625111,32.17395892259929
11103,0,113.87212918720972,22.86997550399832
11105,1,119.46781628643608,31.425237548749724
11106,1,88.60112541483493,27.321535694589823
11108,1,87.6735044895451,25.23690983210012
11109,1,117.58643987510868,28.940990843847977
11110,1,88.40600677011182,26.70668457853996
11113,1,119.97006233953871,31.764700996054728
11114,0,85.71051497726214,20.16551824754008
11115,0,113.54298714714636,22.146848348763676
11118,1,85.88105527428682,20.458080800081863
11119,1,117.19231239701172,28.28350336314136
11120,0,88.18869607026049,26.25932335145075
11121,0,119.97465552317374,31.95345068301234
11122,1,85.82384109977528,20.287506986094368
11123,1,116.01370827181783,26.477659544950676
11125,1,120.4567899170281,32.52850545588451
11128,0,87.11456793150963,23.60764939220389
11129,1,120.21470302400483,32.241736416667514
11130,0,85.94000078790732,20.495215226976896
11132,0,86.12879741779014,20.95210588877892
11135,1,118.29258929811742,29.713800634545763
11141,1,118.43367215115067,29.878963151593915
11142,1,87.86689526497729,24.972499137534644
11143,0,114.92924699668728,24.450547098803764
11145,0,114.2726857537064,23.172622973583778
11147,1,117.4355335202855,28.395726762497887
11150,1,88.14920027438906,25.629426539081965
11151,1,120.5531852265832,32.396268247151426
11153,1,120.2622018881313,32.01332663391236
11155,0,114.00411366270784,22.41699475117481
11157,1,120.25429065826953,31.903700414996216
11159,1,114.68436143697936,23.71371206796718
1116,1,47.45282116559549,40.04663670855015
11161,0,114.60767575053993,23.58090007964403
11163,1,119.43377154343464,30.892936300686483
11164,0,87.28293788659123,23.559742522572364
11165,0,114.3387021648414,23.01113204961687
11169,0,119.82531674947936,31.386116491612597
11171,1,117.59061094899312,28.413364346848915
11172,1,88.6971805019438,26.53221344902207
11173,1,114.4269780272764,23.11245472958724
11176,0,87.33801578191004,23.506472545960715
11177,0,120.51344817190484,32.185801902814134
11179,1,116.03472926778882,25.87970998436107
11180,0,87.5197476250253,23.9003256561353
11181,0,114.1349950437443,22.501207239820054
11182,0,86.33331580127414,20.83941677371968
11184,1,88.00448649377964,24.600441426406235
11185,0,114.17063424635538,22.311749595042713
11187,0,114.32566216141004,22.841588964485464
11189,0,119.84033749571688,31.268813686153617
11191,0,120.19304427437864,31.703498730044352
11193,1,116.3350318268904,26.322558756226687
11195,1,120.46969054797016,31.874700170770495
11196,0,88.32797651584113,25.634681309625584
11197,0,114.17937117191092,22.45606113653478
11199,1,120.5807747056235,31.395505100558605
112,1,26.577017330767077,41.66853085229187
11201,0,120.25640457455536,31.76340466062714
11202,0,86.5095007405311,21.070947293274465
11203,0,114.25100854934485,22.573327771461848
11204,1,88.12299077866365,25.00534342509573
11205,1,117.70123155711408,28.30798535731588
11207,0,114.42675268769462,22.77021233395037
11208,0,88.19496849441381,25.214710312388952
11209,0,114.20940305262754,22.400672055694944
1121,0,58.39156877124404,37.939353131800445
11211,1,117.93615633788008,28.444242829698776
11212,0,88.08852933906041,24.908483604634156
11218,0,87.31629370256431,23.0727194807677
11221,1,115.24261362355824,24.0998272334896
11223,0,120.64300913450072,31.974294811493596
11225,1,120.95157059210494,32.02151376192108
11227,0,119.9214123186986,31.003959450571266
11228,0,87.93928228518386,24.42852386095154
11229,1,114.70721540652912,22.985170163216793
11231,0,120.5135587389428,31.70178979055982
11233,1,119.66483284090442,30.633709290049705
11235,0,116.35821324912028,25.844159873231973
11237,1,118.24496846127414,28.68795967701918
11241,0,120.645449025221,31.802831145933293
11242,1,88.9887798164145,26.58576535115679
11243,1,115.17681014648868,23.630958164568582
11245,1,118.16077089957854,28.427424926316988
11246,0,88.23949315477523,24.97329520510035
11247,0,121.1716426639311,32.30413980089906
11248,0,87.69021821701185,23.669725876576745
11251,1,120.7637409391182,31.653783546601293
11257,0,120.40002339803904,31.31644862537522
11259,0,120.10435172235032,30.876593155744505
1126,0,69.73636074454207,40.237942927562386
11262,1,87.30747182173262,22.336806627667695
11263,0,120.64188589227984,31.500815364763564
11264,0,87.31883691082808,22.421927661210542
11265,1,115.89695517698374,24.57743456396209
11266,1,88.25766961721608,24.40901104506142
11267,0,115.6122979045335,24.06027514406809
11269,0,114.92113824492048,22.80242194185278
11270,0,87.51585539987435,22.731324468265893
11272,1,89.19376208266792,26.521720947811865
11273,1,115.71749309576886,24.143386795958428
11275,1,118.58693381718676,28.706105267565498
11277,0,120.9125892362544,31.734157578055196
11279,1,118.86670677567736,28.949079965716948
11280,1,88.25610996583305,24.074555808622417
11281,1,119.7068912796059,30.226205452987163
11282,0,88.26747486863835,24.240343240522257
11284,0,87.86157860011802,23.24120183965719
11285,1,119.97118519853338,30.545764230241016
11287,0,120.25251943662305,30.86381444928021
11289,0,120.42347298453602,31.08536913434617
11290,0,88.77728228376911,25.233630666373383
11294,1,88.24806382856228,23.930472674486246
11295,1,121.19079548252374,31.889715320767923
11296,0,87.79472897695335,22.881389951841573
11297,1,119.28461061244968,29.477058814761257
11298,1,87.72112574762527,22.660009262225746
11299,1,116.1564458826866,24.65191834046376
113,1,23.15232802457424,-15.26846185067276
1130,0,77.24421649918641,38.410773643584434
11300,1,88.20643924387471,23.837624423219285
11301,1,116.40886069189264,25.051870125442782
11302,1,87.84202380604862,22.38916676909634
11303,1,115.77239217496812,23.926659396195763
11304,0,88.13131608096677,23.637463357054664
11305,0,120.50561276595344,31.005369071859825
11307,0,120.41418939198996,30.875289187478025
11310,1,89.4607346470387,26.34921850311874
11311,1,120.3152501842687,30.217823186116583
11314,1,87.7383705789859,22.399374870926945
11315,1,119.7311879564736,29.979043740259975
11316,1,89.53189419270386,26.507804180399535
11317,1,116.1002185738376,24.301813728039225
11319,0,120.59913108817122,31.072761710954843
1132,0,80.4110772061953,8.31859936133373
11320,1,87.70679577105827,22.091622164938507
11321,1,115.33987030284293,22.97578330499929
11323,0,120.17015486473832,30.46923531237048
11325,0,120.28158539418436,30.61849972557043
11326,1,88.15965241682919,23.26521326706313
11327,0,121.05854358933534,31.567957178777352
11329,1,119.6952641318353,29.79780826475032
1133,1,88.63521199122066,25.637718009817473
11333,1,119.9551188926032,30.037635330479116
11334,1,87.97493848195096,22.738286264485808
11335,1,120.65955294658568,30.912366365916984
11338,1,88.39297838229497,23.734039720711547
11339,0,120.35687256131172,30.583047196890845
1134,0,95.14736641659358,22.115356726050624
11340,0,89.46257597463591,26.13288948885905
11341,0,121.60459207399138,32.06242576041701
11343,0,115.37061182528848,22.78081384998548
11345,1,121.4187000439439,31.20216263801582
11347,1,115.65181898725766,23.288527478224665
11349,0,120.81483004297436,31.04251295605698
1135,1,100.2490128143366,16.810153841029067
11352,1,88.26776454695812,22.525571221228496
11353,1,119.4468028926968,29.22623746813836
11354,1,88.3676858082409,23.4114775917368
11355,0,121.01940009867036,31.2613588072891
11357,0,120.4266326717815,30.531026321715753
11358,1,88.14076388305345,22.82609228093476
11361,1,120.5760590653158,30.644665947906866
11362,1,88.33708857954878,23.237822321189164
11363,1,115.82981128483549,23.43643112641885
11364,0,87.73873529076567,21.75156433302402
11365,1,120.75483192010827,30.76330501939689
11366,1,87.94237401072594,22.174398105329768
11367,0,120.44865055373212,30.45218209310916
11368,0,88.64345705658862,23.984785489594618
11369,0,121.40131618292628,31.63329225572496
1137,1,100.72689946091712,4.856311321428392
11372,1,88.27722011761634,23.071826069420297
11373,0,115.65301630090602,22.938946870558176
11374,1,88.49432282038723,23.38305111937757
11375,0,121.03453738645148,31.116730971404905
11377,0,121.66428076920783,31.81938807604947
11378,1,88.430121824293,23.246492429507313
11379,1,119.62229783974938,29.097088695722096
11381,1,117.61166395229212,26.24260859018959
11383,0,120.24745308245627,30.05520731866405
11384,1,88.45497047070094,23.084831830091503
11385,1,116.17082042383022,23.76060247459576
11386,0,89.980359652291,26.440634795685813
11387,1,120.92748131528325,30.8554305285068
11388,0,88.12013388602867,22.066912648347024
11389,0,120.55302057490306,30.413192704720437
11392,1,88.57385321527194,23.180485654511823
11394,1,88.52611090343635,23.0701895655148
11395,0,120.68736375183536,30.516474647986676
11396,0,88.209893329963,22.195037300572313
11397,1,117.02315412732,25.09907990299219
11399,1,119.91602883374352,29.452663908272637
114,0,25.337005279566572,-24.98531215871721
11401,1,117.78752148100226,26.392686755988738
11402,0,89.97408082098507,26.073802558295128
11403,1,116.09621979078608,23.4012886183262
11404,0,88.18127367277594,21.87361105416181
11405,0,121.02324129429618,30.896036135177415
11407,1,116.4464783165546,23.432345946128223
11409,1,120.20764867483574,29.71827585119923
1141,0,126.89404059595284,37.17514256228324
11410,1,88.64855006418166,22.842576123645685
11411,0,120.32593801798382,29.927366919821186
11413,0,115.81806549997124,22.812850477730663
11414,0,90.1951155903885,26.219871225830502
11416,1,88.57176568344278,22.49557710494473
11417,0,121.00528916452262,30.720014421702317
11419,0,120.57608396221798,30.19587076779876
1142,1,121.42118345672498,25.015030482789857
11420,1,88.41627660589894,22.133663974899793
11421,1,116.6898708651448,24.35723029324162
11425,1,119.91317422530288,29.259470696511094
11427,0,121.08141208893656,30.824622472626853
11429,0,121.1660083429662,30.896673938793217
1143,1,129.9485484976971,32.92157996039208
11430,1,88.74488673483195,22.703210565319235
11431,0,120.63179174220856,30.15624098517896
11436,1,88.82856164127661,23.046811700148957
11437,0,120.93399831341064,30.528563191080902
11439,1,120.06567077441152,29.309227085196895
1144,1,120.46467222586466,15.805948868203952
11443,0,121.67108128490764,31.395144484879356
11444,1,88.73493024891425,22.345056467117537
11445,0,121.296406912145,30.942685063462537
11447,1,120.12529143328456,29.393976948290316
11448,0,88.87621046018423,22.66742750181504
11449,0,121.06663249693509,30.607287553215315
1145,0,138.6871551637125,-34.69075109423643
11450,1,90.53706384651522,26.487148878663884
11457,1,120.01917133213124,29.19817671858491
11460,0,90.6999839236804,26.49757958869803
11461,1,119.81946614065178,28.902041389725305
11463,0,121.3246372372344,30.88544670475496
11464,0,90.6630490521746,26.328357239889005
11466,0,90.62317785263242,26.162868437134243
11467,0,116.181901526161,22.993108090237605
11469,1,120.21297424647818,29.28469469807478
1147,1,174.7855752324357,-36.891823164616646
11470,1,90.82869770507358,26.31590583656077
11471,0,120.80782327119655,30.071588642601856
11472,0,90.66336501719088,26.0292525091198
11473,0,121.3219642930974,30.7292129499484
11474,1,90.96866687455343,26.49727952698726
11475,0,116.50138844040411,23.38336962609819
11476,0,90.92773102088547,26.36968548790878
11477,1,119.93671558098164,28.868402555453432
11478,0,91.00290879412051,26.32630555567795
1148,0,-119.18337863645512,34.19093348690738
11481,0,116.30078247727204,23.02738427244912
11482,0,91.1702404284942,26.265227927974397
11483,0,121.48940010982672,30.83703614560746
11485,1,120.8535634570754,30.009428557185725
11486,1,91.25757237442778,26.100376618561995
11487,1,120.04554142132744,28.90815983156904
11488,1,91.4365450616963,26.445053569230097
11489,0,121.21734042274116,30.16782030027025
11490,1,91.49409880614348,26.363895575069957
11492,1,91.61754581671354,26.438626057708557
11494,0,91.50070126723747,26.097078502580533
11495,1,120.21505648195026,29.112672376188293
11498,0,91.90969414848578,26.656663567016025
11499,1,120.2985212526186,29.161858305411656
1150,1,-91.45798162698192,15.354254332080007
11500,1,91.75521454940022,26.152751830814477
11501,1,120.16375542851615,28.9702332649931
11502,0,92.09746512146354,26.744469684962056
11504,0,92.02195266116092,26.442643143371903
11506,0,92.16344289973009,26.532145270192657
11507,0,116.7817982953416,23.49102039766929
11509,1,117.36252626807658,24.5173365533697
11510,1,92.17903736798698,26.11575603574499
11512,0,92.47290998002218,26.705537250353142
11513,1,117.32158284049112,24.38798630778773
11514,1,92.4819389415845,26.43384665049816
11515,0,116.6948848634018,23.269360303030616
11516,0,92.34675457751334,26.25370333917716
11517,1,121.15797668290097,30.04204136430692
11518,1,91.28315084292832,23.84731816881507
11519,0,116.96443049261325,23.673369760336723
1152,0,-112.80921283150576,49.6994976634608
11520,0,92.78277537877112,26.644082121602356
11523,0,121.80894293020444,30.906741342884295
11524,1,92.68553988919992,26.348560974894305
11526,1,92.83341144138494,26.446872468845385
11527,0,121.35169726643744,30.23578997494075
1153,1,-87.80227035643341,15.400780812971902
11530,1,91.48720140750557,23.525096029646644
11531,1,120.846755601594,29.591946611075105
11532,0,92.9516896827245,26.561243875341894
11534,0,93.15097633728833,26.73291507864696
11535,1,120.88473933936464,29.507561224733887
11536,1,92.01708924588432,24.329398401207666
11537,1,117.8013455618511,24.477668852935498
11538,1,92.86787975331632,26.02414930835249
11539,1,118.04231395650724,25.228282796914595
1154,1,-85.92027694570731,12.930411784561397
11540,0,92.35758924665149,24.85910275142883
11541,0,117.17112160619878,23.707126780480305
11542,1,92.0331495505115,24.16285917894106
11544,0,92.1552527207814,24.380697140899972
11545,1,118.2435132943523,25.49336345902524
11546,0,92.95032494363193,25.920476303709425
11547,1,117.34542896360472,23.94683675874887
11548,0,93.61111386796787,27.085950495021542
11549,0,121.436866298369,29.981177461958225
11550,1,92.57715296188722,24.8738763200242
11551,1,118.28596806111727,25.322468634485165
11552,0,92.56117675784428,24.681031007327537
11553,1,118.08581570268234,25.00923520659711
11556,1,92.78603324629454,24.811974846948743
11559,1,118.17055114171264,25.0608489555177
11561,1,117.6139516237862,24.125351648474226
11563,1,121.57716264248572,29.88077508226744
11565,1,121.28958184456108,29.696019214965357
11566,1,94.10334277924945,27.23684048802104
11567,1,120.72674931849414,28.85352455309741
11569,0,121.58312414866778,29.974051178242323
11571,0,118.01735455752193,24.586788036544284
11575,0,117.9877521962168,24.527232870660256
11576,0,93.97188481648496,26.51114072900356
11577,1,121.41356783195016,29.673210712526835
11578,1,93.7383469109662,25.88582575437128
1158,1,-76.52028069237333,3.4305279393299175
11581,1,118.28133343402756,25.017289747394575
11582,0,94.19015540987093,26.74642387631335
11583,0,121.5200261532192,29.767647107222263
11584,0,94.5557272688079,27.476259568870507
11585,1,118.14060989816272,24.71044300942055
11588,0,94.72633295974217,27.590859568671537
11589,1,119.64953884309308,27.097770556531067
1159,0,-71.83845057439972,10.618984834992952
11590,0,94.63660384632496,26.985056897792152
11591,0,118.10261056182463,24.599042492912503
11592,0,94.91993677939384,27.46803248062787
11593,0,118.1133755288972,24.49135565800266
11597,1,118.3725434411631,24.99653776311753
11599,1,118.69259359282252,25.37311210522533
116,1,27.51125250124805,-29.331871556596735
11600,0,94.73947352574748,26.91762517167965
11601,1,118.47304317330048,25.13856706105749
11602,0,94.9147899473669,27.18283424192249
11603,0,118.23716986507188,24.669210606271363
11605,1,119.15558100659356,26.14131819017819
11608,1,93.92425707106436,24.75794667573985
11609,1,119.66481487809644,26.96621305595503
1161,1,-70.52989222198006,19.227438672376355
11610,1,93.69538073178144,24.34516318022973
11611,1,121.43429849572418,29.480037984802923
11612,0,95.35315266272976,27.4894289508486
11613,1,118.49973403738882,25.06209536058511
11614,1,93.99552298182498,24.656851176223373
11615,0,121.83523428337948,29.908862894542047
11616,1,95.3244364464572,27.353917792822593
11617,1,119.53632949732784,26.66437100859981
11618,1,94.04251494414116,24.592229482064415
1162,1,-71.50763269518474,-33.039389481123834
11620,0,93.9841112581568,24.498053511238215
11621,1,119.29204417174329,26.061379350236532
11623,1,118.53696498130992,24.784099360175933
11624,1,95.62288002740756,27.396510624451967
11625,0,121.43444768809309,29.32274624239254
11627,0,122.19451979882209,30.251162302312583
11629,1,121.16290829516578,28.85910140048316
11630,1,120.68020695505902,27.913793330632437
11632,0,119.55007572795051,26.496877255317496
11633,1,120.32607095951457,27.63546251657278
11634,0,118.83385023457842,25.305857615992625
11635,0,122.09339397424289,30.017927746937666
11636,1,119.08157491521416,25.383863852292578
11637,0,118.90798916972902,25.26330410040916
11638,1,120.2076276937428,27.3242049123411
11639,0,120.56915695008064,27.788967784668877
11640,0,119.40485925730611,26.02388419849577
11641,0,119.5399464711054,26.20819272672869
11642,0,118.84243214649534,25.0098019641627
11643,0,122.20000215082815,29.994540278067117
11644,1,120.40893321932512,27.510715008506978
11645,0,119.37455733545217,25.914864767944383
11646,0,118.92369605865636,25.135611333754497
11647,0,118.74486726376009,24.889233045016105
11648,1,121.25466036274882,28.653492480437468
11649,0,120.69654345761714,27.92266926104872
11651,0,120.53503943887884,27.583715104721144
11652,0,118.64177043848316,24.636072909241967
11653,1,120.93815323147888,28.09518276516524
11654,0,120.55828331601576,27.678418007890595
11655,0,119.48141094505912,25.97853139028397
11656,0,122.27437835449926,29.95793408336248
11657,0,119.53259700929873,26.106944470826186
11658,0,118.6864507875766,24.684233742373053
11659,0,121.88172400429217,29.469033920378404
1166,1,-54.64271259642991,-25.404061537951947
11660,0,119.36010363783834,25.714426886185585
11661,0,118.74945487106942,24.745368818041204
11662,0,121.25849331693632,28.562972030422255
11664,0,120.52946036450786,27.497398855270756
11665,1,121.40139290099968,28.572744238487363
11666,0,118.92480393871072,24.8920526221206
11667,0,119.61223938111073,25.990069614106936
11668,0,120.5694411384063,27.479177107614422
11669,0,120.97469710068512,28.03847513509374
1167,0,-16.274195645969822,12.564072626765366
11670,0,121.49495488784626,28.7557306120061
11671,0,119.30820491760548,25.460665959852232
11672,0,119.49299343082023,25.70714476078795
11673,0,121.5420035052928,28.740797096853647
11674,0,120.6080535932223,27.43769808756469
11675,0,119.4484834007233,25.60075356501126
11676,0,121.35431289387812,28.403533150553937
11677,0,121.93937054389257,29.21094527245721
11679,0,119.4692704478098,25.551296583668805
11680,0,121.28572463339762,28.234625409710155
11681,0,121.448650284557,28.473113033781825
11682,0,121.25594041563836,28.11263124901489
11684,0,121.5933115732528,28.347255519508103
11685,0,121.59556649557877,28.273143937573185
11686,0,119.78980843135967,25.500089970163422
1172,1,-8.417653440026946,41.545877412497155
1174,0,-8.218997211407617,43.48681701187052
1176,1,-3.9849789987822857,55.80119423606219
1179,0,-1.163316975466152,46.15931192005448
1182,0,2.0826544376510014,6.3645703477260875
1183,0,3.115505906322542,6.6738238114328965
1184,1,4.213473737659369,50.4770600974509
1185,1,4.676694349215665,51.81514153569373
1186,1,6.973536520470507,50.976203793911594
1188,1,7.617225816101233,46.75967622308961
1189,1,8.856178458999345,45.31531230356326
1191,0,10.05885607211466,5.449696840153206
1193,1,16.748938415016035,53.15044236586538
1194,1,16.613065297977858,49.20187350159846
1197,1,19.688524431093057,46.90234666771757
1198,0,16.066832331258937,8.569667192201104
1199,1,20.679725500207976,43.72107089132451
1202,1,25.337870520022506,50.74759905652151
1203,1,24.495812462815316,47.136105259659345
1205,1,29.208967817865577,53.152871910360275
1206,0,27.075124573796575,38.59352013571851
1208,1,27.86958857680262,-12.54623257556555
1209,1,30.46727979799009,31.03827187883655
121,0,29.287411563471235,-1.696312308055575
1213,0,35.096030952332015,33.00194035576112
1219,1,33.64758823504716,-19.085104608106462
122,1,31.34314714920324,-26.495474570983728
1220,1,35.27244248852995,0.5201299897692944
1226,1,48.52536098991412,41.36444955356096
1231,0,60.77943143304579,41.47261515425796
1233,0,61.85161612344629,37.60642430982088
1236,0,68.76944363778549,38.549693771389954
1238,1,74.46533919897918,34.278125861324256
124,0,29.64736294896264,-4.880553458158388
1241,0,80.36330178745035,7.484643246654292
1244,0,99.53490060697068,14.026932495109332
125,1,29.75385067318243,0.0434956600627766
1250,1,127.73788250354006,37.879479482325586
1251,1,121.09057392684312,24.731957691683668
1252,0,129.86177202154502,32.77557280194598
1253,1,120.57556013139964,15.97665420701632
1254,1,144.35149324499002,-38.14372605692612
1257,0,-121.76435886268,36.919834188647414
1259,1,-91.42801061005945,15.674370846495718
126,1,32.41733350801849,-25.98573167743941
1262,1,-114.06865059273312,51.03183165192141
1268,0,-71.65409506963697,10.635134224183416
1269,1,-72.29789260462464,18.56307529973967
1270,1,-70.5260788195001,19.39464130063184
1271,0,-71.52535493076904,-32.93201885653655
1272,1,-63.253723584452466,-17.333243045966043
1280,1,-7.865827294347002,42.33953765404772
1282,1,-3.9951583904148023,55.85858013447922
1284,1,-1.6128037994387991,6.695832993589637
1285,1,-0.5927031621081515,44.83932796679505
1287,0,1.193358514951757,9.55518854787482
1288,0,2.1136129723294848,7.220345352007398
1289,0,3.3120130159313494,6.580072754098298
129,0,35.80203858753399,35.53395161216093
1290,1,4.373999393795751,50.85420861858005
1291,1,4.659060154315079,52.13463153147829
1293,1,7.093122013334905,51.21545553532942
1294,1,7.918747692195449,47.32206218883571
1295,1,8.556876626126819,40.7282537185774
1296,0,10.026410851193402,36.83926091671488
1298,1,16.547768748431242,59.61476577189746
1299,1,16.576793273864325,51.84324531240207
130,0,35.220508452609025,33.265516443891585
1300,1,17.25973986155667,49.592582647056254
1301,1,13.523004138360411,-14.89954776565917
1303,1,20.155240866481897,46.25599337286135
1305,1,20.903717296126704,44.009994400724175
1308,1,24.71631210414804,48.92236427927885
1312,0,27.814786138112968,41.15287082647449
1314,1,27.844241974014388,-12.363499379755744
1316,1,30.67234045498737,-17.88657714399912
1318,0,35.057091843368696,32.70398482464232
1321,1,31.92951226800161,-3.007629580606062
133,0,33.48785371261914,-13.038195283896664
1331,1,48.0648857003915,39.870194497363535
1337,0,61.00102865806847,41.5528399998692
1339,0,63.58010819505061,39.06835708542282
1341,0,69.8118617230693,40.195915308832696
1345,1,83.98701046643238,28.208200629562143
1346,0,80.39128989160766,6.696037585459266
1347,0,88.85597579421436,25.931675033704938
135,1,34.114967636634866,0.4550533201549172
1351,1,101.09774686814058,4.609801030847234
1355,0,126.9480417101052,37.13562341187803
1356,1,120.68183597841238,23.95240667118024
1357,1,130.291800008425,33.26233818349795
136,0,41.63524888867511,41.638297003590424
1361,0,-119.24732306751916,34.272342936723675
1363,1,-91.18156032843471,14.791641928204138
1364,1,-88.43425845591581,13.34105974500405
1366,0,-113.80307376952352,52.27067824929097
1368,1,-78.50789164979476,-7.160138598840145
1371,0,-71.72917832761732,10.95172242878644
1374,0,-71.60901364211165,-33.57423262194538
1375,1,-63.15542319397195,-17.799358683750523
1376,1,-65.59225197942746,-27.348514645207946
1383,0,-6.941812460697429,37.264720084257114
1385,0,-3.548129236933155,50.45835798383948
1388,1,-0.5439197282084298,47.468613521043224
139,0,43.84379196311306,40.7969519350753
1391,0,2.1500448854465177,6.667319918285605
1393,1,4.455421374094286,50.421125759249215
1394,0,4.793612262260498,52.65802762446407
1396,1,7.094102689957085,50.784005516514235
1397,1,8.0602895469537,47.38514147295842
1398,1,9.0659756405927,45.78916085095215
1399,1,10.209718217701589,36.812831137581725
1400,1,10.156055584782544,5.965640967611996
1402,1,16.910209458842708,52.400845791256145
1403,0,13.474701073509047,-8.958971686898087
1404,1,18.25907577344979,49.81620945678343
1406,1,20.76588407856807,48.094850335035865
1408,1,21.327664971373277,43.575496391128205
1409,1,23.804496237878105,44.31873602685111
141,0,51.41302517287249,51.23353924449028
1410,1,25.599085517066605,49.55673633941867
1413,0,30.40559108331961,54.51135348186708
1415,1,27.98063242301486,41.300052961985834
1418,1,30.54611716666671,31.195116867731524
1419,1,31.032014484752775,-17.86516482513206
142,0,45.40360182233183,39.20476114189128
1421,1,31.74582655143885,-0.3317186780875298
1423,1,32.07155812297279,-5.081613881096109
1427,1,33.719735974877935,-16.113936461253786
143,0,48.29531497792501,42.07187790802953
1432,0,46.279172770654554,38.06325021751399
1433,0,48.80434928356968,41.46192681179504
1441,0,68.18393119671879,37.403396693059186
1444,0,80.26604943672837,41.16737840802854
1445,1,84.42289586222336,27.684913641808812
1446,1,80.61773064073866,7.292491298624
1447,0,88.89983941325575,25.777503119105855
1449,0,98.32263598919144,8.001591235680223
1451,1,101.0224647486719,4.013680487023791
1452,0,105.6058972737258,21.30144819105619
1455,0,127.05404151492588,37.071836979219206
1456,0,120.30039034306074,23.307224427131818
1457,1,130.6845234364309,33.63764272071425
1459,0,144.70592223720072,-37.879468587234264
1461,1,-122.13239289179444,37.5560590967849
1464,1,-88.17797158974614,13.482653277821557
1471,0,-71.5185213623653,10.548645204573132
1473,0,-70.11311372520724,18.41840554878253
1474,1,-71.19938722565793,-32.78741147349299
1475,1,-63.14208265375241,-17.60301941610779
1476,1,-65.2181100073572,-26.823864011612702
1483,1,-6.978068150073364,38.87928817402521
1484,1,-5.754610099306334,10.555484705702291
1485,0,-3.5766997110757273,51.51624146408922
1486,0,-1.711023937750429,7.559265493558861
1487,0,-1.531227004400366,12.367719031186551
1488,1,-0.3741011923668045,43.30865867762481
1490,0,1.208573900120138,6.416328565109539
1491,0,2.189482457185617,7.779908963371491
1493,1,4.481370725200976,51.02610937019437
1494,1,4.7160034646777005,52.0210467899112
1495,1,7.107854990749114,51.66747927892153
1497,1,8.299926447749181,47.47927618906328
1498,1,9.18691720854175,45.54438340137753
1502,1,16.491279803068846,50.84494913737893
1504,1,18.435758310439073,49.786431038128086
1507,1,21.730466507081953,47.95116207137273
1508,1,21.906350415548257,43.32278919764621
1511,1,26.243817364451367,50.62383346569243
1515,1,27.38376575070272,38.6254466687623
1517,1,28.29596551447035,-15.399415570400876
1519,1,31.22685265173034,-17.860918034173878
1520,0,34.95432254656708,32.236467292507136
1523,1,32.24005153639372,-2.8860658714932463
1529,1,36.09544473930152,-0.281358056596826
1530,0,43.13884747008622,36.34521976060569
1533,0,48.63773660719178,40.63363311722298
1539,0,64.51304783838323,40.13490030580317
1541,0,69.01471976556958,38.56142560578348
1546,0,80.57147880733373,7.152972231744945
1551,0,105.53463461978252,21.120096787837618
1552,0,101.3111936768834,2.9471087280563757
1555,1,127.10541422144388,37.00904176591804
1556,0,121.37131640439446,25.055967993250764
1557,1,130.52211280426738,33.38657913488221
1558,1,120.62212412382353,15.898615477517806
1559,0,145.15456802263773,-38.12944537462728
156,0,54.06393052240977,17.013863355112626
1560,0,-119.02831984140356,34.227622871393
1562,1,-91.13872981826056,15.033635291876555
1564,1,-113.51434325736432,53.53868520016701
1569,0,-71.43854736412484,10.379165585826254
157,0,55.32060092922791,-20.950305803801452
1571,1,-70.26117705551096,19.29787931671765
1572,1,-71.24843892431996,-32.88046958300145
1582,1,-3.512992113234795,50.72062147969369
1583,0,-1.663597039600084,6.201213294316969
1585,1,-0.3582026116595782,49.17676398560248
1587,0,1.2288838332142924,6.318959326969398
1588,0,2.364562680962099,6.416377008748585
159,0,57.49031801679574,-20.228398326996267
1590,1,4.852769450809158,52.35428079869154
1591,1,4.708371556548454,50.884310363517294
1592,1,6.988472178087454,49.22998631374406
1594,1,8.292207904907908,47.05189533540495
1595,1,9.162522472167774,45.186821928464695
1597,1,10.255770715373782,5.6228400138689505
1598,0,17.625089484001975,59.19328721674985
1599,1,17.018571800031307,51.107803539163896
1601,0,14.871103406761865,-5.247132655647839
1603,1,21.63625259986796,47.527045531592584
1604,1,21.944967485076027,42.99506465510734
1605,1,24.369873585231417,45.1029441174052
1607,1,25.941256262888395,48.2903864345008
1609,1,30.973789613539413,52.44123367475815
1610,0,27.25516283725779,37.850052566282095
1613,1,28.255262346331207,-15.549435461142837
1614,1,30.643504902633737,31.126422978133604
1616,0,34.96791948339447,32.1100853739048
1619,0,36.314491669867174,33.491006073476804
162,0,73.87009829188251,42.82240122323198
1621,1,32.76973709946792,-9.294219837711935
1623,1,35.33546063510486,-23.85332331283252
1625,1,36.44643925281228,-0.7069443945019189
1629,1,48.382966189852645,39.94310672570065
1634,0,71.43755002338834,51.15634995264147
1635,0,64.42660741031284,39.76817836987037
1642,1,80.62520900469559,7.455843430317367
1646,1,98.6510137429077,3.5992980563242867
1648,1,101.61215322994488,3.0867666764446673
1651,0,127.00722497980328,36.78306435187765
1652,1,120.44816305609032,23.47762031500004
1653,0,130.03167278279162,32.839043631457635
1654,1,120.58078396359488,15.679474745798297
1655,1,144.57187546119772,-37.682914015967576
1656,0,-122.54018168156068,37.98380605434628
166,1,80.08372553453715,28.883196015366185
1660,0,-113.2858886111458,53.540646056869655
1667,1,-69.89800050823501,18.49381966881001
1668,0,-73.07914745644011,-36.77906435979996
167,0,80.02163353651966,9.70119614031189
1676,0,-6.241356506552588,36.595578580951496
1677,1,-3.797243794383319,56.00958284124723
1678,0,-1.653354600276781,6.825332809515229
1681,0,0.1599047092177218,49.487073612324366
1682,0,1.2790456407891255,6.260243709276334
1683,0,2.343286219609197,7.219916564086915
1684,0,3.288550153198197,7.435015221238651
1685,1,4.774485188547008,51.5932310298355
1686,1,4.855361061373285,50.4647151925351
1687,1,7.2079362265380515,51.18113956101753
1689,1,8.546830671764077,47.37699937434084
169,1,88.45407659223719,26.03509301317335
1690,1,9.403677737494249,45.82985100610957
1691,0,10.676952023236298,36.42685194438836
1692,1,10.4143413244121,5.48774117981081
1693,1,17.997269261604334,59.337794105613526
1694,1,17.603928296739134,52.53316423176651
1695,0,13.573722307193416,-12.376229521452258
1697,0,16.848292009521593,8.67248299695534
1698,1,24.37520223289225,44.430366343872215
1700,1,26.583257389887834,48.68349151369624
1701,0,31.02509140361032,52.3817773126335
1705,1,28.090512646178368,-12.852694960303088
1707,1,32.65035078318031,-18.97866635181757
1708,0,35.186844056555636,32.95236944693714
1711,1,32.56923454335661,0.3097290487547668
1712,1,32.60490722403651,-3.832477632460034
1715,1,34.74050014271672,-19.61682882380502
1717,1,36.845623135287646,-1.2435136462181229
1720,0,46.06132559143027,37.34153235015151
1721,1,48.47021853256977,39.99898575187909
1726,0,64.67454015983057,40.0980710863467
173,1,99.00146141698458,18.77288591499899
1731,0,69.65318705433587,22.20847940372195
1733,0,84.86869526159708,27.026464662054984
1737,0,100.11795513701044,15.702543328444383
1740,0,101.55720510848816,3.327326346804886
1741,1,104.8921768888658,11.549747604634131
1743,1,127.13585026624024,36.82365336835634
1744,0,120.2320645140158,22.997940519255696
1745,0,141.64279764611592,42.83652750777281
1746,0,120.29135396275215,14.837640625708149
1747,1,145.0609979371935,-37.83695515922352
1748,1,-118.85975376732578,34.20543705225091
1749,0,-108.99480959667818,25.78939607372515
1754,0,-77.52978567596027,-9.520536080239484
1755,0,-76.29608067692875,3.5314173860728477
1757,0,-71.31996069447801,10.203650025432612
176,0,100.28914035001524,5.3601814241232075
1760,0,-73.12574997460227,-36.83743471555852
1769,1,-3.52455765674696,55.892966361176256
1772,0,0.0889169557312257,35.92700223655635
1773,1,0.1618869058193474,45.65205633998679
1777,0,4.965370406737483,52.504799485273736
1778,1,5.5680264801782275,50.64181816183711
1779,1,7.436715917061138,51.50506013993733
178,0,103.81917881968072,1.3362867991821594
1781,1,8.738662385090402,47.50083773980131
1782,1,9.649587807466514,45.70025361621392
1783,0,10.59374514244786,35.83884033693748
1785,0,17.824049799855096,59.258094730544734
1786,0,18.236846483140106,54.6070470568841
179,0,115.70772097953072,-32.54313397127022
1790,1,24.867863811396138,44.85757087303773
1792,1,26.98736161190046,49.420566571464384
1793,1,27.358478608781116,38.16970232949766
1795,0,34.29360885735453,53.31380791201282
1796,1,28.220388538044343,-12.808585452574322
1800,1,32.49400219837203,0.8389533709026457
1801,1,32.64313794163328,-2.650274553790209
1804,0,35.398132864526666,-23.896677505849173
1806,1,36.66551084034045,-1.3509287297037786
1809,0,46.24977699186447,37.38750424428118
181,0,126.58188581859037,37.66949269040302
1810,1,48.5109412921547,39.2113920445487
1815,0,64.54787045101259,39.72823754855402
1818,0,68.77089621828316,37.833542948618245
182,0,120.5337364527292,24.232957174755008
1820,1,74.31167676224231,33.38041894264233
1822,1,85.34298319533947,27.69334387796243
1823,0,81.21871612024795,8.581776637296883
1826,0,99.81473284374025,13.536234307950902
1828,0,105.6567201487016,21.102735516772455
183,0,114.91202211639576,4.8965317560232835
1832,0,120.27357883854548,22.782941958057584
1833,1,130.53247488378457,33.31031445167564
1834,1,120.6051559277718,15.48328198537017
1835,1,145.4692249855759,-38.07223690322903
1836,1,-122.62968576355328,38.24850356968466
1838,1,-90.77822688114117,14.297239567795344
184,0,141.0135657606769,43.193254042244114
1843,0,-76.2989295847516,3.899727217189976
1848,0,-73.16257362225993,-37.0007117026292
1854,0,-6.048855303468325,6.925474544972036
1855,0,-6.125717029049571,36.684932378457226
1857,0,-3.265714439320371,51.40353425679259
1858,0,-1.4015801051661512,7.058793894313168
186,0,125.562069348767,-8.55965516241796
1861,1,0.1943009757043861,47.99227001923009
1864,0,3.3608266341742103,8.037898792364762
1865,0,5.067535914829105,52.65161496087377
1866,1,5.861927002690728,50.58629794036735
1867,1,7.465740080163025,51.369268506641475
1869,1,8.948093720978964,46.022361385204505
1870,1,9.137832521332868,39.23503014182253
1872,1,10.633395387472044,5.510967622995042
1873,0,18.17553723484011,59.21690523904261
1874,1,17.989613428635252,53.12882766717673
1876,1,15.336282583005778,-4.397148154505272
1878,1,25.609103246076515,45.65004925458126
1879,1,28.66744619334025,50.26827087084423
1880,1,25.384501748026,-33.81562845269093
1884,1,28.248072900854243,-12.560888450513124
1886,0,35.173902837755,32.810053260303874
1887,0,36.06797240109397,32.73583252209261
1888,1,32.93776766206428,-9.10676946025818
1890,1,32.890041482384966,2.2425898047891493
1892,0,34.86389906852476,-19.791287093487313
1894,1,36.74841834330796,-1.1751726393017734
1897,0,46.11228226465915,36.96533272990909
1898,0,48.93458384682254,39.94479478979614
190,0,166.4583817031151,-22.248596040841957
1902,0,65.35379532738794,40.11800059732214
1905,0,68.65576136827612,37.58551056090098
1907,0,70.03326668305982,23.112136911981963
1908,0,84.89247277878302,44.404532969746334
1910,1,81.06365641624842,6.984951423396916
1911,1,89.20597939479212,25.849426818685025
1913,0,100.11905905341912,14.47569412749969
1918,1,127.95312747310562,37.346679561410774
1919,0,120.34570283691448,22.622298961039295
1920,0,131.21901748890232,33.967882400861086
1922,1,149.13862238008574,-35.260148903958
1923,1,-118.7343672578858,34.27395553719806
1925,1,-90.81295998812524,14.658639231364662
1927,0,-76.9740333648329,-6.035849616975013
193,0,-157.89440784230518,21.34081755092043
1931,1,-70.60222221737435,9.317188784714032
1935,1,-64.26213061253819,-27.782574687832582
1941,0,-6.049531778703218,37.36876273215159
1943,0,-3.1775779785393565,51.48953354241257
1947,1,0.3490358523803735,46.58056594160365
1948,0,1.5298837558643366,6.3396309272897735
1949,0,2.6162216155861624,6.518334146596838
195,0,-123.98687934433605,49.199228243924345
1950,0,3.3982193152864815,8.670149870869132
1951,1,5.078288757113758,52.082253811875304
1952,1,7.43880866491915,50.43102927858932
1954,0,9.3652818389309,47.422771015728735
1955,1,9.707655142607845,45.0405052451916
1957,1,10.677474580674788,6.207905370805025
1959,0,18.396952143522533,54.57435359450026
1963,1,26.256366134224333,47.66173443983224
1964,0,28.59075587032701,49.89900609697485
1965,1,25.399643107630336,-33.75567054604146
1968,0,34.34290208908941,53.24578772976263
197,1,-89.72630075518248,13.74016817289223
1971,0,35.003047971024955,31.8977920938466
1978,0,36.74353590435861,-1.3913456966737257
198,1,-88.1588003634148,15.406334464779428
1982,1,48.66206459973376,39.022070675568266
1985,1,47.53357412919672,-18.867231201009787
1987,0,65.57948757253554,39.03851978258293
1989,0,68.8317446515672,37.70169106933313
1991,1,74.81914216177725,34.09738844707703
1999,1,105.84519541487415,21.005850594505993
2002,0,126.63095360769508,35.96829414652717
2003,0,120.487120061897,22.65798059841567
2004,0,141.00996651527555,42.35056123232256
2005,1,120.6569203783,15.126206588056853
2006,1,150.88656859170158,-34.4307647487268
2007,1,-118.00281714377212,33.985886648362495
2009,1,-90.7439005029543,14.549099537483936
2012,0,-76.19719146937308,4.0880351695782915
2013,0,-97.15036180845236,49.88047451045562
2014,1,-76.64041366601478,20.376083515383712
2015,1,-70.22565190557694,8.622623544689457
2017,0,-73.02546509092592,-36.930981620680335
2024,1,-5.959877483323443,37.38754152095365
2026,1,-3.436115761900659,56.051002923543535
2027,0,-1.3474337081212475,5.093186908660187
2030,1,0.6922863868482886,47.381943242200045
2032,0,3.4234142603047863,6.775891420500477
2033,1,5.058277872561264,51.56649153038679
2034,1,7.626383220189235,51.95084869093062
2036,0,9.83818630229675,44.10840404965488
2038,1,10.894388194944696,5.727037140306147
2039,0,18.513560078862973,54.516418872616185
2043,1,25.458328832484593,44.92212503551517
2044,1,28.479441664194585,49.23373978083577
2045,0,25.549275169736408,-33.920269156062744
2046,0,28.235763956050125,41.07641454903316
2048,0,34.42449490731219,53.26583040377139
2050,1,30.69420400188801,30.768290842814825
2052,0,36.75868866839367,35.13798206203923
2053,1,32.93481872421771,-2.5451441797012255
2054,1,33.14923010256384,0.427636970396719
2058,1,36.820116330160275,-1.1562309520084688
206,1,-77.51089327703922,18.040367714704495
2062,0,49.718322095524606,40.55838775478835
2067,0,66.23699675202329,40.004125381726176
207,0,-72.44312172749046,7.813315278268314
2071,0,69.84644255982288,22.429090013327812
2074,0,81.71556002241743,7.700704327730953
2075,1,88.68080259805912,24.750472782413816
2076,0,95.38826472215418,21.45609899672533
2079,0,105.81302688316929,21.184650357358144
208,0,-73.75616582360517,18.215532441574315
2080,0,101.95338519249204,2.7063210538610076
2082,1,127.46534103657255,36.63528596022815
2083,0,121.74869370773678,24.75055483359456
2084,1,130.53202097818772,33.21953633297872
2085,0,120.55401758876606,14.97050436129757
2086,1,150.74643883034537,-34.04823888649022
2087,1,-122.7221327769904,38.438106736096834
2088,0,-109.93892784502798,27.573718528822944
2089,1,-90.53648814087892,14.59922299029476
2096,0,-82.97963128277098,42.295123868175885
2097,1,-71.2131910796561,-33.68511291744086
2102,0,-7.53642644057431,33.59386727032412
2104,0,-5.926699806325306,37.28651762678012
2106,1,-3.1019570362251554,51.01547003891014
2107,0,-1.261343039839648,5.125523477164237
2110,1,1.080498874199456,49.42733958474254
2111,0,2.604497207161193,7.362432608912839
2112,0,3.4332316660176647,7.538370709294021
2113,1,5.155726875113993,52.28384461343673
2114,1,7.662153098201114,51.541535321017854
2116,1,10.022345302431932,45.13926514073107
2119,1,17.81612891869433,51.648765437027066
212,0,-68.16700254011262,-16.523099414566055
2123,1,26.379825497766227,46.93141506598422
2125,1,30.510388341869103,50.44109994003482
2126,1,27.893218074998,39.650912541202665
2128,0,34.4268948044688,53.21313596059373
213,1,-66.09715764109822,18.398044973584817
2130,1,28.63236869211913,-12.979362271597932
2133,0,33.08768117394831,-2.0983927773496083
2134,1,33.21988006149,0.4587281089170257
2136,0,35.304422850808116,-21.997631029361987
2138,1,36.956098685599194,-0.4295457978420458
214,0,-68.82114569769713,-32.9121025204316
2142,0,48.841494956652255,38.73954077258345
2146,0,65.71665160631201,39.04068363518472
2149,0,69.34472136407732,38.10319557395261
215,0,-61.449403728153214,10.281912005949996
2152,0,79.73942181732708,37.27343613233622
2154,0,81.79645560708812,7.359088430060577
2155,1,88.61831363693447,24.393127041414008
216,0,-58.03617205560212,6.79156150111719
2160,0,102.26642790997565,6.116011434021405
2162,1,127.93156634894682,36.97598844220865
2163,0,121.76508538156456,24.67536199572191
2164,1,131.47134224326692,34.16621314937803
2165,0,120.52593019211794,14.79502853895493
2166,1,150.81924035470047,-34.05983172430289
2167,1,-121.91006247727866,37.70655559713065
217,1,-57.54215864370346,-25.31929304526651
2170,0,-79.20946002911947,-3.99597840227049
2172,1,-75.91879786154665,4.747409387869904
2176,0,-82.38437008269511,42.97847290889472
2177,0,-70.72142165476136,-32.74842864964559
2178,1,-64.49964523963814,-31.419562070106274
218,1,-58.081792669568415,-32.314054087367474
2184,0,-5.904702838424857,43.55403346367001
2186,1,-3.1977017897740367,55.94444406974608
2191,0,3.528931985472609,6.626579508328046
2192,1,5.167881839145742,52.220107548221414
2193,1,7.627700682220007,51.22029839692888
2195,1,10.20061694285804,45.53691801353334
2198,0,18.60955127433039,54.37451087936878
220,0,-16.98849980888773,14.430625545845388
2202,1,26.662676827451165,47.74557301515486
2203,1,25.59390123138188,-33.79974243914699
2204,1,30.126215071884083,49.79909959153725
2205,1,27.4060881014784,37.75353484635926
2207,0,36.71984982024781,56.331708985069625
2208,1,30.72030538157536,30.580145704118955
221,0,-16.646131154676883,13.271830099771876
2210,0,35.31176295997054,32.7137016996309
2211,0,36.71320629121451,34.71984521739039
2212,1,33.3536903070136,-8.934810031993267
2213,1,33.47902875516044,0.6129715722553641
2217,0,36.96800123184671,-1.4647902355209776
2221,0,49.87382895078497,40.42718484045071
2225,0,66.26464761047444,39.89787083220522
2228,0,70.62176737471896,40.12101934632817
223,0,-16.540612240367153,28.401860015357443
2232,1,87.12957548534538,26.551877155957623
2233,0,81.82918007023176,7.409923621947077
2239,0,102.23076929456852,2.2339638237853507
2241,1,127.38554116407144,36.358820049113554
2243,0,141.6056748359116,42.639345207034374
2245,1,150.7045194302897,-33.75775878676592
2246,1,-122.04803482823388,37.95777135210335
2247,0,-108.46747128245823,25.56752106826856
2249,1,-79.01326423511325,-2.889725112705344
225,1,-14.28359191357348,10.93818696031541
2251,1,-75.70160364210462,4.814086425547053
2255,1,-81.24332159435745,42.98603614619747
2256,0,-70.59750032762032,-32.83749715937044
2263,1,-5.843570310006288,43.367921445408726
2264,1,-2.9131137328835437,53.421648141022615
2265,0,-1.2089673262629816,6.621371155151821
2268,1,1.412885167447001,43.60926721488876
2269,0,2.654205325580856,6.978907745302791
227,0,-13.196590647410517,8.61301028317247
2271,1,5.1704387690719535,52.027379873817566
2272,1,7.681899568007019,51.38084740369549
2274,0,10.085247198416804,44.04213175586877
2277,1,18.25736224973094,52.786940818109045
2281,1,26.028527830568994,44.94028386943684
2282,0,30.799526262867737,50.513907913987126
2286,0,36.27268589477513,54.52851795711687
2288,0,28.739784181541825,-9.324701008009711
2289,0,35.16915324227923,31.776485792827874
2293,1,33.612334637951804,1.7187301410974631
2296,1,37.09098699633957,-1.0568927628205935
23,0,-70.03071012377167,12.535522350709408
2300,0,48.86546135542203,38.46791971429652
2304,0,65.76808292533998,38.83094860651002
2306,0,69.60477835643239,42.34276736831319
2307,0,69.3935384869331,37.488164318283786
231,1,-9.226969377026032,38.763450123400744
2310,0,86.04779317093457,44.319125255483705
2311,1,87.26555980316039,26.58876092104286
2312,0,81.85468938414878,7.2379904745324914
2313,0,88.98848710033366,25.387977050883173
2315,1,100.5540338070152,13.770901493410063
2317,0,106.06317628498378,21.17996215320748
2318,0,102.57532013888526,2.055428251727798
232,0,-7.550122890916273,7.408532116138924
2320,1,126.96911301095248,35.94872261063296
2322,0,130.44575652967296,33.01635689793246
2323,1,120.96501685441729,14.604122790979616
2324,1,151.06214445627515,-33.84950501715447
2325,1,-122.2265796452888,38.10899056023112
2327,1,-90.38139495868144,15.469373257493771
2331,1,-75.998957780564,20.221695047144458
2334,1,-70.65310522028975,-33.476940905973755
2335,1,-64.21539336282821,-31.393953604933746
234,1,-4.750992021030657,10.647980182376635
2342,0,-2.9854048960237587,51.58735120982803
2343,0,-1.0180576695747372,5.266574093596495
2345,1,1.481508730623032,48.43708964494782
2348,0,3.585943004228548,6.667730324607279
2349,0,5.239624966732206,52.37536208708432
235,1,-5.929423598058025,54.61124124505491
2350,1,7.592778494397208,50.35371486409601
2352,1,10.331340556231304,44.80025173056915
2355,1,18.089972242865393,51.75201575922683
2359,1,26.10091864217473,44.43513432978728
236,0,-3.3647377648245187,47.750563327028374
2362,0,25.622579513310363,-25.86851578769823
2364,0,36.60530307634244,55.11086815847743
2365,1,30.800494877034243,30.816209069342783
2369,1,33.48522776779914,-8.912461305382891
237,0,-2.585573321280992,7.448189042830069
2371,1,34.08396184242696,0.4731309027419856
2373,1,36.84317136453801,11.259156719228711
2374,1,37.26281805350184,-1.5064930554410845
2376,1,47.90957917063844,39.63922409230276
2381,0,66.69722279660735,39.68722017868291
2383,0,69.17415032150969,41.46478883049664
2384,0,69.7928877799041,37.911347951859895
2388,0,87.9890724646543,26.642313843573938
2389,1,89.25036889310333,25.7478514294024
239,0,0.2033719150743503,10.864230447446086
2391,1,100.64477649732932,14.814109880792286
2393,0,106.16805735538658,21.2637327363529
2396,0,128.90220621775094,37.762989260832185
2397,0,132.74770015784642,35.36111257598441
2398,0,120.5484740143442,14.678861470706869
2399,1,151.71300841513604,-32.92743229013893
2400,1,-121.75131279296424,37.68660950625081
2401,1,-107.40863181849474,24.798003855851267
2403,0,-78.61477622079566,-1.2572043970652398
2406,0,-75.81999319189076,20.028181877715973
2408,1,-80.4978666239539,43.44912952265234
2410,0,-68.08397521228702,-38.95267235038631
2411,0,-54.71714639525307,-2.440780778033961
2417,0,-2.954374793305251,51.35082822509861
2419,0,1.2602066166196082,36.19631621384183
242,1,3.131920032132582,50.94690529155563
2420,0,1.5930768855271171,50.71998898248864
2422,0,3.636878373605803,6.8426532199494625
2423,1,5.315959315880277,51.70863839034051
2424,1,7.790807838629108,51.68016529677745
2426,0,10.319539047971537,43.54768223669634
2427,0,11.097355365857856,36.84434750986456
2429,1,18.785563240879632,54.09184435395054
243,0,2.8424153424047445,7.449157998032641
2433,1,26.91531938165568,46.56079329655814
2434,0,30.215142890737727,48.7427442211667
2435,0,27.41059182779342,37.03617691296933
2438,0,37.187788464568115,55.99070168762245
244,1,4.3813265860255495,51.97066736848792
2442,0,33.42017429074873,-3.665484456022292
2444,1,34.20073350828643,1.084039320895408
2447,1,37.48939698305938,-0.4882597979733265
245,0,5.3210794395218,60.30182583646652
2454,1,66.95944440969814,39.644309719989174
2456,0,69.83190459262222,42.42824808511932
2457,0,67.09503932400922,24.90008104974224
246,1,6.445300777077522,51.175982587759854
2461,0,95.97730179583104,21.90269683815883
2465,0,103.10622879194852,5.352061709550431
2467,1,128.2154661389015,37.14139707036756
2468,0,131.5725659553475,34.042669039447865
247,1,6.598973964189609,46.52392787945712
2471,1,-117.08812837843946,32.74038018098678
2473,1,-89.99170200169037,14.636845601428664
2474,0,-78.61935923737585,-0.9327370138232672
2479,1,-80.26012194343933,43.1535601937974
248,0,8.469516117502483,44.29860122195437
2480,1,-70.87590347921922,-33.60745647653648
2481,0,-67.988230567718,-38.933236606971846
2487,0,-5.35788016455588,36.168647398951094
2488,0,-3.0267570132172885,53.83814176307622
2489,0,-0.974687096149569,5.923858974532966
249,1,10.181236495073696,56.15786251200919
2490,0,1.3330743320808425,36.1532659358518
2491,1,1.7182211066433493,48.98804862432631
2494,1,5.400936885376519,52.16555615303699
2495,1,8.043242518455642,52.282456775376986
2497,0,10.40373432190786,43.71378263765043
2500,1,17.94339525145134,50.66661085505017
2504,1,26.821308712934457,45.148372943745386
2506,0,30.85700058132843,48.040329120149224
2507,1,26.866564614275013,-31.910767216378527
2513,0,33.868773878875615,-9.595980536766143
2514,1,34.35969428763455,1.0179065833740857
2517,1,37.65064121094051,0.0517615255816417
252,0,11.411241346679734,47.27002288511833
2526,0,69.74854161089822,42.29283713146972
2528,0,74.9292421734272,34.03470486357035
2530,0,89.03012756719991,25.10049622710463
2532,0,100.59307104552784,14.34609225377534
2537,1,127.11567508240302,35.83475656730653
2538,0,133.06320367156664,35.46457871945276
2539,1,120.98749130348286,15.799792745884169
2540,0,146.76136307675372,-19.290008475758995
2541,1,-122.301449539497,38.30823127508905
2544,1,-78.49294948978141,-0.2210492406858224
2546,0,-76.23932230130478,-9.929161664694726
2549,1,-80.31421629913885,43.38819458821338
2550,0,-70.66816818678902,-33.19706455786395
2551,0,-67.57551416036932,-39.02327163715424
2556,0,-5.674449950937477,43.53422179934131
2557,0,-2.9926724573055874,53.649612105044866
2558,0,-0.8476939364625862,9.415974726803094
256,1,14.035353894551392,50.67247158318235
2560,0,1.8693617815491976,50.95447197971468
2561,0,3.65453301542706,6.922611736892734
2562,0,5.471442529343331,52.506099062279176
2563,1,7.754836904046074,49.443402613210424
2565,1,10.513748135950651,43.84723521870069
2567,1,18.62861433785424,53.02298567527442
257,1,15.033113041498936,53.33597764484898
2571,1,27.58680338118292,47.147838408716666
2573,0,30.705358737400136,46.427712998647365
2574,0,26.689329407639747,-29.214917487363223
2576,1,37.66698595784544,55.75350224615217
2577,1,30.93527582053665,31.08234727817523
258,0,13.195999244021053,32.838630191242174
2580,0,33.81010514013862,-1.5199755400141552
2581,1,34.352297267214375,1.27999089568339
2584,1,37.95076297688773,0.288686040722755
2590,0,66.84897192487037,39.079563238426296
2592,0,71.3670601897885,42.89753284658619
2594,0,70.05978301488805,22.461186536967507
2597,1,96.09026027407766,21.924706657557056
2598,0,101.72304813507364,17.49086564764929
260,1,15.64964598189925,46.54961558218247
2600,0,105.90616623563528,20.523472780618
2603,0,126.40677759971328,34.806594453300704
2605,1,120.92098899024052,15.611963340770608
2606,1,152.76892511729386,-27.620440520230773
2607,1,-121.85345706644104,38.00137541375379
2609,1,-89.54391221505752,14.800037663480143
261,0,15.23861780207208,44.11918111027365
2610,1,-78.41550447025891,-0.2029175004973894
2611,0,-75.6233430434883,4.8714808332788175
2614,1,-69.35958101696407,10.059045289258066
2615,1,-80.25410124708493,43.54087486579069
2616,1,-71.65075853518078,-35.429939090728325
2618,1,-54.61573684846125,-20.47598127214411
2622,1,-2.9108350302339834,53.28218766164701
2625,1,1.914429465688276,47.89863026950075
2627,1,5.455107259664838,51.445448572268
2628,1,8.209356167171652,53.14636552996637
263,1,16.615718850910877,47.235181489578565
2630,1,10.623434151952234,44.69421666281216
2632,1,18.754530131428513,53.47229860340765
2636,0,27.184993913279897,45.6952603925509
2637,1,29.05032543505216,40.985600609705024
2638,0,30.789331833603693,46.57243649172885
2639,0,26.70949269361926,-29.263803878515052
2641,0,37.459546477414754,56.018376855808675
2645,1,33.87103617116367,-2.0176304315224107
265,1,17.5839828687008,48.37418154639163
2654,0,67.22616797263113,39.47029592518056
2659,0,87.60076387942311,43.866914813933136
2660,1,88.9593690793178,24.802040636668465
2662,0,100.90946074217116,14.5352628265189
2664,0,106.14005484912714,20.910022999253844
2665,0,103.31670635981104,3.8227890399012106
2667,1,126.85689347194024,35.16499542514854
2668,0,131.808702787533,34.043460304368445
267,1,17.91741252449497,44.20876514580312
2670,0,145.74924660828884,-16.928238768537913
2671,0,-117.68072611627385,33.60320670750975
2673,1,-89.91005327428331,16.9157613830969
2674,1,-78.26307732302693,0.2361598240503381
2676,1,-75.58388681594138,6.242123230774179
2678,0,-69.3132912115029,10.17487992195621
2679,1,-79.84348478499072,43.23732817052277
2680,1,-71.23377007396704,-34.978630873453895
2686,1,-2.8943570201753848,53.19496437562562
2687,0,-0.8249036826803388,9.621459743801948
2688,1,2.0066556609180126,48.77704190324094
2690,0,3.728910633965253,6.473063129843685
2691,1,5.532593483328685,51.767319875836016
2692,1,8.024567749204325,50.88924832577718
2694,1,10.988397961186156,45.43338094364827
2696,0,19.411898140933904,54.16549260111056
2700,1,28.020572696371826,45.43806066366431
2702,1,31.88761808651491,49.21278082794096
2703,0,26.77845398817427,-27.973583201397165
2705,0,37.275927558068624,55.67417712207058
271,1,19.827883330641555,45.25613721938095
2712,0,43.5284739593644,33.386339536743016
2718,0,67.25556176302892,39.41435372191216
2724,1,88.73874951341202,24.343186263502204
2726,0,99.61111087461236,7.560054779756927
2728,0,106.02485328700745,20.556507219351772
2729,0,103.41837640704544,4.750782864332082
273,0,19.46904431501356,41.320600569008406
2731,1,128.71946841416144,36.56047639974071
2732,1,130.73614834203923,32.808529889728604
2733,0,120.7851610967617,15.1449264661185
2734,1,153.04102642959202,-27.51570291950296
2735,1,-117.10192073296484,32.94745071629129
2738,1,-78.13079263201573,0.3458550106596511
2742,0,-69.25752572510393,10.022036031740312
2743,0,-79.79240280946107,43.36189757472091
2744,1,-70.9886574474766,-34.58637959259654
2747,0,-6.833628258685377,33.99621064660751
2748,0,-5.034910977401975,7.697897000286189
2749,0,-4.956332150617307,36.49588692885971
275,1,23.927640903797418,54.89258392582628
2750,1,-2.935455311903576,54.89257561492269
2752,1,2.0762575341034655,49.02918447747
2754,0,3.711170160076664,6.886661766665029
2755,1,5.557307554708313,52.022095636501064
2756,1,7.838390552095629,48.00311335162257
2758,1,10.88482095332366,44.78358425446112
276,1,21.224252292557257,45.74909896584569
2764,0,27.957710187952006,45.27468306030651
2766,1,32.06513693186347,49.423663824724635
2767,0,26.593415528366982,-26.89087340094955
277,1,20.42838020348495,42.38242078089866
2773,1,34.38027893343422,-1.3455677562673745
2782,0,67.84555794774812,40.13081398712741
2784,0,82.59821296451842,49.966503643945565
2787,0,86.15712244891944,41.75983601413884
279,0,20.97242366442023,42.01005707750574
2790,0,100.99793427811218,13.375025899253052
2792,0,106.0600437696634,20.662838129851323
2793,0,103.42393640821346,4.214688904622176
2795,1,128.36961105353564,36.10778809961455
2796,0,133.34322696674604,35.44707810701281
2797,1,120.95031746995843,15.452809247805943
2798,1,153.41476301796885,-28.021155325457684
2799,0,-117.27020099114752,33.05946600574901
28,0,-66.62487815815318,18.005859045768542
280,1,23.71434591530336,52.1071265542608
2802,0,-78.14826726360195,0.0369328096113753
2805,1,-69.21193888514134,9.564311028502743
2806,0,-79.87169234372752,43.517367595712486
2807,1,-72.10185409311315,-36.61075961255527
281,1,22.720890331775,48.44203224170226
2812,1,-4.785100732554689,37.88726288332492
2813,1,-2.9443872715367125,56.47251269882304
2814,0,-0.7764147565585249,6.555926683220089
2815,1,2.039755813143542,48.935471132501824
2818,1,5.645966148278507,52.036115386836435
2819,1,8.577314098793018,53.55648790635075
2821,1,10.924186932733768,44.64616395265305
2823,1,18.54180706526181,50.09539942287961
2827,0,28.631355052743164,44.188832039926695
2828,0,28.741297263204896,41.194315551335954
2830,0,26.634318529702508,-26.95266550212879
2834,1,32.756717103681886,-9.324488163406809
2836,1,34.8277016946901,-8.859251359661044
2838,1,36.838039894050745,7.670574313751016
284,1,21.739762207391177,38.24036781468592
2840,0,39.56448172806307,-4.285980015115183
2846,0,68.66703436485736,40.83908453975079
2847,1,76.90075851478834,43.264834364354755
285,1,24.75406859846032,42.141725185159245
2851,0,88.8260362769334,24.192775120012
2853,0,100.9169507680634,13.08985513642488
2855,0,106.29073923810073,20.92882240604556
2858,1,127.50494823447244,34.95638282794261
2859,1,143.87977846817694,43.806574022741515
2861,1,153.31339421664543,-27.91772498705339
2862,0,-117.34286816928685,33.17198270663158
2869,1,-79.51440610548754,43.712262827636
2870,1,-70.73766126941655,-34.172388942190665
2872,1,-54.56012932897891,-25.522877988719227
2874,0,-4.376278310851309,5.326518958880075
2876,0,-2.8535353276431756,54.054272241959
2877,0,-0.6947683731463711,5.5348545998140635
2878,1,2.368054844483906,48.82037907329469
288,0,29.012469306594664,47.770471139341105
2880,1,3.914603557685417,7.395536443866657
2881,1,5.662699547878488,51.46818060612928
2882,1,8.385500994850622,51.90239916302438
2884,1,11.12197438341332,46.07683195854118
2886,1,18.590014480335576,49.95306437811517
2892,1,27.73115377830482,-32.94225546194748
2902,0,39.666941842652115,-4.032270608604484
2907,1,69.25736267319864,41.290897496025494
2909,0,78.37381519928394,45.01364905442175
291,1,29.966572969051757,31.178299904640863
2914,0,95.866874209121,20.884606465172627
2915,0,99.9597660963948,8.434096086859025
2917,0,105.78861760962894,19.80092721394418
2920,1,128.60646295996278,35.8606609082651
2921,1,132.4503129886165,34.40765744589397
2922,1,120.93836544437724,15.324804613973534
2923,0,153.31891093964492,-27.87029406723905
2924,1,-122.02695906642106,38.26072664527283
2925,1,-103.73056162885462,19.251894085125457
2931,0,-79.23647136064561,43.168712918428
2932,1,-71.59590828668696,-35.845090397740606
2934,0,-51.16732970326573,-0.0423855253784665
2937,0,-4.626195546801313,36.54306779754599
2938,1,-2.749585059263216,52.71105529623725
2940,0,2.34161334023453,51.03311965551974
2941,0,2.230210188916206,36.30630603845436
2943,1,5.809360959223472,53.19904912258258
2944,1,8.245487236271385,50.02733827800246
2945,1,11.334842983435678,46.48734731788262
2947,0,13.804803930636629,10.737134238746473
2948,1,18.675122131255055,50.30022200014059
295,1,29.368872633098103,-3.3816017174269537
2954,0,27.873070164778326,-33.00429462081619
2956,0,37.55171201652461,55.43790311268735
2957,1,30.925845854888557,30.660368184830443
2959,1,35.64508749550214,-10.666620134164615
296,1,29.640049789439573,-1.505185085802818
297,1,30.114568832337763,-4.570349470536038
2971,0,77.46716321552582,43.36097092811743
2976,0,101.06693281368966,13.680128460609332
2978,0,105.98418625632463,20.249703061358623
2979,0,103.76488391598184,1.5131242463922407
298,0,30.084390055296243,0.1760137245504829
2981,1,127.72984937358478,34.917564812448624
2982,1,130.60433605099416,32.5066920199679
2984,1,153.01120876936756,-27.233428361395532
2985,1,-121.71364278440817,37.960991684532424
2986,1,-103.46773614017312,19.701236960102857
2987,0,-77.72124714270043,0.8120852878278336
2989,1,-75.2220176806119,-12.061187228203336
299,1,32.55014430310727,-25.854926091681943
2991,0,-79.10406452009337,43.10059289450032
2992,1,-72.35367983660794,-37.46890874010015
2996,0,-3.996814486399928,5.350654214629645
2997,0,-4.726883545221359,41.629937952862285
2998,1,-2.7168512424044073,52.054987964876624
3,0,-158.01693886338518,21.324403408305425
30,0,-61.44873857841328,10.65979058667746
3000,1,2.3004911661814114,49.891968665029054
3003,1,5.806473421973687,51.82634110906255
3004,1,8.660652029196774,53.17587422436458
3005,1,11.15403106777573,43.82740046667135
3008,1,18.921698223519932,50.289264820390386
301,0,34.65152351891955,31.808932319445574
3013,1,32.01060534896272,46.96257178870979
3014,1,27.063006034678892,-26.716566776348657
3016,0,38.14118410034104,56.30944572455617
302,0,35.37858750612229,33.542388683287925
3022,0,44.15080680154061,34.01009317586476
3023,0,39.75490520019303,-3.936210787003223
3028,0,69.06092540665713,41.11179658815961
303,0,35.931115133959835,35.364782508538816
3031,0,80.00685442109764,44.17138301145692
3034,0,89.16441579362821,24.871579018182786
3036,0,100.90342787000264,12.93395665862902
3038,0,105.84217898173216,19.82894819113929
3041,0,127.69047908436885,34.83890706075655
3042,0,132.21959955741835,34.1667706563928
3044,0,153.25123970533664,-27.512158928274097
3045,1,-117.20126406616409,33.17261782462134
305,0,33.71265028517671,-14.025600568091567
3051,0,-79.45969400008403,44.050799576980765
3052,1,-72.60604226763529,-38.73799490653503
3056,0,-4.522326012213216,36.613537744272314
3058,1,-2.5830147289240486,51.47490053027599
3059,0,-0.6323416970186825,5.3634869406295484
3060,1,2.471276609351631,49.26444513546118
3062,0,3.944344512209029,6.821680433694287
3063,1,5.698265343661285,50.848544619431905
3064,1,8.637151491319477,53.04607168716069
3065,1,11.336431506391945,44.49677630458259
3068,1,19.110592342035854,50.80695170845816
3074,0,33.12530207563802,48.653815721932496
3076,0,37.92517161854087,55.96750171449669
3077,0,30.71134986139412,29.390966454932585
3079,0,35.74680028254784,-6.1639327456855035
308,1,34.47135493434851,-1.0671475651019997
3082,0,44.22145191802279,33.655938706067936
3088,0,67.02521888104555,37.66980062972596
309,1,42.694290970890705,42.258317436046426
3091,1,75.15676099512508,33.74206411486259
3095,0,100.90425542616568,12.685663106179977
3096,0,100.37912773463172,-0.9051228869330682
31,0,-61.06229728217626,14.613664284219418
3100,1,128.10637574421924,35.18666397198491
3101,1,131.49141598451084,33.30334845650678
3103,0,153.09827943044593,-27.224173417696967
3104,1,-119.04801894048022,35.36087300137539
3105,1,-103.3604972769994,20.63770053324828
3109,1,-67.97654115575233,10.191561115958873
3110,0,-79.68511432290137,44.37150464284441
3112,1,-60.707478589023935,-31.613353843211897
3115,0,-4.443011694033867,36.71894171694244
3117,1,-2.725010309783211,53.347596883740074
3119,1,2.396907833523569,47.08789681694514
312,0,44.49713790787675,40.17245686534852
3120,0,2.739203959939749,36.65086343215833
3121,0,3.9227293459556902,6.946487517538856
3122,1,5.91181890934686,51.96523151272554
3123,1,8.548891335523294,52.0192023877488
3127,1,19.354644867667098,51.66190729281152
3130,1,29.047714240914868,40.221167142274936
3131,1,27.227033948188016,-25.66470914706843
3132,0,33.434126266433665,49.08467729705659
3134,0,37.414734553394005,54.92139100224706
3135,0,30.893341534331302,30.330790884027348
3139,0,38.15450123885709,-17.265819354123888
314,1,46.64727630537056,41.6211438549063
3146,0,68.77789289063824,40.497998540429535
3148,0,70.51330034726439,32.9368220474608
3152,0,95.23863519986864,18.81884970158803
3154,0,100.38633796496032,-0.3076605636808224
3155,0,106.18108466691596,20.449059447401453
3158,0,126.54256023225769,33.5105249452817
3159,0,132.55622009018248,34.239579502076104
3160,0,120.82191467977732,13.929786013702593
3161,0,153.1208893719619,-26.78066405934795
3162,1,-121.43221959954803,37.731890536914776
3163,1,-103.4811719945658,20.802477100929185
3167,0,-79.05653122897368,43.84304653616888
3169,1,-60.770627242737525,-31.679724346793133
3173,0,-3.7543776254421743,5.208669737557132
3174,1,-2.695456972879746,53.74116962067191
3175,0,-0.2036965277736805,5.6326911395975
3176,1,2.653885331243671,48.53255417254294
3177,1,2.756811720326815,36.26593287193786
3178,0,3.98323814294423,6.5995402387252895
3179,1,5.798361080516315,50.966516741283655
3180,1,8.83347215919966,53.07894791916088
3181,1,11.518407066673928,45.538382893295314
3183,1,19.45383763357668,51.76426187408322
3187,0,27.31972482327333,-26.336262105285545
3188,0,33.44777363106,49.02473262104182
3190,0,38.05461988932776,55.959335901680525
3191,1,30.99937450065033,30.78563288636057
3193,1,36.69716300221008,-3.3768303098337524
32,0,-59.5853073204309,13.097090171635193
3207,1,88.98301460956134,24.413685105054626
3214,0,113.97668667853024,4.358444797045918
3215,1,131.65622717523857,33.232288749872204
3216,0,120.96047936031135,14.132129526036762
3217,0,153.09704479773634,-26.685633923811064
3218,1,-121.9691544733378,38.34774654012174
3222,0,-68.02912564811058,10.468557032017737
3223,0,-78.87534261135089,43.898106660139646
3224,0,-72.95156079965531,-41.46444068917528
3228,0,-3.4980455543528546,6.731208145200465
3229,1,-4.0059968147018585,40.63184019546428
3230,1,-2.6554521504156128,53.54076538840777
3231,0,-0.45154518851956,6.036881597817087
3232,1,2.8426502332771753,50.42810450618674
3235,1,5.971717830480106,52.20777215377323
3236,1,8.416718928519725,49.98854487335533
3237,1,11.612667995835958,44.84662507660328
3239,1,18.991423434138557,50.11644239055954
3240,1,15.563318684136904,-12.850335305866402
3243,0,27.26942322221422,-25.618556967634387
3244,1,32.61904295492825,46.65380058895332
3246,0,38.10323606996809,55.597810643781195
3250,1,37.3344031187238,-11.04434911476567
3253,0,40.108473648144866,-3.2279491811074865
3265,0,101.1438366362224,12.68517311901403
3267,0,105.64576025290307,19.14176001917343
3269,0,129.38415918768683,36.0188792443693
327,0,55.51178327047861,-21.27537866947754
3270,0,114.02164848703318,4.479394164002375
3271,1,143.17200991198064,42.923501906618384
3272,0,120.9386732026588,13.903954996589173
3273,1,-117.47987403020446,33.91535440478123
3280,1,-58.98668699739733,-27.459399529885868
3281,1,-53.30898554922409,-23.76664421147725
3285,1,-2.587971799180729,53.39224167323096
3286,0,-0.3727985571586775,6.214537882210573
3287,1,2.734528108408831,48.859876480873965
3288,1,2.859884735231945,36.51432009661844
3289,0,4.0009134819673475,6.96884704146935
3290,1,6.093833280598235,52.5136292668579
3291,1,8.408504166191495,49.00773178316254
3292,1,11.745267060870043,45.76789690260835
3294,1,19.14819653006083,50.293053313752566
3298,0,27.699616387288543,-26.23028443110949
3299,1,33.413681406328784,47.91657282277607
33,0,-58.1549057630605,6.80718721775556
3301,0,38.71685532447522,56.39221609396093
3302,1,30.94616165494763,30.4468531432834
3305,1,37.34257019967922,-3.3475199935438273
3306,1,39.26351376324514,-15.12008369184632
3307,0,44.39182611461298,33.33168522220073
331,0,72.9042926606632,40.89553389093655
3313,0,69.56767754636644,41.45896774378035
3315,0,70.6233797535309,32.97900221429244
3316,0,70.10953061043624,21.115735153210732
3320,1,102.79565193138708,17.40870724981478
3321,0,100.63300474493984,-0.2298237099279585
3324,1,128.62832483796916,35.22136387618184
3325,0,114.00672750702452,4.429695987277418
3326,0,134.21229198877612,35.50689445492042
3328,1,-121.2226672255412,37.804431551182915
3329,1,-102.3535275848894,19.091393571849142
3330,0,-75.39519678505884,9.300896387145205
3331,1,-74.21877063649362,-13.161651273157444
3334,1,-60.51423722155083,-31.74910601067161
3338,1,-3.739651369085554,40.40238564210115
334,1,80.42362232431567,28.659452399304264
3340,1,-2.2657093065415865,53.4984261629482
3341,0,-0.3491406017092846,5.805176717906619
3342,1,2.7764778085771855,50.288903089430605
3343,0,2.8534761416434584,36.7249317151404
3345,1,5.978927226419835,50.90329303606815
3346,1,8.475523644964248,49.48637507069083
3347,1,11.905345542723992,45.41004074058718
3349,1,19.722818568799575,52.54404301704695
335,0,79.83157844836892,8.025398603214093
3350,1,15.746790138794047,-12.771797659695078
3353,0,27.83643669047944,-26.691311938139417
3356,0,38.23153251869017,55.56950453654082
3361,1,39.78563959643923,-13.378293183092016
3368,0,67.15417290049078,37.46518263501968
3371,1,74.87042095369961,32.70070734691916
3372,0,89.63628344479632,25.810077498430147
3375,1,102.08932069142963,14.9685642895496
3377,0,105.60265925355183,18.98382871918861
3379,1,129.21267055830896,35.857353277575655
3380,0,116.09728696353022,5.963020330783394
3381,1,130.5378737318847,31.574014598771303
3382,0,121.20307620102282,14.484563917393457
3383,1,-121.29792280303688,37.975390832998954
3386,1,-71.94711104199956,-13.530172918718437
3387,1,-67.54522469067926,10.229155410696205
3388,0,-75.88493937071853,45.303329453682814
3389,1,-58.80812957875819,-27.48537794089141
3390,1,-53.45239798152303,-24.956205576437068
3392,0,-3.7889900964896057,37.78155130016186
3393,0,-2.8038347606128835,8.041185910181296
3394,1,-2.468465817591393,52.686088505035706
3395,0,-0.2605993941292678,6.081975620269557
3396,1,2.890494920490098,48.95718153023342
3397,1,3.077435477282952,36.73057956933958
3399,1,6.182926601205666,52.25895149222673
34,1,-55.17959631220624,5.823166636200404
340,1,99.0312931416258,18.579084805923145
3400,1,8.668348459765134,50.1230614055846
3401,1,11.868673138876844,43.461351428900095
3403,1,19.37514151031785,51.3589691227344
3407,1,27.66734253503361,-25.725644307885673
3408,1,34.543072802403195,49.584115676098286
3409,0,38.45222828023796,55.85781005493473
3414,1,38.811248120570845,-10.728538971652029
3415,1,39.9847555888364,-14.92070946480182
342,1,102.61649009570452,17.979065683301936
3422,0,67.28489141431729,37.24262719848345
3424,1,71.55527581840204,34.7792376472377
3425,1,74.75857712729841,32.619620160006086
3429,0,100.46892143096566,7.002975749196388
343,0,100.3686030788661,6.125692221019536
3431,0,105.90546001191328,19.75381753948147
3433,1,128.79575196981418,35.28512135712428
3435,1,130.63296279404148,31.727027741357816
3436,0,121.030287382201,13.771165191016411
3437,1,-120.98992144969333,37.65104862071843
3438,0,-102.77282395591914,20.348116917642407
3442,0,-75.72701839738293,45.27878590022373
3443,1,-60.82218618269512,-32.918714229065515
3446,1,-3.6129876815524655,37.16417945612104
3447,1,-2.4813265853246924,53.73455115814309
3449,1,3.1055573962548864,50.65443380756386
345,0,103.81426259523144,1.4377043415595587
3452,1,6.575321918158151,53.22133470018583
3453,1,8.756195877009517,51.7177731058771
3454,0,12.234419596257982,45.47575429050416
3455,1,19.04335689834863,49.81985023322113
3459,0,29.28272564877072,40.652543233752255
346,0,115.73940251906672,-32.309013266249146
3460,0,27.855611439732684,-26.84087603757769
3461,1,34.634933329774654,48.49848347436838
3462,0,36.12090884562809,51.65762930743574
3464,1,31.000096331278627,30.57640224016321
3466,0,38.91797937877415,-6.749491411709277
3468,0,44.02692168522816,32.60527269655335
3470,0,49.46263187041792,37.47291139020807
3472,0,49.607553451227815,25.38623980720084
3474,0,67.4101354739439,37.498926455396706
348,1,126.9332222834062,37.473085850461345
3483,0,105.68479143105476,19.11377979983847
3485,0,128.68360745242822,35.147611970276905
3487,1,133.389055001723,34.496302952911826
349,0,120.50848422886838,24.073433051622988
3491,1,-74.80328442818723,4.298221459437789
3493,1,-67.55804107150763,10.164708251726802
3494,1,-75.70878866376526,45.39361055065284
3495,1,-60.73113247177141,-32.74137703530036
3498,0,-3.8271764431207633,43.45078584271356
3499,1,-2.451882699046137,53.09607340726589
350,0,114.9565190907917,4.9590420060857285
3501,1,3.0878552968916138,50.37601850098818
3504,1,6.642446160711246,52.35794729876034
3505,1,8.674549072407277,50.58773987945134
3506,1,12.051076868880171,44.21913749157828
3507,1,19.684340707062056,51.408768585407074
351,1,141.37645348359135,43.0685883173551
3512,1,28.0559139041793,-26.17373517419867
3513,0,36.18398256479868,51.73994028013626
3514,0,33.36261989645748,45.20282050430372
3518,0,38.89563760903679,-6.447051301669267
3519,0,44.38332973259736,33.64882068043979
352,0,120.37572225414095,17.56676293793438
3526,0,67.9033777711574,38.27786443562868
3528,0,68.21148988589492,27.55810189173692
353,1,172.61648358306826,-43.52740878960434
3530,0,88.86652193698939,24.03685283162742
3533,0,100.599179668512,7.164814817337153
3535,0,106.09906139280292,20.1049013428878
3536,0,125.8644539313902,39.25309964476937
3537,0,128.42444116062472,34.84589964327212
3539,0,133.21935415512388,34.4206119657139
3540,1,121.13043912475383,13.971430665459923
3541,1,-120.85192659821666,37.50561171851015
3543,0,-75.29686627567712,9.322264122414262
3545,1,-67.4977961874356,10.038598605873652
3546,1,-75.66243844400239,45.48969526063401
3547,1,-60.68376977338926,-32.94031819647919
3548,1,-52.61825138995168,-23.66487430970602
3551,1,-2.372470858398392,51.380144166226046
3553,1,2.8956299948180124,42.700138919943626
3555,0,4.185890942162387,7.638081688777019
3556,1,6.788829327225,52.27783837269958
3557,1,8.914185471020533,52.295261460399395
3558,1,12.239191757820128,45.66913800875648
356,0,-158.00720261928626,21.460578318454413
3563,1,29.915165230730075,40.755936389775016
3564,1,27.8500076926644,-26.529155036572728
3565,0,38.45243589961752,55.78460386161743
3566,0,34.38171726580521,47.57374676840347
357,0,-116.59691734842602,31.86898747583704
3570,1,39.18858302353711,-6.815706819387791
3578,0,68.00714259356498,38.37697516652471
358,1,-122.97417841408694,49.233279982529304
3581,0,70.45090225944853,21.733182946960795
3582,1,89.02874536605752,24.128125437218724
3585,1,102.8293592819184,16.438104939868325
3587,0,106.35403101226304,20.279521142037275
3589,1,128.84657260890503,35.22298955913297
359,1,-91.7934634038062,14.967354918454344
3591,1,130.756843216819,31.74418077964215
3593,1,-117.14756636198064,33.530885054436624
3598,0,-75.50512547750324,45.4665849237082
3599,1,-59.26032487686787,-29.149581891271986
360,1,-89.68648045669944,13.98180198076826
3600,1,-52.4600787266148,-23.08806159738044
3603,1,-2.379812860032891,53.76146206017132
3605,1,3.1054492675582623,45.783821745314
3607,0,4.188624952401449,7.363261389576968
3608,1,6.8802979786565,52.21579078371914
3609,1,8.648395561516109,49.883128634714424
3611,1,20.012369024506693,51.536037877535954
3612,0,15.23173169946504,10.34141366573056
3613,1,16.93629409168455,-12.393390833004023
3615,1,29.83400330224835,40.71377545962021
3616,1,27.857679009092667,-26.3811605769032
3617,0,37.62205946553621,54.19352801755013
3618,1,35.022515373249036,48.465472010957306
362,1,-86.25997146437747,12.122378364469537
3623,0,44.51959038310165,33.85195339102956
3627,1,49.58782935617487,37.27870638333711
363,1,-84.12017404302655,9.957383490385128
3630,0,67.78683470282047,38.00510608483091
3634,1,88.94786485258126,24.09865367069234
3639,0,106.24777097444654,20.219829162323904
3640,0,125.52182111949556,38.90990491407667
3641,1,129.02910973973573,35.346748590678295
3642,1,132.76407294162402,33.819359372502625
3645,1,-119.6528418096332,36.338285825423995
3649,1,-67.36102073278487,9.915224230439488
3650,0,-74.01642390779094,45.390274912680255
3654,0,-3.5312672869407864,40.35534443950797
3655,1,-2.225878087661005,51.853049805541225
3656,1,0.0100138372614627,6.131156911983507
3657,1,3.5131886329103055,50.35453017470838
366,0,-79.7894387938174,8.867519238851237
3660,1,8.67099876495591,49.38643951738345
3661,0,12.198708870329456,44.41269389970236
3662,1,19.97054318967131,50.049725386439256
3666,1,29.07478680957382,37.78769136119934
3667,1,28.767434238672255,-31.596434824248
3669,0,33.50418920073924,44.59588182295102
367,1,-82.37413468179031,23.080814322161935
3673,0,39.228933173719525,-6.158702172386058
3675,0,40.68800991552517,-14.55843536726304
368,0,-77.63777697024557,0.8272648811213595
3684,0,70.85984384455368,22.81058370269507
3687,1,96.14451144327866,19.743651242396144
3688,0,103.2873951292056,16.189346530000318
369,1,-77.24101659384293,17.966012072851534
3690,0,106.58543423972505,21.05491606014306
3692,0,128.6122221511626,34.899064430528334
3693,0,140.74329292807994,40.82242679969934
3696,1,-102.31097436496518,19.94884567342437
3699,1,-67.31342596476867,10.226001539727635
370,0,-72.36447991909294,7.691883372634556
3700,1,-73.66589685739241,45.534958281737914
3704,0,-3.468894780147833,40.45289437007397
3705,1,-2.251218619846226,52.385996272406025
3707,1,3.239415381598864,43.347668295188726
3709,0,4.24031350873687,8.13015884992702
3710,1,9.438988307758342,54.793831553866944
3711,1,12.657464034193284,45.96194671532468
3712,1,21.000122519069254,52.21848195376328
3716,1,27.792319817715356,-25.61841741175959
3717,0,38.97374328393475,55.802646222141895
3718,0,35.241358544061825,48.62703437680952
372,1,-71.08010063518861,19.550636789464175
3723,0,40.17833818161865,-10.28323453462772
3729,0,70.07495448006422,41.01253654394953
3732,0,70.45104955149809,21.525525680843117
3736,0,101.2484933553722,6.8768125416771
3739,1,125.74918217515254,39.034052411004254
3740,0,129.35009916258062,35.63705523870683
3741,1,134.00967107602125,35.06661873539946
3742,0,121.39220665699264,14.25755574420857
3743,1,-120.47725217899308,37.31017018053424
3747,1,-67.00551256642999,10.354141423154314
3748,0,-74.00298801524595,45.78063792836536
3752,0,-3.454910148210086,40.30615631624023
3753,1,-2.231047334819668,53.81221951773457
3755,1,3.1279578783074125,36.56200513174217
3756,1,4.027727762242201,49.25298245349793
3757,0,4.312916852527419,7.898770936246825
3758,1,8.696775608021417,48.88732773990438
3759,1,12.378598103361613,43.101825135433344
376,1,-66.02863241995837,18.231688963568907
3760,1,20.923072101730025,52.400133022375385
3764,1,27.847506776189263,-25.463650531585618
3765,0,38.68539094956885,55.31595388462245
3766,1,35.13740314862887,47.84493324225462
3767,1,31.05133054203326,30.41958461267672
377,1,-65.28937862347011,-24.20239126117363
3776,0,71.2357028989923,41.001213088753815
3778,1,75.11228845326784,32.90993796573655
378,0,-61.39652404895513,10.537250594130947
3780,0,101.75469395774,36.627631712898314
3782,0,103.5135969052449,16.434853585393746
3784,0,106.33238005396797,20.448489519295524
3786,0,128.83898803744395,35.089105498784576
3787,0,133.0028736568392,34.05352543383611
3789,1,-121.73964495236096,38.55276348026777
3791,0,-74.34351602845979,4.797904378562747
3792,0,-66.96351300864681,10.601507640871828
3793,0,-73.63513786577617,45.717585103540024
3796,0,-5.933687706544898,34.258485355524904
3797,0,-3.3689656033682227,40.49139104206176
3798,1,-2.2149947107199126,52.19538017490858
3800,0,3.242158312845502,36.64316552648637
3801,1,3.883958815545152,43.62756268950941
3802,0,4.3751876592974845,12.227789943688226
3803,1,8.92180934502074,50.12153008431663
3804,0,12.565472875277624,44.06205846398248
3805,1,20.62628831654962,50.874648000423626
3809,1,28.096837790599384,-25.487980471495387
381,0,-16.92423961702702,14.78647735002154
3810,0,38.773964392014825,55.08516986743495
3811,1,36.274793746964576,49.98535554733399
3812,0,30.978352877454885,30.30633228892799
382,0,-16.29275900622225,28.45331090833005
3821,0,70.93750207578657,40.54004836282122
3824,0,89.54008430775951,25.328199041524684
3826,0,96.102326809704,19.655067533778965
3829,0,105.67614152413958,18.69384118424685
3831,0,129.36182095934976,35.515452492772994
3832,0,140.47688697872067,40.59721370350944
3834,1,-121.28310729861442,38.12869249788919
3835,1,-102.28131115582288,19.99028827420905
3837,1,-66.88826843076862,10.4680512969365
3838,0,-73.27076125549098,45.32301040050926
3839,1,-60.21226185693062,-33.345128855133304
3843,1,-2.1744094451601765,53.014749526292675
3845,0,3.3716124244257553,36.72896968218221
3846,1,4.065499265537552,48.29185618294141
3848,1,9.138437916508533,49.972581898669944
3850,1,21.23926999658232,52.346377715703234
3855,0,39.04230755281649,55.38045943847927
3856,1,34.10248788897555,44.95122794808428
3860,0,44.35314880461545,32.463198704610065
3866,0,70.81748500781336,40.38679461122806
3869,1,89.36932902768069,24.844779575765624
3872,0,103.09830846562264,14.995924672728671
3874,0,106.66955818094644,20.8764309899738
3876,1,129.16228469690063,35.403104429110286
3877,0,131.67401369571218,32.58052885357665
3881,1,-74.13080010794279,4.649512883440225
3882,1,-66.88814798978983,10.16423544058317
3883,0,-73.45178666422713,45.75206833982854
3887,0,-2.7644442580004194,36.75357346982117
3888,1,-1.9616848679365209,52.51089884876611
3891,1,4.397061053275859,45.447906950941686
3893,1,9.007616235055128,48.69581505136181
3894,0,12.352480918939206,41.768127436885834
39,0,-17.37346333606101,14.742493380522928
3900,0,38.28192104793301,54.01675518474171
3901,0,34.16464966123253,44.497164543887706
391,1,-7.976579032568144,12.617858951675284
3910,0,71.53565106259305,41.22712995145101
3912,0,70.62404145130529,21.7564771291688
3913,0,88.98762475647518,24.028876180526105
3916,0,103.65300248647408,16.05178449902974
3918,0,106.31733876517904,20.20448681197427
392,0,-9.170964256904735,38.64495430844193
3920,0,129.05741089195746,35.15604354522038
3921,1,133.8338165559825,34.59892240273898
3922,0,121.42861719065816,14.126419419975624
3923,1,-120.06652622427788,36.96005345342918
3926,1,-66.85488427064537,10.230988541365043
3927,0,-71.900775348659,45.40222695765832
3930,0,-5.716097185469215,34.23105807496752
3932,1,-2.0834174033428443,51.89729346737439
3934,1,3.3301552392667135,36.64339900308624
3935,1,4.350032351014316,43.83536837872752
3936,0,4.445173731295442,7.717268309801409
3937,1,9.094096633287633,48.81080444353949
3938,1,12.533345558045566,41.894298441767695
3939,1,20.695055984452353,49.610167272864345
394,1,-6.271830362049477,53.32637278796276
3943,1,28.24330059053795,-25.74328444783053
3944,1,36.59091050687747,50.59103523225496
3945,0,35.869457758232755,48.529588918686
3953,0,71.15026943363227,40.59078309358263
3954,1,71.05684599901048,33.52589211234759
3955,0,70.79133431373995,22.15462043276982
3956,1,88.83973845530777,23.64751581365572
3959,1,104.1350107984994,17.152728474677946
396,0,-5.669411824491782,54.65583723258744
3961,0,106.76732883269362,21.03491037618898
3964,1,131.07598986934917,31.735174910083582
3969,1,-66.77659422025219,10.113564427551616
3970,0,-72.56010909019619,46.35433919814164
3974,1,-2.9830700440751103,43.30428540632253
3975,1,-2.1114543766035547,52.80326466492175
3976,0,0.8037446805074393,6.1277832568710044
3978,1,4.863071724236059,45.743835823057175
398,0,-2.7529062341674493,48.509847052287306
3980,1,9.05968618702576,48.52338407104257
3981,1,12.631234109203994,42.567212424560815
3982,1,20.98954675056214,50.01982518796894
3986,1,28.154582618047787,-25.871793737885028
3988,0,35.36655872571906,46.84658459129628
3989,0,30.85700538976688,29.41167225920677
3994,1,50.01052493469065,37.20252108576855
3996,0,71.42893685978326,40.92947938773945
3998,0,70.94936821445162,22.61406243437471
40,0,-16.68715952664629,13.394240651726
4004,0,106.6493080809378,20.753397486324435
4006,0,133.26724533895046,33.953209910806606
4008,1,-119.77134772020948,36.78760266282176
4011,1,-66.69862400109132,10.256166154080166
4012,1,-71.27544660082746,46.82215188106564
4013,1,-62.27018070791054,-38.73410989992434
4017,0,-1.9187644302861744,50.73544859802909
4018,0,0.9718819973403804,5.856262621061608
4020,1,4.827947324362574,43.94649972676168
4021,1,4.5364870956398144,7.797691119889913
4022,1,9.210845310501274,48.79250870237838
4023,1,13.229085341709563,46.073078781508144
4027,1,30.40091519440436,40.75813803990787
4028,0,28.37403902625231,-26.24958522636534
403,0,3.2189564220813502,51.20806368465886
4031,1,30.85265643816597,29.316463680056778
4037,0,68.90781509573831,37.1852555034318
4038,0,71.50886140692144,40.99921354590256
404,0,2.8468848798891293,6.9011421616909505
4046,0,106.49446986480343,20.394066090608224
4048,0,131.41960386769838,31.915952022945913
405,0,4.277856701907805,51.50060658775294
4050,1,-121.76796417763047,38.67573638964926
4052,0,-74.04697101604003,4.886694928332672
4053,1,-66.57616262906585,10.467858326531834
4054,0,-62.07026568485777,-38.87854624909248
4055,1,-63.58186024308496,44.66569670062846
4056,1,-51.924615382996315,-23.42356585824069
4059,0,-2.114671492346502,57.14904044307018
406,0,5.721379905892253,58.93160482619022
4060,0,1.1704869437471708,6.128643421841622
4062,1,5.043766506909098,47.31687129737555
4064,1,9.743378819804072,52.38535420970992
4065,0,12.909586754281124,43.904689036791154
4066,0,22.360572881561698,53.82132236434603
407,1,6.5857302998146645,51.33268031610546
4070,1,28.38881518018557,-26.344244564639546
4073,0,35.38293770460522,45.047192908284366
4075,1,37.73402091189982,10.333613328045251
4078,0,48.25923786700922,32.19466656595082
408,1,6.92747126758384,46.993614012041306
4080,0,71.48404292655415,40.899222875173486
4081,1,71.82735193316672,34.82647376203586
4082,0,70.78717865738606,21.957726746457183
4087,0,105.89498903548498,18.33996947160866
4088,1,104.85693562316648,15.260612764627538
4089,0,125.6306742089381,38.74488258550779
409,1,8.62429094664781,45.443017689318225
4090,0,144.37807252310964,42.993345318620584
4092,1,-121.391662881117,38.59333368736707
4097,1,-52.681771619777365,-26.2409443737539
4098,0,-52.73131698081715,47.566363488138286
410,1,10.383131749661926,55.3976042801978
4100,1,-2.4391079880618434,42.46193370923167
4101,1,-2.014210227224021,52.690846797312474
4103,1,4.900119287769255,44.930932469928734
4105,1,9.493856888472433,51.31163853462717
4106,0,12.62571170964266,41.47648506288461
4107,1,21.444205283262946,50.29769602890615
4111,1,28.439211413064996,-26.126611754402443
4114,0,37.17570684713818,48.28166998014811
4117,0,44.77702211471685,32.92543893194507
412,0,12.713980428803056,56.04450332771058
4121,0,71.20696810651695,40.4607422142955
4124,0,88.94912560328338,23.76013589964521
4128,0,104.86234895700304,15.184406463627417
4129,0,107.10919791079516,20.954936382736907
4131,0,133.8112116675081,34.2891065094993
4133,1,-119.3130224296254,36.32692515529545
4140,0,-1.9552156906953853,43.315579544622224
4141,1,-1.9303587650230132,52.299693755118696
4143,0,5.235909590588607,43.421658594502645
4145,1,9.215233870161512,49.16798469237577
4146,1,12.66870351757885,41.721420684559014
4149,1,22.225647544140344,-10.707321799389506
415,1,13.046579620089403,47.80098516469731
4152,1,39.71303275303232,54.62385919553429
4154,0,37.584255050898314,48.84914719190812
4155,0,32.513878207683874,15.601308775057383
4157,0,44.47429573656729,31.90607944841655
4159,0,48.40501119141353,32.38081628959946
416,1,14.103860189452456,50.14859507323178
4161,0,71.72038974925125,41.19674552974854
4168,0,107.31290780967724,21.00673847980172
4170,0,133.55274205810548,33.99300698420741
4172,0,-116.95818151136775,33.75748621445988
4175,0,-64.65928533952773,10.17447827789453
4177,1,-51.40345027605144,-22.11703427568061
4180,1,-1.9212045686708956,53.86107938848467
4181,0,3.8914285368034944,36.3771684393774
4182,1,5.417940681590669,43.31208043111761
4183,1,4.564286081657978,8.482333984856472
4184,1,9.993181882645136,53.57651234998324
4185,1,12.780591705343824,41.9603446663962
4189,1,30.739950189387727,40.792912806099615
419,1,15.991314739085349,45.80730126743541
4190,0,28.73925505971373,-25.675927514667507
4191,0,38.507480684798146,52.613067936896066
4193,0,37.589355683204275,48.73751630506109
4196,0,44.66192182127425,32.38509424262478
4199,0,71.67355204374454,40.99728629884157
4201,0,71.55897209060889,34.21347473696836
4203,0,89.26819515349422,24.374413347744657
4207,0,107.96238714840972,21.527617143761457
4209,0,140.09615768090435,39.72193269094665
4211,1,-119.03752889837266,36.072133437519206
4212,0,-102.28936335656763,21.88788769369892
4214,1,-64.46538544947393,9.434857506947408
4215,1,-59.03387605521718,-34.10489718529301
4219,1,-1.873228243655699,53.71569651433659
422,1,17.65885985162707,47.68552142675833
4220,1,4.0421655918815445,36.71089060249221
4221,1,5.438408081061088,43.5296139846678
4223,1,9.206028704536456,48.49606491045809
4224,0,12.893339698101457,41.46274305097086
4225,1,22.058214724720266,50.564302131016746
4227,0,30.64625158285649,39.73730011399716
4228,1,28.761412706070917,-25.40654817616867
4229,0,37.86085204390392,51.305256137757034
423,1,18.0844475035877,48.31180011588268
4230,1,31.19310250697698,30.96290249358018
4231,0,37.53338490976252,48.61716376891216
4237,0,71.27466805485712,40.37333205040599
4241,0,89.4143549970377,24.67017118017712
4247,0,134.0568257320479,34.31035554492591
4249,1,-121.1485618600248,38.667774451868226
4254,1,-52.628811087918336,-27.09810850252873
4256,1,-1.7841914040914832,51.57271987346371
4257,0,-1.1425562446745756,37.98403897397738
4259,0,4.558784545784451,7.48326099294976
426,1,18.363360974083395,43.853157541495136
4260,1,5.7260214694443015,45.186078023878274
4261,1,9.981946340314687,54.07031597753119
4262,0,12.532002272428247,38.01894646716387
4263,1,22.002134102541177,50.030835022700536
4264,1,22.344227528421182,-10.687375029975705
4266,0,29.07891070709629,-26.54993437876054
4267,1,31.112980696869837,30.696259047677135
4268,0,41.31425382214723,56.35896926592143
4269,0,36.7895712812329,46.75979944512097
427,0,15.254563930508136,-4.243926141858523
4275,0,71.81643671959844,41.073380006709506
4277,1,71.52812106703443,33.98963875670413
4279,0,89.53392807175564,24.87651895374006
4283,0,106.6081258471522,17.46465134433706
4285,1,134.64858535830106,34.81588523178385
4288,0,-101.86074517290216,21.02550667557439
4294,1,-1.7966964251616997,53.64630881585571
4299,1,9.175533680981015,47.675590058934105
430,1,20.39311769936119,45.374452208670746
4300,1,13.78166275565981,45.63735297365162
4301,1,23.1473609350964,53.13276834844052
4303,0,30.278787050553085,37.72380991086014
4305,1,31.17676421745004,30.426275680752248
4306,0,39.56603950334869,52.60841022720121
4307,0,36.4761219745974,45.35468668866502
431,1,18.58378561380157,-33.95894306734928
4313,0,71.47570839354897,40.38689973434278
4316,1,74.87881137261509,31.632662646015447
4317,1,89.12834991329657,23.914393497958923
4321,0,105.14122788518058,10.708701816400705
4323,0,136.6268053752274,36.574599608285695
4325,0,-116.53179209157824,33.827531005935214
4326,0,-102.54839755422012,22.757018516863337
4329,1,-58.95988183621563,-34.17083003732908
4332,1,-1.6321753561650068,53.79689932761025
4333,0,-0.8812459386915769,41.65124569476796
4336,1,6.174179980578842,49.11780663277082
4337,1,10.13999435878319,54.32228804123281
4338,0,13.509718131434344,43.597389615280896
4339,1,22.554886374177983,51.23980583489232
434,1,20.86067817038463,42.87947139621005
4341,1,31.15781380780417,40.84384542382109
4342,0,29.117694124944972,-25.85874545336743
4343,0,31.04710653528709,30.234956748484247
4344,0,39.61946836343704,52.55978307453843
4345,0,37.99231010025737,48.59212172039439
435,1,21.92611291702186,47.05554714097665
4351,0,71.73849679950457,40.65187372203662
4356,0,103.76580413828977,36.077744600015585
4359,0,105.24435527639834,10.78400218524623
436,1,21.4293302138096,42.000288002808176
4361,1,133.5561980336099,33.56256220727904
4363,1,-121.26652669721284,38.804912248754626
4365,0,-74.26249542063987,11.000906674762795
4366,0,-63.86492412021779,10.966584338547928
4367,1,-58.246797644761784,-32.48386046516168
437,1,23.51582106260339,49.3537164053969
4370,1,-1.683938918311,52.623134826433024
4374,1,5.918232644473307,45.57969235889983
4375,1,9.690057875539251,50.553712483704835
4376,0,13.35120884962888,38.124420858253366
4377,1,22.771846221099917,49.786021973367866
438,1,26.0167773955798,53.130119348412784
4380,0,29.22905199907382,-25.891648570474516
4382,1,39.21310911957956,51.67707344178986
4383,1,37.803871614716634,47.99654121819542
4386,0,45.061448839887774,32.910509690978735
4389,0,71.7445542793917,40.4437364460592
439,1,22.41826366309487,39.632027542568046
4394,0,103.20429041197065,35.59158661697904
4399,1,135.434598999271,34.70418721821615
44,0,-16.932137367795107,32.654498552341735
4401,0,-116.40330269595648,33.756006293353124
4405,1,-59.109166875639296,-34.56526770758964
4407,0,-5.005101418686408,34.0222269691521
4408,1,-1.6049271346184917,53.696728073695986
441,1,25.965044195956946,43.84215166269198
4412,1,6.187996021405263,48.68330599656422
4413,1,9.947488326900194,52.156049471531105
4417,0,30.5496875553045,37.772594050703944
4418,1,28.98412483417101,-24.162682081908073
442,1,28.836229139126207,47.01761212932675
4420,0,42.03702763269912,55.571718085323894
4421,0,38.04003870217766,48.30852133549901
4427,0,71.56377947478178,40.24225194643611
4430,0,74.20158805647033,30.145096921852293
4431,1,89.23951923111451,24.006738131286355
4437,0,141.50667943540367,40.51770215385923
4439,0,-116.2526147278402,33.721371543810555
4443,1,-58.56115326080674,-34.64514379776857
4444,1,-51.43350247349589,-23.40700410071354
4446,1,-1.5501417928368764,54.98824418632107
4448,0,5.057714866823336,36.74286182373389
4449,0,4.680803027626766,7.9059785955892865
4450,0,5.8984116374732505,43.11362802086206
4451,1,10.219123683630292,53.50827999740614
4452,0,14.19917830347933,42.467599397389314
4455,0,31.79719978048424,41.46139571977073
4458,0,37.96104625294807,48.05341391693364
4460,0,32.663048185425936,13.152152985694988
4466,0,72.06426643888405,40.71050311479666
4469,0,89.73811847499582,25.001256642917152
447,0,29.808558022056875,31.032896506384436
4475,0,136.22250281954064,36.07450494672403
4477,1,-121.83532389573212,39.744492358480294
4478,1,-101.66762540064582,21.12938044338772
4481,1,-58.79280658584128,-34.34947245132739
4482,1,-51.453566828125176,-23.551003792581824
4484,1,-1.6281326992648453,52.808508116242294
4485,0,-0.4758020355783549,38.366789673732136
4487,0,4.721192604242226,8.153109624641939
4488,1,6.115107445917311,45.908937223378565
4489,1,9.929128746734603,51.53764091191153
4490,1,14.337696943584849,40.86306075040781
4493,1,29.450953715197905,-25.768020066663716
4495,0,37.572134161218926,47.11172271038803
4496,0,39.568493744004854,50.19542289418515
4503,0,72.24837078296592,40.89230912813915
4505,0,74.61880831359063,30.93501382629703
4506,1,89.61351014696822,24.6319695204518
4512,0,127.74886290961363,26.254556377729617
4513,0,123.38845404834146,13.424638831392548
4514,0,-114.64050696973696,32.69415083738141
4515,1,-101.18435625421272,20.132202174563123
4516,0,-73.35583510065747,5.541350317985597
4519,1,-51.17548998569956,-23.304351398250287
452,1,29.763965198663513,-2.0746631399771687
4521,1,-1.5439879120215805,52.28662445874926
4522,1,-0.4021099099405709,39.46587055008653
4525,1,6.2381570841399245,46.18898643113468
4526,1,9.666442724260186,48.70117431679802
4527,1,14.30975918072397,41.062052049466566
4529,1,30.726676092093022,36.922080829255414
453,1,30.273787705876856,0.6551065451866301
4530,1,29.9099609096107,-28.62086618197335
4532,0,38.41597111140931,48.917803804973495
4533,0,43.08405723079693,55.963356383915254
454,1,30.39151645099576,-4.230115411625334
4540,0,72.06796603692058,40.52448794416734
4549,0,137.05768729467871,36.76053910617129
455,1,32.98627719752214,-24.531033897978833
4551,0,-119.79021536528124,39.52062130428327
4552,1,-101.3541816676889,20.67585189426818
4555,1,-55.90588474337339,-27.407301995475773
4558,1,-1.5092805942519791,52.420367936709106
4559,1,-0.4748484549633252,38.69929557609936
4562,1,6.827406360017629,47.48998790085432
4563,1,9.626872648564516,47.79552038659899
4564,1,14.507784059867983,40.844773608531824
4566,1,32.085431762941916,41.423057575237635
4567,1,30.361599523887406,-29.62949900166746
4569,0,38.48804584605074,48.94405146221596
457,0,34.83152855089894,32.07838570460929
4570,0,43.43740982880732,56.23849521426623
4572,1,37.70525326048256,7.0707941881352525
4576,1,72.34056334195942,40.78241907474701
458,0,35.56482088798559,33.89671356429356
4580,0,89.24088595636324,23.858959266439022
4582,1,97.02086768310824,20.78013449831951
4584,0,107.10012854884216,16.81252811881645
4586,0,136.1711826675383,35.91902689518962
4588,1,-122.87401991041804,42.341988919677426
4589,0,-99.95522149684147,16.901159517852257
459,0,35.9481166955822,35.18695648498748
4591,1,-62.743664599753075,8.27425117573763
4592,0,-58.18913430502063,-34.87080302283708
4593,1,-48.433203345223575,-1.3735206022155853
4595,1,-1.4029771367399566,50.90853520959003
4596,0,-0.12726064393225,38.536783135932126
4598,0,4.727046492561277,7.933807651439944
4599,1,6.847257167589756,47.642887761018805
46,0,-14.576791855609748,10.662686869628445
460,0,35.756587233551926,32.31836331118044
4600,1,9.929413486375388,49.79918126496762
4601,1,14.531012352476742,40.93570551743738
4604,1,29.417727023377175,-23.869507315396685
4605,1,31.27555985964536,30.070922385890885
4606,0,38.20895516615846,48.2249569666714
4607,0,37.33585562810752,44.89024873148216
461,1,33.77956684369995,-13.96387037270764
4613,0,72.23516655132343,40.67558426312787
4616,0,74.9273637271769,31.45719017939909
4621,1,105.44290632569736,10.368288753046066
4623,0,137.22107968836593,36.69702740264905
4626,0,-101.4321586552853,20.947974898059453
4627,1,-73.1661753647384,7.072424636610411
4628,1,-62.640778495883886,8.34577895841485
463,1,34.55864639454957,0.5701837920523728
4632,0,-1.5453155897284967,54.88973572292056
4633,0,-0.0549395429037186,39.97928474596197
4634,0,4.753033483410602,7.628478907786515
4635,0,5.4128271938465815,36.1900765033389
4636,1,7.336461784911951,47.76258965162196
4637,1,10.417959145159807,53.255642862306615
4638,0,14.250733093468815,37.06512479889604
4641,1,30.09933687407601,-27.773098701836098
4643,0,38.1421968048316,48.039996458504184
4644,1,43.919093989782915,56.293898050969915
4645,0,33.31337075377473,14.734262327533964
4650,0,72.50807707216751,40.92775682688707
4655,0,106.23651961302676,38.476506452711675
4660,0,134.54533733760624,34.09315053984777
4661,0,123.71824175513966,13.348701969693291
4664,1,-73.03045555629805,5.821770048487852
4666,1,-57.9674137790262,-34.910569522601556
4669,1,-1.5498904735419234,54.53181118138561
467,1,44.820585001024504,41.723545832560454
4670,1,0.63807706063178,41.61738928238745
4672,0,4.775204748769279,6.497498047540358
4673,1,7.354137887072302,48.08240917164368
4674,1,10.67715539171578,53.87120335645326
4675,1,14.782500766107905,40.916176282699105
4677,0,31.40082697772858,36.79218313600344
4679,0,30.72591877485072,28.311468550493355
4680,0,38.6434269492858,48.56169255207741
4681,0,41.43007829409861,52.731880740760374
4682,0,33.529670468447286,14.377154554589072
4686,0,50.88305470257446,36.813992903718585
4687,0,72.33449482804401,40.49662338603402
469,0,46.351937083283495,40.67845036427585
4691,0,89.53699757986307,24.408056187755054
4694,0,103.98830761338776,1.1056042495073677
4697,0,136.06058285458488,35.64069937558151
4698,0,122.96205248529748,10.66211125571309
4699,0,-112.1398322305514,33.55889873871206
47,0,-13.18190439389183,8.418844343495376
4700,1,-101.19353360554874,20.389840977718425
4701,1,-73.1147354549757,7.100282938488496
4706,1,-1.4280598206114767,53.38388664892465
4707,0,1.1052254290215469,41.152932863945544
4708,0,5.385980878727017,34.72975840932147
4709,0,4.787886423127881,6.368113715178268
4710,0,7.058635478101779,43.57104633586819
4711,1,9.98826583521322,48.39997317972583
4712,0,14.772536570518758,40.67493921468456
4715,1,30.626574937314007,-29.80773002296198
4717,0,38.65656571933322,48.511691009006874
4718,0,38.28244278830386,46.7018146586097
4720,1,37.75898755621736,6.851881492551706
4724,0,72.50604937375337,40.62276029323069
4726,1,71.96163927217385,34.61353718634774
4732,0,105.6371480607352,10.448787523134808
4733,0,127.53788438621264,39.91525717471418
4734,0,135.22897020024155,34.82606874993876
4735,0,122.97224987372596,10.790515520832226
4736,0,-111.8214082822433,33.35735450484789
4737,1,-101.19562341282828,20.570404910427023
4738,1,-73.05013573531163,6.988146185094361
4739,1,-54.57912139891764,-25.613649748104766
4742,1,-1.470654077840367,52.91298773749967
4743,0,1.2246274601666562,41.1156231682563
4746,0,7.220880753884056,43.6932925679271
4747,1,10.520588447446348,52.268644729728514
4748,0,14.97321980060467,40.60780036338612
4751,1,29.71029472592392,-23.893404133258606
4753,0,38.801245080696944,48.46476063582987
4754,1,37.76520565260626,44.71782889620622
4761,0,72.6299753528762,40.708069337721824
4762,1,71.76915816600538,34.22792487736581
4764,0,89.17151680574386,23.544148543934952
4768,1,105.7174698089042,10.041698625568367
4770,0,135.14684780937145,34.73649284686716
4771,0,123.73125726277785,13.152726233529757
4772,1,-123.08310697236357,44.06360063576565
4773,0,-103.42748141795042,25.55325362870857
4774,0,-72.93181026217732,5.718122736318839
4775,1,-55.119660513183575,-27.484677855479628
4776,1,-50.442791277187645,-21.20391070393278
4777,0,-2.332934202550838,34.92035035282391
4778,1,-1.5330661950083735,53.995153834587136
4779,0,1.4258174519115736,38.90755806270137
4782,1,7.731796661667785,48.577748043013045
4783,1,10.224115529653815,50.04484164861842
4787,1,30.934399361759112,-29.852143182493176
4789,1,39.31922161204909,48.56107670757678
4790,0,38.89726298693229,47.22715394360085
4797,0,72.760426299723,40.73019797876978
4799,0,74.5233054940506,30.474391124217856
4804,0,105.7474376864772,10.30750532380503
4806,0,139.82862339405747,38.73016066837361
4809,1,-101.27451966204193,20.997633014482343
481,0,55.46952672324766,-20.9016712845238
4811,1,-54.63014128925,-26.40528848278597
4814,1,-1.475744308432073,52.52271416970615
4817,0,5.756173172830614,36.81078331399667
4819,1,10.755994388794456,52.42196333489736
4820,0,15.071288543218971,37.534244321433206
4824,0,31.11510316663852,-29.56390296038384
4825,0,39.38058500967966,48.0830044341497
4826,1,38.122405717794784,45.25682347155467
4833,1,71.90274708119475,34.48298608202184
4834,1,75.20524838755718,31.819206867508104
4839,1,106.10884485206412,11.300722102043368
4841,1,141.14036959127478,39.70846289188863
4843,0,-110.90442649065426,32.23241489991771
4844,1,-100.95773282927895,20.47827927733151
4847,1,-50.511121970726734,-21.932528327224684
4848,1,-1.485006991287012,53.56203902174411
4849,0,1.7273403748123382,41.221766782454
485,0,72.98498508285975,40.941362297183254
4852,1,10.319209936495067,47.71984841049959
4853,0,15.144815365442046,37.60341909168504
4858,1,37.99034557949496,44.92766049432176
4859,0,39.73514874507443,48.29558671938483
4861,1,37.86032420417213,7.5592424086437
4866,0,71.45405313702969,33.57638177829057
4867,1,75.53005367761926,32.38454142623974
4868,1,89.66922396332976,24.43293408120119
4872,0,105.69779763865787,9.291918198075054
4874,1,135.9340867930991,35.032239854356234
4877,1,-100.72199017022874,20.028276740631227
4879,0,-57.573218269342995,-38.00564324411496
4880,1,-49.49308591518131,-16.654094403628847
4881,1,-1.4220501611908236,53.245031285795704
4882,1,1.8360567983318945,41.72529700601297
4883,0,4.885255160816832,8.225217720354598
4884,0,5.9301410374921595,36.818815313551326
4885,1,11.394601643870454,53.63658667543555
4886,0,15.27899351292063,37.086220523430455
4888,0,32.68453769254428,39.87644393458875
489,0,79.84376532572982,7.35049524040372
4890,0,31.283009656441077,-29.329207319872896
4892,0,39.65715125803906,48.07774677191944
4897,0,51.15628413962397,36.712257551337544
4905,0,107.58466157435372,16.471237904012806
4907,0,139.05781024619694,37.9033454001696
4909,1,-123.0188953410265,44.938971854795234
4910,1,-100.55153186073473,19.690004087670204
4913,1,-50.335674751591995,-21.29242357745498
4914,1,-1.3620965917657597,53.506625625624224
4915,1,1.960170585123275,41.43761739981065
4917,0,5.897549603175273,36.772067538454905
4918,1,11.033402315522522,50.9832215293161
4919,0,15.544858319968109,38.188635676269264
4921,0,32.843896833396755,39.953624031372314
4923,1,30.47397738204875,-22.965561201135753
4925,0,34.357629489532044,11.812209048339934
493,1,99.8318528339164,19.903055672777967
4932,1,75.40768001133046,32.046167877301784
4937,0,105.95226138222054,10.237265138753353
4938,0,127.60994991798644,39.843632996824205
4939,0,136.27702241782194,35.38313777569556
4941,1,-122.66718529705255,45.52625295609426
4942,1,-100.82091426947414,20.531578890568586
4943,1,-72.50394977749765,7.880754904445349
4945,1,-49.2904972450899,-16.706968100158736
4946,1,-1.3573376882901256,50.975139059171674
4947,0,1.9755769896025568,41.27582288810034
4948,0,4.905932934235209,8.018570616859368
495,0,100.42824502271785,5.359506406581748
4950,1,10.891251891929782,49.90099648809177
4951,0,15.65538302819552,38.10783873783312
4952,1,23.605939825779227,-6.123464081318232
4953,0,31.86826878600098,36.60069964107621
4954,0,30.687874595426887,28.01493178449567
4955,1,31.163403632846343,-25.380898585256706
4956,0,39.41972433887842,47.09867115876924
4958,1,37.85859001018562,6.954230144365098
4964,0,74.50329138361111,30.186961701175104
4965,1,89.41631033726388,23.93559743980309
4967,0,96.06607129312604,17.098004226259732
4971,0,135.16305459981325,34.23029466874537
4973,1,-100.3504269044232,19.431105930136795
4974,1,-122.4713637714151,47.219542077741906
4977,0,-1.4019992324081954,54.90450432780184
4978,1,2.015645006092978,41.550995785264185
498,1,115.84591637080229,-31.938326773660062
4981,1,11.045574789062538,49.44665707310225
4982,0,16.281564171776434,41.31727630075035
4986,1,31.130571734151943,-25.154876092919512
4987,1,39.71405243712436,47.25199298007352
4992,0,50.96734590713815,35.775269095802045
4994,1,71.91200533736178,34.34066251140471
4995,0,74.75643996542011,30.673035597541983
500,0,126.79389276572935,37.766728176747904
5000,0,105.97041480484792,9.595710574732314
5002,0,138.25333419180558,37.17247132739503
5008,1,-1.3544775481455813,53.70645057385801
5009,0,2.0059172408812525,41.40370564331204
501,0,120.99903226249816,24.820718219609724
5012,1,11.003115553217766,49.58932365541481
5013,0,16.298067208550496,41.228316428095056
5017,0,31.90745850588871,-28.87616662774666
5018,0,40.267882102120616,48.313398705393816
502,0,129.9881720881602,33.45047233510916
5020,1,37.90004655292642,7.243560222562024
5023,0,50.907981833410425,35.747017689222105
5025,1,71.76061656105286,34.15709878751053
5026,0,71.22016484732625,21.60252486712148
5029,1,96.14612830729575,16.882988458641574
503,0,120.31687287336706,16.603970295990816
5031,0,106.37291351162384,11.024956135932126
5033,0,136.1021057630725,35.126978467111705
5034,0,123.67837015544148,10.443317576858638
5039,1,-1.357466961703237,52.552271617654704
5040,0,2.0204511946169355,41.33022742140402
5043,1,10.888951993572864,48.36280739902271
5044,0,16.413617927187044,41.279288149332054
5046,0,32.01807338240993,36.54239588607015
5048,1,31.340748419577423,-25.507941944069888
5049,0,39.735536495440414,47.12956660358968
505,0,174.79076253140573,-41.307084204655325
5056,0,68.86034320343087,27.70457960688391
506,0,-156.48407555888917,20.89176132275985
5061,0,104.97850037709053,-5.35433550276671
5062,1,106.36487516416751,10.41646106965123
5064,0,136.24541384257896,35.242474910325626
5066,0,-100.7422946600262,20.91135170001983
507,0,-116.96594366080106,32.49442205865638
5070,1,-1.1867366990383554,52.95297294772576
5071,1,2.166951278252646,41.46191552129121
5074,1,11.624059413241149,52.12709152425036
5075,0,16.496386767489838,41.24305794005017
5079,1,31.830152308135663,-25.675677780377345
508,0,-122.82540839870448,49.04344371144439
5080,1,39.011378459906446,45.05930491585829
5087,0,68.75430419934754,27.52235275821826
5088,0,74.28963566451637,29.617710494967938
5089,1,89.41090457447086,23.82343482094253
509,1,-91.67834819573996,14.537499215062796
5095,0,138.56560531195072,37.36550138728544
5097,1,-100.41668312618104,20.601740934553742
5098,1,-122.27188389417496,47.621934535910334
510,1,-89.56478260087344,13.98232924303512
5101,1,-1.238661318822451,54.56886964423228
5102,1,2.2848939844575606,41.61340658966298
5105,0,12.104540662935037,54.12035388007797
5106,1,16.241891479746975,39.31573909647997
511,1,-87.9879012550191,15.510189407730856
5110,0,42.09289093418536,51.365080222213784
5119,1,89.65118209751797,24.20507022829348
5125,1,135.75925004027715,34.61891431002599
5127,1,-99.53201972864515,18.350040544693165
5128,1,-122.21779282028506,47.29478426822296
513,0,-83.92605205708462,9.85568149473604
5131,1,-1.2372515044805226,51.74953979331464
5132,0,2.4378909003676963,41.5395836550529
5135,1,11.598660079103936,50.91706255982412
5136,0,16.59672507627889,41.201499189562334
5139,0,30.82252888075667,28.654258453282605
5140,0,40.21185781894691,47.70292391151968
5141,0,35.61002048627378,15.322354687168238
5148,1,75.64659435263904,32.27014960689523
5155,0,138.9438531254806,37.63792234687288
5158,0,-120.54159096413328,46.591726109684814
516,0,-79.6847526533229,8.93816535964933
5160,1,-1.2639036565793147,52.372177622696285
5161,0,2.6676444351139263,39.565339897342525
5164,1,11.5832786349027,49.950364786794665
5165,1,16.548956325457056,40.824866254616296
5166,1,23.756106424968262,-6.2362756301238775
5167,1,31.407038750974287,31.038567479292247
5169,0,40.077719526293805,47.41469441356696
5174,0,51.34466024514154,35.68043132444894
5181,0,105.26979494488307,-5.396668938447435
5182,0,106.3678572958148,10.26265854183167
5184,0,138.8406589130389,37.45314330646234
5187,1,-116.56406744070158,43.57391925879345
5188,1,-48.32723691766864,-10.201713165308089
5189,1,-1.2636214283479996,53.11709283245128
519,0,-77.10915854281909,17.93725766893066
5190,1,2.8118268969971494,41.982869351148935
5193,1,11.418002596607122,48.764675273351294
5194,0,16.835284706558923,41.11056157757532
5196,1,31.271701174088655,30.698905258774893
520,1,-72.55145713075439,10.057773157640735
5205,1,72.08586287324587,34.6430103488081
5206,0,74.33246482553344,29.574448912840253
5207,0,89.94055715045808,24.916762533392493
5213,1,136.88138515458826,35.11990423890401
5216,1,-116.29485576112192,43.61800746851205
5217,0,-48.305598461065635,-10.32180646581108
5218,1,-1.1000975707578728,50.83254308062965
5219,0,5.041949464292834,7.70270490705497
5220,1,6.271532655839206,36.75258583732525
5221,1,11.966393349094124,51.47518945535166
5222,0,17.219677022905536,40.48157514082697
5224,0,30.804706142368925,28.48780153457484
5234,0,72.18643383186661,24.25552752553671
5235,1,89.20507052464335,23.16609415938352
5239,1,106.71301040071587,10.851916078791843
5241,1,138.19454718069642,36.63167637043577
5243,1,-99.61882999887204,19.291536228323775
5244,0,-149.8586985380671,61.18482230113369
5245,1,-49.102968177258475,-16.69740706872546
5246,1,-1.222510415916406,52.767816448152615
5248,0,6.260783347551949,36.44576888793261
5249,1,11.560106306087755,48.13564807038001
5250,0,17.95013631310487,40.639096835876096
5251,1,23.950321961821164,-6.734156915818802
5254,0,40.12597868089469,45.85149981532629
5256,0,38.09193761472059,7.310778735580312
526,1,-65.41663891777254,-24.801672994482193
5261,0,71.79196255200233,34.01167409661891
5262,0,74.82274605218082,30.583150675879537
5269,1,137.038130381774,35.43406207011271
5271,1,-99.74911436674964,19.353777662740164
5274,0,-1.217199990525607,54.68281924164355
5276,0,6.566327793674636,36.99381336414584
5277,1,12.079666696550165,50.866691780135625
5278,0,18.17516755147662,40.35314221079188
5287,0,70.4433880630273,34.428885612437526
529,0,-16.873455086044423,15.119699279034112
5290,0,90.01809124681913,25.02118528843924
5294,0,108.20745753847112,16.023095894006616
5296,1,137.96414755172748,36.20018922459842
5299,0,-111.63673489307745,40.10325922229078
5301,1,-1.1911037482277953,53.15005609957005
5303,0,6.6160872625851415,36.36021305108001
5304,1,12.373927136707277,51.335661517117565
5308,1,39.872945418031094,44.76939393208439
5314,1,72.04396489712907,34.19305506142762
5315,0,73.02077748488142,26.264240200524533
5318,0,96.25803945757116,16.750406094506424
5322,1,140.33158538795826,38.24974561957853
5324,0,-99.97446641516817,20.391105090742357
5325,0,-122.47459181743622,48.74659031854858
5326,1,-48.94745801902547,-16.329423470267816
5327,1,-1.1264962540957877,52.63146336556192
5328,0,5.06838948451514,7.80983694845157
5330,1,12.101144046228596,49.01605306602178
5332,0,30.775248176817787,28.085386793927785
5334,1,39.73058921060532,44.458483517754
5342,0,89.0760660209512,22.718586926664905
5343,1,97.86832609224804,24.00934070438848
5344,0,96.47964459931092,17.329106517233136
5348,1,138.245828300932,36.39866106879395
5350,1,-99.47242369947556,19.178847902718765
5351,1,-111.7341461665194,40.32402852995632
5353,1,-1.1235744307045783,53.52791863719172
5356,1,12.143398826049683,48.54579314741317
5360,0,45.17703370413355,54.192662346534014
5367,0,72.12908075159508,23.84693639201648
5368,0,89.63107978321126,23.98492517649238
537,0,-8.071944630175256,12.73465465455022
5371,0,106.7662215602406,11.05759977709884
5374,1,137.11409461630703,35.344456384237965
5376,1,-99.2062332061904,18.894817557816104
5377,0,-111.92366649473,40.65208072873226
5378,1,-51.96663290542504,-29.471835804889572
5379,1,-1.0979232764486482,51.26348416508237
538,0,-9.103258986211411,38.619353536835696
5382,1,12.48377942860192,50.71084976575312
5385,0,34.6761045381614,37.968715301880984
5386,1,40.10196993137438,44.6090028527852
5392,1,72.3341435553623,34.78123969535354
5394,1,89.41549132460175,23.48835978489282
5398,0,106.02930040292664,-6.001697290929327
54,0,-7.320150300508453,55.00744934508269
540,1,-6.401325450972629,53.392409706930145
5400,1,140.96034869917162,38.57673207557042
5401,0,124.23780171197372,8.258201817680348
5402,1,-99.10576519192968,19.460539673296267
5403,0,-120.3056228687482,47.42157328803266
5405,1,-1.0868487573588852,53.96352568387958
5406,0,5.104124443441573,8.135633484352443
5408,1,12.103376959197124,47.853547041768465
5410,1,31.36163489093749,31.212917857668597
5412,0,39.73610790043684,43.59751024316208
5415,1,52.3567183267188,36.47096073592702
542,0,-4.148002673744027,50.392504364279034
5420,1,98.49622925106796,25.02535022183628
5423,1,106.09560602091994,-6.312273702037344
5425,1,138.06123598059094,36.06906931756357
5428,0,-106.71044734987576,35.07978764931272
543,0,-2.312226191976809,7.3349048262214
5430,1,-0.968208596219762,51.449993091325474
5432,0,6.936035885700888,36.86678248262233
5433,1,13.08144501061659,52.3884850085971
5436,1,34.610363170601275,36.800560738321344
5437,1,40.56808434368607,45.438153092894595
544,0,-2.210648557102864,47.27678537991936
5440,0,52.539693118115714,36.687414429353005
5442,1,72.43815408511634,34.968190057381065
5443,1,75.38932687576565,31.374937319906877
5448,0,108.32809473438228,15.887783817671943
545,0,-1.3222414711784247,34.90211874910135
5450,0,136.54069488555055,34.577253272055486
5452,1,-98.94471538204564,18.836943279403716
5453,0,-106.5775042262983,35.11673559995203
5455,1,-0.8875451840947215,52.24361243941648
5458,1,12.9056022877344,50.82527001524499
5460,1,31.258537054156285,30.4231300131637
5462,0,44.993972064391826,53.19335512850853
5467,0,71.90435043347696,33.99658597993528
5468,0,74.70177693802839,29.963759835049235
547,0,1.7134158122165406,6.946651509511392
5472,1,106.8288070173474,-6.3688114468244414
5473,0,106.93695046561596,10.762606916873684
5475,1,138.13452099944553,36.013158130358775
5477,1,-99.34443781656957,19.907090324263375
5479,1,-49.74535204393515,-21.67301698993693
5480,1,-0.7659223529187659,52.03618704250124
5483,1,13.400581370342016,52.503122554226096
5486,0,34.77261885088766,36.82773317160961
5487,0,39.94215739287161,43.428343271672944
549,1,3.2700986155103138,50.837532283687544
5492,0,70.88318126863511,31.829103880346196
5494,1,89.63345357899367,23.7549693483754
5497,1,106.23278348053137,-6.347013553067974
5498,0,107.0464456774305,10.620733762916686
550,0,2.933356509827094,6.4353101707301805
5500,1,140.9126604532431,38.27670730146911
5502,1,-99.33824144226872,20.04936174921568
5503,0,-111.89259344948924,40.87750653833147
5504,1,-49.50613346982432,-20.81366859825798
5505,1,-0.8104569724253341,51.8139609274699
5506,0,5.132650400868679,7.100575575278113
5508,1,13.21609974386767,52.62520974018213
551,0,4.4682577493159785,52.17049623873373
5510,0,30.724569561158344,27.64980179085683
5512,0,47.25166941958564,56.119909403106
5517,0,75.17366110641936,30.820037571590355
5519,0,105.0395026953527,34.76838854445463
552,1,6.617934239984024,51.834633619624654
5524,0,139.9301867124838,37.49886122479197
5527,0,-112.01640638379072,41.10455577224256
5528,1,-49.38482025863902,-20.79961303941567
5529,1,-0.7444506783349863,51.31209390453869
553,1,6.873514525624072,46.455797882053766
5530,0,5.238325485906442,13.040324727672466
5532,1,13.746397540491117,51.03988327524874
5535,0,34.8952142268891,36.923889958373024
5536,1,40.592255137025056,44.888849627048046
5542,0,89.98102319104693,24.48052261558294
5543,1,98.57599396582648,24.433195247022972
5545,0,107.17165188966536,11.04322648931633
5548,0,136.70741239429134,34.50076523794912
555,1,8.612613846612224,44.906253794878474
5550,0,-99.20069866383342,19.83057474368408
5551,0,-111.96499469822838,41.218725113750125
5552,1,-49.87443041870946,-22.980308095309045
5553,1,-0.7486633901904076,51.2470993613908
5554,0,5.197790089053371,7.254820668774881
5556,1,14.338342924913013,51.75387803191174
5560,0,45.17271561421823,53.19615111399614
5562,1,38.3715663831248,8.116507382538249
5563,1,52.67585604984276,36.55586899946371
5564,1,72.078494349806,34.00166256363012
5565,1,72.43171949183021,24.179300172710867
557,0,12.333446939743668,55.597630538050794
5572,1,137.82792274950714,35.505997780396946
5575,0,-108.5208465091434,39.08489404383785
5577,1,-0.7350162611867573,51.629842382724554
5578,0,5.173564711816723,7.857186015245496
558,0,13.01284796321858,55.597698412650274
5582,0,36.43600282652866,41.236937907685835
5588,1,74.94922076109161,30.21451490928158
5589,1,90.00443378369381,24.343143849443916
5592,1,108.00692773730027,13.982956905993191
5595,0,140.76439359896847,38.057501431270914
5597,0,-99.0925240706958,19.794087252676025
5599,1,-51.511696942767095,-29.162017810164684
56,0,-4.489253015257367,48.39575015294832
560,1,14.44661411444066,50.072462095205125
5600,1,-0.7521887256985181,51.41174055205791
5601,1,5.225504944930719,7.621353109922994
5606,0,41.53641962884588,46.47555163887482
561,1,14.02987207852308,48.1654468195208
5610,1,72.43278998511381,34.82905276852609
5612,0,89.91404126506939,24.247187124297113
5615,0,107.13074534523446,10.385688379719234
5618,1,140.4656196060106,37.77220670306085
562,1,15.50344712922781,51.94207677850929
5620,1,-98.79832876306054,19.032491293846256
5623,1,-0.7329506796494204,51.5214101650723
5628,1,35.301648095193904,37.01134239145921
5629,0,47.48339018087803,56.11471455308355
5631,0,38.89139562940597,14.17251842256082
5632,1,52.85994419531887,36.46490368762329
5635,1,89.40591536495822,23.0240981710758
5637,0,97.6362732954206,16.468497564320852
5638,0,108.484339701391,15.564238136179188
5639,1,107.04908196832255,-6.736580312204469
5640,0,126.55740959931244,37.97569657567733
5641,0,141.2719498335226,38.43079024364313
5643,1,-99.20816399737848,20.235124361966452
5644,0,-102.10832926389588,32.005051710369756
5646,0,-0.6775489971467148,50.785691248419475
5648,0,7.736414340491947,36.86348125938566
5650,0,31.51390875727707,31.445169934538463
5651,1,36.71366156764556,41.19534450376979
5652,0,49.63188362381031,58.59975004437118
5657,1,75.57775789850672,31.32626555338404
5659,0,105.3256524688317,34.749855584268325
5661,0,107.18649235943732,10.49075851347025
5663,0,137.21259797367097,34.81574904670842
5665,0,-98.98357894912638,19.769821030468098
5666,1,-98.23225972063808,26.220055642393103
5668,1,-0.7106305333131778,52.390399167857744
5669,0,5.225837138213539,7.494455495244114
567,1,16.454571120586373,43.52377450736371
5674,1,40.732263851703735,44.641356683831965
5676,1,38.48482751025333,9.05574661746934
5679,0,72.38937681216899,23.802898397383252
568,1,18.737210729239575,49.21428647779879
5681,1,99.18934065007466,25.127068456484004
5685,1,139.04127801836205,36.36202086257617
5687,0,-98.8855611072729,19.517068916908663
5688,1,-117.3480200434432,47.670113354921234
569,1,18.431732520747172,47.19078725162793
5690,1,-0.6972434473351656,52.490673170583456
5696,0,42.18995205207271,47.51436040397341
57,0,-2.8758803714482974,7.276658755229603
5700,1,72.21714789179207,34.22526717899471
5701,1,72.37768961386408,23.598076608769713
5706,1,107.45429916313496,-7.100837828838641
5707,1,137.37353048624587,34.76997463081185
571,1,18.679492591304072,44.53237962710927
5710,1,-98.17365018477476,26.29866843768826
5712,1,-0.6461813943177634,53.58035328003147
5716,1,31.32900624662148,30.529870245856003
5718,1,41.11981081520462,44.99078195846354
572,0,24.9101622445675,60.21273652145063
5720,0,51.63757231571528,32.67021539570421
5723,0,89.973502527346,24.15373662319957
5727,1,107.39469047996576,-6.630103732808671
5728,1,140.36730581255432,37.39572614443151
573,1,20.4490878809496,44.78689148532993
5730,0,-98.9684434558169,19.835335738957586
5731,1,-97.48338036774727,25.930706975649112
5733,1,-0.600657839621079,51.51546322479955
5738,0,35.81625642032918,37.02673724979105
5739,0,50.01131788078728,58.54743945526406
574,1,19.55564951095503,40.72815088855731
5741,1,53.06497994600815,36.558596168540056
5748,1,107.64292578306664,-6.942243693081569
5749,1,139.2538781091204,36.358740996001934
575,0,18.49978419946329,-33.815676846172295
5751,1,-98.43558821495468,18.907973574474394
5752,0,-101.89611653340528,33.55112961163844
5753,1,-48.27706988940012,-15.750436241108345
5754,1,-0.4978509393191321,51.35269098095319
5758,0,31.07426368898968,29.040586884233623
576,1,20.73358391026156,42.22318406193102
5760,0,41.70868317707187,45.36938059675844
5764,0,72.86188632934697,24.892338939577236
5766,0,105.6644855797614,34.87021949139132
5767,0,98.49708322280276,16.690087517278183
5768,1,107.46988086287546,11.277658744572449
5769,1,107.4605130090274,-6.529922617916796
577,1,22.87438477793083,47.79017984889525
5770,1,138.55490350569343,35.63931736096013
5772,0,-98.78409234174946,20.044547306517504
5773,1,-98.65550240161733,29.400071444485395
5774,1,-48.27910231395249,-15.94830474045803
5775,1,-0.5712351501290024,51.24901714344846
5778,1,26.33188430757263,-10.617543782074092
578,1,25.258881779791786,54.69554617397835
5781,1,41.95788140247893,45.03685439942748
5785,0,72.34488053667864,23.290724938796348
5789,0,107.39606788781802,10.914876119906245
579,1,21.510463593090993,41.92882434880944
5790,0,107.46841679369692,-6.19120854147437
5791,1,139.16306711237775,36.236699508081294
5793,1,-98.74087374253516,20.098241594895903
5794,1,-98.51908192908104,29.47587589593248
5795,1,-51.18461504817582,-29.16698143193787
5796,1,-0.5648913844741563,53.21488694171982
5799,0,30.789656837861465,27.500309728081874
5801,0,48.53491851311095,55.852232628497354
5805,0,72.77753033915458,24.47667549418093
5809,0,108.07670355909084,13.69803870474379
581,1,24.173086916948144,50.73685576797875
5811,1,139.40041073644727,36.3025060038057
5813,1,-98.4254706373107,19.27463624841233
5814,0,-97.40071680283371,27.74353823170263
5816,1,-0.1336137576376731,51.504926106542214
5817,0,5.4240299938260055,7.46142088675879
5821,1,42.019308276677215,45.13521997639024
5822,1,38.48908223037852,7.052359929504278
5825,0,72.53833086267566,23.70005087354272
5826,1,90.27145016784758,24.746125161121267
5827,1,105.7301550579225,34.57699036501973
5829,0,107.91070699044732,12.60320813744934
5830,1,107.89127724004626,-7.2185361715006
5831,1,137.72637133664787,34.74021309300946
5834,1,-98.41434703451009,29.573767613395805
5835,1,-48.19879875129682,-15.670309262033616
5836,0,-0.5129985294700304,50.813072935639255
5841,0,46.597151540122226,53.11332746790352
5844,1,72.30022895813087,34.18436223325895
5845,0,75.47439458982498,30.799105592807873
5847,0,111.65820930948466,40.815135557942455
5849,1,108.03995148696784,12.675211469748444
585,1,22.932674962694716,40.64275896703033
5850,1,107.8003018373756,-7.340164575687353
5851,1,139.2969857245506,36.1752521311625
5853,1,-98.20765234453306,19.046827606168705
5854,0,-104.62390315727224,38.25761084351869
5855,1,-48.03024971344829,-15.832514106266563
5856,1,-0.4543965813187007,51.896774628355125
5857,0,5.464624896869839,7.435862884262842
586,1,30.33182979667953,59.92315651659097
5861,1,41.938462402815034,44.62677539294655
5862,1,38.7585712397896,8.992189972953279
5863,0,53.54523590792264,36.69222629200993
5866,0,90.3579708921512,24.9536243092304
5869,0,108.81071009271636,15.11834242849917
587,1,25.62743465310849,42.42127281941264
5870,0,107.77403147050312,-6.55632199677448
5871,1,139.88649313419484,36.55349850731446
5874,0,-101.86143381118298,35.183643175018744
5875,1,-48.07377469926022,-15.91488976615894
5876,1,-0.4613859527095199,52.135380324705665
5880,1,36.2510381817589,37.0674685288376
5881,0,45.977780608701025,51.547539545145334
5884,0,68.62196100682024,25.92496157635008
5885,0,75.2360112919604,30.26574254549216
5890,1,107.93312437802604,-7.096240816601557
5891,1,139.3759323608227,36.14532522874075
5894,1,-99.7615431596536,32.43496968246463
5895,1,-51.329991132021185,-30.12942800872307
5896,1,-0.4644926728211732,51.75557642380499
5897,0,5.508738025048558,7.791982489991687
590,1,29.47363950331516,46.827662102441465
5900,0,35.982109994668036,36.08617576163234
5901,1,49.148917356762986,55.79446111766693
5906,1,89.54483440616642,22.853711051386256
5907,0,105.88592209197616,34.55697078785837
591,1,25.882965921337508,-24.622813042778496
5910,1,139.5819152624157,36.313175898776535
5911,1,125.67725570919168,7.321935220591771
5912,1,-98.22594896457528,19.189513237304208
5913,1,-104.77049318024407,38.873310221344106
5914,1,-48.96731248345919,-21.14024689348287
5915,0,-0.2526422318440662,50.831360136015064
5917,1,26.73908541608403,-10.990317418687116
5918,1,31.47446465618221,30.6055640254391
5919,0,36.167530497139495,36.58275517857388
5920,1,42.04881698624641,44.21927476345552
5924,0,73.07216665275293,25.14584022352753
5927,0,108.25990228069992,12.929829741690735
5928,1,107.93988556966644,-6.826692217880467
5929,1,139.65197597119388,35.68194646004371
593,0,30.29489811798831,31.30579120953884
5931,1,-98.20864602960452,19.320170947371547
5932,1,-104.97736581355043,39.72301054999064
5933,1,-51.12466738171982,-29.708866681199297
5934,1,-0.3508318384203302,53.759506771770994
5937,1,31.522715094929737,31.188663237104944
5938,0,36.22064042690538,36.83732826180881
5939,0,46.12200141002737,51.48604106337356
5942,0,71.10617676541398,31.789337083748656
5943,1,75.91068164511653,31.529870607234724
5944,0,89.83868916991656,23.604247698978337
5945,1,100.1604442466296,25.6942830325839
5946,1,108.65043081371456,13.958053510595354
5948,1,139.38793944130768,36.043664416294696
595,0,29.44068227847025,-3.9729448126074023
5951,1,-97.73384387160009,30.365928950097413
5952,1,-48.024406760791784,-16.047569294158006
5953,1,-0.3243229774885798,51.74477565824443
5955,1,26.74129663641827,-10.806382514564271
5957,0,36.20896552292476,36.75366988538797
5958,0,44.5132745103491,48.74565320949417
5961,0,71.36708961288475,32.28975515949525
5963,1,90.41017333220616,24.74845682597573
5965,0,108.31260670857388,12.702137046674927
5966,0,107.93653511712664,-6.447610592720249
5967,1,139.73472754733453,36.38699543150677
5969,0,-98.13390922887577,19.41838726469273
597,1,30.108462755895083,-1.955470147721181
5970,1,-97.85188169403276,30.552856173901628
5971,1,-51.13611931823778,-30.002657704589247
5972,1,-0.2575922140817224,52.568981263622085
5975,1,31.456017133468585,30.890388212421836
5976,1,36.16132931980509,36.21798085648282
5977,0,44.424163883846795,48.59448378842056
5978,1,38.603424859234025,7.200863522961146
5980,0,71.54106254225293,32.58478852343977
5982,1,89.98597866471236,23.839801681559607
5984,0,108.1019105719204,10.9381297975359
5985,1,108.20127980919476,-7.290163623594245
5986,1,138.2719444870056,34.84400969308782
5988,1,-105.257339364697,40.016398820019106
5989,1,-49.07383257940578,-22.318167201335104
599,1,30.665532475367165,-0.6064902507595209
5990,1,-0.1841639859707727,51.116947877851686
5991,0,5.667334089430562,5.945898221705444
5993,1,31.445444022125532,30.7369156177682
5995,0,45.40677775397174,50.09375324500601
5998,0,71.07236056255145,31.625265653180932
5999,1,75.76962933429283,31.21800484320003
6,0,-123.35333775543695,48.4470998712761
600,1,31.078652054434965,-6.339342012906713
6000,1,90.21434816686455,23.94124917009037
6001,1,100.2351473604482,25.60753518420753
6002,1,108.45294371359002,11.950809265947653
6004,1,138.6607418292771,35.181694753287964
6005,0,-101.43125124020848,26.90661861557526
6006,0,-105.11103270580298,40.171844436041184
6007,1,-47.94839378265063,-16.128849590639465
6008,1,-0.1826364317264072,51.904090741569625
6009,0,5.77400503013499,5.540931199489324
601,0,35.02727864881656,32.81516696004473
6012,1,36.3575554428381,36.49658299880533
6013,0,44.55616503309896,48.511647937322
6014,0,38.754566240363665,9.160782964806437
6017,0,71.95944673796399,21.7215393831301
6018,1,90.37677303567068,24.57434868971342
6020,1,108.38374725517268,11.750770795239854
6022,1,139.80382775531965,36.29429519963653
6024,1,-97.72039751582736,31.095499437483713
6026,1,-0.1804514564612703,51.23516659716309
603,1,33.54794076042511,-24.699683035964927
6031,0,48.34294990707028,54.30459450983628
6038,0,109.17731753399912,13.7793802231211
604,0,35.45928069741544,33.38242786935881
6040,0,138.436691925628,34.99170333000469
6042,0,-105.07835726101798,40.419886759431336
6043,1,-47.87012657226371,-15.748360968408608
6044,0,-0.077236018179497,53.55856006943629
6045,0,5.767586839835971,7.535429496841094
6046,1,26.79080905516341,-8.039514398111448
6047,0,30.81979902330361,27.567334607902275
6049,0,44.79417190835409,48.78965597100966
605,0,35.88324348134863,34.8943638834856
6050,0,38.67492917958801,7.35582875117622
6054,1,90.17569642928623,23.574992605394375
6056,0,109.12050536910728,12.487294275818218
6057,1,108.21380681203416,-6.746063871697093
6058,0,140.87419929558686,37.05071254591795
6059,1,-98.05625176438708,20.173252245197464
6060,0,-105.07805332888016,40.549832812723366
6061,1,-50.998901426610914,-29.63571353362259
6062,1,0.1071644132457711,51.76750393170461
6063,0,5.7408109494098944,7.451315416847554
6066,1,36.91286497447976,37.57769505389629
6067,0,48.577778516433746,54.36346765353054
607,1,34.009531715468555,-11.444069342388849
6071,0,72.4943071396612,23.238604157448307
6072,0,90.38298254246884,24.390275123533005
6074,0,109.29294221390148,13.087674353151556
6075,0,108.23470826289244,-6.837116654715343
6076,1,138.88721924161976,35.11468565091759
6078,0,-104.71472519078654,40.406482939389456
6079,1,-47.93169927354087,-16.25095647098962
6080,1,0.1394831704678323,52.20721384935558
6083,0,30.84753124877522,27.640907298047555
6084,0,36.56410762853615,36.255839001222526
6085,0,42.71987432613871,43.91536760191125
6087,1,54.44034448303264,36.83701647234824
6088,0,68.659339085384,25.76596230039828
6089,1,76.34891011956984,32.200078758027104
609,1,34.71721605487993,0.0829948050053917
6090,1,90.85009717451092,23.452312047428396
6091,0,103.64925528418142,30.996588301643865
6092,0,109.15413294657124,12.254578439007467
6093,0,108.34083226566504,-6.999629716268596
6094,0,140.8572160053509,36.942826806997665
6095,1,-97.39795945205276,18.46281250717143
6096,1,-97.1615949346443,31.54484942253945
6097,1,-47.81287842230264,-15.648150057395656
6098,1,0.2580831998353529,51.13899706411921
6101,0,30.827711127156245,27.45976700082723
6103,1,42.86175423168297,44.038905626234246
6106,1,72.46245809886211,34.07604213516034
6109,0,102.99376964501408,29.99591691795295
611,0,42.66780310057884,37.14816066231338
6111,0,108.33745715377049,-6.360475118068403
6112,0,140.64615325438697,36.56751434174866
6114,1,-95.75053957442358,29.763308438588343
6116,1,0.3251889841798058,51.46728306797611
6121,1,43.06471414275748,44.03485844871
6125,0,75.03489442899898,29.537729836425868
6126,0,89.83207290612256,23.011193014645524
6129,0,108.32929467673938,-6.767232110188765
6130,1,140.450028542317,36.36186974521125
6131,1,-100.2748044084336,25.711321368157936
6134,0,0.2831359761358183,50.79036336822008
6135,0,5.7707629833271445,6.931557395316322
6139,0,43.12714985405303,44.21016437897636
614,0,47.17636833122773,41.191742208693185
6141,0,52.528825309835774,29.605594530861584
6142,0,69.56694734299391,28.02364693305599
6143,1,72.58617851506844,23.03217125181497
6146,0,109.15927484686785,11.91852474829545
6148,1,140.1125398968483,36.0785047719124
6150,1,-95.67896027199444,29.57018734319173
6152,1,0.4666761747881863,51.57427265766784
6155,0,31.194936308119672,29.33361181915991
6161,0,72.4294849826798,22.90920775942141
6164,0,108.35311970055288,-6.699176848366318
6165,0,140.53286505766857,36.4084582869812
6167,1,-95.45495897387303,29.789499134099167
6168,1,-47.770168450606214,-15.75337670477756
6169,1,0.4817324437777908,51.736100894822535
6174,0,48.46745425762001,53.163852313758234
6178,0,72.13255384414019,21.75615997061749
6179,0,90.71579535726958,24.876201719258543
6181,0,108.50054431377838,-6.716112779041864
6182,1,140.2042541948408,36.0734949053464
6183,1,-96.73135647638615,17.065340040563004
6184,1,-97.46355819054736,32.73713399884283
6185,1,-48.826457289251344,-21.759527157953016
6186,1,0.5462903443241103,51.37313114537709
6197,0,103.5272365027912,30.577065206594504
6199,1,140.1466881380326,35.98638469555783
6200,1,-97.11437803831308,18.84358131389082
6201,1,-97.35588674339787,32.67189471663053
6202,1,-47.771471919627395,-15.906993816645668
6203,1,0.5286873651069673,51.26798840089373
6206,0,31.253788806099102,29.63558412241495
6209,0,38.956988075255296,8.76346626236318
6212,0,72.44956269479928,22.7282047888691
6213,0,89.78815514764656,22.65575625117135
6215,1,108.50750279684752,-6.942375560202865
6216,1,140.30429938559436,35.77359133719755
6218,1,-97.3621242053566,32.78888901817546
6220,0,0.5615198675902995,50.86718835504596
6223,0,31.232525321932883,29.44417736739757
6225,0,43.455093765876896,44.14541191908091
6228,0,70.94803423288523,30.96823703032664
6229,1,75.88310197812051,30.89065311698896
623,0,55.65737802289214,-20.946978414492115
6230,1,90.04227320069506,23.214143457310637
6231,1,100.47678674853675,25.342792444676473
6232,0,108.53973832321944,-7.369261639383962
6233,0,139.89434440269022,35.351886436329124
6234,1,-99.82822454767722,25.18923700028119
6235,1,-97.24413526903564,32.726484772336995
6236,1,-47.658177957520955,-15.61867671240062
6237,1,0.6606831804794785,51.55509210290851
624,0,56.73197020201427,24.35555675241357
6245,0,69.68708573442952,28.045630818677218
6246,0,75.54325759777738,30.37050371266241
6247,1,90.1988056344986,23.409554680994123
6248,1,100.55577519126922,25.47817480981786
6250,0,140.68470929666174,35.90683260967812
6251,1,-99.99764038346083,25.584326505811372
6252,1,-97.19820230487036,32.8510222378799
6253,1,-47.60997160648856,-15.45278266082391
6254,1,0.9006830911188881,51.88675319961895
6256,1,27.248972012222684,-11.760840393550184
6257,1,31.462010913442153,30.46905951174404
626,0,68.31029726171062,38.56650229481569
6264,0,90.45742556835155,24.101443676533744
6265,0,103.4613170460711,30.408475876737683
6267,0,140.30249621273282,35.42676069958244
6268,1,-100.17250602326357,25.905965394310844
6269,1,-97.08830487386696,32.697934361701
6270,1,-49.54202816195793,-25.463650954360094
6271,1,0.871198768655119,51.14167237780829
6274,0,31.23941902849168,29.572192602776557
6276,0,49.304676731919265,53.538357792356415
6279,0,72.3622119940043,33.7781624760114
628,0,72.80571034722847,40.52663935966416
6280,1,72.64604086811738,23.2240647443308
6284,1,-97.37244033133268,19.812829558369096
6285,1,-95.4838824521481,30.165997445581525
6286,1,-48.48473261219283,-20.942564613674687
6287,0,1.0785066026676828,51.28242068750958
6292,0,43.54168865979338,43.68172626616066
6297,1,90.73248012470344,24.342628723844392
6298,0,103.68700781428916,30.627439274417295
6299,0,108.62816523762652,-6.8362628107671926
63,0,2.93163335642592,51.22373736863749
6301,0,-95.12245359896067,29.569121209687697
6303,1,1.1683940709819414,52.05384917518327
6308,0,44.15840419688567,44.78537373647217
631,1,81.12102336084264,28.531638783368223
6311,1,72.48311607036074,33.89710460960296
6312,0,75.39855516696528,29.990878783662883
6313,1,90.72941800101488,24.592661757431348
6315,0,108.7667179096537,-7.311049517533725
6316,1,-96.95522817362196,18.895996303436025
6317,1,-95.18454304744722,29.780368457248247
6319,0,1.167171861648639,51.083875976716065
632,1,79.94791987407373,6.921300374601086
6320,0,6.001180734884044,5.500302441996675
6321,1,27.478967506974097,-11.653117203925694
6322,0,31.226303522166003,29.29686432342463
6324,0,49.43141604167175,53.52893063919002
6330,0,103.94946891496704,30.97601559594959
6331,0,108.72152033304232,-6.893032333467869
6332,0,-101.1160473656193,27.85273178375638
6333,1,-96.89460299704524,32.645818157008804
6335,1,1.2839346186289462,52.63888670575132
6340,1,43.63159913091287,43.49404246447694
6345,0,90.29444636814054,23.555810548071207
6346,0,104.20435302359716,31.345041508503257
6347,0,108.81321796898784,-6.840704680648741
6348,1,-97.44728470669912,20.53194036490481
6349,1,-95.17716169716846,29.992869532995027
635,1,99.48461737789972,18.285824995768177
6350,1,-49.25404409660975,-25.452855356587577
6351,0,1.4014463648656224,51.365935518665296
6356,0,49.508844392404455,53.47151581805323
6359,1,72.62197238572467,34.06655790886124
636,0,96.69927656505708,5.2047690720739475
6363,0,108.86367465153252,-6.916921860998472
6365,1,-96.97078213371834,32.829633570713824
6366,1,-49.38897593449984,-25.579474364173983
6367,0,1.7214435890852482,52.590023179448806
637,0,100.51159154284332,5.642914658368622
6372,0,44.02151279015504,43.75423624759208
6375,0,70.65059909134101,30.0318250216708
6377,1,90.20377316772496,23.172430494050342
6378,1,104.02961325625512,30.67322994355368
6379,0,109.0576439522618,-7.68760575287545
6380,1,-97.32456937198988,20.448845264500683
6381,1,-95.20220050320884,30.062487587641066
6382,1,-48.5568714092087,-22.29304454805955
6383,0,1.730634642329963,52.47308645188106
6386,0,31.4677880912911,30.373653989447057
6388,0,49.699287229019866,52.97012788731168
6394,0,103.83613717879489,30.691078237022353
6396,1,-96.91071523328048,19.54075325411199
6397,1,-96.76007553419552,32.89755680812327
6398,1,-48.32345240753709,-21.256916720920778
6399,0,6.120439449497637,6.743351934359039
64,0,2.752924627899888,6.637801876282145
640,0,115.7038765975084,-31.660338622897378
6401,0,31.30353223434439,29.58084819478613
6403,0,51.81159916368742,55.626139597752704
6404,0,39.131501726977355,7.954254920422723
6407,1,72.96431692647899,23.600712711930292
6408,1,90.209398341636,23.022344404639963
6412,1,-97.0201366740867,33.004887979345504
6414,0,6.115067461080714,7.280248588699473
6416,0,31.280161035454064,29.46870995616606
6418,0,50.215397848883946,53.2189039359012
642,0,126.67895581667308,37.60537544037768
6422,1,76.1218295878343,31.122476748178943
6426,1,-97.0596543597159,20.06594764409215
6427,1,-97.1119371850144,33.19325205089434
6428,1,-49.31419102134755,-25.656024406679087
6429,0,6.105334049269507,5.788352744761786
643,0,120.8947370981515,24.6969372509286
6431,1,31.71592242123164,31.29930739201928
6433,0,53.2141454945422,56.84651788383584
644,0,129.73494963289323,33.17298217485964
6440,0,109.09049546226576,-7.52664747827447
6441,0,-97.86043014570552,22.262532594313825
6442,1,-96.88064202349456,33.16387847237781
6443,1,-48.36326307827075,-21.606002680810285
6448,0,52.3787007632242,55.71655098230077
6449,0,39.27447454553923,8.537309948311181
645,1,120.3623620869454,16.031060136925593
6452,0,75.88144278208766,30.52546115827707
6456,0,-97.91428687892196,22.388828132750096
6457,0,-108.55829986580746,45.777204505336606
6458,1,-48.56027903164189,-22.493636079612244
6463,1,44.66528100477124,43.05149742439186
647,0,174.91851923144625,-41.224370883451165
6472,1,-96.71615848548066,33.18156632255439
6474,1,6.2132394878716575,7.572078850247833
6478,1,44.79460036166544,43.23273580682143
648,1,-120.43716103088904,34.94762863057285
6482,0,72.62767891710936,22.32094070326469
6485,0,109.11273210591044,-6.926510834412808
6487,1,-96.66275536233292,33.10462395542116
6489,0,6.188993339988715,6.251200873449677
6490,1,27.79160719773495,-12.2396186640804
6494,0,39.17840748120015,6.979298187679732
6496,0,70.59511156768579,29.639169181551516
6497,0,75.85910470857671,30.3723592862616
6498,1,90.38200158550468,23.268589188406676
6499,0,103.37568970268796,29.90768474818998
650,1,-122.69139343562122,49.108937117595595
6500,0,109.2651702449829,-7.66675743441272
6502,1,-97.45501614283212,35.21744700987655
6503,1,-48.445561585810296,-22.88781955068391
6504,0,6.157965775032588,5.843694437125525
6508,1,45.0245305749583,43.314223936075095
651,1,-91.54417149947568,14.861423874729208
6511,0,70.96756962162232,30.457384025620957
6512,0,75.44775824444831,29.50561735407168
6514,0,104.0446299475288,30.80839112000706
6515,1,109.28940119892808,-7.391990202007676
6516,1,-95.23520747767192,16.323313778125016
6517,1,-97.56202254675522,35.45571822821372
6518,1,-48.162971356490985,-21.782011228017137
652,1,-89.43317857745971,13.829477433346677
6526,1,73.03426124993281,34.50570391792627
6527,0,75.84302885729213,30.246977477862956
6529,0,103.79651009306576,30.422434912465533
653,1,-87.97181565451383,15.319401891079108
6531,0,-95.19951942908418,16.191846505827716
6532,1,-97.49457852590324,35.641387777511106
6533,1,-47.996944256455365,-21.129763691254727
654,1,-86.09800552874744,11.981895704015798
6541,0,71.21554854762904,30.96669324184418
6544,1,102.2572882171088,27.89183194611273
6547,1,-97.32013551698044,37.68336797849401
6548,0,-50.127862247450444,-29.980258971116676
6551,1,31.6061419479672,30.64030571075268
6552,0,40.59138716646558,37.192052829648944
6553,0,56.813095307860905,59.40892371595832
6554,0,39.32118331175827,8.325366556856572
6562,1,-92.02755926961876,30.198841178117668
6563,1,-49.071037646072995,-26.483571617482564
6566,0,31.55534623342729,30.402768281198657
6569,1,39.594585804211064,11.824752699247192
6571,1,72.75856342026532,33.78099311260658
6576,0,-95.02005251513069,16.434725590516468
6577,1,-95.90387720987512,36.09955454337484
6578,0,-50.03638891341032,-29.78851131854556
658,0,-79.474590443637,9.062257662572575
6583,0,52.45245579572885,54.595258007689544
6586,0,70.1142598589301,28.300737010899223
6587,0,75.81166761672507,30.131728249014145
6589,1,104.749169800167,31.773001255327284
6591,1,-99.54348232811569,27.48306601457918
6592,1,-91.11776666636808,30.44347262817877
6593,1,-47.801999317557666,-21.170630553187397
6595,1,28.55244115487694,-12.751073971186624
6598,1,45.700204608886864,43.31283075591288
6602,1,72.85598214415461,22.69543505089062
6604,1,104.3773494889325,31.12417848566148
6607,1,-90.1036296637138,29.961692843284684
6609,0,6.277021233237928,7.072241881015977
661,0,-76.92480379411728,17.98521138664848
6613,0,52.80082438521553,54.536948816870016
6614,1,39.66190620438225,11.663230064436789
6616,0,72.64186339349276,33.56661565910314
6617,1,72.80318980943014,22.478960409783376
6619,0,104.27558417911187,30.973840585595138
662,0,-72.22094137629063,7.774665324578144
6620,0,109.66354433778238,-7.67792381194515
6621,1,-98.30272051255255,26.043828587317854
6622,1,-92.33287963285576,34.749426196271685
6623,1,-49.086100921372406,-26.911080584850136
6625,1,28.608411660456134,-10.388680800986789
6628,0,55.97467529415834,57.91282604971639
6634,0,104.25329848466032,30.879978703687115
6635,0,109.62994338333596,-6.909681459117148
6636,1,-94.9064699540238,17.957000650808133
6637,1,-95.26183082761466,38.95360710985579
6641,0,31.81870583552291,31.435424814051203
6643,0,54.26688292737981,56.09383889893049
6644,1,39.63804526491194,11.137935179382325
6646,0,70.30446985370538,28.42082259360556
6647,0,76.22236100108029,30.704023469535812
6648,1,90.9102950824178,24.165765270041508
6649,1,101.62374240390844,26.60691377902258
6650,1,109.66888734286668,-7.396376779311519
6651,0,-98.08494709071664,25.992190038025523
6656,1,31.75862882229008,31.160739690923435
666,1,-66.17282093666608,-17.403161362065006
6661,1,72.93558148912261,34.00183818408609
6662,1,72.94623973752444,22.550483199557444
6663,1,90.96188063742107,23.995466771104972
6664,1,104.71934354479136,31.471527672216844
6665,0,109.84010201836932,-7.810649464132914
6666,1,-94.55557162937788,17.99354586546169
6667,1,-94.7566361286563,38.88766475834708
6668,1,-48.831914231681615,-26.305133614018693
6676,0,72.40840185240461,32.93565502099421
668,1,-65.215574983914,-24.259414796271425
6680,0,109.89379646148736,-7.728248067184374
6681,0,-94.44690281180372,18.134210899721545
6682,1,-93.28471926727238,37.19491261015602
6683,1,-47.58551693854768,-20.89696327441186
6684,0,6.334990077067878,6.711468184263526
6686,1,31.674377996289156,30.731174448790128
6688,0,53.48675839165537,54.483435297128494
669,1,-56.44515230082122,-25.7815540652563
6691,1,73.25357884089486,34.45327937032302
6696,1,-97.50931526190996,25.847054956591563
6697,1,-94.62027924009784,39.028877210902635
6698,1,-49.38922704160925,-28.68390372630035
67,1,6.101908562212604,50.77784718992328
670,1,-56.21983089145004,-34.72435493361128
6706,1,73.22051809701158,34.34628644896642
6712,0,-96.14393780628916,41.21720429563744
6714,0,6.338646507694227,7.27614287587454
6715,1,28.67218942464145,-2.62176966401546
6718,0,48.031672668009406,46.34863789496908
6725,1,109.93337859030083,-7.360770169354505
6726,1,-93.11750714422529,16.755911044168116
6727,1,-96.0020115437155,41.24819169145028
6728,0,-48.532281446466335,-25.531518768814653
6729,0,6.388952603224676,6.654116754612841
673,1,-13.535869602297613,9.67527487363066
6730,0,28.90717292435587,-8.459363345479881
6731,0,31.04921779347329,27.27233437460977
6733,1,46.71630760517025,43.84840478930181
6737,1,76.28954787074939,30.656469120532076
6740,0,109.99934211575057,-7.720279401599075
6741,1,-93.37433424663423,17.992902180916897
6742,1,-88.10239844240061,30.676618689122417
6745,1,28.84969327372149,-2.509541075662571
6748,0,53.7027952254732,54.60338567141228
6751,1,73.13293098110917,34.04467244825269
6752,0,76.14874608003956,30.37863450447936
6753,0,91.39702590066706,25.06131967774301
6754,0,103.58182841131902,29.74387196848277
6755,0,110.14556147136666,-7.877895878889324
6756,1,-92.2697855806616,14.896938142911148
6757,1,-89.94158887408274,35.09477323844211
6761,1,31.693150099457956,30.572080637637896
6766,1,73.05954730694097,33.623445106558236
6769,0,103.52557803389676,29.587653706560843
6770,1,110.07602998464988,-7.282572706340733
6771,1,-93.2220929228847,18.263567635177363
6773,1,-48.91373295473616,-27.08876949261919
6776,0,31.17758151737958,27.18361225157039
6778,1,46.594135833317885,43.24708559992484
678,0,-7.931725200834622,12.506832182800853
6784,1,101.72008625533364,26.5758590168329
6785,1,110.3439110162244,-7.0049929898705985
6786,1,-92.64030454114337,16.732889157041757
6787,0,-86.62081516637221,30.42601274297801
679,0,-9.040487708144113,38.65542011708864
6791,1,31.778877090139694,30.71596724717805
6793,1,46.876233096777504,43.205956457799466
6796,1,73.36444418764081,34.4329732616654
6798,0,90.67233582812688,23.230443729134297
68,1,6.119629943989294,49.61434000505461
6800,1,110.17605815561204,-7.31459696658926
6801,1,-92.9468797576907,17.995385473592428
6802,0,-85.65144958954026,30.165195303734368
6803,1,-47.85142597654036,-23.349870538146348
6806,1,31.86112623943576,31.19101777163772
6807,0,44.050571954866754,39.92636531673936
681,0,-6.195018335057473,53.45097917492247
6811,1,73.23436314607729,34.201744256881014
6814,0,103.86939516111534,30.194394530764743
6815,1,110.21842204460778,-7.490838174591419
6816,1,-92.13518201221716,16.243486684992522
6817,1,-93.64664186280343,41.60134576752725
6818,1,-47.65041352547828,-22.726259442794372
6826,1,71.19993757522559,30.069193913137227
6827,0,74.32066074054657,26.101469802660276
6829,0,104.21282828653815,30.553981656989833
683,1,-4.303764709698553,55.856533424184406
6830,1,110.28546100907604,-7.584705476442931
6832,1,-86.25730061203248,32.364664755507334
6833,0,-48.67457350872739,-26.899790142657658
6835,0,31.16076852085451,27.25968484027966
684,0,-2.107193228435024,7.738142437369111
6841,0,72.30339061839744,32.29410946160633
6844,1,103.8420101804967,30.043399297647845
6845,1,110.45045562742747,-7.764527127524297
6847,1,-90.65023403919416,38.777185214441126
6848,1,-47.56741834488563,-22.403592718984477
685,1,-1.666025805930619,48.11012409527168
6850,0,31.977495567876705,31.168262109344727
6853,0,47.12671272178227,42.82178704097296
6856,0,70.9163289719186,29.382611373910656
6858,1,90.96863680337732,23.804522699179817
6859,1,101.7257139454122,26.51832337340225
6860,1,110.30286489934048,-7.655053387223345
6862,1,-86.82850026684817,33.49996474781875
6865,1,31.84805546060266,30.697487263837587
6867,0,47.48152860845289,42.9602211936476
6870,0,70.65568503101754,28.652741692995207
6871,0,75.90457261412435,29.715994226309792
6874,0,110.4131765322188,-7.253990182013903
6875,1,-89.61502116486578,20.973436542257573
6876,1,-90.30588527474632,38.670468753340025
6877,0,-48.63841739246479,-27.00674744422832
688,0,1.7176919792897158,6.644176292739628
6880,0,29.088569213002707,-4.122035775528678
6881,0,47.62920156227248,42.88405912652644
6886,1,91.04606921124284,23.873574956168245
6888,1,110.49728574596315,-7.339490586231172
689,1,3.735781917288436,51.06401122998509
6890,1,-84.30630352804073,30.448634251733623
6891,1,-47.42255479012516,-22.000796043444865
6895,0,60.57429979695102,59.605862011874585
6897,0,59.52088904390719,36.34447471184735
6898,1,73.47133319946111,34.36480021701131
6899,1,76.52603660007912,30.963048734924516
69,1,6.1343263184115955,46.20066112052849
690,0,2.984648478439676,6.697976173795037
6900,0,91.35940675405703,24.518082436202583
6901,1,104.42476109159296,30.824195832851775
6902,0,110.5941664614492,-7.968652446863901
6903,0,-88.30093082000677,18.518356469476213
6904,0,-82.73294690353062,27.88062252583482
6905,1,-49.00873268976396,-28.482512421345785
6908,0,31.993933968807433,30.79507924176576
6910,1,39.972027841309746,7.01247753584886
6912,1,71.46394896625655,30.181592495859004
6913,0,72.76315046107679,21.174063469132655
6918,0,-82.51834078578726,27.30756475779587
692,1,4.467134764573242,51.53423503246812
6922,0,31.28508329449336,27.04781187735582
6923,0,55.81930111610957,54.69692237859895
6924,1,40.00672291523574,7.116081502855488
6926,1,71.3136855911765,29.880780310606188
6929,0,103.66711772101884,29.608366054263247
693,1,6.968025364821618,51.490341859555514
6931,0,-87.06752338473896,20.650582367848184
6932,0,-82.57178119172471,27.475961081319888
6933,0,-48.60031601043392,-27.124981966983817
6934,0,6.700831760557067,6.208718141283859
6935,0,29.14664387192096,-3.3825768625834893
6937,0,56.02896510955207,54.76317700782835
694,1,7.148086003539906,46.79714808146683
6940,1,73.18369755112381,33.73450582640919
6943,1,107.2217257771412,34.360162684639015
6944,1,110.54368036250052,-7.447215523628958
6945,0,-86.94866980290341,20.498595351745667
6946,0,-82.43946071692548,27.093791371380192
6947,1,-47.38373038667545,-22.18669510530643
6949,1,29.20251732181479,-1.645544734055075
695,0,10.196595067886976,59.74533079637285
6951,0,63.33970979993024,61.31318167568216
6955,0,75.75540570198136,29.13871418305901
6958,1,110.78524901893998,-7.561177935656538
696,1,8.801907753920105,45.67525771073334
6960,1,-86.60330954767757,34.730687309778205
6961,1,-48.61334003308939,-27.59336305028348
6966,0,59.9798676455098,57.91528165786723
6968,0,72.85355519477407,32.9325144632636
6969,0,76.20049779751096,30.15293235258949
697,0,9.185894682395787,36.728083106627814
6971,0,103.73636924687386,29.587934890767915
6972,0,110.6457034566976,-6.89735860628001
6973,1,-81.93277079881538,26.586179631934016
6974,1,-47.40985786900714,-22.574059372793663
6977,0,31.412452378244456,26.98067781364096
6979,0,55.936176370439945,53.623110183445185
698,0,12.503294159859406,55.696400929608885
6982,0,74.8548033583846,27.148114683449453
6983,0,91.0741219216507,23.757301959230823
6985,1,110.79652022139298,-7.691271966325661
6986,0,-81.7633081442391,26.172397589613745
6987,1,-47.38058116983064,-22.35971901745602
699,0,13.197681078546784,55.70922059806763
6992,0,60.10909684548378,57.91906412269389
6994,0,70.95174015798237,28.93764778203098
6995,1,76.89560864489783,31.53439114267609
6998,0,110.70564145941002,-6.678206575971824
6999,0,-82.71201485439349,28.273326693172255
70,1,7.646046552934078,45.07000282667118
7003,0,31.468452499515532,26.904288512057477
7005,0,55.941653976644616,53.355307053175174
7008,0,74.63833360622608,26.45472712954756
7009,0,91.65935563123148,25.036124810273147
701,1,14.29092491421131,48.28105139115028
7010,0,104.56231698528944,30.708561972257463
7011,1,110.83909988261,-7.677276591035806
7012,1,-82.48160764751344,27.993813208776498
7013,1,-47.35399693691898,-22.741864941094473
7015,1,29.30207955726888,0.1206937666918484
7016,0,31.49795710858661,26.81897873097048
7018,0,55.1179320635773,51.80006383919351
702,1,14.4742166935709,48.97880370109687
7021,1,73.17953823924982,22.31320006734408
7022,1,91.37490822693576,24.23107537391624
7024,1,110.89641993606296,-7.612248499639087
7029,0,31.513015962363557,26.698654579521804
7031,0,60.097171219751026,57.255158490158486
7033,1,73.48773549244277,34.02258390622847
7036,0,107.3918451861136,34.52050068205466
7037,1,110.92405313231951,-7.811461411065828
7038,0,-91.52701706197976,41.65107321451588
7041,1,29.332491023633324,-0.1365913348343089
7042,0,32.272617805141905,30.588191321094033
7044,0,59.96082107826878,56.90845450150478
7047,1,76.39915271740142,30.34505906275555
7048,0,91.41089876548742,24.38031719410427
7050,1,110.85421899850007,-6.7931149476544315
7051,0,-91.68096968078368,41.98168639175193
7052,1,-47.46831453815927,-23.494550050946767
7054,1,29.46419956583541,0.4973949918707757
7055,0,31.611836382020233,26.689038688079165
7057,1,60.58699766534197,56.833718581865575
7059,1,73.38671638908126,33.59766551164999
7063,1,110.9111450660199,-7.090887404077496
7064,1,-82.31420098379972,27.914080705105196
7067,1,29.442711923927817,-1.1663905188064705
7072,0,71.25921214977785,29.143685218606677
7073,1,76.71018162294911,31.0351809418946
7075,0,104.14881949790347,29.99811892860246
7076,0,111.1049622407518,-8.199505656584096
7077,1,-82.56099705492946,28.480808545432375
7078,1,-47.137061914273545,-22.89429868129032
708,1,18.224661525967303,46.07239048685055
7081,0,31.664009149005473,26.66690053578064
7083,0,59.65860812875362,55.17409647541546
7085,1,72.68028349694028,32.070237238253455
7086,0,75.15260555388816,27.615944945430662
7088,0,103.81499512757496,29.400085695583986
7089,1,111.02380054329048,-7.431032424568366
709,1,19.144701226581816,48.73518080006788
7090,1,-86.739809831409,36.117572507869355
7091,1,-47.18991720318555,-22.63736748061084
7092,1,6.945631678217829,6.05731922802074
7093,0,31.71014828838467,26.58631481863648
7096,0,60.701938138909675,55.76110870024624
7099,0,72.99723213791293,21.71602630804186
710,1,18.6885316634964,45.55540096518005
7100,1,91.21728007885594,23.879139300382523
7101,1,104.53715007470171,30.409110374951744
7102,0,111.0361225835994,-6.749760861163422
7103,1,-81.94295399848762,28.02402518212388
7104,1,-47.29399296927976,-23.198333310568092
7107,0,31.765277203015593,26.44030495683505
7109,0,60.10910900665294,55.064148209163235
7111,1,71.86204540502655,30.402795849263036
7116,0,-90.56753332391736,41.518397739678655
7117,1,-47.29806583352748,-23.275001189123177
712,1,18.803325745801327,44.86660251221997
7120,0,31.82893312478024,26.391049104762057
7122,0,59.01633613740817,53.40764804886666
7125,0,75.2688681846478,27.85131974322479
7126,1,91.52773317720508,24.3297028771129
7128,0,111.08069846913318,-6.656643371423301
7129,1,-87.5467655716206,37.97010257058887
7130,1,-47.21990182856908,-23.098359680966396
7131,1,7.030190522480636,5.696120396090996
7137,0,73.308800581997,33.25410677466018
714,1,19.797387082928743,41.34432655922908
7141,0,111.15664609494976,-6.722377675804021
7142,0,-80.44912289777602,25.48327507973437
7145,0,31.87637030136769,26.333324853703548
7147,0,41.85406282911069,9.602713117594408
715,1,20.470545855945993,44.86775165882166
7151,1,76.7728067501937,30.69723871322517
7154,1,111.44701353545378,-7.873196273539752
7155,0,-94.17445429000892,45.557661907775795
7156,1,-46.93708915373545,-22.355250631163525
7158,0,31.938115608079492,26.286800738360903
716,0,18.495321716859564,-33.56595323437198
7160,1,42.0515700834365,9.35676738330468
7161,0,61.39382620209783,55.24906448016526
7163,1,72.3329117934718,31.270709998839894
7164,0,73.02090050116288,21.624503398832847
7167,1,111.50147052837558,-7.615140057821604
7168,1,-80.2184835975547,26.12147450544806
7169,1,-46.95782124077888,-22.43031075568313
717,1,21.150396271402457,42.65244539796799
7171,0,31.998347050891255,26.19848381386489
7172,1,30.705707728400547,3.1334178438948097
7173,1,42.11734576355449,9.313447861475504
7174,1,61.40690947946083,55.15088452643362
7176,0,73.01835783081435,32.632323899303465
7178,1,91.880976310005,24.89331074512384
7180,1,111.4935296507166,-7.935652618822241
7181,1,-93.2465380243115,44.97364312819523
7185,1,30.832078791799603,2.8605281904374453
7189,1,71.93110907416894,30.29708086091041
7193,0,111.33963086574886,-6.7131478826832085
7194,0,-92.48172575255914,44.03846457117376
7195,1,-47.1427640514287,-23.5369382615441
7197,0,32.231592708618116,26.0444236791198
72,1,9.920873601425535,57.03886258775671
720,1,24.02490167812959,49.83142681299844
7200,0,61.63172031665651,55.120520011514465
7203,0,76.11813157095303,29.59482671869031
7206,1,111.44290664680308,-7.408138607728569
7207,1,-84.55180281612948,33.90477730352187
7208,1,-46.789952306310646,-21.97766510296595
7209,0,6.998925396601688,4.841381548354279
7210,0,32.46870266075477,26.12235758715786
7214,1,72.89788448667014,32.27012660054992
7215,0,72.96479499650378,21.271224185887156
7218,1,111.52371840389576,-7.746091482141717
7219,1,-84.33350367866784,33.788305076242246
722,1,18.612483986014833,4.3755085386193695
7220,1,-46.996453376768216,-23.163227441248115
7222,0,32.63534919927648,25.683946115342167
7224,0,58.47379425516046,51.239025986651136
7227,0,75.5982665524559,28.365154780242538
723,0,22.94489317356628,39.36768788192914
7231,1,-84.47993075440192,33.8995156521052
7232,1,-46.99005429187701,-23.031924880823315
7234,0,32.554986176061064,25.28920895166489
7238,0,71.6315625398674,29.534295911472903
7239,0,74.85646063479433,26.578745102510872
724,1,27.573476384793683,53.89192427189834
7242,1,111.68448683412274,-8.063802837487016
7243,1,-81.39134364937738,28.521929334076567
7244,1,-46.82109701763041,-22.43187401272593
7246,0,32.72969063726097,26.1621457262434
7248,1,65.55571835741664,57.16128614414827
7249,1,73.76045684181838,33.85128494561773
725,0,30.41822185235355,59.71434538944188
7250,0,76.59188630065267,30.476844116164862
7253,1,111.73956348296603,-8.094560373698293
7254,1,-84.32227373118424,33.93361881633724
7255,1,-46.85355476150672,-23.19720825874873
7257,0,32.74747967890207,25.9219823236048
726,1,27.46278563263611,42.50125555764847
7260,0,71.67865551749604,29.388674552934106
7261,0,75.96375465278841,29.100433247072583
7262,0,91.76800767305794,24.484188046550717
7263,1,107.58969714215084,34.321243475651144
7264,1,111.60394561015404,-7.1456764604933936
7266,1,-46.778526884195145,-22.709099764969327
727,1,27.359265106137816,41.39931057241098
7273,1,92.02081785619887,24.83085161304551
7274,1,106.6801182701867,33.151604826542496
7275,1,111.9620156455771,-8.088571243189827
7276,1,-84.21393857205378,33.917412849430285
7277,1,-46.59771522792349,-23.576438065956005
7278,0,7.068543886720313,6.2210930636053074
7281,0,65.3350778366573,55.45494223750015
7283,0,72.9331480481058,20.941711743687296
7284,1,91.7351769669707,24.337359308486977
7285,0,103.94580055341146,29.204998611118626
7286,1,111.90472519889823,-7.634397167029146
7287,1,-84.1097042985005,33.94364536649528
7288,1,-46.83746203549631,-23.00707009076994
729,1,29.63027858504996,46.84736762778056
7290,0,32.755103966845745,25.863138899547657
7293,0,72.48894648710952,30.96957867236893
7297,1,111.90143520399045,-7.176614366875838
7298,1,-81.19269192659075,28.56833318478431
7299,1,-46.56218399073791,-21.794331367645707
73,0,9.721221406658673,47.488181834762905
7301,0,32.83268158344095,25.85239626542583
7304,0,71.90741898422505,29.626163898569494
7308,1,112.02919513780635,-7.813612262055051
7309,1,-84.00871717229114,33.96993524848452
7310,1,-46.860915008744485,-23.41406640374796
7311,0,7.120899043289785,4.898049509590914
7315,1,72.91449132527629,31.75665519467376
7316,0,75.64810678404694,28.23805275700544
7319,1,112.02659771782156,-7.994167665590793
7320,0,-88.24878289847553,40.1131996534002
7322,0,7.09386326601867,4.751238385250181
7327,0,76.40641641363028,29.80027700025058
7328,1,92.16000124604376,24.824242583335938
7330,1,112.02481742919004,-7.636785240355903
7331,1,-80.37101344191369,27.281237759311065
7332,1,-46.792036449043245,-23.439832411033684
7334,0,32.94908094465197,24.466194750499437
7336,0,73.34070413684542,54.98737418699811
7337,0,73.61947230463747,33.05599207258438
7338,0,72.9285484989998,20.609045206423584
734,1,29.62619551849011,-2.9241821423592733
7341,1,112.11402791745446,-8.022311197321782
7342,1,-80.64682277625347,28.078359699831015
7343,1,-46.73391074358354,-23.30949495146159
7344,0,7.135943703176849,4.7805972609307785
7347,0,84.8837411721691,56.597845877160005
7349,0,72.84656680738274,20.42696514750584
735,1,30.504696050229335,-1.900371422425379
7350,1,92.02486226581604,24.485803486549244
7352,1,112.18244379511071,-8.097475425273569
7353,1,-81.65629235908506,30.30336874116253
7358,0,82.93533910255549,55.014088529750616
7359,1,72.35615569535331,30.44662170370916
736,1,30.911737677650702,3.0151266706520228
7360,0,72.775359813922,20.16873208520076
7361,1,91.38966446324396,23.014986198735286
7362,1,107.88098402349824,34.366473055898055
7364,0,-80.10734991736695,26.93988729163042
7365,0,-44.23961103532383,-2.545501410641178
7366,0,7.20921339039451,9.15233304630361
7368,0,84.99566415112609,56.49483328524707
7369,1,73.90244247335525,33.506041997952494
7373,1,112.09667708679086,-7.5978733545066035
7374,0,-80.33460925233614,27.433852485987103
7375,1,-46.54351945061709,-22.938897867529548
7376,0,7.176170992963385,7.496379327791051
7378,0,83.00668012912904,54.87963488497125
738,0,34.73778644645113,31.876289892802863
7380,1,76.92960342392672,30.825889620778423
7383,1,112.18576389010312,-7.769054228707223
7384,0,-81.22967025540827,29.55160751751379
7385,1,-46.56487229544015,-23.129196083640128
7388,0,83.09146902843973,54.752923086766025
7389,1,73.7491258058321,33.143655401337995
7391,1,92.19199932629336,24.692621630186338
7393,0,112.05245840334972,-6.900602661320983
7394,1,-81.03668429186561,29.23496725403513
7395,1,-46.56587313632665,-24.063098745278108
7398,0,86.0926598285358,55.35670060354039
7399,1,73.48266070774821,32.58021927824195
7400,0,72.97604536745655,20.76799776958745
7401,1,91.51170904287902,22.924807619031657
7402,0,104.4177102528012,29.454740798837868
7404,0,-81.48310191689765,30.3036363406174
7406,0,7.156652984113881,4.702209454240015
7409,1,72.16658606504683,29.807098232033916
741,0,33.69110649790747,-25.06011265966673
7413,1,112.25314075596737,-7.560125733382918
7414,0,-81.40072506265489,30.305581843880557
7415,1,-46.31747100016261,-23.38959005823559
7418,0,83.70210289354878,53.34429266159802
7419,1,73.71112933972675,32.95228227074452
742,0,35.65263447283416,34.12758288352262
7420,1,73.10758309461654,21.126682122544757
7422,0,105.37897723720803,30.878388650850887
7424,1,-85.68880978609333,38.20612363667521
7425,0,-46.335598203397,-23.955931203126298
7426,0,7.290649625993839,5.535242708435662
7428,1,73.07906074839417,31.419816261702245
7429,0,72.92927715720577,20.408637791162377
7430,0,91.47386866913136,22.48572822897618
7432,1,112.36304947834788,-7.567425092410039
7435,0,7.22958923169189,4.741765402211046
7437,1,72.64895314039754,30.723657977875664
7438,0,72.74419633516769,19.79872575100324
7439,1,91.80714327793468,22.413778503832862
7442,1,-89.06169461248932,42.27756069966862
7445,0,85.1985656419289,52.52758494355941
7446,1,72.34957078532231,30.043402640132772
7447,1,76.82110215359975,30.360931869139968
7449,1,107.02030094648744,33.08138379773882
745,0,34.44638941950925,-13.776377243154611
7451,1,-89.49944383197807,43.046187767306535
7455,0,73.75152346553455,32.896505068027714
7457,1,91.80954420747106,22.642862139080595
7459,1,112.64969397097616,-7.428211157673236
746,1,34.76258528322822,-0.6727145733101944
7460,1,-88.22107380632366,41.755422765858825
7461,1,-45.43384669831512,-20.465014261552604
7466,1,91.98382521728476,23.11143103264492
7468,1,112.63257457671509,-7.943325323199593
7469,1,-88.10466565209089,41.52978069687779
7470,1,-45.90408014759977,-23.236615270612056
7471,1,7.432571501206154,9.06432550382988
7472,0,87.13051123422483,53.75588795126573
7473,1,73.58258203917984,32.43048008785661
7474,1,77.16265775204135,31.10707744584586
7477,0,112.41222451988251,-7.125387150284683
7478,1,-89.36443323893995,43.08208746964635
7479,1,-45.43581856591597,-21.56102803021846
7483,0,76.31691276524262,29.32065452897004
7484,1,92.06736905657571,22.47696773836436
7485,0,105.25453804879284,30.58758083595032
7487,1,-88.04471781316992,41.72110949354155
7488,1,-45.70488331111206,-23.106172324908705
7491,1,72.69441879001731,30.523883741113547
7492,0,72.76070555462152,19.697926052335607
7493,1,92.00363761629364,22.187962241817836
7495,1,112.68989987709128,-8.167930147768288
7496,1,-88.28817648949534,42.04541823111541
7497,1,-44.9851808911731,-19.871394920592437
7499,0,92.8701947660054,56.040723581148264
75,1,11.964331010572,57.70240633426048
7502,0,91.89513628146317,22.071654401421007
7505,1,-88.10610566366906,41.89909004125248
7506,1,-45.56764224401459,-23.020831881215088
7508,0,92.94972240099426,55.9970788224998
7510,1,77.097417714906,30.90838871629529
7511,1,92.17957876622944,22.647237998265513
7512,0,105.9733764100617,31.592488252253823
7513,0,112.63207956106368,-7.159309149371271
7519,0,72.95619264073254,20.263886052921
752,0,47.0267292405735,40.76596111693086
7520,0,91.92766182570212,21.968649868652527
7522,0,112.75002954639425,-7.02450786291421
7523,1,-88.34534105396101,42.19671786815186
7527,1,73.87596652316732,32.79880110890573
7529,0,91.94073655102144,21.7778767472008
7531,0,112.89753280452472,-7.663750232796292
7532,1,-87.78713424850541,41.86834448405601
7535,0,91.69395990711786,53.69772840750959
7536,0,73.38573800157548,31.705344555342855
7537,0,76.1388378256989,28.797552135176684
7538,1,92.08328834489724,22.04376697849045
7540,0,112.99444535123372,-7.71167144829631
7541,1,-87.67060779572682,41.49631694133281
7542,1,-45.25345781876771,-21.7016676700623
7543,0,7.349094967359018,5.100177669025577
7544,1,73.36644688872366,31.523549560245176
7546,1,73.02264766027302,20.25740423817086
7547,0,91.94140320208712,21.55219351735812
7548,1,108.25140460763475,34.528336292296444
7550,1,-81.10469216359115,32.03556666846856
7551,1,-45.454976849728986,-22.93384587945962
7553,1,73.94139373956402,32.71161813531226
7555,0,101.6103043568954,56.15693424110871
7559,1,-86.17633576690478,39.79928193367189
7562,1,72.68786273842963,30.156141768128027
7563,0,72.8297235243743,19.416711538064536
7564,0,103.64944180326016,52.75103069327722
7565,0,92.03257552955176,21.4521434818001
7566,1,108.08695693138525,34.27309268520718
7568,1,-86.02461987725792,39.82385119145375
7569,1,-45.00027395106181,-21.245112508788186
7572,0,74.6259446525993,24.89308493957061
7573,0,103.8706310149088,52.52667001237544
7574,0,92.05764107722896,21.56614695060542
7575,0,104.66087223309084,29.522671445858094
7576,0,113.20869318611744,-7.781396097491321
7577,1,-84.50001814882444,38.020905811874506
7578,0,-45.43641339810603,-23.694148484897433
7580,0,72.54277845345894,29.698810873776587
7583,0,92.15049687644832,21.18971271687747
7585,0,113.22396521535072,-8.121178656397753
7586,0,-87.85892696843746,42.35712501808168
7587,0,-45.406426315156686,-23.62434702320358
7588,0,7.440469495960738,6.88015897981372
7590,1,76.85522079839217,29.9665289609569
7591,0,104.29894999266055,52.271405186258896
7594,0,113.36234314650044,-8.270419914053647
7595,0,-87.83954427746089,42.57484728746765
7596,1,-45.195051382582136,-22.79910049565766
7599,1,72.91469016412316,19.131246722608896
7600,0,107.61396169787253,51.8313456768209
7602,0,113.25059403192888,-7.203152763504996
7603,0,-87.79891136271512,42.72316024331517
7610,0,113.44970699162882,-8.317616766533094
7611,1,-87.958331302028,43.029110037458416
7612,1,-44.60007708609799,-19.858122583488225
7615,0,76.27369271190986,28.59855645206144
7616,0,113.48390748676398,52.03967513944002
7618,0,113.43527732761754,-8.234850972085077
7619,1,-84.63113656961372,38.99287705067652
762,0,69.48229670526916,40.1562851924058
7620,1,-45.112904634772434,-22.73928690175345
7626,1,113.562655935886,-8.330465497744743
7627,1,-84.50334485095023,39.13543214221427
7628,1,-44.58120534024675,-20.081399762520405
7632,1,107.32051557144425,33.15125661791546
7634,0,113.43131214062036,-7.762984089144259
7635,1,-84.55983524936615,39.211511404470045
7638,1,73.10742401333997,30.664733912853755
764,1,74.58391662356968,42.87314142343587
7641,0,137.01548130461893,50.55826978735949
7642,0,113.363615177416,-7.121684941870931
7643,1,-81.00550212836878,34.00979102466665
7644,1,-44.95775338150218,-22.57237299807438
7646,1,74.0704582053735,32.57755530442043
7647,0,76.14603630289456,28.270979867018152
7648,1,108.23249327516768,34.26399995105524
7649,1,135.0909298080437,48.46642816075849
7650,0,113.5092094058772,-7.733228149092397
7651,1,-84.49594367861127,39.32749618884994
7652,1,-42.78804395537558,-5.101949871348429
7654,1,73.41913646723776,31.333831220566186
7655,0,74.67869459120956,24.61964496979986
7657,0,131.95954804067026,43.807370440979824
7658,1,113.67969606902707,-8.18614464766603
7659,1,-86.23291997479151,41.67287615949181
7663,0,75.72471154066419,27.15275623512936
7664,0,106.05152890740328,31.34986134905276
7665,0,132.074155931141,43.29958942471515
7667,0,-88.41018861788719,44.26303997326381
7668,1,-44.23345653515584,-19.44880383756798
7669,0,7.422093852612667,6.431790956182103
767,1,81.63407427736499,28.0722558300085
7670,1,74.12361886741792,32.42904714055254
7671,0,76.10941308271512,28.0544471090223
7672,1,104.76753977082464,29.35212174960015
7673,0,131.9181856313303,43.13032307299754
7674,0,113.49109044082545,-7.150326601367073
7675,1,-84.16921667698372,39.75057815778516
7676,1,-44.0097531745291,-19.90097256984371
768,0,80.02003021392312,6.717396756331721
7680,0,108.4279375227366,34.482076642080095
7681,0,132.1862247513412,43.35823500223341
7682,1,113.82078701065142,-7.920278184851568
7683,1,-85.12937697226786,41.079123455638445
7684,1,-44.150222462582825,-19.764496274048938
7685,0,7.418442207232175,6.6567773725639565
7686,0,74.20742918027787,32.64119911472194
7687,1,75.77697717940983,26.90098761970121
7689,0,132.88384555540333,42.809154567765134
769,1,88.18545217617402,24.664317674039847
7691,1,-80.86789210130365,35.122103320869435
7692,1,-44.1547136672612,-19.84235218394854
7693,0,7.456906119697265,6.98070286112726
7695,0,72.9585552550864,18.884205793926277
7698,0,113.86983172550026,-7.008713723553837
7699,0,-88.02385185974181,44.50722967356606
7700,1,-44.07715010616547,-19.758689295694985
7701,0,7.487910344176269,5.503699337480538
7702,0,72.86391866185672,29.79537361541147
7704,1,108.21918650652437,34.16358742019722
7706,0,158.62680294634328,53.05621784028246
7707,1,-80.79367132095486,35.21184989464723
7711,0,76.59879641564609,28.889862066545255
7714,1,-85.5920443476082,42.28291898225915
7715,1,-44.467902657242405,-22.47124334668078
7716,0,7.519357824993496,6.450542279690345
7717,1,73.33825377255519,30.739485977396637
7718,0,76.69439241374333,29.138175428760096
772,0,99.5234193173823,16.473177039153697
7720,0,114.2029135646,-8.456464595494426
7721,1,-85.65207277526726,42.924039040258634
7725,1,76.9948677939081,29.674316967330395
7728,1,-83.10673175715503,39.95600070026311
7729,1,-43.859617784444765,-19.769109445497858
7734,0,114.32929157191136,-8.434860334672507
7735,1,-82.94225731571578,40.01930048676445
7736,1,-43.84802633447208,-19.991836409935807
7738,1,74.17578731141953,32.17014507080553
7739,1,73.16928902656511,19.207560126709023
7740,0,105.88915734753334,30.99556465284433
7741,0,114.36799641467611,-8.21591911103515
7742,1,-79.83455140620583,36.069279598454784
7745,0,74.15255661031856,32.306757492028616
7746,0,76.87442579568527,29.462025200815383
7749,1,-84.54073621838215,42.725929726429015
7750,1,-44.130088428570645,-22.52008433141824
7754,1,107.54558898133024,33.22283815083505
7756,1,-83.57300930146629,41.66710877850014
7757,1,-43.78668950820109,-20.662709237286823
7759,0,73.83398774748053,31.593975284559622
7762,0,114.94289542777396,-8.194308800185434
7763,1,-83.74726287560715,42.263905181288656
7767,0,73.10557438864494,19.035084415126587
777,1,127.01889579929414,37.8766979171991
7770,0,-77.89437651003543,34.2375743986558
7771,1,-43.77256510484832,-21.21685962181491
7773,1,73.45344424314135,30.803868530723634
7774,1,77.28962483319559,30.139997213817814
7775,1,108.4516748061945,34.29435452242165
7776,0,115.0975921297182,-8.115946301944463
7777,1,-78.80748350182252,35.79780432195368
778,0,120.82353666217313,24.562668127193255
7783,0,115.2022953960332,-8.657867440308152
7784,1,-83.12431225772075,42.41057480920497
7785,1,-43.22091425899448,-19.638756721784905
7787,1,74.35168681666184,32.47642876816166
7788,1,76.97064852228068,29.391049190282946
779,0,142.38021264121934,43.77768889511099
7790,1,114.60059074188258,-3.3156922366063606
7791,1,-78.65864354014509,35.77822407887591
7792,0,-43.78454384763377,-22.86708384660829
7794,1,74.2813977008737,31.527243371264294
7795,0,75.88132177512743,26.99565060281151
7797,0,115.26770815896576,-8.522907445534115
7798,1,-78.64442892474207,35.86090239515871
7799,1,-43.39257257699343,-22.83884220674387
780,0,120.35455880805785,16.32935915548071
7800,0,7.628220453627286,7.408763748248893
7804,0,115.3349034704101,-8.552708377038428
7805,0,-83.97251408698351,43.42986675567589
7809,0,76.19318200603506,27.70668088670119
781,1,147.3046691367715,-42.86137148908249
7812,0,-82.97315729591197,42.61029920823201
7813,1,-43.601615597319146,-22.680950610815746
7817,0,109.08428995068202,35.0818299890665
7818,0,115.40825288465471,-8.538195899186356
7819,1,-81.38801613156868,40.804205066895015
7820,1,-43.6034718812561,-22.827353093293652
7824,1,108.95150996723548,34.906741795074
7826,1,-81.52017166561946,41.06684904579741
7827,0,-41.86026175396677,-11.305738189888704
7829,1,74.52488737903398,32.49979873282032
783,1,175.61627455114998,-40.34870392767978
7830,0,76.29358644197251,27.896421236539695
7831,0,105.05989065138404,29.59715883322565
7833,1,-81.66268404643537,41.4756582740476
7834,0,-43.4557754844782,-23.01515200938412
7836,1,74.35890293724016,32.332692313744694
7839,0,115.60603637085548,-8.454565050121207
784,0,-119.71421160991896,34.42270922930913
7840,1,-81.48965962821467,41.12532245076138
7844,0,75.90474699155905,26.88353950071335
7845,1,102.5126709532678,25.228929023768075
7847,1,-79.98948025948631,40.42548734618365
7848,1,-42.943134173483976,-21.11458018376199
7852,1,103.71394397714378,27.333472381903587
7854,1,-77.54652273509429,37.623154710117795
7855,1,-43.180635999251784,-22.50053672292599
7857,1,74.22152032765624,31.976974703890672
786,1,-122.61988471535066,49.215462908379415
7861,1,-77.44967469063864,37.56372518265839
7866,0,104.614847928516,28.8095831950672
7867,0,116.12975487230246,-8.597156691588106
7868,0,-80.0798854629281,42.11407416258045
787,1,-91.50544879952788,14.531859051908524
7872,0,76.65200414095344,28.607054465546423
7873,0,104.54432905249897,28.70812456335426
7875,0,-76.5167680798357,37.119304769052206
7876,1,-43.18516534871076,-22.80927538832148
7879,0,76.38628348535802,27.971922207544413
788,1,-89.36988593214882,13.73389543324873
7880,0,111.17892417694802,37.353563916627294
7882,1,-76.21969494678136,36.84438724961285
7888,1,116.26378104655534,-8.69442722228765
7889,0,-76.40112153199921,37.00975601873411
7890,1,-43.00539761025803,-22.830687251611153
7895,1,116.3694512500585,-8.632254799482858
7896,1,-77.4843615354444,38.77864039547935
7897,0,-43.050019047412846,-22.948009511651986
7899,1,73.6508560807253,30.67083654190297
79,1,13.380203058750018,49.74288719855032
7901,0,104.63134930460104,28.762062282608184
7902,0,116.51915872718736,-8.617275774303558
7903,1,-77.3112177979803,38.65180694359552
7904,1,-42.96618429096506,-22.421102325853205
7906,1,73.85093639907285,31.025183950815997
7910,1,-77.12395430529791,38.92402524382691
7915,1,108.67035055834876,34.34654718238466
7917,1,-77.49269951366462,39.033425222513415
7920,0,74.25985665660077,31.792548683653752
7924,1,-77.52914577596904,39.10347182293718
7927,1,74.0020739803293,31.245346742648156
7928,0,73.39273695522198,19.262134610142244
793,1,-82.25320995087137,23.037141956600003
7931,1,-77.39326785879662,39.04254409792398
7935,0,76.62272811018451,28.19315083717093
7936,1,102.48748721530444,24.913455965392863
7938,1,-76.95698589647121,39.066129371453755
7943,1,106.08299632920912,30.80279494441515
7945,1,-76.8377382370997,39.11090182244657
7949,0,77.03373013641989,28.998157232931927
795,1,-76.79697438159045,18.01085748917652
7952,1,-76.83327814825047,39.200879185953525
7956,0,76.59542334795208,28.093557346354135
7957,0,104.97759306536356,29.184414993456652
7959,1,-76.62470002667709,39.32065215867011
7963,1,77.22727863409102,28.596910757930644
7964,0,108.82853716797948,34.53007659645259
7966,1,-76.61934984237806,39.143111304439785
797,0,-72.63703068799761,18.494266497805015
7973,1,-76.71538237202319,39.9664818111134
7974,0,-42.331046632133784,-22.869996937719844
7976,1,74.18901449015797,31.26120849764172
7978,0,108.93422013377376,34.61540656440795
798,1,-70.69330422479408,19.457974970362425
7980,1,-78.81895472714974,42.91952705427635
7984,0,73.33556004826448,18.79264359072243
7987,1,-76.86701399848728,40.27512756782525
799,0,-71.32819660412464,-29.97068034862335
7991,1,77.55827915989671,29.960594341041727
7994,1,-76.31511079761616,40.045334724349985
8,1,-89.84754826225527,13.93221918900387
80,1,14.539011796218375,53.4319122762466
8001,1,-75.63167998383989,39.65164132011357
8002,0,-42.03840161212168,-22.860378791182328
8006,1,108.91449870264394,34.26115359513103
8008,1,-75.55737888767035,39.74340082922269
8009,1,-41.96203243227199,-22.5587377374687
8012,1,73.79120918012384,19.98010102467648
8013,1,102.73192875793193,25.03151449854361
8015,1,-75.95350001265331,40.3304762325351
8016,0,-41.78286982882925,-22.373715850855053
8019,1,77.30886430803716,29.44848160404232
8022,1,-75.38772883712387,39.84310769806041
8026,0,77.09161902721078,28.94828591389737
8027,0,106.174374812457,30.856650636125956
8029,1,-75.14744206496822,39.970336745348874
8030,1,-39.584017693638025,-3.494709360982412
8033,0,73.41174138524468,18.7580965407008
8035,0,119.45445132758329,-5.17224233748351
8036,0,-77.61131440985692,43.16653004430008
8039,1,74.45015190932578,31.116850412138437
804,0,-56.17131238486393,-34.86094719259029
8041,0,108.61676554106202,34.108756589742136
8043,1,-75.32855449901668,40.103523890890074
8047,0,77.09079284070903,28.83298488899904
8050,1,-75.48105119963687,40.6050399244208
8052,0,8.13358845531923,7.198825578592825
8054,0,76.84116515890858,28.195137543029418
8057,1,-75.89067995148282,41.25507086919557
8063,1,-75.37850899649195,40.63177147409253
8064,1,-39.40695948570774,-7.234446029725175
8066,1,77.84658764068601,30.3654356057191
8069,1,-74.94885504241716,40.09162966335716
8074,0,119.55593428495428,-4.839213724291671
8075,1,-74.87039441604567,40.15495845551845
8078,0,76.79941183302243,28.122686324179597
8079,0,109.17870935636864,34.74956384851898
8080,0,119.62853552811188,-4.02488949018499
8081,1,-75.2087646456314,40.690711919245366
8082,1,-39.31450374086279,-7.225088055185946
8085,1,108.61234051695077,34.05352402883306
8087,1,-75.66172416317109,41.41540665938736
8093,1,-74.7534046927955,40.22243242147915
8094,0,-40.48464896469715,-20.65065287257323
8099,1,-73.93969953683109,40.731710368297584
810,0,-9.533935754320762,30.392841946453775
8100,1,-40.34901717572749,-20.328553245918737
8102,0,76.62089201195244,27.5617248106776
8103,0,108.99527513584675,34.469646076985136
8105,0,-74.15628157784295,39.95717390536742
8107,0,8.30905498431902,9.585376454928412
8111,1,-74.22254869939923,40.090034467802646
8112,0,-40.29894943061902,-20.126854053463557
8116,0,119.90199413866182,-2.9690549164395432
8117,0,-74.09277273132315,40.08243877941885
8118,0,-40.33622608156138,-20.436112310889648
812,0,-8.878004183618966,38.52586905859569
8120,1,78.03987677206598,30.3109896956058
8123,1,-76.13472718667686,43.046605419524035
8124,0,-40.25530630715301,-20.197995732053062
8125,0,8.521566161735617,11.987954361342206
8127,0,109.59247561325566,35.18497992242553
8129,0,-74.0257099931402,40.19655665843495
8130,0,-40.18533380924806,-20.135046535256706
8131,0,8.356566137690685,8.39709839321567
8133,0,105.3085829941333,29.32121930274976
8135,1,-74.04656833417945,41.11957690263769
8141,0,-73.78495922323005,41.03930214343416
8145,1,102.60078702879666,24.669971394552668
8147,1,-73.53479971116825,41.05398960455558
8153,0,-73.40198715072518,40.83994926198901
8154,0,-38.55926015383176,-3.786218809928664
8157,0,109.08797244132909,34.530233841697665
8159,0,-73.41490875958429,41.111454899975584
816,0,-3.9567711866008377,51.6385903471636
8161,0,8.426290816025164,11.77103154580081
8162,1,77.67444174064399,29.68961769639404
8163,0,109.21252935603376,34.65407824187186
8165,0,-73.10687628838782,40.81511386563419
8169,1,102.52949795364349,24.368462498095063
8171,0,-73.0483829457727,40.880530676672976
8174,0,76.6879311020564,27.512192432116485
8175,0,102.8173665173624,24.891733198426156
8177,0,-73.17560345268882,41.19007013473152
8178,1,-39.27737268748448,-14.795572668690497
818,1,-1.5516268293033495,47.22200437698304
8180,0,77.08232870885487,28.35387422463631
8181,1,103.04681799206134,25.339640130286423
8183,0,-72.92100922869712,41.31371112575269
8184,0,-38.490258832796194,-4.10210823250168
8189,1,-73.93494729840758,42.79986686860848
8190,1,-38.95851976799067,-12.250125010217271
8192,0,73.67138946081293,18.724377055631535
8193,1,108.80663196372392,34.059925814139625
8195,1,-73.03866996999417,41.558109228395686
8197,0,8.523621115948027,8.504614285479557
8198,0,73.9828856744469,19.86243853603822
82,1,14.512406108068747,46.06055190669209
820,0,1.2257285002238871,6.201331109250902
8201,1,-73.77986108307073,42.657068134514915
8202,0,-38.46667476227161,-4.176681463346838
8203,0,8.53770773214992,7.718396441173701
8207,1,-73.68900307046005,42.744061239496205
821,0,1.877254982697824,6.411919599176426
8213,1,-72.78018417831005,41.674135121185834
8216,0,77.07123207386623,28.236375926999216
8217,0,109.5872683175803,34.95375543266921
8218,0,123.61653811653946,-10.172677851612152
8219,1,-72.70184876879043,41.757887053491395
822,1,3.864444517902741,50.42541158066313
8222,0,77.01723117055965,28.104519956898308
8225,1,-72.58713226199924,42.10613666931841
8228,0,76.57850240670848,27.058576840755286
823,0,3.044957081676405,6.508765981429977
8231,1,-71.80788241863111,42.2626796076158
8233,0,8.589854187547184,7.911750802487138
8237,1,-71.41471043344386,41.82482456224918
8238,0,-38.42278187561872,-12.923668117632522
8240,1,77.881509911494,29.853764759138
8241,0,105.72648185944314,29.69006828202765
8242,1,123.07022858026151,0.5620105617018787
8243,1,-71.15271869292965,41.70586422949631
8247,0,105.36846318032336,29.152589899503425
8249,0,-70.92387407606667,41.641589833171786
825,0,4.643524812398902,52.4841023644425
8250,0,-38.38919018922488,-12.790995185088468
8252,1,77.71496991235402,29.469058895281577
8253,1,103.26092211477584,25.557846824337723
8255,1,-71.08740189510301,42.3505690497282
8256,1,-38.30962215480252,-12.60983999276264
8258,1,73.85282957806847,18.556053823612604
826,1,6.7755719150761795,51.21382786594652
8261,1,-71.01613870324215,42.08520651287829
8262,0,-38.32352188258495,-12.707828641826069
8263,1,8.87174215914577,9.852402553390764
8265,0,105.60743133040016,29.409168493599616
8267,1,-71.31763649267592,42.64154353123261
827,1,7.258523132881066,47.13754585550835
8270,0,73.82407258332857,18.746399147695975
8271,0,109.21929625116135,34.37734880929353
8273,1,-71.45716960336199,42.98302755112245
8279,1,-71.16124826289023,42.706007458186455
828,1,10.783969391152736,59.91519962560372
8284,0,124.83681580079195,1.4704706534723968
8285,0,-70.95821007860366,42.46420369908562
8286,1,-37.42790451996431,-10.69113347062041
8289,0,105.75543658156911,29.56847976367893
829,1,8.832682335146995,45.83096971799255
8291,0,-70.88847169691836,42.52329938930559
8294,1,78.09646445610778,29.93492886784469
8295,0,109.939562176239,35.17605946181271
8296,0,124.83627178076472,1.3293147446593985
8297,0,-70.26614659946648,43.659330267544256
8300,1,77.73024273991288,29.28278800976277
8301,1,102.7515240495113,24.307208978448884
8302,0,124.9039917550502,1.3002728901994216
8304,0,9.004662806102052,7.329189968534404
8305,1,77.69903047634634,28.989932413717877
8307,0,125.1542376982865,1.442496823614232
8308,0,-37.1254597235916,-10.92575018108714
8316,0,106.44799885154802,30.53825316370471
8318,1,-36.658431506497706,-9.74762426350196
8326,1,112.5446307802834,37.84958214385882
8328,1,-36.42488166368367,-8.336871086602027
8329,0,9.24173189340135,6.889249271628304
833,1,15.056063749729676,50.76304257793646
8331,1,109.47388579256442,34.49885452100333
8336,0,105.44193800088962,28.933261310244166
834,1,14.310700386856954,46.62265268956016
8340,0,77.52773873719644,28.485205088141875
8341,1,102.74426798102392,24.120316682795934
8343,1,-35.96855135654392,-8.281719895431621
8345,0,77.33206179776019,28.134214374068844
8348,1,-35.900475022226374,-7.234596195065353
835,1,16.195990162557695,51.40079735308016
8350,1,78.27223201272045,30.0890726460718
8353,0,-35.750822832060415,-9.59916341141552
8358,0,-35.56882676409263,-8.204241400949119
8359,0,9.41297801212588,9.334186833472122
8361,1,103.15492982866324,24.92634044016813
8363,0,-35.23207326611171,-5.808881685504419
8368,0,-35.27369122474393,-5.919836997175045
8370,0,75.96856587794653,24.644936509389247
8373,0,-35.292454062737065,-8.115925743666574
8376,0,105.36370122070464,28.77655583532143
8378,0,-35.25286813334065,-7.8450100401956355
8386,0,106.09478804431036,29.84662859136957
8388,1,-34.92450339334167,-8.037729366490627
8390,0,76.72876848943105,26.479147832491307
8393,0,-35.00850884733179,-7.562889984700169
8394,0,9.60560948336931,7.499646950451282
8398,0,-35.03883700101401,-8.29034753567731
840,1,18.908313008851888,47.39293125476125
8400,1,77.7843781745534,28.733552554367368
8408,0,-34.98477819958262,-8.238480982595359
8411,0,110.14503634439936,35.23124199262464
8414,0,77.37783297678538,27.89440959708293
8415,1,109.30975942392504,34.15779154407211
8419,1,106.6202215259486,30.48000222542986
842,0,25.64192435489547,60.982761023103855
8423,0,106.26479756410336,29.98709083754269
8426,0,74.12168263724661,18.679421759019288
843,1,21.249179290628614,48.99235573604302
8432,0,140.50609704783332,-2.567741828991553
8434,0,77.67773022378508,28.46589260405816
8435,0,105.9083009281604,29.3504628825828
8436,0,140.66453235687453,-2.604049841579401
8438,0,74.4845241368199,19.89290868680112
8439,0,110.44039636694598,35.473019475108806
844,1,20.35735320373091,43.88763188775957
8440,0,140.71642134454552,-2.5461278405816663
8445,0,74.4746717452415,19.765543031799417
8448,1,78.13774347873759,29.37895952233547
845,0,18.71589018357135,-33.46291506901895
8452,0,109.93044497221808,34.80011213680828
8455,0,111.9171347428706,37.03246792122135
846,1,20.086339127102327,41.11370505282389
8460,0,77.44195318425291,27.788190533875415
8461,0,110.7024209594997,35.664410358818095
8463,0,76.16382422192837,24.59268934638545
8464,1,103.27666592025405,24.765334732305867
8466,1,74.00970414962251,17.686920161894363
8467,1,104.10524123238604,26.21483204299548
847,1,21.15920827024348,42.37376019425326
8472,0,77.02906558271893,26.746482125334747
8473,1,109.75131367963355,34.49482272284692
8475,1,78.33650693162798,29.609991324144385
8478,1,78.49436327888701,29.749715017688075
848,1,21.72616895704596,42.1354699547981
8481,0,77.85179073963808,28.404502154239584
8482,0,110.70355480124888,35.59315936311802
8484,0,77.02103106659796,26.496526481617032
8485,1,103.80472778455152,25.493512476584055
849,1,23.844661198544543,49.260069463388035
8490,0,75.59918029662836,22.623836292187843
8494,1,103.81642954264656,25.596822906911484
850,1,23.565092197851303,47.65427856348582
8502,0,74.65520245093789,19.62032251671972
8503,0,106.22303700218755,29.57969937069502
8512,0,106.40420809364038,29.805213745021977
8514,0,77.84586833076166,28.240293720184965
8518,0,106.32668501817444,29.60516045294254
852,0,30.586757222932945,59.75060338604356
853,0,28.55713344575903,55.51464355050398
8533,1,103.65359399370564,25.02987480242435
8535,0,75.68725401452166,22.61225553281564
854,1,23.736712344119955,37.99343482222043
8543,0,12.449993596809422,9.23891915762275
8544,0,77.49565861671084,27.21701578406564
8550,0,77.66631317443323,27.56910536740723
8551,0,106.516777211042,29.806880175396255
8553,1,78.23888020021153,28.83221629550824
8554,0,106.46537420885085,29.733400457203576
8556,0,77.67235817688665,27.46983693043306
8557,1,106.50947403421176,29.558268805002783
8559,0,74.18483927523619,17.287400348906065
856,0,27.922825642699937,43.2207399264931
8562,0,73.76246543281893,15.533681004702814
8565,1,75.84251198442726,22.686507939450568
8566,0,110.9712604185789,35.60360052347395
8569,0,107.21091983696014,30.746410387153556
8570,0,13.268786430990318,10.266603678075372
8572,0,106.2337336966896,29.267082917525027
8578,0,110.09252652433076,34.550860329472435
858,0,27.52178952539364,40.9736278666726
8580,1,78.51187700676473,29.300672737423582
8581,0,106.9253637195054,30.334891210115167
8583,0,73.82842513893212,15.48153182507562
8584,1,111.49719463735734,36.08346092442326
8587,0,110.84017438230042,35.41784846541323
8589,0,73.8319285849591,15.394123023741937
859,0,27.52177930507036,-21.17958977800419
8599,0,110.45373292349524,34.87301831131769
8601,0,74.57803778503263,18.45746383784767
8605,0,106.32253000713568,29.300944907508832
8607,0,111.67212878320244,36.25097282576932
8608,0,74.25979639061472,17.053278562974963
8614,0,76.04576208337978,22.959680162721753
8616,1,74.24377624396075,16.691402590632773
8618,1,78.4666753901952,28.89416983263992
8621,1,103.25455453597164,23.719575155300515
8622,0,74.59174971520076,18.1689583325574
8623,0,110.76787585786452,35.13987269738765
8626,1,78.07881143330779,27.89991983250174
8627,0,111.42860306626687,35.882689692830745
863,1,29.8229397899935,-2.905302354851216
8630,0,73.95928833223738,15.273155305973708
8631,0,106.45324465300396,29.311878777299764
8633,0,111.23034899614618,35.60752456637543
8637,1,103.15016807933767,23.360342257228677
864,1,30.96500626740782,3.413776160785591
8643,0,106.64539650425743,29.49343669718352
8648,0,75.55890965682846,21.00084697051729
8649,0,111.3600808455078,35.61982299527388
865,0,34.86108404635889,32.31070132141184
8660,1,77.99534071362872,27.178033616243596
8662,0,75.22537734812349,19.845221085075917
8666,1,78.74333523724073,28.835407535826153
8674,1,78.57219169196208,28.577392118555967
8675,1,104.47417594621342,25.714448537822307
8677,0,113.53388705341632,37.858207094138365
8680,1,74.46396779254076,16.707995754119505
8683,0,111.21752871630312,35.35831723665423
8685,1,111.00545590010988,35.058340231473906
8686,1,78.93688777441153,29.20785016070093
8687,0,111.47075800194104,35.64336155272147
8689,0,110.68233307202476,34.69786579453596
869,1,32.87064719958485,-18.93953204157872
8693,0,107.0728241169558,29.84808010184848
8694,1,74.61080451175961,16.856767026199215
8695,1,103.38330861906536,23.36839137689424
87,0,14.491624312927089,35.88810875860573
870,0,35.836007969988046,34.43942549255742
8701,0,111.7040199572128,35.735481954627495
8704,0,75.80537610574713,21.043742920999097
8713,0,111.2141175177872,35.139560459057876
8717,0,107.77912433435486,30.664834988757057
8719,0,116.12307168730015,40.234008463157934
8728,1,74.50675696539278,15.85651568779678
873,1,35.034238254412614,-15.790038827353095
8735,0,114.20250279895396,38.258550549880496
8737,0,116.21002203852464,40.205354242258096
8739,0,107.27548970158152,29.743925285356426
874,1,34.74979798794959,0.2865913237606425
8745,1,116.40405574682984,39.962708139137014
8747,0,114.04523789128848,38.0703829093996
8751,0,110.89532581633009,34.52977177061997
8754,0,77.99007057904949,26.49344177651423
8755,0,111.08432755269936,34.708611053391664
8757,0,111.19985671149796,34.83033053644231
8758,1,79.03145301492505,28.79068371386663
8759,0,114.3816082513066,38.305517826804326
8763,0,111.19759532347918,34.776954472636916
8765,1,108.39307566769236,31.172245769354618
8766,0,78.39377652722455,27.163331341186232
8767,0,114.71464945681764,38.61972436500628
8769,0,114.54107144979668,38.43168355178132
8773,0,115.49007925483286,39.34952169284161
8775,1,111.66001087644264,35.300706516983325
8779,0,114.9289750589419,38.731886751829464
8781,0,107.11580510939952,29.165944632553227
8783,0,116.04158319625256,39.72519435339533
8789,1,114.5147329837926,38.03278922614895
8793,0,116.6438088970196,40.31472586038101
8794,0,78.65705363717116,27.554405175987284
8795,0,115.93994302031868,39.658275080253254
88,1,16.580410025416274,47.682295448698234
8803,0,115.70091706242395,39.39131532214183
8807,0,107.29141637809984,29.256501282695364
8809,0,114.69959015322527,38.34700657198146
8812,1,79.50766854990655,29.214370472424637
8813,0,105.47014399945758,26.21576706687104
8814,1,79.40563168697491,28.984545871448972
8815,0,115.32636379785654,38.96758331509419
8821,0,116.8333216901539,40.37289703935493
8823,0,114.5708363544644,38.17201896489867
8826,0,78.5849008933091,27.10373204006373
8831,0,114.97366559392756,38.52653650261547
8836,1,79.53037995121782,29.07565293261646
8837,0,115.96578883254998,39.5299000407266
8840,0,74.54410725557233,13.996590454370976
8841,0,116.0055884413351,39.486913775791194
8845,0,115.87516254338746,39.329587149128024
8847,0,115.79211997955932,39.26153476237982
8852,0,79.13152705235898,28.03330134047177
8853,1,115.4805006731275,38.85521430263236
8857,0,105.74071286580488,26.303820268061106
8859,0,115.67586279802651,39.01513729570035
886,0,60.364305552509585,41.39708662122872
8860,1,79.42579608682011,28.37056690693592
8866,0,75.01825009191846,15.440409474944056
8869,0,117.75517080333192,40.95485461910401
8875,0,111.76495149664778,34.76340627194643
8876,0,75.28572143687332,16.507959069370536
8879,1,116.82567021771418,39.951367621731016
8883,0,114.52216774512308,37.75985053159287
8885,0,112.41653942660132,35.4822085180724
8886,1,77.41870432209943,23.237925731108717
8888,0,75.28505645605385,16.336532130749266
8889,0,114.64526318127952,37.89030283499139
8890,0,74.68835744728034,13.596926311192972
8891,0,114.94975713438556,38.1710063858804
8895,0,113.11278273972748,36.18137661387074
8898,0,76.56298274713676,20.715253336956557
8899,0,105.76205739062227,26.05752173099311
89,1,17.137393140208953,48.15592234564505
890,0,69.63860086582218,40.28032482149025
8900,0,75.13028731217901,15.355015678911789
8902,0,74.74101952205895,13.345603239448645
8903,1,117.92633410955447,40.98149427477798
8907,0,116.29379515774392,39.43761548977784
8909,0,105.94825970186724,26.26216064384078
8911,0,115.87211716085604,39.044531117825095
8913,0,114.8504454769434,38.02595325324427
8917,0,111.85646507699244,34.75007606609615
892,0,72.61769175031384,40.26422646188803
8921,0,116.71658923391132,39.838615422098265
8929,0,117.11531464121676,40.14258386983735
893,1,74.36168429958924,34.2103234485137
8931,0,116.03507023630634,39.119100716426026
8933,0,115.32567409880308,38.42174434945533
8934,0,74.84882861861682,12.903110900868535
8937,0,117.95065883119668,40.89526514145254
8938,0,77.52872603458883,23.092853286472764
8939,0,114.56599658539612,37.604762961572746
894,0,81.30624436203875,43.92873948005631
8940,1,79.96342976947862,28.916612942947243
8945,0,106.93769050566516,27.68750190635741
8946,0,79.02385745233077,26.785006594026235
8947,1,117.06803189371462,39.99963209738773
8949,0,112.93355706252522,35.787083768048056
895,1,82.27913893598479,28.10474629014638
8951,0,115.0419382757857,38.03186125607613
8953,0,114.76746279027886,37.75523771654235
8957,0,106.8417594931325,27.550224831523924
896,0,80.0482688535904,6.265497189362528
8961,1,117.50047968310702,40.42325500804716
8962,0,78.57284500096635,25.451483331760045
8963,0,115.53265015195132,38.47774871963068
8965,0,113.66974967269736,36.565908183823254
8968,0,74.88558457331935,12.727528737835716
8971,0,115.77153502318676,38.6872759377064
8975,1,116.72536550076012,39.53876409949679
8976,0,75.65883780516508,16.160598956945364
8977,0,116.10322802880452,38.99027759815345
8979,0,112.13745572208448,34.72487546771876
8981,1,112.86015173082616,35.51339985019909
8983,0,116.89546577493476,39.71221146134871
8987,0,116.48175829321188,39.30773679730671
8989,0,117.00586537052855,39.74856420247341
899,0,97.13668161290582,5.18427616163227
8991,0,106.59659739707544,26.845814909116584
8993,0,106.46266963058528,26.55981346897525
8994,0,75.40041415066106,14.797282480321211
8996,0,75.0344016308341,12.879191183542432
8997,0,117.14401562637008,39.860051402380016
8999,1,112.5745699999089,35.07641613973488
900,1,100.15740650153964,18.14094955032863
9007,0,116.4002876672664,39.10884098048572
9008,0,75.00950479918428,12.510305829091973
9009,0,114.9123684857218,37.62317267362419
9013,0,117.39515226065046,40.0447958208289
9015,0,115.524583579011,38.22701496044575
9017,0,115.2165137203799,37.91941520632547
9019,1,106.68094942493316,26.597458300998422
902,0,105.2057366252502,21.81617015113927
9020,0,75.63782226598866,15.43169741564328
9023,1,114.49402604691632,37.06197076226722
9025,1,112.428814895311,34.66751063343216
9027,0,112.19447966064908,34.52899110576431
9028,1,79.9139214315831,27.864240342730113
9029,1,110.78945557935656,32.627986853881445
903,0,103.20976203466124,13.1011674029628
9030,0,75.08355670075285,12.320334465408203
9033,1,110.81956033576822,32.841762310559474
9034,0,77.76850174671944,22.60850331248266
9035,0,112.43733922895112,34.82115543359654
9036,0,75.20025038744198,12.766496508321389
9037,0,116.08029277586384,38.68208447080448
9043,0,114.1939076235723,36.708497143933506
9047,0,114.76942224663998,37.35017115168802
905,1,127.08950583102975,37.80641938535432
9051,1,113.00945530830468,35.185279627130875
9052,0,75.6342263680892,14.617345151170973
9054,0,75.18386364344381,12.118371542737025
9055,0,117.28452097316948,39.72743041618326
906,1,120.66963468037952,24.16549106948354
9061,0,106.66582689540893,26.420326943712492
9064,1,75.56934323000831,13.936736218650038
9067,0,115.55481197710482,38.00650443659554
9069,0,117.06844429631414,39.35511583599027
907,1,130.4399850175482,33.60295783642212
9071,0,106.78133162012462,26.552729044928416
9073,1,112.76926006974097,34.90487405511331
9075,0,116.73109395176448,39.09736855532514
9076,0,79.33503529129976,26.14552916870603
9077,0,116.6384732077458,39.00828324606409
9078,0,77.36306289115011,20.732092335601937
908,1,120.34894554006362,15.91948204971172
9082,0,79.51020304052084,26.45985047552529
9083,0,114.54253437933036,36.874698662465974
9087,0,112.92794034508344,35.09107957076538
9089,0,114.50268630021108,36.783439416983974
909,0,138.51282003849693,-35.108049041016926
9091,0,116.10462322005375,38.44095904124989
9093,0,113.82104285553224,36.0709364339879
9095,1,111.48697295204964,33.31529585171154
9097,0,117.95708722783904,40.18130340724081
9099,0,114.210178030574,36.47256878059878
91,1,17.1999902600918,44.7858866180215
9100,1,75.69682358808122,13.84048101389256
9101,0,114.20988128700228,36.42393366720817
9105,1,112.4080773944494,34.410791854754365
9106,0,75.36603479146157,12.041574612831417
9107,1,114.4947100771922,36.60037028524445
9108,0,75.37367371565274,11.889404946512114
9109,1,112.75140632193327,34.7100156926345
911,0,176.8907292466165,-39.50898136169358
9112,0,75.38012771318223,11.978096136979092
9113,1,113.24187922722876,35.2396066559117
9115,0,112.68748604912624,34.624990042434455
9118,0,79.45529197978463,25.995978415681147
912,0,-122.0008840877626,36.9691560199041
9125,0,117.74784577531746,39.8820236372912
9127,1,117.19433194802838,39.123031793356205
9129,0,115.03275522080452,37.22008147104287
9131,1,111.49288944524328,33.12730311295213
9132,0,75.91980139177691,14.455979252632057
9133,1,112.85115402263804,34.67656164068859
9135,0,116.2634385100292,38.414597833121526
9137,0,114.40177335500935,36.470227604992026
9139,0,114.1449380613122,36.11963294734126
914,1,-122.31739158030076,49.05123606448692
9141,1,115.67774784228337,37.72838963374567
9147,0,113.0780342197922,34.92491663082112
9148,0,76.15456928751537,15.349309696393531
9149,1,112.97277881511836,34.75703658155414
915,1,-91.3794687357236,14.902601854383247
9150,0,75.51230276142851,11.753479537575856
9159,0,114.39162807545743,36.3598236050838
916,1,-89.18223855735953,13.713162831407054
9163,0,114.87176982908402,36.91618345361424
9165,0,114.47028002870346,36.460899650135495
9168,0,75.60283155453631,11.571747637815584
9169,0,117.0250080175413,39.06390337203007
917,1,-87.63785711752844,14.45613550625145
9174,1,77.31741955122149,19.150889301316536
9175,0,116.92771370939572,38.93339401931696
9177,0,112.47210209074362,34.151997540135184
918,0,-85.95765569586956,11.931247533802685
9181,0,115.5638427198036,37.54349091083245
9189,0,117.8526607971219,39.740363172668786
9191,1,114.35360470740872,36.0946211021277
9193,0,117.77747276121688,39.67055512288079
9195,0,113.41917211915832,35.110850619428476
9197,0,118.29772543471564,40.13898999210454
9199,0,114.94728591796874,36.75926922978471
9201,0,113.79683293009111,35.4605066596481
9205,0,114.17628069453332,35.88595117823042
9207,0,114.6849923811756,36.44617649527874
9209,0,114.59619133172184,36.33790909040616
9210,0,75.69806648725638,11.435989825089184
9211,1,113.191763739221,34.715051093781966
9213,0,113.64276836553005,35.25828718257597
9215,0,118.14368028658372,39.816996344667885
9217,0,113.2973221235602,34.81335502449189
9221,0,115.72726291186888,37.5111218470114
9223,1,111.84679934906713,33.06121172495672
9225,0,116.83964164197104,38.57856568604815
9227,0,113.02013439607155,34.46282935745617
9229,1,118.1833018762058,39.64336699559753
9230,1,75.98289838025808,11.147550584512324
9231,1,111.50412927930807,32.55142827574764
9233,1,113.02956929754193,34.37416835978116
9237,0,112.8427076999618,34.168592000897476
9239,0,113.87895380335814,35.38262791595284
9241,1,113.88519848863385,35.303357678633425
9243,0,113.3919818591897,34.777366159233125
9244,1,80.34200768633804,26.464467007249457
9245,0,114.37390176122268,35.92777910944081
925,0,-70.33844660289604,18.27530837038568
9251,0,117.63129429851814,39.00200084758322
9255,1,114.28785368115037,35.74877144994692
9269,0,114.1927421363394,35.61398893894336
9271,0,116.56165885205468,38.07788969310464
9277,1,113.67886517131464,34.75254509080273
9278,0,75.90796307906416,10.925541418404276
9279,0,114.9234074734258,36.35584571405132
928,0,-68.47293574220573,-33.07977922335228
9281,0,116.85492951033108,38.30138755628357
9282,0,79.8741091018892,25.29197408514372
9289,0,114.06834047500492,35.3987340063518
9290,1,76.11003485216946,11.637449934219886
9291,1,113.36093386460044,34.52629847804535
9294,0,78.75762447473198,22.18626946172561
9298,1,76.06659766922533,10.570257306569848
93,0,22.26715272256421,60.45261500131549
930,1,-55.85811142801058,-27.33651849536703
9303,0,116.25704491743716,37.6863692506439
9305,0,115.6772907983204,37.06718216648564
9307,0,115.95739923395172,37.35458422746316
9309,1,112.20992498137852,33.03965375770623
931,0,-55.95436833241816,-34.822015958502746
9313,0,118.70858442691384,40.000145638758546
9317,0,112.89070973986917,33.89568334942769
9319,1,111.67582585052082,32.38228854885444
9323,1,111.62474758561824,32.270537317252625
9325,0,116.52366476234717,37.88832455577358
9329,1,112.1005968663777,32.74868376213012
9330,0,76.9195748371574,15.14096230898291
9333,1,113.42069036171084,34.45380228293297
9335,0,115.28191122565796,36.541007846739454
9336,1,76.26119344092253,11.657052207949558
9337,0,113.94905002656633,35.049823910950614
9338,0,76.38275686164546,12.43451475005264
9341,1,128.88566455238552,47.72513512553642
9343,1,114.54467854309148,35.67979348425374
9347,0,112.90808625949414,33.7445623143075
9350,0,76.23536644465658,11.278211912934834
9351,1,116.31710791208371,37.45211350897926
9352,1,76.20614889433081,10.535939509542914
9353,0,115.15303567424915,36.282991067065566
9355,0,115.7204660644616,36.84902311922884
9358,1,76.22093463841767,10.970002847986263
9359,1,114.52745348755148,35.56321317268507
9360,0,76.19486893463898,10.801081491612353
9365,1,113.05151190706704,33.852459371173154
9369,1,114.903854268189,35.96273434860099
9371,0,116.0890052701946,37.216850292581704
9372,0,77.58938228831707,17.261360173774463
9373,0,114.19267735419038,35.1512979514362
9377,0,113.68574054470862,34.53751176331277
9379,1,113.2279436321287,33.97231905724341
938,0,-8.755004398551026,41.3711700583047
9380,0,76.21852732081221,10.350568458246586
9381,0,115.46469014255698,36.48549982631931
9382,0,76.27805599923887,10.772600726348903
9385,1,113.47437700229706,34.15759422236614
9386,1,76.33664324567512,9.99450251996202
9387,1,112.54316377496144,32.988505059880154
9388,1,78.09441833305175,18.677699904197265
939,0,-8.71804264121595,42.22400646981055
9390,1,76.63231026563317,12.314902895375637
9393,0,117.33003426659188,38.36407725705925
9395,1,115.99075428419798,36.975402244137385
9396,1,76.39857876088949,10.777663642888951
9397,0,126.57384513716076,45.92191462509254
9399,1,113.74139676992463,34.39296485309114
94,1,20.51088410173655,54.713073869792616
9401,0,114.00435065390666,34.71676123737343
9403,1,113.81159437484747,34.50416750089593
9404,1,76.45554357472577,10.990169175234874
9405,1,115.02998674443052,35.7587837833132
9407,0,118.6838272576785,39.50464006545342
9409,1,113.300772653533,33.739446072320014
941,1,-4.18485106323901,55.759971372982285
9410,1,79.06957217997986,21.14403261572934
9414,0,80.80703408099404,25.924124430965183
9417,0,116.79755447449855,37.63428240345766
9419,0,117.2192480937748,38.055998810145475
9420,0,76.33677228852814,9.491430608481163
9422,0,78.94592984662245,20.93144974227725
9425,0,114.4176377172479,35.04842841183575
9426,0,76.49088178667805,10.58859321316391
9427,1,116.55341936019684,37.33973571306107
9429,1,113.7986230000832,34.132838098659434
943,0,-1.9483088471866024,7.5771861963764895
9431,1,114.32988243034733,34.80615983978477
9433,1,112.35130869548844,32.51755917553636
944,0,-1.6377701182610591,49.64958141432331
9440,0,80.98241023871287,26.176765441798462
9441,1,116.44120625657688,37.165810036508375
9442,0,76.3965447916863,9.752052290783622
9445,0,126.64302956537514,45.71888196608802
9446,0,79.11403309312601,21.27676196314499
9448,1,76.89427628481828,12.522256909580689
9449,1,112.99753245121524,33.25096990552011
945,0,-0.5931669592798587,35.685429247960215
9450,1,76.70266720477747,11.40734042641092
9452,1,76.65473980034615,10.78143682829273
9453,1,114.66941720615506,35.19210039800036
9455,1,112.14342534774391,32.06995507854231
9456,0,78.08007360321837,17.607283437988645
9459,1,116.2347010088434,36.86307303109693
9462,1,77.11140186442638,13.342505173443518
9463,0,113.36014354770856,33.620678590209764
9464,1,76.58750407114155,9.008845062074077
9465,1,112.60822270987562,32.67357908685655
9469,0,115.6726963199667,36.248197349177374
9470,0,76.57819667487718,9.992814062609552
9471,1,114.68813035144994,35.12488858272735
9472,1,76.54720886619089,9.52490270877898
9473,0,112.92815149288916,33.05534895515039
9476,1,76.78626959397748,11.356215587246712
9477,0,119.16830029030928,39.70131367398124
948,0,3.012527961420066,6.889602222084019
9480,0,76.6151899976482,10.066538732284394
9481,1,115.98851983625462,36.4699826176933
9485,0,118.8985448969816,39.4151547167744
9487,0,117.20669663061712,37.73701114156529
9489,0,119.58956158509154,39.938954434035715
949,1,4.169997854261936,51.15097936171854
9491,0,114.43515420972636,34.74679104799828
9493,1,114.18219964033636,34.41814801178759
9494,0,76.54971643902958,9.259302106913037
9495,1,111.32608399308704,30.704428950810627
9499,1,112.83863116339612,32.68797364628256
95,0,21.15307194439036,55.69114459961212
950,0,4.640485156810466,52.38407441270328
9501,1,116.23664844081854,36.59990603171574
9503,1,115.77598954343463,36.1100608667784
9504,0,79.00974031116415,20.238950538321134
9506,0,78.9568868646818,20.051532648244592
9507,1,116.85506742887598,37.190156620503224
951,0,3.456698430424876,11.889542432472906
9510,1,76.98109641990817,11.005346241322815
9512,0,76.7150720694897,9.902861145519031
9513,1,116.64401400280748,36.93001852678006
9515,0,115.09974752375976,35.28637768873613
9516,0,76.67821109058089,9.710173359664717
9518,0,76.6164086467751,9.31738684212047
952,1,6.63308213546377,49.743063904887634
9521,0,121.13680162526946,41.117729262686055
9523,0,114.46752834727054,34.479589927017926
9524,1,78.46545220713598,17.42901125002236
9525,1,114.17621043682884,34.094071020719824
9526,0,76.93976219787376,11.29555052114279
9527,1,112.24974946089029,31.699295328099176
9529,1,113.61041810820711,33.436838573778495
953,1,7.452225459669813,46.949437393101995
9531,1,113.96053947291163,33.8166752628633
9532,0,77.20885772377504,12.655105285762344
9535,1,113.51435430458108,33.29943150706694
9537,1,115.8529668204485,35.98737965375103
9539,1,114.81227381036211,34.82476837185961
954,1,8.899183490652097,45.606716018663334
9542,0,78.14171763082584,16.7638893424159
9543,0,120.83730738369272,40.75534566761533
9545,1,115.52593773488678,35.56204845030276
9546,0,76.71271580227238,9.343805906064048
9547,0,117.1505718200186,37.30063262244091
9549,0,116.24886727136472,36.341421507595726
955,0,10.952179571236467,59.215084127672725
9553,0,117.60630652458455,37.74908682793748
9554,0,77.28211048207747,12.721588378664274
9556,1,76.72423208582507,9.134369132625713
9558,1,77.58239498926498,13.0082557154662
956,0,9.783228342441207,37.15754171577545
9561,0,116.77163035154152,36.80263239283661
9563,1,114.75707432558676,34.555827660720695
9565,1,112.75230929762492,32.12784244573126
9567,1,111.44774605678772,30.382591450720753
957,0,9.93536567219331,4.96033399157098
9570,1,77.01594562009862,10.661390345911654
9571,1,114.01348961807408,33.57685195611769
9572,0,76.7880988864806,9.265363576622688
9574,0,76.77553548663981,9.00203852565068
9576,0,80.83484280890241,24.574191719847356
9577,1,112.29847739601318,31.433661142138895
9579,1,115.4825792036853,35.24387992981012
958,1,15.200619642853372,59.27820302733862
9581,1,115.205511218496,35.01094044109821
9583,1,113.32358214514548,32.730435579997504
9585,0,117.51237072936104,37.479019697872715
9586,0,76.79515188594718,8.692213122938403
9587,1,114.39147081375047,34.05222079941375
959,1,15.76920469078938,50.03598275997582
9591,0,108.06306743522724,24.696258415204877
9592,0,77.54532527196568,13.282830889523217
9599,0,116.44628297948849,36.2777801242088
960,1,16.176723543493278,51.20624345334972
9602,1,79.29713439235942,19.972373355940288
9603,1,117.01428826003388,36.661441724350475
9604,1,78.91368015865409,18.788205177471436
9605,0,117.17674953938251,36.974522029308176
9607,0,116.09262560800656,35.79889421518174
961,1,15.43712449952088,47.05833215498931
9610,0,76.92154517120476,9.018039538327018
9611,1,114.01563246312185,33.381155299297134
9612,0,76.95892662687811,8.527313823305802
9613,1,111.75408146640224,30.431425697206436
9614,0,76.91890696899866,8.924571680362954
9615,1,112.2115555635211,31.040831378589992
9616,0,76.91398691310886,8.654001974519145
9617,1,115.95342579801724,35.58505562084172
9620,1,77.33888588275829,11.116629546172282
9621,0,116.5294482678579,36.20862620394679
9624,0,77.28316883895464,10.99808717730138
9626,0,79.3512609369372,19.852998061607902
9629,1,116.126312753232,35.71525509340958
9630,0,78.66436684639564,17.43571533730156
9631,1,115.15180186126352,34.644191127763825
9632,0,77.72559644832599,13.434185584542004
9633,0,109.9553667504542,27.547551256348857
9635,0,107.57730831454133,23.32632384912354
9637,0,125.29394079469746,43.8669037872034
9639,0,123.3894209382329,42.48496269133355
964,1,19.090496918271484,47.48750711363332
9643,1,115.06855703874388,34.42935384600869
9645,0,118.11970393224604,37.69502561720143
9646,1,77.43144262019173,11.451253247289266
9647,1,114.5339931678402,33.795109550038546
9649,0,114.00054653392462,33.14729358874917
9651,1,111.7737887125987,30.189692191813148
9655,0,116.70248713377256,36.21183493658464
9659,1,111.38734789741729,29.58895300783186
9661,0,116.44853799451744,35.935451461761446
9664,1,77.81590758501117,12.743617027995567
9666,1,79.12417438962505,18.439818042087364
9667,0,117.48199364223326,37.021493967751695
9668,0,77.08303240257493,8.4052219323972
967,1,21.25994059447852,48.716822581056356
9672,1,80.20210227166812,21.819987032477172
9673,0,130.25839279018348,47.30836250583173
9676,0,77.21614398041339,8.276536684303608
9677,1,115.54747441563327,34.84190520583266
9679,1,114.84598729278036,34.059944817263116
968,1,20.66027469361145,44.86506769388198
9681,0,117.99053536135096,37.47845211494507
9683,0,116.765701866941,36.18345164262466
9684,0,77.35142131406627,10.005357357334796
9685,1,114.02876706319346,32.97333917691725
9687,1,112.58009522752344,31.170256892000193
9689,1,114.26167334898868,33.27379292499053
969,1,18.846499353061542,-34.102149555214496
9692,1,82.06124906926048,26.24471816113956
9693,1,117.9831987772256,37.382632503104496
9695,0,116.0735358379812,35.38954864060461
9698,0,77.9286256597813,12.992030802471104
9699,0,123.55127461597192,42.45476044191948
97,1,19.664360036572333,46.09879538652782
9703,1,114.6378752149718,33.606105303416136
9705,1,115.31249374946596,34.44941905936958
9707,1,116.4757351218868,35.722757547038285
971,1,24.233861299984532,50.39090315881349
9710,1,80.19742727861828,21.45570317569731
9712,0,77.2996053005885,8.955450022709668
9714,1,81.82579976796342,25.437893273002693
9715,1,112.23616929358904,30.32542746376699
9716,1,77.71168630083969,11.370115904876542
9720,1,77.48001441516423,10.020349611505283
9723,1,117.7560657847327,36.895700268217155
9724,0,77.53182910266007,10.45272728724085
9725,1,117.51561179808697,36.68835480761832
9727,1,115.90737259867922,34.94763192477516
973,0,30.942093717455624,59.95784657133802
9731,1,117.1093441611042,36.179855026161995
9732,0,81.85228477073254,25.539903943273607
9733,1,114.86628063416634,33.73568924858828
9735,1,111.75835310224004,29.64460625404177
9736,1,79.45844643237474,18.87816892526111
9739,1,116.37525626380648,35.41948006288541
974,0,28.333653926774566,54.097823337361945
9740,1,77.8202757630022,11.79804153624168
9746,0,79.38064195202037,18.610161424063133
9747,1,114.35395157948076,32.99745905259154
9749,1,113.3982625792724,31.709495476635265
975,0,24.01308643236616,35.51040753076809
9752,1,79.4847701284745,18.748223794805416
9756,0,77.32820876604801,8.204997645161788
9757,0,118.49900204666254,37.48516833087406
9759,1,115.30218686664207,34.08379319918458
9760,1,77.4169606388165,8.710355102393185
9761,1,115.63757926227836,34.41868489758899
9763,1,116.79374454629765,35.76277505894046
9767,0,118.14359369988794,37.15278403983437
9769,1,112.2333057967375,30.059842332329637
9770,0,78.12699828377939,13.13103846437918
9773,0,117.84004763546196,36.80602727084389
9774,1,82.11814503459904,25.401172610066435
9778,1,77.57189579461614,9.45047788964529
9779,1,123.39432581700902,41.80082903616357
9780,0,77.422922847578,8.173077244266544
9781,1,116.61499883393004,35.42038428590514
9785,1,116.28943374608696,35.068066153970655
9786,1,77.88952203338843,11.380774949480958
9787,1,114.90401088522344,33.42173278203135
9789,0,111.47376793387136,28.898005384583374
979,0,27.839380571745256,-21.98088358573395
9791,1,116.08863489491657,34.79286188902785
9792,0,78.55568080711183,14.750743487165984
9793,1,111.68708888256468,29.032961407723175
9794,1,78.20314317716449,12.991542238260298
9795,1,116.80699499156746,35.55791103490996
9797,0,118.0903848314246,36.95652557798465
9800,1,78.12935535051818,11.660680629351992
9801,1,117.99544082760296,36.71384229298841
9804,1,78.21431957509222,12.524515312285876
9805,1,114.6153358921421,32.959351905224366
9806,1,77.6936133558438,8.718460101934467
9808,0,82.54021377147603,26.434146926368204
9810,1,78.15068112261913,12.120522495498385
9813,1,115.19024827604362,33.648406619089286
9814,1,79.57502822801145,17.987108488658215
9815,0,108.28301024007224,23.156621028528814
9816,0,82.20966675880861,25.656559787924007
9817,1,115.834207395129,34.39293704755982
9818,0,79.27039879043434,17.058124817066517
9822,0,82.65074981781635,26.545373483947262
9828,1,77.80165184639294,9.453313385297252
9829,1,116.97976066068296,35.59112930616264
9831,1,114.07540577232538,32.125191003140976
9836,0,78.07698089667493,10.962374455525785
9839,1,115.08435934446524,33.38799950494883
984,1,31.243611405238468,3.4620980748310344
9843,1,108.30539013870128,22.825471363886123
9844,0,81.36146542408619,23.30125608326428
9845,0,122.24888481028816,40.67306045296143
9847,1,115.48739647562788,33.868505196433894
9848,1,78.18464830052342,11.46343037392412
9849,0,110.5789671449522,27.061897175066395
985,0,34.911465769127986,32.44126312178012
9850,1,78.16870976074955,11.225168705221646
9851,0,118.4091663794362,37.04285009875886
9852,0,77.87335222974603,9.171619841499876
9853,0,117.67138737029542,36.21386172416205
9857,0,126.9470889990387,44.4119987707384
9859,1,118.2595923548966,36.79627301130195
9860,1,82.41047540542321,25.312079529177897
9861,1,116.94717382614574,35.403799435810285
9865,1,112.16834646306144,29.413865117128033
9866,0,77.91584604267744,9.350443825865131
9867,1,112.88935404278966,30.421720801637985
9870,0,77.98884693978749,9.82748404660138
9872,0,77.96097303645965,9.588505240350774
9873,1,113.14119845640718,30.656944408924925
9875,1,112.4108902400052,29.72100210595113
9879,0,123.8661377782752,41.8707294192701
9880,1,78.11271500462217,9.920158815487856
9881,0,122.9858099171198,41.13719338767211
9883,1,113.81750995275276,31.61290642166557
9887,0,117.25178754497428,35.66027941454814
9889,0,116.64525535103895,35.00387532493329
989,0,35.865862539830204,33.820342277010376
9891,0,108.34347970528016,22.72984735476307
9892,1,78.56557875627304,12.493993008448244
9893,0,118.5202998052611,36.98981818301831
9895,0,111.9571463332307,28.912653766529345
9896,0,83.0718952131399,26.779139427458293
9899,0,123.18352625681908,41.24507395422832
99,0,24.734131892767465,59.42367428383165
9903,0,108.44257026607308,22.810765886122045
9904,1,78.62324476914306,12.682903579921645
9906,0,78.10639981356911,9.51214070596156
9907,0,117.81148597512504,36.09587772466008
9908,0,82.67824247834123,25.757281475239488
9909,1,115.77370022393885,33.85696499660615
9915,0,122.5092397100186,40.62808557244771
9917,0,108.47928614743124,22.76070894606267
9918,1,78.71012260119976,12.79336037694608
9919,0,122.1372029750563,40.272922516845505
9921,0,126.5535075778048,43.851857868927866
9923,1,116.1395985435466,34.22443327885103
9925,1,114.00511905408564,31.619795414873217
9926,0,82.57264048476678,25.389179944175385
9927,1,111.31232660157929,27.73800265515721
993,1,35.31992818431993,-15.401925230917657
9931,0,112.39547707365772,29.37068065039819
9933,1,116.34102691477676,34.42650706424346
9934,0,82.57326183815792,25.14578132748011
9935,1,115.3604274658598,33.26540759855839
9936,0,83.23737136849371,26.74416718733286
9937,1,114.95394174400764,32.755224436954734
9938,0,78.11364801735223,8.566981568605286
9939,1,109.38806479554329,24.3143866224746
994,1,34.76963610312777,-0.0875370914275054
9941,0,108.80676191660004,23.228686359830665
9943,1,116.60358873400835,34.698892065329474
9951,0,122.34910838586826,40.39922605340199
9952,0,81.02963973073413,21.09561183619098
9953,0,117.72794797852644,35.89116384440317
9954,1,78.87057797094064,12.94534812244948
9955,1,113.57025466011244,30.94322002445087
9957,1,112.56425734885111,29.5296764983865
9959,1,118.49524718025548,36.699777343181154
9963,1,115.25782264439788,33.06203709455022
9967,0,116.9903073022265,35.02423957728136
9968,0,83.3873792061593,26.762561821028143
9969,0,111.42055360707852,27.694676283773944
9971,1,118.75902868821714,36.8691658231471
9972,0,83.5612432524425,27.14361394527921
9973,1,114.12064696528316,31.570614072754648
9975,1,114.7412800182937,32.351993824387655
9977,1,116.90329986677504,34.86996516517522
9978,1,78.71608431208249,10.791658656067478
9979,1,113.74323475434466,31.031299889745593
9981,1,117.16157719397115,35.08190657282554
9983,1,112.89809999898308,29.826180897957677
9984,0,83.18257049397921,26.067034758295534
9989,1,113.97601530623147,31.247826351699956
9993,0,116.89712158965312,34.80475964616892
9995,1,118.54359907390852,36.5077858718586
9996,1,81.37035179235961,21.205647532603013
9997,0,123.4213273713848,41.13012087894131
9999,1,116.91897636026272,34.73867284619631
