uc_id,un_sdg_reg,wb_income,n_dhd_hot,p_failure,mean_t2m,mean_wetbulb,mean_vpd_pct,mean_rzsm_pct,mean_tc_aet_mm,mean_tc_def_mm,mean_water_support_ratio,ahe_night_wm2,ahe_annual_wm2,ventilation_obstruction_index,built_surface_fraction_2020,mean_building_height_2020,road_density_2024,lcz_compact_share_2025,lcz_natural_share_2025,green_cover_mean_2020
1000,Northern Africa and Western Asia,Upper Middle,12,0.6666666666666666,26.651225802103664,18.426457666051686,95.28985507246377,9.057971014492752,4.733333333333333,178.99166666666667,0.02583241252621625,,,-0.6298841381630252,0.2612861666666666,6.370931999,0.009094056,5.447,10.769,0.380484048
10001,Eastern and South-Eastern Asia,Upper Middle,17,0.4117647058823529,26.174654673940886,23.969333559669074,93.60613810741688,8.184143222506393,75.91764705882352,90.9529411764706,0.47867723349307406,2.992918959054957,2.564479874346193,-3.703643355135751,0.1195368505747126,4.616431795,0.00186872,8.537,51.441,0.388595031
10003,Eastern and South-Eastern Asia,Upper Middle,20,0.55,28.05994521182522,24.924066329986967,95.0,10.0,59.29,101.59,0.3776626003483089,11.232679022926703,9.59806209640737,2.1685298906060364,0.2124102394366197,8.959090083,0.005611709,8.296,12.706,0.368480997
10006,Central and Southern Asia,Lower Middle,24,0.2916666666666667,28.338106770116156,22.651962591029726,93.4782608695652,9.601449275362318,66.5,114.5625,0.38059081248550625,0.985766581381448,1.0730353747446228,-1.8060997307630844,0.1513905957446808,5.342547509,0.009779513,6.792,14.634,0.456737019
10008,Central and Southern Asia,Lower Middle,16,0.4375,30.62339034672364,24.247820859830156,94.02173913043478,9.782608695652174,87.65625,102.025,0.5045943265957777,,,-1.2545371670255292,0.1558719028871391,5.201715877,0.011595006,13.868,32.114000000000004,0.307412642
10019,Eastern and South-Eastern Asia,Upper Middle,24,0.75,26.727318673349384,23.85295359606714,94.7463768115942,10.326086956521738,64.30833333333334,103.8125,0.40037165997978413,3.455223254253452,2.955902811589227,5.797784269422819,0.278930625,9.436091716,0.008092998,21.19,4.984000000000001,0.273646776
10023,Eastern and South-Eastern Asia,Upper Middle,21,0.5238095238095238,25.908563491520518,23.322411328603742,93.7888198757764,8.902691511387165,105.16190476190476,49.54761904761905,0.6912411008150714,13.730341457840597,11.732109506709728,1.1812010209113069,0.208665,10.46419008,0.008030679,5.536,15.53,0.40750933
10027,Eastern and South-Eastern Asia,Upper Middle,23,0.6521739130434783,28.755847006602973,24.94901196829585,95.27410207939509,8.884688090737239,85.83478260869565,85.8304347826087,0.5229518506808777,5.8756460742160685,5.019838895176875,-0.8868564727283625,0.1591075263157894,7.74284821,0.008915694,3.774,22.386,0.341590243
10029,Eastern and South-Eastern Asia,Upper Middle,21,0.5714285714285714,27.39627884333633,24.830566177070896,94.20289855072464,10.351966873706003,69.19047619047619,83.07142857142857,0.46571480072690075,2.57866832366295,2.203557150801543,1.5674143770727331,0.1969360526315789,7.842838642,0.0049377,8.623,8.709999999999999,0.367200179
10041,Eastern and South-Eastern Asia,Upper Middle,20,0.55,27.627715624109168,24.014132702306668,94.78260869565217,10.434782608695652,93.39,84.38000000000001,0.5386057216796504,2.4532078776226425,2.096482049570625,1.7696227518347274,0.2196179718309859,10.65579214,0.004977887,4.477,7.624,0.365487804
10043,Eastern and South-Eastern Asia,Upper Middle,17,0.6470588235294118,25.988546255884994,23.796960995793118,92.58312020460357,8.43989769820972,77.23529411764706,87.8529411764706,0.4983833790736436,6.6228866994354165,5.6760154141425705,0.9769994026085453,0.2155982105263157,6.291784136,0.008840761,9.52,19.610000000000003,0.330990603
10050,Central and Southern Asia,Lower Middle,31,0.41935483870967744,28.61477811678,23.848525597056955,93.40813464235625,9.957924263674613,40.76129032258065,150.2774193548387,0.2172550591493379,2.072763305930672,2.2475494626832155,-1.4585482577844129,0.1867156666666666,5.479922736,0.019055176,5.492,11.07,0.45020195
10051,Eastern and South-Eastern Asia,Upper Middle,17,0.7647058823529411,26.523061978767625,23.658486838070818,93.60613810741688,9.207161125319693,85.36470588235295,82.69411764705883,0.5365734385447748,0.945899500991836,0.8086717784856278,1.8254407461078115,0.2098890344827586,7.815388347,0.003483032,11.201,15.964,0.321978966
10052,Central and Southern Asia,Lower Middle,30,0.26666666666666666,28.54720384675319,24.143324795867564,94.63768115942028,10.144927536231883,48.583333333333336,141.73333333333332,0.2595175627366371,3.2799436381450113,3.5520035318150627,-1.7206578305686515,0.1797401923076923,5.394963092,0.01339608,6.589,9.092,0.453662455
10053,Eastern and South-Eastern Asia,Upper Middle,20,0.3,27.92946193548348,25.217497316072887,93.47826086956522,9.782608695652174,65.865,88.83000000000001,0.4354231461137751,6.219042008945624,5.313641990172783,-0.43913696032102517,0.1510254719101123,6.062969214,0.002102491,2.851,17.36,0.369467169
10060,Central and Southern Asia,Lower Middle,29,0.1724137931034483,28.81862321017415,22.977901478459938,94.4527736131934,9.89505247376312,66.83793103448276,114.46896551724139,0.37954174130756135,0.6700205056076891,0.7317280146105136,-2.531453084989829,0.1320504383561644,5.206690041,0.007482817,4.124,24.795,0.446460914
10073,Eastern and South-Eastern Asia,Upper Middle,13,0.6923076923076923,25.61028221417901,23.61332022403174,94.98327759197325,8.695652173913043,116.23076923076923,43.400000000000006,0.741588297158809,9.299383986851817,7.974555008756981,3.996374166667138,0.2844910808510638,9.953573026,0.009438585,10.743,6.9799999999999995,0.276643815
10075,Eastern and South-Eastern Asia,Upper Middle,23,0.5217391304347826,27.231213686763045,24.374448297040832,92.43856332703213,9.640831758034025,76.55217391304348,84.58260869565218,0.4816013461699426,10.450391685002922,8.942182449835965,1.8307193878824717,0.2193612702702702,6.615700969,0.00384859,10.196,7.32,0.369185527
10079,Eastern and South-Eastern Asia,Upper Middle,17,0.5294117647058824,25.87068180694203,23.756698999030792,92.58312020460359,8.43989769820972,78.62352941176471,84.2529411764706,0.5116371754288851,9.017981625314718,7.728806681993506,2.1385727445929015,0.2187099827586207,8.185101683,0.008666378,12.026,11.243,0.301591792
10091,Eastern and South-Eastern Asia,Upper Middle,24,0.375,26.401891546538405,23.896210676034055,94.56521739130436,11.231884057971014,83.29166666666667,81.24166666666667,0.5306414268443986,11.623688712431012,9.9470957611073,3.238869818224346,0.2381015294117647,7.938108257,0.005287749,13.1,15.089000000000002,0.302565929
10093,Eastern and South-Eastern Asia,Upper Middle,22,0.5909090909090909,28.21097075243476,24.076394205820375,94.0711462450593,10.079051383399209,107.11363636363636,70.27727272727272,0.6236072751471127,21.286313448825055,18.199551559361836,3.9563958465396865,0.26061728125,12.644539,0.005129406,4.8100000000000005,4.08,0.312396851
10099,Eastern and South-Eastern Asia,Upper Middle,20,0.6,26.866518463703407,24.273609060879338,94.78260869565217,10.434782608695652,72.68,93.625,0.4580642879363285,6.907089435467053,5.910009294622043,2.5470592058356742,0.2414248291457286,8.759693961,0.006712572,6.090999999999999,8.77,0.306813932
101,Europe,Upper Middle,18,0.3888888888888889,23.75127661066655,19.191834658974773,92.99516908212561,9.903381642512077,33.455555555555556,131.21666666666667,0.2180874449395318,,,-0.2987117751965991,0.2046065882352941,6.044930876,0.019675557,13.406,12.490999999999998,0.412212502
10101,Eastern and South-Eastern Asia,Upper Middle,24,0.5416666666666666,28.804605381354293,25.21442239255495,94.20289855072464,10.144927536231883,68.09166666666667,100.70416666666667,0.42062086796266285,5.902384235917194,5.042407453690984,1.6482486388121091,0.1812868646616541,12.03097856,0.005981966,7.742,30.404000000000003,0.304388665
10103,Eastern and South-Eastern Asia,Upper Middle,23,0.5652173913043478,27.021402516572408,24.511335603544058,91.87145557655954,10.396975425330812,74.56521739130434,87.63913043478261,0.47493551108655496,17.97898135297933,15.384847333447777,1.994738755525071,0.2133204137931034,7.922535604,0.003974205,12.197,13.71,0.320467645
10106,Central and Southern Asia,Lower Middle,31,0.4838709677419355,28.70238051589774,23.075248729910516,91.86535764375876,10.93969144460028,79.03548387096775,94.97096774193548,0.49730143049087994,,,-5.53526716857575,0.0442596696428571,2.847371768,0.003270215,1.075,43.307,0.480503252
10115,Eastern and South-Eastern Asia,Upper Middle,23,0.4782608695652174,26.952338001590366,24.196248758259575,93.19470699432891,10.775047258979205,73.29130434782608,89.90869565217392,0.4639524098626404,11.99261337070522,10.261777186579693,2.9816312011733266,0.2423728965517241,8.376349066,0.003681508,10.695,7.739999999999999,0.312786896
10125,Eastern and South-Eastern Asia,Upper Middle,15,0.26666666666666666,25.318001537611018,23.517251239751204,93.6231884057971,8.115942028985508,81.23333333333333,77.64666666666668,0.5387071640025084,7.367096785954073,6.314035979769077,2.927384124856607,0.2204431944444444,7.72539496,0.004691516,18.0,15.85,0.284779546
10127,Eastern and South-Eastern Asia,Upper Middle,19,0.5789473684210527,26.37433433189094,23.915788367087554,94.96567505720823,10.068649885583524,85.62105263157895,78.29473684210527,0.5471110163631415,1.3351432855598784,1.142111585768418,1.4170355128718874,0.2008988862275449,7.170135055,0.003294626,16.468,16.224,0.278045091
10129,Eastern and South-Eastern Asia,Upper Middle,17,0.35294117647058826,26.547481818639966,23.906478581392612,95.14066496163683,9.974424552429667,82.25294117647059,85.4235294117647,0.5161761590553696,3.1548535612141086,2.7006474685240285,4.378217008379454,0.2384654827586207,6.940408526,0.004284905,34.566,6.4110000000000005,0.282278443
1013,Central and Southern Asia,Lower Middle,18,0.5,20.37110163126238,18.80542080591548,92.27053140096618,11.352657004830917,50.82222222222222,106.7,0.3351396520510326,0.8613724825602116,0.9247906996113204,-3.5001453334634705,0.1308107142857142,4.990117735,0.002483083,5.427,10.032,0.431184444
10131,Eastern and South-Eastern Asia,Upper Middle,18,0.5,28.25654100888502,25.758251983590014,93.47826086956522,9.178743961352657,71.55555555555556,85.0888888888889,0.4625582547437166,23.614203154077995,20.178337100092836,3.6106526134851897,0.2125692396373057,13.9056717,0.009117859,8.029,17.841,0.31534021
10132,Central and Southern Asia,Lower Middle,24,0.5416666666666666,29.046380913055582,24.027023152924258,93.65942028985508,9.96376811594203,47.45416666666667,142.20833333333334,0.2607223296516758,3.22469894982325,3.4925538672168392,-1.668765136451722,0.1912097796610169,5.859083397,0.016906886,4.362,8.463,0.450752337
10143,Eastern and South-Eastern Asia,Upper Middle,16,0.75,26.35147159896176,23.8975805547806,94.56521739130434,9.51086956521739,81.5125,80.3375,0.5342908544440003,34.01987143363598,29.157121687401993,3.3141133939161818,0.2500742131782946,9.491966553,0.006332507,11.175,9.358,0.264316353
1015,Central and Southern Asia,Lower Middle,27,0.48148148148148145,25.372298131789005,23.171536293104207,94.36392914653786,9.66183574879227,144.66666666666666,14.266666666666666,0.9243513499380847,,,-1.3034707927103004,0.1609292258064516,4.999397165,0.01660517,9.562,32.964,0.422013255
10157,Eastern and South-Eastern Asia,Upper Middle,27,0.5555555555555556,28.690919159397975,24.564293881340777,92.27053140096619,11.43317230273752,100.54074074074073,74.6962962962963,0.58886661181405,7.078863350766766,6.047746833269754,2.5168381779795714,0.2364687826086956,10.13712439,0.005648658,4.154,9.146,0.350059484
10160,Central and Southern Asia,Lower Middle,22,0.36363636363636365,31.10190601644121,19.639896623787788,91.30434782608695,10.474308300395256,66.69090909090909,140.53181818181818,0.3381559639331258,,,-0.5473153850745527,0.1888515060240964,6.255431805,0.013384548,12.766,15.805,0.375436038
10161,Eastern and South-Eastern Asia,Upper Middle,23,0.7391304347826086,26.778579149611343,24.241745659830546,95.27410207939509,10.775047258979205,78.99565217391304,85.29565217391304,0.5040738901316206,3.9470344545916967,3.376773757953767,1.4676020437380413,0.2139438928571428,7.218261527,0.0046811,7.518,12.573,0.327718285
10162,Central and Southern Asia,Lower Middle,17,0.4117647058823529,31.121188766761097,24.08635959952757,93.60613810741688,10.997442455242966,35.964705882352945,169.74705882352941,0.18025670346347947,,,-1.4499324951596562,0.1585935,6.91380212,0.007875328,2.264,11.366,0.490612027
10169,Eastern and South-Eastern Asia,Upper Middle,12,0.25,25.625011469783022,23.748048537464594,96.37681159420289,9.420289855072463,112.625,48.36666666666667,0.7213326537582717,11.679115233450323,10.01602135697634,0.718175444654618,0.2050943253968254,6.803940365,0.003812233,9.345,23.398999999999997,0.321430313
10171,Eastern and South-Eastern Asia,Upper Middle,16,0.75,25.57592510155272,23.787796451132248,92.1195652173913,8.695652173913043,84.43125,74.33125000000001,0.5618182965092527,1.1200255789272937,0.9590922090782724,4.0706657672328825,0.2600002105263158,8.425575301,0.007284141,16.565,7.431,0.2787418
10176,Central and Southern Asia,Lower Middle,15,0.3333333333333333,30.64645329584052,24.256854575104658,94.4927536231884,8.98550724637681,64.72666666666667,121.52666666666667,0.3754019634325177,,,1.3251982034424499,0.2175084805194805,6.955590652,0.019434105,20.117,26.831,0.351898827
10180,Central and Southern Asia,Lower Middle,28,0.25,29.475426078329274,23.415427318445207,94.72049689440995,9.316770186335404,70.07142857142857,116.53928571428571,0.3894872020956796,4.840528405101599,5.240229007222603,-2.38331128353699,0.1364008571428571,4.693374379,0.008037727,5.38,22.714,0.46979827
10189,Eastern and South-Eastern Asia,Upper Middle,25,0.36,28.92778454997927,24.642686589689657,94.78260869565219,9.217391304347824,83.484,94.544,0.48755956015126506,0.8510107273403505,0.7259846332642419,-1.529116874999362,0.1284734303797468,5.272577243,0.008318868,3.361,24.167,0.399311975
10190,Central and Southern Asia,Lower Middle,31,0.3225806451612903,29.731866873464295,24.03304103337913,94.81065918653577,9.81767180925666,61.92903225806452,122.46451612903226,0.34655542423028135,1.6201172882302073,1.75863293532718,-1.867501703557872,0.1542651951219512,5.451627668,0.008370948,3.174,20.949,0.488424964
10195,Eastern and South-Eastern Asia,Upper Middle,16,0.375,26.134888768196138,24.011262391024708,93.47826086956522,9.51086956521739,88.1875,71.44375000000001,0.5839815118563435,0.5550655239312347,0.47458411500216,2.7779794481586597,0.2373920789473684,7.370660832,0.003931921,11.415,9.397,0.254926801
10199,Eastern and South-Eastern Asia,Upper Middle,13,0.3076923076923077,25.117423687661436,23.612947776782182,94.64882943143813,8.361204013377925,100.83846153846154,54.93846153846154,0.6737659782308303,6.730260941646961,5.768410070577218,3.767795695680388,0.275501958986731,8.439582515,0.008208327,14.393,16.859,0.276856526
10204,Central and Southern Asia,Lower Middle,25,0.36,29.100259486159285,24.170556269370834,93.7391304347826,10.26086956521739,58.912,118.72,0.3395850925070251,4.3445069178301665,4.703007038109409,-2.2018728730036354,0.1600825227272727,5.280502568,0.012347167,3.213,9.576,0.523400512
10207,Eastern and South-Eastern Asia,Upper Middle,25,0.6,27.24313167751542,24.44030888781276,93.91304347826087,10.608695652173912,82.604,78.596,0.5220790426197881,7.1511839830751995,6.1187367832752635,5.006898521077066,0.2482000454545454,9.552518549,0.014213305,24.846,5.593,0.319035851
10208,Central and Southern Asia,Lower Middle,26,0.19230769230769232,29.461552847348763,23.41892912508875,95.81939799331104,9.698996655518394,67.8423076923077,115.50384615384615,0.3829561398359745,3.41249360461331,3.696215575345657,-0.9510340262503358,0.177758375,5.393095462,0.012877891,8.239,15.203,0.472070411
10210,Central and Southern Asia,Lower Middle,27,0.2962962962962963,29.529812405005064,23.883283167191234,93.71980676328502,10.305958132045088,68.57777777777778,116.67407407407408,0.37887874237895536,2.1262058615625254,2.3055905637996705,-4.5303923256979814,0.10600325,4.223200023,0.014149012,1.764,4.514,0.527000643
10211,Eastern and South-Eastern Asia,Upper Middle,23,0.6521739130434783,26.70080697432811,24.41808372930622,93.57277882797733,10.396975425330812,84.19130434782609,76.79130434782608,0.5466558061387424,1.8690945869509936,1.5988502072429491,3.3186834137346706,0.2482315641025641,7.441083392,0.003515049,15.544,10.671,0.309937998
10217,Eastern and South-Eastern Asia,Upper Middle,20,0.45,26.709118049409675,24.33506518657978,95.0,8.91304347826087,80.11,78.875,0.511886736964281,2.9144694627552705,2.4930684522265443,5.43195885603084,0.2628338461538461,9.835323133,0.005007057,17.05,3.406,0.248158856
10220,Central and Southern Asia,Lower Middle,28,0.25,29.620101533617312,24.07480972310134,94.56521739130436,9.782608695652174,65.83571428571429,112.21785714285716,0.3808211786166999,2.3637766640980646,2.5624669717029915,-2.542540630265617,0.1329512105263157,4.78321482,0.011566628,0.876,15.004,0.531897242
10224,Central and Southern Asia,Lower Middle,15,0.26666666666666666,30.602668895798104,24.750954147334717,95.36231884057972,8.405797101449275,50.553333333333335,141.93333333333334,0.28228444527369506,,,1.6277933353001872,0.2152626608695652,8.373725415,0.015947584,20.148,23.36,0.349100449
10227,Eastern and South-Eastern Asia,Upper Middle,24,0.5416666666666666,28.398738728897513,25.10277684995317,94.0217391304348,9.057971014492752,68.09583333333333,104.55833333333334,0.3992998315629162,1.1992578455659793,1.0237315017378303,0.21466419030015188,0.1634153225806451,9.789504104,0.002964076,3.57,17.597,0.406662685
10229,Eastern and South-Eastern Asia,Upper Middle,26,0.5769230769230769,29.30547736358767,24.64873462530509,93.47826086956522,11.036789297658864,95.47307692307693,82.38461538461539,0.554599665939107,14.186517747037206,12.120254612308534,4.088292900309248,0.2578072269503546,13.12080292,0.011196066,5.715,10.221,0.351163739
10235,Eastern and South-Eastern Asia,Upper Middle,14,0.6428571428571429,25.361107492307873,23.732299056556894,94.40993788819875,8.695652173913043,89.66428571428571,68.6,0.5947140474229273,8.617518149271378,7.385678479709739,2.46831041068219,0.2396199830508474,7.324173113,0.004918063,12.18,13.47,0.296322402
10237,Eastern and South-Eastern Asia,Upper Middle,21,0.5238095238095238,26.388480045001636,24.01039181237006,94.824016563147,9.523809523809524,87.95714285714287,73.77142857142857,0.5728852216133308,13.062017821952644,11.183411528055403,2.4110869929743157,0.23025515625,7.808197727,0.006018611,11.356,11.207,0.301664508
10239,Eastern and South-Eastern Asia,Upper Middle,18,0.5555555555555556,26.565519177927918,24.67608205855636,93.47826086956522,8.937198067632849,77.57777777777778,81.70555555555556,0.4941165468330544,14.366417385989672,12.29392540003644,2.5286762565353396,0.2044339545454545,8.056172486,0.009220397,10.403,6.321,0.356149636
10244,Central and Southern Asia,Lower Middle,29,0.3793103448275862,29.49412888955185,24.28969727696407,94.15292353823088,10.194902548725636,66.54827586206896,118.45862068965518,0.3687084844929795,1.8604223610538908,2.018471469375991,-4.805817172548713,0.0713107,3.638372972,0.008265428,0.367,34.604000000000006,0.449170412
10249,Eastern and South-Eastern Asia,Upper Middle,21,0.3333333333333333,27.180444709203595,24.99283621783168,93.99585921325051,9.937888198757763,75.0142857142857,82.11904761904762,0.4815381761447067,8.244622649799107,7.047608074120723,5.259084328632325,0.2628834375,7.806343073,0.012047203,28.495,7.631,0.323136348
1025,Eastern and South-Eastern Asia,High income,12,0.4166666666666667,23.2591306504749,21.941053915135655,96.01449275362319,9.782608695652174,111.45833333333333,2.2583333333333333,0.9803851844756489,6.587614999516809,5.150706714885178,0.6931133294644738,0.14063803125,11.27983159,0.010178754,17.095,35.722,0.371695017
10253,Eastern and South-Eastern Asia,Upper Middle,10,0.4,24.98505099942609,23.664047277355806,94.34782608695653,9.565217391304348,107.44000000000001,45.05,0.7136213495054974,1.4689512946898589,1.2585464166433535,2.440281872855484,0.2390331724137931,8.577110766,0.004238571,12.547,23.897,0.269054743
1026,Eastern and South-Eastern Asia,High income,34,0.3235294117647059,25.63571855591246,23.807584550772926,94.37340153452685,9.462915601023017,106.35588235294118,42.63823529411765,0.7161676472181031,,,-0.019980795456590483,0.2047264,7.82679019,0.012743241,4.6129999999999995,6.383000000000001,0.383843276
10262,Central and Southern Asia,Lower Middle,30,0.36666666666666664,29.405015511285715,24.247683422980064,94.05797101449275,11.014492753623188,67.24666666666667,117.11333333333333,0.37232132106103466,0.3871478157981727,0.4257175981960434,-3.354356315383097,0.1209974285714285,4.094810348,0.007935398,0.0,20.563,0.532300848
10266,Central and Southern Asia,Lower Middle,27,0.25925925925925924,29.643585155212836,23.927797386586704,95.00805152979066,9.822866344605474,66.57037037037037,122.87407407407409,0.36092161161975894,1.2051296294982323,1.3102126080720229,-2.080104889758186,0.14141765625,5.081544425,0.01085502,3.165,15.992,0.447782686
1027,Eastern and South-Eastern Asia,High income,25,0.52,26.076540265201793,24.559467555833677,93.7391304347826,10.434782608695652,111.236,30.572000000000003,0.788169933868853,24.634992338953747,19.18044144960708,5.245266920599486,0.2421362654639175,12.32492383,0.0171063,17.432,12.796,0.296518021
10271,Eastern and South-Eastern Asia,Upper Middle,24,0.4166666666666667,27.771808182492,24.97203070456619,94.92753623188406,9.239130434782608,83.87916666666668,89.19583333333333,0.4936618814462505,1.8781281458698895,1.604778881174603,3.9721477666788654,0.2434987647058823,9.896660278,0.002040107,12.506,5.354,0.304451309
1028,Eastern and South-Eastern Asia,Lower Middle,14,0.42857142857142855,20.682303357628147,19.930502070776665,95.3416149068323,8.695652173913043,92.36428571428571,26.935714285714287,0.7886939228500603,,,-0.43709832525443204,0.1486961904761904,9.958458248,0.011682294,16.358,46.01,0.59564207
10281,Eastern and South-Eastern Asia,Upper Middle,12,0.5833333333333334,25.865309165112407,24.374935543980826,94.56521739130436,9.420289855072463,106.17500000000001,50.28333333333333,0.6896977163961419,7.265272216436512,6.229692844896281,2.5893124332026116,0.2320009937106918,7.825761426,0.004280258,18.58,24.072999999999997,0.278920675
10283,Eastern and South-Eastern Asia,Upper Middle,14,0.42857142857142855,25.612620826981814,24.27484070141446,93.47826086956522,9.937888198757763,107.97857142857143,47.08571428571428,0.7216820271238881,7.758759819027996,6.652695270148265,1.2128195081229611,0.206548994117647,7.083798126,0.003669689,13.09,23.805,0.287017187
10286,Central and Southern Asia,Lower Middle,30,0.2,28.708600849575433,23.25309596748933,93.33333333333333,10.144927536231883,88.51666666666667,85.7,0.5403681339612375,,,-4.883861091050623,0.0565959044117647,3.301841743,0.005873836,1.687,40.42699999999999,0.44255891
1029,Australia and New Zealand,High income,18,0.7222222222222222,19.316365273900637,13.775216046540843,94.92753623188406,10.869565217391305,14.344444444444443,188.20555555555555,0.08863986622945637,,,1.9322349233839065,0.2809940486815416,7.485446517,0.018336429,9.454999999999998,8.419,0.305148464
10296,Central and Southern Asia,Lower Middle,23,0.34782608695652173,29.302230790587096,24.927345799744067,94.13988657844992,10.775047258979205,57.95217391304348,121.76956521739132,0.3289558374258227,3.517017300628164,3.8091492239134337,-2.9381662966063193,0.1287604,4.844587603,0.008105386,0.818,16.651,0.534190628
103,Europe,Upper Middle,20,0.6,19.324423830032377,14.610122880783127,94.1304347826087,9.130434782608695,42.089999999999996,120.04,0.2640305122594098,3.529204416545864,7.333979652984409,0.0662811132184572,0.2156995454545454,6.787506288,0.016452744,10.362,10.532,0.445486093
10300,Central and Southern Asia,Lower Middle,22,0.4090909090909091,29.72577497280273,24.302981154723508,96.44268774703556,8.893280632411066,58.972727272727276,137.04090909090908,0.3099435781302271,,,1.6187785134198482,0.206676177756654,7.249135794,0.015274266,19.447999999999997,13.281,0.365426876
10305,Eastern and South-Eastern Asia,Upper Middle,14,0.5,26.23517945484769,24.266882785436586,95.65217391304348,8.695652173913043,79.59285714285716,81.21428571428571,0.5249330012753749,11.351500764120956,9.728355949352762,-0.058752901111625566,0.1807442166666666,6.778574039,0.00316927,4.09,21.880000000000003,0.293680834
10306,Central and Southern Asia,Lower Middle,24,0.4583333333333333,29.173993516659483,23.432981172315767,93.29710144927536,9.239130434782608,74.58333333333333,103.1375,0.4676617648813235,,,-7.447270430206034,0.0389520205357142,2.577035939,0.003797064,0.151,68.608,0.362837142
1031,Australia and New Zealand,High income,15,0.3333333333333333,16.759491666716322,15.179197379408413,93.04347826086956,11.304347826086957,70.0,75.53999999999999,0.49304876678411486,,,1.7285837417186047,0.359838275,8.594952865,0.017895036,0.277,15.544,0.49741628
10313,Eastern and South-Eastern Asia,Upper Middle,14,0.6428571428571429,26.107387544238403,24.201898420606515,95.03105590062113,8.695652173913043,78.78571428571429,82.70000000000002,0.5174263568629911,8.820091004018211,7.5591272534354,2.0276150811256564,0.2560029047619047,6.848243097,0.0007256,7.054,3.85,0.358182777
10314,Central and Southern Asia,Lower Middle,23,0.391304347826087,29.574772096716867,24.2176234010685,95.46313799621929,9.829867674858223,64.67826086956522,121.71739130434783,0.3569158393766592,4.688092836537728,5.075261366504754,-3.1010462487169264,0.1300281333333333,4.985532046,0.010874547,6.309,18.709000000000003,0.469198983
10319,Eastern and South-Eastern Asia,Upper Middle,21,0.5714285714285714,26.929423683841247,24.6537006357893,94.61697722567288,9.730848861283643,83.82380952380953,76.46190476190476,0.5320683869564291,1.2688852650364917,1.0856597522824936,1.6147099418254418,0.2247404090909091,6.296689527,0.004428474,14.407,5.121,0.319216964
1032,Northern America,High income,7,0.14285714285714285,18.038979683015214,14.584015571353058,91.30434782608695,12.422360248447204,5.171428571428572,120.32857142857142,0.041811015401230486,0.3398551690890367,0.2526624668116272,1.6361096387981706,0.2555004150943396,7.306465112,0.028953544,12.378,20.597,0.282898426
10321,Eastern and South-Eastern Asia,Upper Middle,19,0.631578947368421,28.214569229848802,25.67286851311281,93.82151029748285,9.610983981693364,73.65263157894738,89.64736842105263,0.4561873285678126,7.61938266003537,6.510295534885958,1.4634879359885429,0.1961314403669724,10.56734637,0.004592022,7.324,24.631,0.313732839
10323,Eastern and South-Eastern Asia,Upper Middle,20,0.5,29.596992764980307,24.639152288985347,94.34782608695653,9.565217391304348,99.51,83.36,0.5644477219898514,19.068813071361365,16.291547341136624,1.8216651210282448,0.2166906894409938,11.12744425,0.00593189,5.121,11.828,0.406989505
10325,Eastern and South-Eastern Asia,Upper Middle,21,0.5714285714285714,25.96800028952748,24.773476815023255,92.54658385093168,10.559006211180124,126.9952380952381,20.823809523809523,0.8756343442345621,,,1.8699008793262863,0.2135616776859504,9.347092894,0.005602361,5.513999999999999,6.746,0.349454636
10333,Eastern and South-Eastern Asia,Upper Middle,14,0.42857142857142855,25.740787479545496,24.12334755746924,93.47826086956522,8.695652173913043,94.26428571428572,62.73571428571428,0.6314447543034991,6.505389143040614,5.574773158782834,5.561372121939126,0.2872634285714285,8.142306653,0.00388302,23.963,7.723000000000001,0.277813406
10335,Eastern and South-Eastern Asia,Upper Middle,26,0.6153846153846154,29.224547123375068,24.340027720679238,93.47826086956522,10.535117056856187,98.13461538461539,75.04230769230769,0.588780880339425,39.27793419542993,33.55922267194373,2.0826805902702077,0.2210870724637681,10.0317287,0.009186097,5.165,8.482,0.376497996
1034,Northern America,High income,18,0.16666666666666666,22.79377005756767,15.109624826009261,94.44444444444444,9.66183574879227,17.633333333333333,144.86666666666667,0.11465555999258223,,,-0.8690652918288627,0.2319409393939394,7.662845223,0.014478317,0.5670000000000001,21.646,0.357001935
10345,Eastern and South-Eastern Asia,Upper Middle,13,0.7692307692307693,25.28364349010023,23.813998232504737,93.97993311036788,6.688963210702341,103.38461538461539,50.76923076923077,0.6974632727353759,10.895557238892705,9.338758788675266,4.144905875619087,0.26818025,7.847327951,0.005253218,15.145,12.481,0.278219039
1035,Latin America and the Caribbean,Upper Middle,18,0.5555555555555556,14.60332826186591,12.066752068345224,96.1352657004831,10.144927536231883,77.63333333333334,55.96666666666667,0.6177399943937865,,,-5.775513931330478,0.1159075714285714,5.691783713,0.004277864,1.242,70.24,0.574372809
10361,Eastern and South-Eastern Asia,Upper Middle,12,0.3333333333333333,25.684311799781863,24.32148188430436,94.92753623188406,9.782608695652174,113.95,40.625,0.7516776271624517,,,3.7006055188947102,0.2625341513157895,8.640384589,0.004401089,14.85,17.745999999999995,0.234628587
10368,Central and Southern Asia,Lower Middle,12,0.3333333333333333,30.33934077957804,24.55957981908182,95.28985507246377,6.884057971014492,65.35000000000001,125.81666666666666,0.37060192952804877,,,-2.4424072287307212,0.1545862195121951,6.160380175,0.014188191,5.63,31.198,0.424607504
10369,Eastern and South-Eastern Asia,Upper Middle,18,0.6666666666666666,26.525317467583577,24.377769476498653,93.47826086956522,9.178743961352657,74.61111111111111,87.01666666666667,0.47748681739756105,1.2002419557742698,1.026528149966516,3.9585088177496734,0.2561109166666667,8.074700928,0.003301905,16.744,11.723,0.284471462
10383,Eastern and South-Eastern Asia,Upper Middle,22,0.6363636363636364,26.362632396004436,24.27041587004826,94.0711462450593,9.683794466403162,84.80454545454546,77.00454545454545,0.5404551928735444,0.9420123637877976,0.8051380173910461,3.0754850862924323,0.231697619047619,7.832058028,0.003954352,19.159,20.693,0.288024769
10395,Eastern and South-Eastern Asia,Upper Middle,15,0.6,26.153554674784388,24.325556261251734,94.78260869565217,8.98550724637681,90.16000000000001,68.06666666666666,0.5986530054875573,6.513251761476056,5.581575648889906,3.1123789579515266,0.2511374905660377,7.683972862,0.00510492,11.794,9.236,0.264341458
10397,Eastern and South-Eastern Asia,Upper Middle,19,0.2631578947368421,28.20195708272855,25.66627684283685,92.90617848970251,8.695652173913043,75.8578947368421,87.1842105263158,0.4735739613691831,2.296591335367871,1.9617380236472468,0.6584559115995346,0.1855053619631901,10.88628965,0.005091155,4.9399999999999995,26.955,0.344354942
10399,Eastern and South-Eastern Asia,Upper Middle,21,0.47619047619047616,26.434862886353812,24.484218256804482,94.61697722567288,10.144927536231885,94.4047619047619,66.20952380952382,0.608001943847955,1.667228484423082,1.428110650356468,3.0182601784874494,0.2429450447761194,7.783274154,0.00469489,11.366,10.961,0.307918188
104,Europe,High income,24,0.75,21.93408659141703,16.687124698021773,94.92753623188406,9.96376811594203,33.07083333333333,132.02083333333334,0.21323077796265033,,,-0.20477842722137218,0.2356996111111111,8.168911659,0.014678974,5.463,14.911,0.403652814
10403,Eastern and South-Eastern Asia,Upper Middle,15,0.5333333333333333,27.48900718545955,25.126296763802568,95.36231884057972,10.144927536231883,79.62666666666668,78.58666666666666,0.5123870180269035,14.566074887833478,12.465165573077991,1.1109032702239485,0.1867629345238095,9.11297277,0.00416978,8.711,19.515,0.339321896
10413,Eastern and South-Eastern Asia,Upper Middle,17,0.5882352941176471,27.08860835433722,24.83661167606139,93.35038363171356,9.207161125319693,76.53529411764707,86.01764705882353,0.48311443792221925,1.183103214465552,1.0113918732780602,0.4429177358989909,0.1977890444444444,7.544720505,0.005372304,1.905,19.416,0.309615474
10415,Eastern and South-Eastern Asia,Upper Middle,23,0.43478260869565216,27.80161852612539,24.35870585803485,93.95085066162572,10.586011342155007,98.27826086956522,72.57826086956523,0.5973464778308398,0.9460590795440076,0.8072686448356666,0.912348555451965,0.1662922954545454,11.0032143,0.005621548,7.857,23.572999999999997,0.422578501
10425,Eastern and South-Eastern Asia,Upper Middle,19,0.47368421052631576,27.318594721743956,25.018019701423317,92.44851258581235,8.924485125858123,73.86842105263158,88.26842105263158,0.46088065848916476,2.0196328095801257,1.7254177504471755,3.3309024437977937,0.2093579565217391,9.554755859,0.003751112,12.313,8.177,0.33957
10427,Eastern and South-Eastern Asia,Upper Middle,21,0.14285714285714285,27.26615858330301,24.16931291293161,95.03105590062111,9.937888198757763,97.14761904761905,77.64285714285714,0.5658198874443015,0.4487757730538358,0.3823256285826888,-3.1769207076514867,0.090527,4.505866133,0.001400422,2.157,8.569999999999999,0.477841664
10441,Eastern and South-Eastern Asia,Upper Middle,9,0.2222222222222222,22.67202605650711,21.78009158907775,95.65217391304347,9.66183574879227,100.23333333333333,18.51111111111111,0.8519817980129506,,,1.3080418840772583,0.1915509540229885,10.31941881,0.004715456,9.966,29.052,0.211744273
10444,Central and Southern Asia,Lower Middle,23,0.30434782608695654,29.216817135274884,23.49313735361856,93.57277882797733,9.45179584120983,69.68695652173913,109.93478260869566,0.42547110800572896,,,-7.447260088702775,0.0378451643625192,2.517941261,0.004959171,0.073,68.132,0.387956367
10447,Eastern and South-Eastern Asia,Upper Middle,17,0.47058823529411764,27.36186034079163,24.962082790859608,93.86189258312021,9.974424552429667,77.2764705882353,83.20588235294117,0.49087853728027503,16.897032049846143,14.46044487911464,1.468567347960263,0.2037911119402985,9.70803387,0.006213749,4.497,25.007,0.308941024
10449,Eastern and South-Eastern Asia,Upper Middle,9,0.7777777777777778,25.89724716323072,24.225506304961726,94.68599033816425,9.66183574879227,92.66666666666667,57.53333333333333,0.6311443564312199,,,4.07247689815535,0.2485941256366723,11.62395025,0.008266615,9.428,10.451,0.21763403
10453,Eastern and South-Eastern Asia,Upper Middle,20,0.25,25.656090717526478,23.411220507796774,94.34782608695653,10.217391304347824,107.505,51.06,0.6763672437120724,,,-0.5711637523558017,0.1376247125,6.501765294,0.003486614,3.844,10.067999999999998,0.397043824
10457,Eastern and South-Eastern Asia,Upper Middle,19,0.5263157894736842,26.473556574507985,24.59838077517,94.73684210526316,9.610983981693364,93.7578947368421,61.12105263157895,0.6257369054323036,0.7935060537880533,0.6791005383510088,0.5734103809607839,0.2214914517766497,7.011741796,0.022292935,2.233,20.008000000000003,0.316234915
10463,Eastern and South-Eastern Asia,Upper Middle,19,0.5263157894736842,28.805892123058538,24.262661600637962,94.96567505720823,9.382151029748282,93.76842105263158,91.69473684210527,0.5173042799545423,6.780697971936111,5.792796523901562,1.5598445785125379,0.2033010222222222,10.53001694,0.003709974,9.148,15.723,0.408264262
10464,Central and Southern Asia,Lower Middle,13,0.23076923076923078,29.93635622775393,25.506247429490017,92.97658862876254,8.02675585284281,49.47692307692308,140.15384615384616,0.2670201345067849,,,-3.89058013469261,0.1359625909090909,5.395853233,0.010660983,1.479,43.927,0.446467074
10466,Central and Southern Asia,Lower Middle,13,0.23076923076923078,30.137574050271343,25.972803286871507,92.97658862876254,8.695652173913043,58.52307692307692,136.3153846153846,0.3188364520112632,,,-2.4631610291616353,0.1556142962962963,6.125101936,0.013079681,4.58,35.758,0.471362935
10471,Eastern and South-Eastern Asia,Upper Middle,15,0.6666666666666666,25.936421714195877,24.3100561360839,93.6231884057971,8.405797101449275,102.45333333333333,51.44666666666667,0.6926595323701681,1.2666766643523808,1.0849530000635772,3.1923510260500345,0.241212914893617,8.508090346,0.007064699,16.203,10.097,0.295907746
10475,Eastern and South-Eastern Asia,Upper Middle,21,0.38095238095238093,27.892443385210566,24.29490057176941,94.20289855072464,10.351966873706003,104.33333333333333,70.91904761904762,0.6152861437180964,0.4730958749141637,0.4031271433669843,-0.2734322587048841,0.1790836129032258,6.676558788,0.003643927,1.502,5.149,0.451650373
10481,Eastern and South-Eastern Asia,Upper Middle,23,0.6956521739130435,26.980249950247742,24.587343054911802,95.0850661625709,10.207939508506616,79.07826086956521,84.88695652173914,0.4902353513670332,1.5742905676356151,1.3464218730534157,0.40655327792097384,0.1846760593220339,7.607545429,0.007049504,4.793,14.524,0.304315226
10489,Eastern and South-Eastern Asia,Upper Middle,24,0.5833333333333334,29.425173300788533,24.16049020249967,94.7463768115942,9.420289855072463,83.96666666666667,95.70833333333333,0.4941041493742955,1.5690814977556489,1.3395518174830217,-0.17347711970418334,0.1225173333333333,7.305308908,0.004460398,3.28,13.983,0.41623702
10493,Eastern and South-Eastern Asia,Upper Middle,19,0.42105263157894735,28.1295136866164,23.830391812209918,94.50800915331808,9.610983981693364,95.35789473684211,87.4421052631579,0.530906049162056,5.901686718655424,5.0418959410323545,-1.6421866531364941,0.1086490636363636,4.940031518,0.001037452,0.748,11.436999999999998,0.49525009
10495,Eastern and South-Eastern Asia,Upper Middle,21,0.42857142857142855,26.543863723391603,24.673146804237657,93.58178053830227,9.316770186335404,92.5142857142857,66.78571428571429,0.5968854678546119,8.02605488606597,6.87166348049389,5.443638272228864,0.2773165217391304,7.890680228,0.00548872,19.652,2.49,0.276716403
1050,Latin America and the Caribbean,Upper Middle,33,0.5151515151515151,25.88614659629152,22.22676983808768,94.07114624505928,9.486166007905139,77.01212121212122,90.94848484848485,0.46929658471783187,,,-1.4061680837807398,0.2448257641509434,6.69158804,0.01625457,3.934,15.24,0.486605466
10502,Central and Southern Asia,Lower Middle,23,0.5652173913043478,29.26166829740038,24.120714288455677,94.8960302457467,9.45179584120983,71.41304347826087,105.61304347826086,0.4484892827767182,,,-7.020492654136659,0.044867920502092,2.654908673,0.005423073,0.1,61.297,0.39348385
10509,Eastern and South-Eastern Asia,Upper Middle,18,0.5,27.55396724469736,25.213305291594363,93.47826086956522,8.454106280193237,72.79444444444445,92.1,0.44875231002103405,10.984608018476132,9.390116116583169,5.6249294207028235,0.25374436,9.803110789,0.004829012,17.130000000000003,0.933,0.328716536
10513,Eastern and South-Eastern Asia,Upper Middle,20,0.4,27.660679569378726,23.932413779067954,93.47826086956522,9.782608695652174,103.32000000000001,72.81,0.5952725737302628,3.029078128938734,2.587441199554097,0.48182576508147956,0.1726925333333333,7.482298334,0.00419212,6.571,6.037,0.44928287
10524,Central and Southern Asia,Lower Middle,16,0.4375,29.772083668219732,25.752073458461545,91.84782608695652,10.326086956521738,53.625,136.54375000000002,0.28882535463579906,,,-2.236050535438906,0.1654639452054794,6.691806238,0.012964338,5.561,27.796000000000003,0.385918899
10527,Eastern and South-Eastern Asia,Upper Middle,21,0.42857142857142855,28.163628557969894,25.797668657163495,93.58178053830227,10.351966873706003,80.58571428571429,88.76190476190476,0.4841029450916486,,,2.623317548410654,0.2088587619047619,9.685009186,0.004937489,10.739,15.648,0.282477034
1053,Sub-Saharan Africa,Lower Middle,17,0.8823529411764706,22.868150982972253,16.50381336458784,93.60613810741688,9.974424552429667,32.741176470588236,145.42352941176472,0.1920423888501835,,,1.3836788360566503,0.2349829259259259,6.053239835,0.009869177,19.193,31.995,0.316872076
10535,Eastern and South-Eastern Asia,Upper Middle,20,0.4,28.141462564468405,24.266681413691472,95.0,9.782608695652174,91.155,89.37,0.5133881789312221,1.6533415829772868,1.4117681046514556,2.491573781042871,0.234576652173913,9.116040108,0.004274987,10.328,4.839,0.388212545
10545,Eastern and South-Eastern Asia,Upper Middle,21,0.42857142857142855,26.650758552318393,24.937125028657274,93.99585921325053,9.523809523809524,102.56666666666668,52.41428571428572,0.6794479835205051,11.88377352899214,10.18403444249892,0.029744570453632962,0.1936519705882353,5.699671805,0.011028679,6.014,22.344,0.35137173
10546,Central and Southern Asia,Lower Middle,29,0.3103448275862069,28.88580135614549,23.646497918890443,93.55322338830584,9.89505247376312,74.84827586206896,98.35862068965517,0.47500511109063953,,,-6.1276298076865885,0.0366708355555555,2.514668805,0.004743733,0.056,50.155,0.391487416
10553,Eastern and South-Eastern Asia,Upper Middle,20,0.45,27.651621244264724,24.406744115090895,92.82608695652173,9.999999999999998,102.175,69.38,0.606736415622212,1.358849795058618,1.160026374687399,1.9819671531374512,0.218767091954023,10.9041995,0.003637791,8.143,12.387,0.409729875
10557,Eastern and South-Eastern Asia,Upper Middle,15,0.7333333333333333,27.194512741452183,25.266775582778603,93.91304347826086,10.434782608695652,80.32,81.08,0.5112148174604798,1.0302680471249488,0.8803776806964917,0.7707375953584596,0.1894429642857142,6.599880966,0.004606546,5.221,18.46,0.310774432
10565,Eastern and South-Eastern Asia,Upper Middle,20,0.6,27.068344898142396,25.182570153227246,93.04347826086956,9.565217391304348,98.97,54.985,0.6605845745419223,7.474258091147223,6.398846246039011,2.4524640482343725,0.2326055238095238,9.185965365,0.006125843,4.822,14.23,0.328651915
10573,Eastern and South-Eastern Asia,Upper Middle,18,0.5555555555555556,25.83163275845545,24.17707512329095,93.96135265700484,8.937198067632849,106.93333333333334,44.80555555555556,0.7202388003457914,1.1108378000813808,0.9509645585607356,1.6731567963200662,0.2335489770114942,8.639449333,0.005364932,2.885,14.65,0.319767328
10576,Central and Southern Asia,Lower Middle,23,0.5217391304347826,28.9306553252214,24.177416723259903,95.46313799621929,8.884688090737239,75.23478260869565,97.02608695652174,0.48533827170318494,,,-5.554746654733306,0.0466122043588123,2.772239842,0.003885394,0.683,44.21800000000001,0.4037179
1058,Europe,High income,15,0.6666666666666666,19.70654285041763,16.986303172920866,92.46376811594203,9.855072463768115,36.68,100.56666666666666,0.27927592355136277,,,-0.21003854336008396,0.1873075432098765,8.212307191,0.017804799,8.106,17.874999999999996,0.434371377
10580,Central and Southern Asia,Lower Middle,31,0.3548387096774194,28.321880268994942,24.389982318930127,93.40813464235625,10.37868162692847,100.41935483870968,65.80967741935484,0.64168293527586,,,-6.667766784213457,0.0474533303571428,3.153580493,0.004483756,0.878,60.92399999999999,0.426698312
10581,Eastern and South-Eastern Asia,Upper Middle,21,0.23809523809523808,27.193916602361792,24.620413224931035,92.54658385093168,8.902691511387165,74.12380952380953,95.72857142857143,0.4407663667211578,0.511423574413163,0.4360366710621124,1.3727754879246343,0.1710762857142857,6.841080844,0.005153705,5.283,10.173,0.355932643
10586,Central and Southern Asia,Lower Middle,24,0.5416666666666666,29.23081541239465,24.25842890523313,95.10869565217392,9.239130434782608,73.57083333333334,106.5125,0.4574531177499952,,,0.10574045453015102,0.1769620458015267,6.656033291,0.012933346,21.461,37.156000000000006,0.338497374
106,Europe,Lower Middle,18,0.8888888888888888,18.068877579031255,15.22037154518383,95.89371980676329,9.903381642512077,37.87777777777777,102.1888888888889,0.28073225508419014,,,-1.6598446268642002,0.21849603125,7.550399922,0.019556769,1.405,13.879,0.498858424
10601,Eastern and South-Eastern Asia,Upper Middle,21,0.42857142857142855,27.262300019037177,24.582631477930548,92.96066252587991,10.351966873706003,106.07619047619048,67.88571428571429,0.6149574964625057,0.487139222451104,0.4154034471741105,0.20117201990661865,0.1897500625,7.925944365,0.004309969,4.116,11.265,0.406773927
1061,Europe,High income,17,0.4117647058823529,13.232802536354303,11.995996386988082,96.9309462915601,7.1611253196930935,66.88235294117646,22.78235294117647,0.7666323867176814,,,-2.4186616932200793,0.2237498636363636,6.615865247,0.022335841,0.477,22.858,0.514867139
10611,Eastern and South-Eastern Asia,Upper Middle,19,0.42105263157894735,28.35537706479266,25.95748507895214,93.13501144164759,8.695652173913043,81.88947368421053,87.1421052631579,0.48751652009978524,,,0.12805232656985643,0.1624751914893617,7.11432524,0.003631422,8.184999999999999,23.784999999999997,0.284972798
10623,Eastern and South-Eastern Asia,Upper Middle,25,0.6,28.216411865234395,24.04494479027028,94.78260869565219,10.434782608695652,95.16,81.072,0.5655915867402918,2.5285397418936433,2.159553110418094,4.063538495204408,0.2426741764705882,11.36348299,0.007223473,10.95,4.962,0.363153672
10627,Eastern and South-Eastern Asia,Upper Middle,20,0.6,26.58636535335238,25.001005421403654,93.69565217391305,8.478260869565217,103.04,48.815000000000005,0.6934728459560058,1.3647385347269907,1.1690565141145968,2.0902840426884772,0.2461815272727272,8.201102959,0.007883606,5.678,12.774,0.312872898
10628,Central and Southern Asia,Lower Middle,30,0.36666666666666664,28.246173107147236,24.547765079432722,92.7536231884058,9.855072463768115,89.76333333333334,76.17333333333335,0.5801370644421074,,,-5.994060661423717,0.04923555,2.904332329,0.00456303,0.448,51.907,0.44663262
10629,Eastern and South-Eastern Asia,Upper Middle,18,0.6666666666666666,27.863899949621143,25.113978681475587,94.92753623188406,9.66183574879227,79.75555555555556,83.51666666666667,0.49203366543815846,22.194404962704407,18.99211065879556,2.4811658571012005,0.2393680198019802,10.07401157,0.009018158,6.45,8.123,0.283906153
10642,Central and Southern Asia,Lower Middle,21,0.38095238095238093,29.97169686033018,23.509013679109277,93.16770186335404,11.594202898550723,74.31428571428572,117.23333333333333,0.4227091423115973,,,-4.062744606486392,0.112795,4.598261821,0.009113747,7.504,50.148,0.340718915
10645,Eastern and South-Eastern Asia,Upper Middle,21,0.5714285714285714,26.969626962412935,23.1968329067866,94.824016563147,8.902691511387165,95.16666666666667,75.78571428571429,0.5746498326876617,9.626614901102464,8.22587623640252,2.5402981278261176,0.2186458148148148,13.56336997,0.008061378,7.813999999999999,16.336,0.405950964
10647,Eastern and South-Eastern Asia,Upper Middle,16,0.5625,26.084813279105767,24.606144188382853,94.02173913043478,8.967391304347826,108.5125,43.0375,0.7362305754870487,11.643654462615396,9.979370779104464,2.2088673679492095,0.2393839166666666,7.764296038,0.004445761,12.222,15.645,0.294409361
10651,Eastern and South-Eastern Asia,Upper Middle,17,0.4117647058823529,26.585218681698557,25.67469094408724,94.37340153452685,8.43989769820972,124.9,33.86470588235294,0.8035433029511991,,,1.6881123766449808,0.1992608977272727,9.468399247,0.007392331,8.008,6.539000000000001,0.358929391
10657,Eastern and South-Eastern Asia,Upper Middle,16,0.625,24.82085557789869,23.65489801612221,92.11956521739131,10.326086956521738,88.98750000000001,53.38125,0.6310006126347506,,,4.670237729233305,0.2158677758620689,8.543055353,0.006765741,23.488,9.956,0.238430179
10659,Eastern and South-Eastern Asia,Upper Middle,17,0.5294117647058824,27.559866905212424,24.92503254360716,95.14066496163683,9.207161125319693,90.38823529411764,74.87058823529412,0.551198412734121,7.00285436113018,5.991992552016308,1.7696793274942657,0.2354839629629629,8.039192917,0.005762726,6.57,4.584,0.285835892
10663,Eastern and South-Eastern Asia,Upper Middle,21,0.42857142857142855,27.785200424320628,24.882855929687004,92.33954451345755,10.144927536231885,110.27142857142859,59.37619047619048,0.6528823346701933,3.148725589907429,2.6910457635021108,0.44270755260711364,0.1672397567567567,8.913378951,0.004940695,5.0600000000000005,15.563,0.355398136
10674,Central and Southern Asia,Lower Middle,28,0.39285714285714285,29.11597804246947,24.41793571143025,93.63354037267081,10.093167701863353,81.37857142857142,94.23571428571428,0.5143215972601741,,,-6.2954285912890064,0.0654072012987013,3.417463672,0.003331655,1.307,58.743,0.364360668
10689,Eastern and South-Eastern Asia,Upper Middle,19,0.2631578947368421,28.018572175647602,25.66399478132075,93.36384439359269,10.297482837528603,86.33684210526316,81.48947368421052,0.5170439742454055,1.2611993346557793,1.077856029865296,1.2411034447876916,0.1949893461538461,7.535615593,0.004194345,10.802,15.680999999999996,0.364647647
1069,Europe,High income,23,0.782608695652174,18.20994742516054,15.229865700313608,94.32892249527411,9.829867674858223,42.91304347826087,86.80434782608695,0.3527430545121851,,,-0.17874530998753013,0.2183897737003058,8.438267737,0.015669728,3.831,32.083,0.368735716
10704,Central and Southern Asia,Lower Middle,31,0.5806451612903226,28.202842562025882,24.444261314226033,92.42636746143059,10.37868162692847,82.38387096774194,81.30322580645162,0.5455589740114284,,,-4.694474820537042,0.0851766953642384,4.012767862,0.007485684,3.4179999999999997,42.056,0.407003431
10705,Eastern and South-Eastern Asia,Upper Middle,18,0.5555555555555556,26.04681021696605,24.59312944872682,94.20289855072464,9.661835748792269,97.39444444444445,52.33888888888889,0.6692352909638397,4.8173998121868715,4.127697990552122,3.2221567712204795,0.2494128333333333,7.93535289,0.004910563,14.193,10.514,0.293277141
10711,Eastern and South-Eastern Asia,Upper Middle,15,0.4,26.71041054591428,24.640498426541864,94.4927536231884,8.695652173913043,93.56,72.44666666666667,0.5672659904122308,1.0914021140611865,0.9326773448962802,2.4653871947627333,0.2251917222222222,8.299436776,0.005653057,11.973,7.578,0.32491556
10715,Eastern and South-Eastern Asia,Upper Middle,21,0.7619047619047619,26.452779735919073,24.868132466587266,92.96066252587991,9.109730848861282,108.60476190476192,39.780952380952385,0.7472633490341533,1.886675048396532,1.6156944684604513,2.08818128783573,0.2285628965517241,9.016436732,0.006566199,6.907,9.498,0.31375785
1072,Europe,High income,27,0.5555555555555556,18.68411663196709,15.102870080138533,94.68599033816426,9.822866344605474,45.2962962962963,83.97777777777777,0.364154617106425,,,0.6206486969294529,0.2276402631578947,8.917607267,0.018101001,6.086,22.334000000000003,0.420430302
10721,Eastern and South-Eastern Asia,Upper Middle,19,0.5263157894736842,28.511796047232277,26.099312821865713,95.19450800915331,8.924485125858123,87.1842105263158,83.83157894736841,0.5141276752618099,,,2.5401950248054144,0.2213944747474747,11.91802494,0.006658601,5.993,20.269,0.254200813
10723,Eastern and South-Eastern Asia,Upper Middle,25,0.56,27.992759159397483,24.817183202340374,93.39130434782608,11.304347826086955,104.46800000000002,68.58,0.6013099381647484,0.5388020009727592,0.4593005335147436,1.8564923095098065,0.20802,9.269520385,0.005889065,7.187,19.943,0.337161986
10725,Eastern and South-Eastern Asia,Upper Middle,18,0.6666666666666666,27.007490116379188,24.627899797691825,94.20289855072464,9.178743961352657,104.71111111111112,62.09444444444445,0.6354264538442537,1.4050234112052074,1.2011842920661573,3.372857106627759,0.2699837037037037,8.641230291,0.005634346,3.647,2.832,0.293769593
1073,Europe,High income,31,0.7419354838709677,18.852760614537083,15.60136254709666,93.54838709677419,9.67741935483871,54.15483870967742,90.0,0.3883701444772788,,,0.11294071483743237,0.2132253235294117,10.40103141,0.026960922,4.307,21.397,0.511890485
10733,Eastern and South-Eastern Asia,Upper Middle,18,0.4444444444444444,26.183061526822037,24.677676502070693,93.47826086956522,9.903381642512077,87.76666666666668,61.400000000000006,0.6074658862836366,0.9272589112179248,0.7936532938336589,2.5696953632219275,0.2321660769230769,7.620926606,0.003972846,12.558,14.147,0.276289841
10734,Central and Southern Asia,Lower Middle,27,0.4444444444444444,27.958342349184797,24.111237520400486,92.4315619967794,9.983896940418678,83.9962962962963,82.70370370370371,0.5382104363817086,,,-2.612379032532213,0.1019888974358974,4.144408717,0.006203785,2.803,18.126,0.425982967
1074,Europe,High income,20,0.55,20.51050977684114,17.630636766545027,92.3913043478261,9.565217391304348,31.22,120.60499999999999,0.20701370955333168,,,3.091090355375264,0.1862258775510204,12.5679445,0.021754048,9.919,15.07,0.374154728
10741,Eastern and South-Eastern Asia,Upper Middle,20,0.35,26.034217358940555,24.478910880813363,93.47826086956522,9.347826086956522,102.525,45.385000000000005,0.709259482014159,2.6444017711019554,2.2655825817629247,2.9809473920826517,0.2492135555555555,8.156221172,0.003137167,10.681,10.274,0.289915023
10743,Eastern and South-Eastern Asia,Upper Middle,24,0.20833333333333334,28.27170983155571,25.591161955043848,94.3840579710145,9.601449275362318,87.96249999999999,87.1125,0.5059484216842959,,,2.4681720175967627,0.2199458571428571,8.652748551,0.00572534,4.893,7.586,0.359656661
10745,Eastern and South-Eastern Asia,Upper Middle,19,0.42105263157894735,27.345297472100537,25.068781328418414,93.59267734553777,10.755148741418763,95.13157894736842,69.53684210526316,0.5835494156511614,3.464499377126726,2.963559293960817,3.917505810398469,0.261982,9.629671357,0.005358025,3.321,3.288,0.2938334
10753,Eastern and South-Eastern Asia,Upper Middle,20,0.35,26.35728430476995,24.761795727759853,93.69565217391305,9.130434782608695,107.39500000000001,41.165,0.7381664834929462,7.920748805447474,6.7873243823698965,0.9550821385683763,0.2074200649350649,7.266828215,0.004972542,6.962,16.963,0.311450522
10757,Eastern and South-Eastern Asia,Upper Middle,18,0.6111111111111112,27.73174758487282,25.042594952915042,95.65217391304348,9.420289855072463,87.88888888888889,78.59444444444445,0.5282450705621927,6.6303959417614,5.672687789111839,0.6813739761421269,0.2101650454545454,8.724293995,0.014473531,6.244,5.645,0.323113616
10760,Central and Southern Asia,Lower Middle,27,0.25925925925925924,28.90945510317679,24.623188918672994,94.36392914653786,10.466988727858292,82.77407407407408,91.04814814814816,0.520195922846167,,,-5.9699193735653235,0.0522229137931034,2.872823292,0.004949195,0.132,46.686,0.471357003
10764,Central and Southern Asia,Lower Middle,17,0.5294117647058824,28.856244685389417,25.917228052209637,92.32736572890025,10.23017902813299,73.02352941176471,98.8294117647059,0.44364978694001456,,,-2.873022436376789,0.1265946470588235,4.934569883,0.009098612,5.941,15.448,0.525915234
10766,Central and Southern Asia,Lower Middle,29,0.27586206896551724,28.46830133607115,24.76939981827196,93.55322338830584,9.29535232383808,82.73103448275863,85.76896551724138,0.5397211976572109,,,-5.711582838066068,0.0382047084019769,2.675977348,0.002148712,0.064,45.522000000000006,0.484758446
10774,Central and Southern Asia,Lower Middle,30,0.5,28.065471546775445,24.23439501939443,93.76811594202898,10.724637681159418,90.07333333333334,73.42333333333333,0.6012598445495202,,,-4.987066457183543,0.0522868382352941,2.848901407,0.004700576,0.092,39.376,0.420611716
10779,Eastern and South-Eastern Asia,Upper Middle,22,0.3181818181818182,28.52065981375877,24.8297445922846,93.67588932806325,9.881422924901186,111.57727272727274,57.66818181818182,0.6714723327517537,1.2067445308422966,1.0299626559429638,1.9697041640771769,0.2249169259259259,9.362776117,0.00557958,6.214,11.302999999999995,0.310898701
1079,Europe,High income,25,0.52,18.108116692324742,14.863599910060197,93.56521739130434,10.08695652173913,45.528,85.904,0.3605773462874954,,,-1.8691734346935593,0.2194874,5.667422918,0.022934539,4.186999999999999,20.136,0.444869233
10793,Eastern and South-Eastern Asia,Upper Middle,19,0.631578947368421,27.34924471309188,25.20002067072601,94.05034324942793,11.441647597254004,92.41052631578947,66.63157894736842,0.5859632605710896,0.937683506446937,0.8015159122691013,2.345674477274849,0.2454212531645569,8.446170474,0.005691227,6.084,6.046,0.302121302
10801,Eastern and South-Eastern Asia,Upper Middle,18,0.4444444444444444,26.2022140415281,24.714465832024317,93.47826086956522,9.661835748792269,99.58333333333333,49.71666666666667,0.6815722623076648,0.9137422750311532,0.7821685702762741,3.6208442793674918,0.2551039142857143,8.409958941,0.006334355,14.117,7.521,0.280957471
10805,Eastern and South-Eastern Asia,Upper Middle,10,0.4,19.856508154257806,19.307667772937172,91.73913043478261,12.608695652173912,69.31,42.83,0.6339636938170086,,,4.908248843780037,0.271110420289855,12.67244242,0.011529482,17.342,19.058,0.262077739
10807,Eastern and South-Eastern Asia,Upper Middle,16,0.5,27.38291632778504,25.648756285147446,92.66304347826087,11.141304347826086,90.225,64.29375,0.5954128584635588,1.6894028352915715,1.4447782235192383,1.5992470624411381,0.224332,8.11805817,0.005648278,6.239000000000001,16.911,0.27389336
1081,Europe,High income,19,0.7368421052631579,20.40158137102491,16.25833308828596,94.73684210526316,8.924485125858123,43.836842105263166,106.67368421052632,0.3065143191112331,,,1.8930880928385456,0.237618243076923,9.408301351,0.029713261,12.659,16.858,0.412934364
10811,Eastern and South-Eastern Asia,Upper Middle,17,0.47058823529411764,27.829862582850538,25.432549614630293,94.62915601023018,9.462915601023017,85.09411764705882,74.11176470588236,0.5419363049490249,8.194703634304824,7.01083477160211,-0.4051098535512486,0.1885940769230769,8.904879403,0.004762063,3.664,22.65,0.323410832
10812,Central and Southern Asia,Lower Middle,20,0.65,28.7420356383956,21.423910283874488,92.3913043478261,11.304347826086957,58.65500000000001,138.88500000000002,0.3097226340493465,3.010165032361844,3.248095155631427,-3.5098157833131465,0.1236221818181818,4.188836855,0.002662458,3.228,27.64,0.32817486
10813,Eastern and South-Eastern Asia,Upper Middle,20,0.6,28.058114198684706,25.728459381963933,93.26086956521739,10.434782608695652,87.31,82.39500000000001,0.5176295997661573,1.4403610221510137,1.2310151253062402,3.676052224160077,0.2399586714285714,11.29359725,0.005675572,10.681,16.33,0.241457155
10814,Central and Southern Asia,Lower Middle,27,0.6296296296296297,27.001897022475767,20.14265552199893,92.5925925925926,10.144927536231885,54.3962962962963,137.57407407407408,0.3039677910711757,3.7597788866000386,4.054768576481605,-1.6248845325374883,0.1755666136363636,5.190358858,0.011550068,6.518,13.309,0.363155927
10816,Central and Southern Asia,Lower Middle,27,0.5925925925925926,29.04435365294732,25.15310191977192,93.0756843800322,10.789049919484702,86.5777777777778,86.74444444444444,0.5469089478121104,,,-5.298466789170298,0.0870383842592592,3.879416169,0.006553248,2.362,42.323,0.398756533
10817,Eastern and South-Eastern Asia,Upper Middle,16,0.4375,27.345181418548943,24.98267710010591,94.02173913043478,9.239130434782608,86.65,73.3875,0.5456464886866754,1.3979558890160508,1.195088554178007,1.8391238417946671,0.2348507777777777,7.716223982,0.005461094,6.301,7.771,0.322244177
10830,Central and Southern Asia,Lower Middle,26,0.3076923076923077,27.95655904874699,21.033460702367012,92.64214046822742,10.869565217391303,50.53076923076924,142.55,0.2803617530844864,0.5784351544022126,0.6291768211748434,-5.199141035412743,0.0850335625,3.176860464,0.003349625,0.444,15.969,0.367968956
10831,Eastern and South-Eastern Asia,Upper Middle,23,0.5217391304347826,28.81444662148781,25.890526655497723,94.13988657844992,10.396975425330812,99.7913043478261,70.8695652173913,0.5976651667980832,,,2.2550270244450354,0.2062335841584158,10.62394451,0.008513733,5.228999999999999,14.476,0.30643073
10832,Central and Southern Asia,Lower Middle,23,0.43478260869565216,27.321434193859524,19.669081782393672,93.76181474480153,9.45179584120983,63.3608695652174,125.04347826086956,0.3603910671374448,6.148044259905653,6.624566066637423,-1.2647871413131195,0.165324895,5.659271292,0.014652298,8.997000000000002,11.792000000000002,0.370149343
10833,Eastern and South-Eastern Asia,Upper Middle,19,0.631578947368421,26.81844790965472,25.14384170181189,93.36384439359269,11.212814645308924,95.76842105263158,57.24210526315789,0.6365502617225047,11.431275420831112,9.791963649055225,2.1070005118167368,0.21897775,8.187769732,0.005315309,12.991,22.473,0.304809056
10834,Central and Southern Asia,Lower Middle,15,0.4666666666666667,29.193587172444683,26.1607985607543,90.72463768115942,9.855072463768115,69.38666666666667,108.26666666666667,0.40139019140130616,,,-0.27651229074103845,0.1788259411764705,5.986892642,0.014675852,10.257,17.359,0.376862608
10835,Eastern and South-Eastern Asia,Upper Middle,21,0.38095238095238093,26.184365594484934,24.870707704731878,95.03105590062111,8.281573498964804,132.6904761904762,14.957142857142856,0.9071475161943667,,,-0.14398544557767867,0.1835095698924731,7.77769459,0.010971537,6.678000000000001,28.926,0.310326468
10837,Eastern and South-Eastern Asia,Upper Middle,14,0.7142857142857143,26.26523719806116,24.704663223301043,94.72049689440995,9.006211180124224,95.83571428571429,56.99285714285715,0.6374277883039615,2.1806839714656268,1.8671804663580955,2.437744140755331,0.2422904047619047,8.293627484,0.004975105,7.836,15.976,0.277971843
1084,Europe,High income,18,0.6666666666666666,20.981407785136838,15.881348403687277,94.68599033816425,8.454106280193237,25.855555555555554,137.58333333333334,0.16572324384181458,,,-2.7735338907905263,0.2313128461538461,5.714868259,0.016221044,0.234,15.098,0.473361262
10840,Central and Southern Asia,Lower Middle,27,0.5185185185185185,29.38111706297026,22.74095462564188,93.0756843800322,9.983896940418678,73.44444444444444,119.17777777777779,0.4123776014423295,,,-1.045277224475713,0.200929175,6.665712813,0.009959883,4.824,10.761,0.417636461
10841,Eastern and South-Eastern Asia,Upper Middle,15,0.4666666666666667,26.382534362118303,24.665761200251325,95.65217391304348,8.695652173913043,90.22,64.89333333333335,0.591154104898825,0.9942236839602212,0.8503407113925545,1.793924774444645,0.2028470555555555,6.039447131,0.004176739,11.014,13.723,0.323818374
10843,Eastern and South-Eastern Asia,Upper Middle,15,0.5333333333333333,27.33411179860435,25.149142854090403,95.07246376811595,9.855072463768115,86.52,70.6,0.5621090275165119,5.446409287022203,4.659529035286491,2.249482750804304,0.2559782142857142,8.365718596,0.020212175,7.23,3.645,0.339494867
10857,Eastern and South-Eastern Asia,Upper Middle,24,0.375,28.998881139755255,25.24563275871508,94.3840579710145,10.144927536231885,98.90416666666668,77.66250000000001,0.5870776754653689,,,0.28385356938773043,0.1660053225806451,9.450859476,0.004694114,3.359,28.504,0.316528615
10859,Eastern and South-Eastern Asia,Upper Middle,20,0.4,26.83620645238999,23.860317331494855,93.26086956521739,9.782608695652174,94.89,74.15,0.5566609082345069,,,0.8827967356743467,0.1834041428571428,11.41982173,0.004329384,3.946,24.344,0.349530951
1086,Sub-Saharan Africa,Upper Middle,14,0.7857142857142857,18.635475977903564,16.187208014157573,92.54658385093168,11.801242236024844,18.00714285714286,163.8642857142857,0.0999746147327053,,,-0.44595712065599846,0.20640755,6.818956063,0.021857733,8.221,11.235,0.417329908
10862,Central and Southern Asia,Lower Middle,26,0.4230769230769231,28.22532331532894,22.02623095479934,92.47491638795987,11.538461538461538,53.46153846153846,142.93846153846155,0.29166485030421535,0.4358358548866903,0.4756617784813757,-5.745962935850631,0.0795583958333333,3.466652017,0.001360891,0.859,36.188,0.349676993
10863,Eastern and South-Eastern Asia,Upper Middle,18,0.4444444444444444,25.938550480947857,24.738463897314176,91.54589371980677,9.178743961352657,123.95555555555555,24.733333333333334,0.8411496858007232,,,-1.7096793946162943,0.12471,7.636219467,0.007984921,3.3949999999999996,21.035,0.371945495
10864,Central and Southern Asia,Lower Middle,32,0.15625,27.585249447292753,24.616362424356065,95.1086956521739,9.51086956521739,105.7125,49.715625,0.7266930173403023,,,-6.4781733963304,0.0518104262295082,3.0891639,0.000789926,0.486,54.01,0.519242872
10869,Eastern and South-Eastern Asia,Upper Middle,22,0.3181818181818182,28.089864811752808,25.16117811885639,93.87351778656127,10.079051383399209,88.9909090909091,85.69545454545455,0.5166548682770252,3.539856832468657,3.0255768011707063,1.5280984015226724,0.194974,10.15845151,0.004880695,7.063,18.1,0.371267496
10871,Eastern and South-Eastern Asia,Upper Middle,26,0.5,29.02562480606402,24.56208198665664,92.14046822742475,10.869565217391303,114.66923076923078,65.52692307692308,0.6508535160092875,0.5865121816777267,0.5000510419856198,2.534984690770313,0.2299015128205128,10.90604269,0.006803657,5.713,17.835,0.278610407
10875,Eastern and South-Eastern Asia,Upper Middle,22,0.6363636363636364,27.924813820232067,25.41580213727849,93.87351778656127,11.067193675889326,92.68181818181819,74.52727272727273,0.5572651307598838,10.191366996770174,8.719467156850023,-0.702220899517087,0.1645566764705882,8.877287487,0.00456157,3.593,29.116,0.307662203
10879,Eastern and South-Eastern Asia,Upper Middle,16,0.5,26.432152019676433,24.818530631902963,93.47826086956522,9.239130434782608,98.9625,57.643750000000004,0.634856879069425,10.172638062968892,8.71404872317167,1.0817278673972535,0.225735627118644,7.511750438,0.007005266,6.446,23.632,0.334809664
10880,Central and Southern Asia,Lower Middle,34,0.5882352941176471,27.870047136464418,24.89981391781947,92.71099744245524,10.485933503836316,96.63235294117646,64.07058823529412,0.6525901967291435,,,-4.772158935251403,0.0904399859154929,3.923305245,0.006728899,2.142,43.944,0.43846694
10887,Eastern and South-Eastern Asia,Upper Middle,17,0.7058823529411765,27.42510237394555,25.2340579219596,95.39641943734014,10.485933503836316,96.0764705882353,61.45882352941176,0.6176138583893176,29.120930084191656,24.919405934771913,1.25319958541547,0.2001409743083003,10.31407669,0.008328027,5.0280000000000005,16.202,0.315290166
109,Europe,Upper Middle,16,0.5625,20.695115876112556,15.997439640236845,93.47826086956522,9.51086956521739,29.71875,134.575,0.181909254070595,5.787917571628387,12.347904818256556,-0.9786269465177829,0.2012593582089552,7.245802171,0.024554625,6.46,18.772,0.428213697
1090,Europe,High income,19,0.7894736842105263,18.673411730716122,15.546870843635672,93.36384439359269,10.068649885583524,34.71578947368421,119.65789473684211,0.239094164931343,,,-0.5716156641029853,0.222213,6.327712157,0.013272937,8.732,15.245,0.418631518
10903,Eastern and South-Eastern Asia,Upper Middle,18,0.4444444444444444,26.411619663238532,25.69086697952281,93.96135265700484,9.903381642512077,139.3,4.866666666666667,0.9695844643494753,,,-0.7895397699624245,0.1608383518518518,6.076154721,0.004083554,5.691000000000001,15.938999999999998,0.386657709
10904,Central and Southern Asia,Lower Middle,29,0.4827586206896552,28.849208528279682,25.19497442924505,93.55322338830584,10.194902548725636,89.7,83.10689655172413,0.5702165678409387,,,-5.099933110260672,0.0847646782608695,3.92199763,0.005979219,2.468,42.618,0.361884389
10909,Eastern and South-Eastern Asia,Upper Middle,21,0.47619047619047616,27.717057665832208,25.449820147553957,94.824016563147,10.144927536231885,90.87619047619049,70.93809523809524,0.5653269421229575,35.15253020847637,30.077637004531084,2.1941192858753933,0.231747,10.85930645,0.005490009,3.0909999999999997,12.191,0.346042772
10912,Central and Southern Asia,Lower Middle,37,0.1891891891891892,27.76202125117737,24.47256650701585,93.88954171562868,10.105757931844888,95.3027027027027,65.05135135135136,0.6485225565174614,,,-5.705756393628815,0.06040408,2.999858786,0.003638322,0.516,44.395999999999994,0.532409699
10915,Eastern and South-Eastern Asia,Upper Middle,17,0.5882352941176471,27.80981139934629,25.521829945520306,95.14066496163683,8.951406649616368,84.8294117647059,72.25294117647059,0.5517253349609017,7.405261405775538,6.335591922446021,2.9093787332508696,0.2462296616541353,11.02971678,0.006012676,5.548,10.884,0.299679016
10927,Eastern and South-Eastern Asia,Upper Middle,17,0.6470588235294118,27.903849718737735,25.443549495506595,94.8849104859335,8.43989769820972,78.47647058823529,83.37058823529412,0.49747586384333575,10.095072006942855,8.637042179318945,1.018347151519964,0.2034362233502538,9.530415706,0.00620018,3.627,18.453,0.294583862
10933,Eastern and South-Eastern Asia,Upper Middle,23,0.6521739130434783,26.805362861084927,25.75258250369195,93.95085066162572,9.829867674858223,129.45217391304348,10.626086956521739,0.9300314692469343,,,3.2663924989749553,0.2099679716454911,12.16569515,0.008880101,9.467,16.281999999999996,0.288157247
10937,Eastern and South-Eastern Asia,Upper Middle,14,0.14285714285714285,26.425553065334217,25.138554358334805,93.47826086956522,9.006211180124224,124.67142857142858,15.935714285714287,0.8950793999931028,,,2.4474306491821967,0.2075233515151515,10.43853976,0.007508425,6.746,6.621,0.307418823
1094,Northern Africa and Western Asia,Upper Middle,16,0.5,23.684148892588254,18.284906804215353,95.1086956521739,10.597826086956522,9.26875,241.9125,0.037421303273824244,,,4.48434410213833,0.205147319218241,9.473151858,0.020216434,24.589,8.489,0.22986981
10941,Eastern and South-Eastern Asia,Upper Middle,16,0.6875,27.100299939683385,25.154675347464014,94.83695652173913,9.51086956521739,108.275,50.38125,0.689725128635731,8.28062080529488,7.0930534359333,1.9972233346865567,0.2318528744394618,8.668705898,0.006344215,4.625,15.962,0.299875061
10945,Eastern and South-Eastern Asia,Upper Middle,16,0.5625,27.642566194874963,25.680638643117305,94.29347826086956,9.51086956521739,96.98125,62.2375,0.6107215294148273,14.27692488626942,12.21724278428406,1.6625880071713224,0.2421708275862069,8.67761326,0.005221479,8.031,13.119,0.29838915
10970,Central and Southern Asia,Lower Middle,23,0.43478260869565216,28.96021912543491,23.50623120967431,94.13988657844992,10.586011342155007,58.4,135.01739130434783,0.3228210126106256,2.7673393636670034,2.9873412057170534,-2.5088909625930906,0.1485845252525252,6.079732873,0.005602474,4.074999999999999,14.806,0.404118275
10973,Eastern and South-Eastern Asia,Upper Middle,15,0.3333333333333333,27.58848722495287,25.615650705726683,93.33333333333333,9.27536231884058,89.85333333333332,66.12666666666667,0.5832052232730944,9.132828860888589,7.815118796728639,3.8553509279143308,0.2816179487179487,10.79406407,0.007658749,10.448,5.021,0.277154237
10974,Central and Southern Asia,Lower Middle,35,0.3142857142857143,27.19892826154978,24.674790873352702,94.40993788819875,10.31055900621118,121.4,29.454285714285717,0.8420606991254301,,,-4.487612778237267,0.0819960882352941,3.623647953,0.00349943,1.424,35.845,0.538597482
10979,Eastern and South-Eastern Asia,Upper Middle,17,0.5294117647058824,27.02222549588075,24.936971686189377,93.35038363171356,10.485933503836316,95.03529411764707,68.04705882352941,0.5916660601541273,1.7098986496401387,1.4639488774573368,0.5560516551783641,0.2126496086956521,7.926213126,0.005827354,3.588,24.587,0.274599893
10984,Central and Southern Asia,Lower Middle,21,0.23809523809523808,29.247563922216052,25.625115724776645,94.61697722567288,9.109730848861282,79.18095238095238,104.5952380952381,0.4552309499477151,0.3947529669260596,0.4329249900392382,-3.3415838081474343,0.1410133125,5.418507734,0.003355695,0.7190000000000001,14.914,0.54271108
10991,Eastern and South-Eastern Asia,Upper Middle,17,0.47058823529411764,27.393954244399435,25.496115584885995,93.60613810741688,10.741687979539641,93.66470588235293,66.33529411764707,0.5948338477812978,2.831691109114726,2.4224226783440574,3.74826071176774,0.2806740862068965,9.466287486,0.006172805,12.882,9.74,0.282977872
10992,Central and Southern Asia,Lower Middle,20,0.4,29.04380011413059,25.526925362628877,94.34782608695653,10.869565217391303,90.75,91.425,0.5271270365525946,0.4945823999898143,0.5404285213371848,-4.924022048068567,0.0923234074074074,3.36644639,0.002584798,2.109,11.7,0.457980683
10995,Eastern and South-Eastern Asia,Upper Middle,23,0.34782608695652173,27.595076812523036,24.043414609745813,93.57277882797733,10.207939508506616,123.33913043478262,47.821739130434786,0.7395289323187065,1.4760791961865145,1.2600193492578151,1.830146091317012,0.2132725955056179,8.526459153,0.008200156,7.359,2.159,0.323295471
10997,Eastern and South-Eastern Asia,Upper Middle,28,0.35714285714285715,28.682980462483023,24.678047335315973,92.54658385093168,10.403726708074533,101.18928571428572,78.73928571428573,0.5792557469028524,,,1.0775951673901385,0.2171472307692307,7.682705651,0.00420249,6.711,10.304,0.33292833
10998,Central and Southern Asia,Lower Middle,24,0.375,28.661492442697092,23.880678511951185,93.1159420289855,10.326086956521738,60.64166666666667,126.41666666666667,0.35449064120304613,26.72878491566212,30.15583210339257,-4.093532616320369,0.1014809194630872,4.178160008,0.007365876,3.026,12.808,0.404345411
110,Europe,Upper Middle,28,0.35714285714285715,21.022112287793863,15.9430124357921,94.56521739130436,9.472049689440993,28.58214285714286,137.125,0.17095932386659815,,,-0.9238343838744842,0.2428117142857143,8.020868083,0.011697693,1.825,15.999,0.469322525
11003,Eastern and South-Eastern Asia,Upper Middle,22,0.45454545454545453,27.89746525406031,24.149549051343094,93.08300395256917,10.079051383399209,119.9409090909091,55.21363636363637,0.7004191960627483,14.740904466690823,12.594194341104837,1.437727166714836,0.1770484133333333,10.04460414,0.012723917,6.286,12.003,0.287875769
11005,Eastern and South-Eastern Asia,Upper Middle,15,0.5333333333333333,25.780727801200722,24.840940058831578,92.46376811594203,9.565217391304348,123.88666666666667,19.893333333333334,0.8690063190140712,,,-1.089974760354504,0.1517626842105263,8.639627127,0.00725769,4.552,17.347,0.402613499
11007,Eastern and South-Eastern Asia,Upper Middle,14,0.6428571428571429,27.348153263493913,25.121120023187697,95.3416149068323,8.385093167701863,80.47857142857143,82.73571428571428,0.5068004324265808,8.86682499449404,7.586455005900157,2.532661399823279,0.2434118055555555,8.972390996,0.005846351,10.628,5.453,0.313375671
11009,Eastern and South-Eastern Asia,Upper Middle,21,0.2857142857142857,27.76604603571248,25.00269635830628,95.03105590062111,8.488612836438923,83.46190476190476,82.77142857142857,0.5106025203736477,3.310957457567202,2.832191725269786,0.9396335006951703,0.227257,8.499926152,0.004789094,4.199,3.679,0.345472336
11011,Eastern and South-Eastern Asia,Upper Middle,25,0.56,28.109573789324102,24.87676054174189,93.56521739130434,10.434782608695652,86.7,87.09200000000001,0.5068741605383462,,,1.8282717837234213,0.1867816224489795,10.56494687,0.005048893,8.178,17.833,0.344832831
11015,Eastern and South-Eastern Asia,Upper Middle,16,0.375,27.670586310114196,25.747751638197528,93.75,8.967391304347826,81.775,76.86875,0.5214437531998746,11.690476797118585,10.002988082419908,2.5256493338055903,0.2420868222222222,10.97382458,0.006959798,9.039,10.887999999999998,0.303687113
11016,Central and Southern Asia,Lower Middle,37,0.5135135135135135,27.052478596267893,24.555834660182274,94.5945945945946,10.575793184488836,114.02972972972974,37.15405405405406,0.7948934746852929,,,-5.656141225713389,0.0601655098039215,3.070872874,0.00140432,0.44,48.542,0.478304982
11017,Eastern and South-Eastern Asia,Upper Middle,20,0.65,27.911469688415536,25.223961597881562,94.78260869565217,9.347826086956522,77.435,86.39,0.48494411655038416,0.490309351873042,0.4185445536439381,1.5761920673643517,0.22910836,8.440231051,0.005038383,4.704,4.575,0.336036641
11019,Eastern and South-Eastern Asia,Upper Middle,24,0.4583333333333333,29.062204856203323,24.93835521924552,93.29710144927536,10.326086956521738,98.67083333333335,77.4375,0.5759440545899797,,,-0.1063973128795947,0.1730448245614035,7.822241956,0.004551787,3.851,24.329,0.309502331
11021,Eastern and South-Eastern Asia,Upper Middle,15,0.4666666666666667,28.002703535058995,25.603711594462986,96.23188405797102,8.115942028985506,75.46666666666667,86.52666666666667,0.47999696598416924,1.3429175599679557,1.148060083610963,1.476237347024985,0.2303577714285714,8.476969376,0.004949675,5.678,2.522,0.289968631
11031,Eastern and South-Eastern Asia,Upper Middle,23,0.6086956521739131,28.97414351904351,24.687192066575744,94.7069943289225,10.586011342155007,100.13478260869564,79.9,0.5723966973964145,,,4.379761196697927,0.273521,10.07857673,0.005270031,14.757,5.362,0.290857521
11035,Eastern and South-Eastern Asia,Upper Middle,26,0.5,28.732472854560946,25.158925450827482,94.48160535117057,10.367892976588628,92.86923076923077,84.73846153846155,0.5325889052161243,,,1.0070263936515784,0.1846187346938775,8.035140761,0.004074715,6.444,18.052999999999997,0.360038597
11037,Eastern and South-Eastern Asia,Upper Middle,15,0.4,27.54214462321888,25.484377556561085,93.91304347826086,8.695652173913043,89.24666666666667,70.81333333333333,0.5708362715612947,7.737788324775567,6.627539484876619,2.7706245107514675,0.2609168220338983,10.01281686,0.006290406,7.822,12.292000000000002,0.301539278
11039,Eastern and South-Eastern Asia,Upper Middle,16,0.8125,27.521530839991076,25.45052962508084,94.56521739130434,10.869565217391305,102.1125,58.19375,0.6442150608946462,0.9865289506116328,0.8442774345515118,2.5874529703784512,0.2743072051282051,9.209370083,0.005060465,7.338,11.016,0.304241329
11043,Eastern and South-Eastern Asia,Upper Middle,16,0.25,27.39021221092768,25.093833301077275,94.56521739130434,10.597826086956522,85.61875,75.44375000000001,0.544375176747237,1.1869878927545094,1.0157625463408015,2.213529994606523,0.2389425357142857,7.634986399,0.003913963,4.936,16.7,0.29375421
11044,Central and Southern Asia,Lower Middle,34,0.4411764705882353,27.56223022232392,24.984765068620288,94.50127877237851,9.974424552429667,117.91470588235293,37.39411764705883,0.8058013328133463,,,-2.525177018621245,0.1680956721311475,4.654867931,0.010898721,3.189,14.437,0.477718319
11057,Eastern and South-Eastern Asia,Upper Middle,15,0.5333333333333333,27.89776716174503,25.658263556204645,95.36231884057972,8.98550724637681,71.98666666666666,92.16666666666667,0.4455361977536372,7.712875309058773,6.599622772229427,3.2174026167617757,0.2560368805970149,10.56720236,0.007967564,8.977,9.781,0.297455299
11061,Eastern and South-Eastern Asia,Upper Middle,21,0.6190476190476191,27.807624045219114,25.2044857845414,94.20289855072464,9.523809523809524,80.71904761904761,83.81428571428572,0.5005993077756171,6.051389186414386,5.177136691615168,0.21974059669542978,0.1750098363636363,7.85424687,0.005490729,7.324,10.218,0.338537564
11067,Eastern and South-Eastern Asia,Upper Middle,15,0.4666666666666667,27.415769002190974,25.23546534164938,93.91304347826086,11.594202898550725,96.08000000000001,65.76666666666667,0.6081513081183728,1.6605002085399638,1.4214161532429668,0.4487748697227208,0.2033611428571428,7.530831996,0.004216088,4.541,19.52,0.333097114
11069,Eastern and South-Eastern Asia,Upper Middle,17,0.29411764705882354,27.74162653692981,25.754981664281154,94.62915601023018,9.718670076726342,87.5764705882353,74.81176470588237,0.5440733105412566,6.591612913748378,5.639823810932245,3.578123250894544,0.2801874565217391,8.988344296,0.007540515,12.044,10.448,0.310238569
1107,Sub-Saharan Africa,Low income,33,0.5757575757575758,22.204296784313495,20.73357397415993,94.46640316205533,9.090909090909092,117.34242424242424,35.83939393939394,0.7812661055513253,,,-1.5056198798682963,0.2292251470588235,5.905006437,0.013066629,2.348,25.345999999999997,0.427694059
11071,Eastern and South-Eastern Asia,Upper Middle,24,0.2916666666666667,28.97981191569686,24.771919547762618,94.92753623188406,10.144927536231883,90.46666666666668,88.55833333333334,0.5191140681228607,,,-1.9514287681829021,0.1270602666666666,6.081564574,0.002166684,5.639,38.583000000000006,0.425830007
11077,Eastern and South-Eastern Asia,Upper Middle,25,0.32,27.072586476412706,24.025390313208703,95.1304347826087,10.08695652173913,112.14399999999999,57.532,0.6801845850818751,,,2.5423946486731386,0.184632,10.56509775,0.004074269,9.544,16.147,0.251205283
11080,Central and Southern Asia,Lower Middle,27,0.4074074074074074,28.901946567578225,24.64670532348875,93.2367149758454,10.305958132045088,68.14814814814815,117.25555555555556,0.3964864925807881,1.1320618015818509,1.2260695049507058,-4.2544871767137264,0.1022890642570281,4.445513693,0.007985691,2.673,21.846000000000004,0.395540984
11081,Eastern and South-Eastern Asia,Upper Middle,17,0.35294117647058826,27.426744502365267,25.32239618453266,93.86189258312021,9.974424552429667,83.78823529411765,74.61764705882354,0.5409345885365783,1.4505698211642637,1.2416185494349925,2.1488333186012754,0.2497728461538461,9.252548177,0.006365976,8.81,16.089,0.32319979
11091,Eastern and South-Eastern Asia,Upper Middle,17,0.4117647058823529,28.185509455665805,25.902093211843393,94.8849104859335,8.184143222506393,73.96470588235294,88.90588235294118,0.4671742826533881,1.4502555532158397,1.2400556641065426,3.1214823552232085,0.2509140377358491,9.355096575,0.00811424,10.855,9.349,0.293419861
11099,Eastern and South-Eastern Asia,Upper Middle,27,0.4074074074074074,28.60408154240365,24.681945739366938,94.84702093397746,11.11111111111111,88.38888888888889,87.10000000000001,0.516159816466749,,,0.24447542474990946,0.1677065476190476,9.402594925,0.007688001,3.372,21.194000000000003,0.355964664
1110,Sub-Saharan Africa,Lower Middle,22,0.3181818181818182,15.526309340973206,11.650008734776192,94.0711462450593,9.683794466403162,51.34090909090909,100.12727272727274,0.3697182320352477,,,-3.2482790724243267,0.1288054,4.243615424,0.007342981,1.533,26.551999999999996,0.562060444
11101,Eastern and South-Eastern Asia,Upper Middle,16,0.4375,28.020523718671313,25.837470844841793,94.56521739130434,8.695652173913043,80.0125,81.55625,0.502762751917501,7.553477573179724,6.463302237710128,3.326066520713154,0.2525699436619718,10.66091742,0.010310948,8.532,19.273,0.301951144
11105,Eastern and South-Eastern Asia,Upper Middle,18,0.6111111111111112,28.285132068188446,25.90631831366392,93.96135265700484,9.420289855072463,74.78333333333335,85.95555555555556,0.48093991067631986,2.430962600989293,2.0792061320329265,0.8172133654077425,0.19930005,8.841242574,0.005389983,6.51,14.603000000000002,0.343302396
11106,Central and Southern Asia,Lower Middle,10,0.0,15.248877297167548,14.614905710997439,92.17391304347827,9.130434782608695,115.16,0.0,1.0,,,-7.574089872859651,0.0717236363636363,4.204349934,0.006112384,2.423,80.56,0.689886976
11108,Central and Southern Asia,Lower Middle,31,0.5483870967741935,27.874413863375054,25.292847737438933,94.3899018232819,10.799438990182328,114.72903225806452,46.53225806451613,0.7490628031546209,,,-5.988859963572252,0.0662755526315789,3.472667475,0.002362078,1.404,47.91199999999999,0.39062475
11109,Eastern and South-Eastern Asia,Upper Middle,26,0.6153846153846154,27.98006095756775,24.78481075829943,93.64548494983276,10.20066889632107,93.68076923076924,86.40769230769232,0.5334125202892607,,,-1.1288121142416674,0.1456988571428571,8.001122359,0.005154227,3.0,24.546999999999997,0.397272411
11110,Central and Southern Asia,Lower Middle,32,0.25,25.864199611051212,24.751373572790435,94.42934782608695,10.054347826086955,135.596875,1.00625,0.9940634218289085,,,-1.6764677042543157,0.1964758870967742,6.460432923,0.014919584,1.808,8.751,0.493846867
11113,Eastern and South-Eastern Asia,Upper Middle,18,0.6111111111111112,28.223454135529494,25.960060505852717,94.44444444444444,9.420289855072463,70.9,92.88333333333334,0.44401303282076804,22.70635860128175,19.429649178322865,2.665062375608672,0.2476994486133768,10.35639343,0.009182288,5.254,8.734,0.328761618
11118,Central and Southern Asia,Lower Middle,18,0.3888888888888889,29.091356060057347,26.875141185641,92.7536231884058,9.420289855072463,99.4388888888889,66.57222222222222,0.609733515487224,8.182242618130267,8.853858525660598,-1.3626476541337713,0.1802102575757575,6.570021536,0.009760499,11.293,27.021,0.41251353
11119,Eastern and South-Eastern Asia,Upper Middle,27,0.4074074074074074,28.243685955055913,24.636367064563963,94.68599033816426,10.466988727858292,90.80000000000001,84.88148148148149,0.5285830075400338,,,0.5244627210613139,0.1863029565217391,8.875785439,0.006071398,2.24,19.916000000000004,0.326739918
11122,Central and Southern Asia,Lower Middle,18,0.2777777777777778,29.007819558613317,26.907093124307302,91.78743961352657,10.628019323671497,97.4388888888889,71.96111111111111,0.5885721737853623,3.213396323529412,3.485231406669889,-2.0388171295084585,0.182910264516129,6.704704644,0.015891836,4.852,11.315,0.458256809
11123,Eastern and South-Eastern Asia,Upper Middle,24,0.4583333333333333,26.243416663805665,22.87796841264884,94.20289855072464,10.326086956521738,111.86666666666667,59.9375,0.6738906291618821,,,2.2498754633036473,0.1987665555555555,10.44606242,0.00473784,3.778,10.272,0.328862609
11125,Eastern and South-Eastern Asia,Upper Middle,12,0.6666666666666666,27.838744984037934,25.628089970342348,96.73913043478261,10.507246376811594,81.28333333333333,84.25833333333334,0.5058130293929685,1.4135232822156096,1.2098672277578573,2.9874528804729112,0.2830001139240506,9.308299699,0.006574517,4.105,9.292,0.319967386
11129,Eastern and South-Eastern Asia,Upper Middle,17,0.35294117647058826,27.796956387688162,25.610282063592805,93.86189258312021,8.951406649616368,75.65882352941176,84.73529411764706,0.48101444635050017,7.740508643600112,6.62957206003577,-0.19945129727949373,0.2076309166666666,6.525047938,0.005600087,4.417000000000001,28.969,0.350162241
11135,Eastern and South-Eastern Asia,Upper Middle,26,0.46153846153846156,27.196285634597846,24.47329151333758,93.47826086956522,9.698996655518394,73.86538461538461,103.17307692307692,0.42402221598409595,,,-1.124215803930079,0.1484533333333333,8.243764603,0.005278402,3.936,24.065,0.433548748
11141,Eastern and South-Eastern Asia,Upper Middle,22,0.3181818181818182,27.429371112371665,24.365152513995028,94.46640316205534,8.893280632411066,70.75454545454546,102.01818181818182,0.4154985888042177,,,1.0004737668031933,0.1984921818181818,8.182658215,0.011965348,6.625,15.459,0.343866541
11142,Central and Southern Asia,Lower Middle,30,0.3,28.344872268420144,25.61967102518263,93.33333333333333,10.434782608695652,104.91000000000001,59.5,0.6818390586664227,0.1407138529666044,0.1581128860320567,-5.966043528228199,0.0442365789473684,2.721052115,0.003130062,0.038,45.58400000000001,0.420673893
11147,Eastern and South-Eastern Asia,Upper Middle,24,0.4166666666666667,28.217315232606605,24.755780318458843,94.20289855072464,10.507246376811594,94.68333333333334,87.14583333333333,0.52632980735447,,,1.1493840031879916,0.1879073846153846,9.389753266,0.003533035,5.161,13.324,0.383141576
11150,Central and Southern Asia,Lower Middle,33,0.45454545454545453,27.363239308897356,25.08397239832499,93.8076416337286,10.013175230566533,110.5030303030303,40.25757575757576,0.7828031327252759,,,-4.365748255800003,0.0858572615384615,3.513609783,0.007269465,0.513,24.848,0.551404703
11151,Eastern and South-Eastern Asia,Upper Middle,13,0.6923076923076923,27.780365539616028,25.596556695266585,96.98996655518394,9.364548494983277,82.33076923076922,81.54615384615384,0.5172791413901254,9.077421121970447,7.775057438552764,2.7287107676476854,0.28798155,8.501907333,0.010491542,9.161,4.554,0.321834774
11153,Eastern and South-Eastern Asia,Upper Middle,16,0.5,28.177275225191746,25.89251397784023,95.1086956521739,9.51086956521739,74.50625000000001,87.725,0.4691164114552523,9.450763912540372,8.086735925349474,2.8837605054603825,0.2420722178217821,9.828606615,0.004740364,9.352,15.217,0.314963636
11157,Eastern and South-Eastern Asia,Upper Middle,16,0.5625,28.133654778737313,25.87961484781797,96.19565217391305,8.42391304347826,68.1,93.16250000000001,0.4324158485063439,8.68153868958063,7.428230698244366,3.0172759888334015,0.2461237567567567,11.69598959,0.00722637,6.814,11.336,0.277023868
11159,Eastern and South-Eastern Asia,Upper Middle,20,0.4,26.093290550382903,24.94899502319992,92.17391304347827,8.695652173913043,122.55,24.935000000000002,0.8384625940653931,,,2.457783790370014,0.183307629032258,11.06821244,0.006231489,9.246,10.911,0.305942867
1116,Northern Africa and Western Asia,Upper Middle,8,0.0,27.554871964454676,19.79404848727875,95.10869565217392,8.152173913043478,3.125,175.9625,0.017699717202000427,,,-1.9172010569373397,0.2450721111111111,5.717832474,0.01144829,0.851,11.126,0.457307647
11163,Eastern and South-Eastern Asia,Upper Middle,19,0.47368421052631576,27.32932168045553,25.036882226719772,94.05034324942793,10.297482837528603,81.19473684210527,84.03157894736843,0.498102913873356,1.0218753645253151,0.8732218144799637,1.5601271914875527,0.2254536363636363,7.236849389,0.006422921,9.893,2.6740000000000004,0.313726903
11171,Eastern and South-Eastern Asia,Upper Middle,25,0.24,27.932593063354542,24.52308627932764,93.39130434782608,11.304347826086955,90.95200000000001,88.844,0.5125623074791433,,,1.3700620710539575,0.1941215384615384,9.15517093,0.003734406,6.45,8.186,0.337929972
11172,Central and Southern Asia,Lower Middle,31,0.4838709677419355,26.335871472922715,25.127244254438057,94.67040673211781,8.835904628330995,136.73548387096776,0.45483870967741935,0.9973693539058565,,,-4.262395545598377,0.1002011666666666,4.162377957,0.010763073,0.298,10.14,0.560315516
11173,Eastern and South-Eastern Asia,Upper Middle,20,0.6,26.068615021272173,25.31227750670512,94.1304347826087,8.26086956521739,128.225,15.694999999999999,0.8975166738622308,,,1.543105355102333,0.1673655,11.74736433,0.007426443,5.186,18.15,0.307135773
11179,Eastern and South-Eastern Asia,Upper Middle,25,0.36,26.482773088073774,23.77861145750967,94.60869565217392,10.08695652173913,113.2,55.70399999999999,0.6938591704476945,,,3.464321015419274,0.2208017037037037,10.77563273,0.005617877,11.061,2.397,0.319153912
11184,Central and Southern Asia,Lower Middle,32,0.4375,28.432271397332073,25.420244751884898,92.93478260869566,11.005434782608695,103.675,64.3375,0.6610744400069684,0.5428101380305547,0.5918317483024182,-5.112316051743165,0.0737879962686567,3.539435453,0.002142931,0.359,34.559,0.460971339
11193,Eastern and South-Eastern Asia,Upper Middle,21,0.3333333333333333,25.55565666925342,22.754713838980656,94.40993788819875,10.559006211180124,112.37619047619049,53.74285714285714,0.7028850079318348,,,1.1962384222629991,0.1855776875,8.663735211,0.005351548,3.977,12.047999999999998,0.308476481
11195,Eastern and South-Eastern Asia,Upper Middle,18,0.6111111111111112,28.086178644709022,25.857616605189282,95.65217391304348,8.93719806763285,70.00555555555556,90.67777777777778,0.4492442302689008,1.8355421077795584,1.5711009554351771,2.5176315717123106,0.2522605971830985,10.30272401,0.005655471,5.311999999999999,10.876,0.324932988
11199,Eastern and South-Eastern Asia,Upper Middle,22,0.6363636363636364,28.355630885498034,26.021141618822824,94.66403162055336,9.881422924901186,62.83636363636364,99.25909090909092,0.4055174963244879,1.1321374346023758,0.9682854284648592,1.5742171557090745,0.2184118817980022,10.35092125,0.009005636,5.392,15.109000000000002,0.31515231
112,Northern Africa and Western Asia,Upper Middle,14,0.7857142857142857,22.74808483555761,17.746739536443453,92.54658385093168,10.559006211180122,14.364285714285714,181.56428571428572,0.07445417131401622,,,3.9571920674829486,0.23008,7.780471998,0.019966331,27.439,14.04,0.288313823
11204,Central and Southern Asia,Lower Middle,33,0.42424242424242425,28.1318825346051,24.873846688128534,93.67588932806325,10.276679841897232,102.7030303030303,58.88484848484848,0.6872473027114773,,,-2.166125445026505,0.1507508108108108,5.581887555,0.00976628,6.956,23.908,0.431060349
11205,Eastern and South-Eastern Asia,Upper Middle,23,0.4782608695652174,27.30982536340491,24.341263838540993,94.13988657844992,9.640831758034025,85.46521739130435,90.40869565217392,0.4915856559174981,,,2.0712166027186174,0.2079601666666666,8.941124132,0.004897454,9.927,11.586,0.295820616
11211,Eastern and South-Eastern Asia,Upper Middle,22,0.3181818181818182,28.041553911276946,24.640531857549202,92.29249011857708,10.276679841897232,83.53636363636365,95.2818181818182,0.475048232368389,,,2.105387846743609,0.1982635257731958,10.8900995,0.009356537,7.718,15.109000000000002,0.314937952
11221,Eastern and South-Eastern Asia,Upper Middle,29,0.5172413793103449,25.84148770694077,23.912887306568145,94.30284857571213,8.995502248875562,113.66551724137932,42.95172413793104,0.7417611985066133,17.00283934506371,14.492330380752858,1.58286290749982,0.1735836842105263,11.16626248,0.003417985,8.879,18.064,0.352295661
11225,Eastern and South-Eastern Asia,Upper Middle,19,0.7894736842105263,27.692620133102036,25.875759692169755,95.65217391304347,9.839816933638444,78.6842105263158,80.06315789473685,0.5160595431663678,0.8417597086035462,0.7199097655027424,0.5325989512392613,0.2079894893617021,8.229068357,0.006899437,3.722,18.118,0.346816905
11229,Eastern and South-Eastern Asia,Upper Middle,15,0.5333333333333333,25.7214745189259,25.123768665643716,92.46376811594203,7.826086956521738,125.3,16.546666666666667,0.8904052183753187,,,3.269375349513981,0.1882923404255319,10.5707212,0.004285913,17.051,13.669,0.345980248
11233,Eastern and South-Eastern Asia,Upper Middle,23,0.30434782608695654,27.20195439365071,25.239268908002536,93.19470699432891,10.018903591682419,84.94347826086957,87.25217391304349,0.5071273551788876,1.210048142811725,1.034361320392834,0.30788309630907584,0.2307341346153846,7.655253007,0.006044005,6.806000000000001,8.205,0.369000653
11237,Eastern and South-Eastern Asia,Upper Middle,20,0.45,27.567693833571262,24.044156518480147,93.26086956521739,9.347826086956522,81.825,97.78999999999999,0.4638833331223678,,,1.4075926325536237,0.1772313214285714,8.977109584,0.006880178,5.734,6.915,0.362709042
11242,Central and Southern Asia,Lower Middle,32,0.03125,26.32078920148672,24.821484542390543,95.3804347826087,8.831521739130434,133.190625,0.0,1.0,,,-3.91167716555649,0.04933235,2.950082523,0.007321572,0.313,14.703,0.514387372
11243,Eastern and South-Eastern Asia,Upper Middle,21,0.38095238095238093,24.245564947835927,23.27952239122464,95.65217391304347,8.281573498964802,126.14761904761905,20.295238095238094,0.8729087568403632,2.473616907136136,2.1070300487875437,0.4646302460212729,0.1740468888888889,9.404411028,0.004026955,5.952000000000001,13.465,0.402721122
11245,Eastern and South-Eastern Asia,Upper Middle,24,0.5,27.46834738627588,24.070792166589765,94.3840579710145,10.326086956521738,81.88333333333334,98.92083333333333,0.4621536346504591,,,1.6659165800822548,0.1833871219512195,8.488526779,0.00558538,8.178,8.953,0.365544469
11251,Eastern and South-Eastern Asia,Upper Middle,24,0.625,27.96463176262917,25.776950336389252,94.3840579710145,10.326086956521738,73.9875,91.50833333333333,0.4634276004275694,1.6711705708908722,1.4291891325585129,2.4762242825622423,0.2580130855614973,10.12174753,0.007006071,6.083,13.688999999999998,0.300872204
11262,Central and Southern Asia,Lower Middle,24,0.4166666666666667,29.225482368469244,26.27979565486217,92.39130434782608,9.782608695652174,95.65833333333335,77.07083333333334,0.5681299122529307,2.26987917683935,2.4591515479430006,-2.76257034174077,0.1693582692307692,5.870837595,0.01229124,1.53,6.8229999999999995,0.508334489
11265,Eastern and South-Eastern Asia,Upper Middle,27,0.4074074074074074,25.305529325979748,23.618240061549987,93.39774557165862,10.466988727858292,110.78888888888889,44.7888888888889,0.7257825400119852,1.2463818976691845,1.0610865450204727,-0.32426526764634955,0.1770847333333333,8.067471519,0.006840884,2.971,14.812,0.384683797
11266,Central and Southern Asia,Lower Middle,29,0.3793103448275862,28.358139270060793,25.491953643647108,94.00299850074963,10.794602698650674,99.07586206896552,69.34827586206897,0.6343722953141047,0.529413544130349,0.5775420481421989,-4.528895069456312,0.0633566415094339,3.030045781,0.001165645,0.137,24.523,0.521213262
11272,Central and Southern Asia,Lower Middle,33,0.2727272727272727,26.196270752799006,24.50413405418802,93.93939393939394,9.486166007905139,131.13939393939395,0.0,1.0,,,-3.1720553229620165,0.0965227777777777,3.738606036,0.001283809,0.298,12.685,0.556594533
11273,Eastern and South-Eastern Asia,Upper Middle,29,0.3793103448275862,25.878022433776017,23.831144554038335,94.4527736131934,8.995502248875562,106.89655172413794,48.682758620689654,0.7018771899442101,13.28599440852534,11.32340854398307,-0.8053475499089939,0.1518120120481927,6.372182542,0.006713658,3.926,8.004,0.442383536
11275,Eastern and South-Eastern Asia,Upper Middle,24,0.4166666666666667,27.40304731474392,23.97964063977587,94.56521739130436,10.326086956521738,83.025,96.06666666666666,0.4830423044773325,,,0.7306913312419709,0.1885325789473684,8.527941696,0.007226684,7.933999999999999,11.965,0.373441298
11279,Eastern and South-Eastern Asia,Upper Middle,25,0.48,28.58336391748764,25.206383842921085,93.39130434782608,10.08695652173913,82.62400000000001,95.54800000000002,0.47589730727202223,,,-0.5819375373939839,0.1482095891891892,7.39088592,0.007834078,5.266,9.637,0.3643582
11280,Central and Southern Asia,Lower Middle,33,0.2727272727272727,28.32295841433308,25.607940474613297,93.0171277997365,10.408432147562582,104.96666666666667,60.548484848484854,0.6766521992434309,1.180488007680377,1.279854348609311,-4.674210362136483,0.0774071300813008,3.44257807,0.005815193,0.683,29.477,0.476211121
11281,Eastern and South-Eastern Asia,Upper Middle,23,0.30434782608695654,27.869829421241064,24.937356644100596,93.95085066162572,10.018903591682419,78.16521739130435,98.04347826086956,0.45694722932749743,2.0433090089138104,1.7474743092791805,2.7870688622522137,0.2215654358974359,11.57641751,0.009964857,11.366,8.856,0.353514897
11285,Eastern and South-Eastern Asia,Upper Middle,22,0.5909090909090909,27.66837001139468,25.025693782857196,94.86166007905139,10.079051383399209,80.64999999999999,93.23181818181818,0.47738970824886473,1.0292079187965708,0.8791114163042647,4.807488037391934,0.2598262571428571,12.84989821,0.006346022,13.209,5.077,0.336094337
11294,Central and Southern Asia,Lower Middle,31,0.2903225806451613,28.465004916641792,25.84803065807514,92.70687237026648,10.37868162692847,100.56451612903226,65.07741935483871,0.6409810674245001,1.5331657463569062,1.6603837713944154,-4.426009702396011,0.0905417959183673,3.646366655,0.004894681,0.075,31.724,0.48233899
11295,Eastern and South-Eastern Asia,Upper Middle,22,0.6363636363636364,27.74364343428997,25.997959113032117,94.26877470355731,10.079051383399209,80.38181818181819,82.00909090909092,0.5166736808925878,1.846152524274561,1.580412545052261,-0.1730951633411279,0.1902297884615384,7.055812824,0.004711572,4.3919999999999995,24.734,0.362577707
11297,Eastern and South-Eastern Asia,Upper Middle,25,0.44,27.456225590146843,24.48583511146815,92.34782608695652,9.91304347826087,84.2,95.76,0.48327792660159347,,,-0.9458821069624267,0.1462672,10.77846742,0.005354921,4.162,36.239,0.418424041
11298,Central and Southern Asia,Lower Middle,24,0.2916666666666667,29.029762436589646,26.69336261113119,92.57246376811594,11.41304347826087,94.87083333333334,72.24583333333334,0.5798934430449668,1.8366234067037912,1.990965399638012,-4.735748260472991,0.0770154705882353,3.428231175,0.000689053,0.054,34.508,0.566015118
11299,Eastern and South-Eastern Asia,Upper Middle,26,0.2692307692307692,24.683034449357276,23.05313668727825,93.47826086956522,10.20066889632107,106.18076923076923,52.400000000000006,0.6827831006537899,2.471402488991252,2.1063590129860628,-0.9198359002963798,0.1645907826086956,6.22789921,0.008555923,6.318,12.782,0.370204812
113,Sub-Saharan Africa,Lower Middle,16,0.625,23.58225523168976,15.87735626427676,94.56521739130434,8.152173913043478,50.706250000000004,139.66875,0.2993482248244195,,,-1.6882230646142773,0.2285064242424242,5.634786729,0.013530447,0.526,42.441,0.330600386
11300,Central and Southern Asia,Lower Middle,30,0.23333333333333334,28.454492023930424,25.81275242834857,92.89855072463769,9.855072463768115,100.85666666666667,63.24666666666667,0.6453925336305121,3.860402191894918,4.170806234264136,-4.555492133854902,0.06765095,2.901955066,0.004504779,0.0,34.777,0.489473555
11301,Eastern and South-Eastern Asia,Upper Middle,24,0.7083333333333334,24.844742399514374,23.213309276034966,92.02898550724638,10.144927536231883,110.49166666666667,50.02916666666667,0.7045780249249787,,,2.013431642890714,0.1874766875,10.64142694,0.003863563,5.317,13.866,0.292559489
11302,Central and Southern Asia,Lower Middle,22,0.45454545454545453,29.085511928418576,26.897736248560307,93.67588932806325,11.067193675889326,100.91818181818184,60.936363636363645,0.6454217002834125,0.2573138369128387,0.284801662915483,-6.604416626229882,0.0378070967379077,2.735773687,0.001103664,0.019,53.03699999999999,0.543923669
11303,Eastern and South-Eastern Asia,Upper Middle,29,0.41379310344827586,26.39291212464654,24.583475415462512,94.75262368815594,9.595202398800598,109.98620689655172,46.49310344827586,0.7128272265753602,3.343950341655857,2.848949598764019,-0.5133237695806021,0.1700215,7.319644731,0.006710324,2.357,8.996,0.384583378
11310,Central and Southern Asia,Lower Middle,32,0.28125,26.721026410659263,25.487743386063286,94.42934782608695,8.967391304347826,130.46875,0.0,1.0,,,-3.3328076818075263,0.097732129032258,3.877848634,0.005385801,0.361,11.692000000000002,0.557780528
11311,Eastern and South-Eastern Asia,Upper Middle,27,0.48148148148148145,28.764245710915993,25.32441376861836,93.55877616747182,10.466988727858292,69.0,114.14074074074075,0.39006042304408434,1.523703765367106,1.302343701465714,1.4922510993022937,0.2119447989452867,10.24318398,0.010198047,7.888,12.468,0.31695655
11314,Central and Southern Asia,Lower Middle,21,0.3333333333333333,29.193261672137385,26.83113886315412,94.40993788819875,10.559006211180124,102.91904761904763,62.0047619047619,0.6356689046015044,0.3935621585793747,0.4321311178081149,-5.691703625955489,0.0762756956521739,2.835306848,0.002246546,0.0,36.115,0.580685584
11315,Eastern and South-Eastern Asia,Upper Middle,28,0.25,27.796526071003534,24.832845538443475,93.47826086956522,10.403726708074533,75.3,102.56428571428572,0.4360689077859374,,,1.6120073867871056,0.2122355,9.615279398,0.005301583,7.968,5.655,0.382921235
11316,Central and Southern Asia,Lower Middle,32,0.34375,26.39983966556091,24.831145905678312,94.42934782608695,9.918478260869565,132.24687500000002,0.0,1.0,,,-2.7306808132253235,0.1381395,5.075983304,0.006261392,0.482,8.899000000000001,0.561060294
11317,Eastern and South-Eastern Asia,Upper Middle,29,0.4482758620689655,25.91145242183079,24.184058607813885,94.75262368815594,9.745127436281859,104.9448275862069,51.53103448275861,0.6837171618567237,6.595812203488596,5.620894111331517,0.1743190184155989,0.1599153620689655,9.4656164,0.009299195,7.075,21.588,0.381280179
11320,Central and Southern Asia,Lower Middle,23,0.5217391304347826,29.15408740901293,26.91688964067557,93.5727788279773,11.720226843100187,99.08260869565218,62.7,0.629224800120853,0.220299544136715,0.2444795691763454,-6.928514530583679,0.0400532183908046,2.573995088,0.001185157,0.0,61.26200000000001,0.590733659
11321,Eastern and South-Eastern Asia,Upper Middle,22,0.5454545454545454,26.248456546113246,25.58663498918274,92.88537549407114,9.288537549407113,119.91363636363636,23.172727272727272,0.8484057806178517,10.667232457529057,9.078264415344217,2.4149652807561948,0.2000368536585365,9.214983259,0.006537301,8.758000000000001,11.233,0.323464872
11326,Central and Southern Asia,Lower Middle,28,0.25,28.701604902734086,26.098341740800482,93.7888198757764,10.869565217391303,87.11785714285715,81.47857142857143,0.5266034084087685,1.565813741861854,1.69736498616091,-8.212383997614127,0.0343631780821917,2.539002551,0.003508785,0.0,76.02900000000001,0.476882328
11329,Eastern and South-Eastern Asia,Upper Middle,25,0.36,27.45146834266483,24.656188722493095,93.56521739130434,9.73913043478261,81.07600000000001,100.11200000000001,0.4606041184187371,,,1.370073984123531,0.2022928235294117,11.19374698,0.005898001,4.986,15.879,0.342789923
1133,Central and Southern Asia,Lower Middle,29,0.27586206896551724,27.060815372224717,25.28574451125614,94.60269865067465,10.794602698650674,118.50344827586208,25.344827586206897,0.8574660711350636,,,-3.512713141715166,0.1229505918367347,4.27732975,0.007281993,0.938,22.445000000000004,0.521763543
11333,Eastern and South-Eastern Asia,Upper Middle,24,0.6666666666666666,27.81113048812618,24.60567465443073,94.0217391304348,9.782608695652174,70.0875,111.7625,0.39700645913586485,2.1428727277536193,1.831754511384926,1.2381560396823552,0.190532747368421,10.72045916,0.00721651,9.736,24.871,0.336027526
11334,Central and Southern Asia,Lower Middle,23,0.34782608695652173,28.9217264313798,26.663170720477616,94.32892249527411,10.775047258979205,99.56521739130434,64.17391304347827,0.6215117722787197,0.2464973277637838,0.2733566715834554,-6.553274484588364,0.039213205479452,2.575496635,0.003601959,0.0,55.748,0.543041743
11335,Eastern and South-Eastern Asia,Upper Middle,21,0.5238095238095238,28.52797268033631,26.003923029338765,95.23809523809524,9.937888198757763,67.44761904761906,97.75714285714287,0.423808502876218,12.42048161402304,10.622465612039374,0.27319388111991016,0.19230945625,8.179064702,0.004086593,7.793,33.412,0.283517631
11338,Central and Southern Asia,Lower Middle,31,0.25806451612903225,28.307035463329935,25.848492371670606,93.40813464235625,10.098176718092567,98.57741935483871,67.35483870967742,0.6214095982289396,0.19261325007629,0.2140808783262492,-4.009481266053089,0.0622293461538461,2.806986154,0.002499693,0.0,28.315,0.579517496
11345,Eastern and South-Eastern Asia,Upper Middle,21,0.5238095238095238,27.83599215256357,25.825590542201024,94.20289855072464,10.144927536231885,63.2,105.62857142857145,0.39399821638033583,33.31466963520767,28.5222182571569,1.608400393894102,0.2252693014705882,10.5679676,0.008338699,6.402,14.353,0.334949601
11347,Eastern and South-Eastern Asia,Upper Middle,26,0.34615384615384615,24.86767948294232,24.42314645051475,94.64882943143813,9.364548494983277,121.7346153846154,23.853846153846156,0.846133725552861,4.191311983904909,3.5665329170068127,-2.4082940937957504,0.1199807142857142,5.746527148,0.005123926,3.665,19.045,0.42302999
1135,Eastern and South-Eastern Asia,Upper Middle,30,0.6,28.936969017221145,23.65366236544993,94.63768115942028,10.144927536231883,52.77333333333333,113.84333333333333,0.3216513358849752,,,-0.2167916537942689,0.2075213448275862,7.033138489,0.015885977,8.690999999999999,4.621,0.446002587
11352,Central and Southern Asia,Lower Middle,23,0.7391304347826086,28.773401548485314,26.80917735854767,94.51795841209831,11.342155009451796,98.71739130434783,62.15652173913044,0.6336172803972084,3.986528642614634,4.313868625914483,-3.1198957513901107,0.1323870725221595,5.790863129,0.008961757,5.911,34.675,0.529929179
11353,Eastern and South-Eastern Asia,Upper Middle,24,0.5,27.585467028069775,24.21893637345382,92.93478260869564,10.144927536231883,84.95833333333333,92.64166666666667,0.49642032004337255,,,0.47914301250832225,0.197881294117647,9.050380746,0.006488979,4.1419999999999995,12.911,0.360757065
11354,Central and Southern Asia,Lower Middle,30,0.4666666666666667,28.31307626812958,25.893015357276727,92.89855072463769,9.855072463768115,96.25666666666666,65.47333333333333,0.6145648884040719,4.405891648705522,4.765184989308081,-3.565859284643955,0.153265,5.041332504,0.00832016,1.136,19.121,0.493540407
11358,Central and Southern Asia,Lower Middle,26,0.4230769230769231,28.68803513306838,26.469829889182172,93.97993311036788,10.367892976588628,101.57307692307693,63.70769230769231,0.6290134721676794,0.2294290747946329,0.2547668301713182,-4.818367768424801,0.0625346956521739,2.826364145,0.007087711,0.0,36.476,0.597421999
11361,Eastern and South-Eastern Asia,Upper Middle,23,0.34782608695652173,28.511891666024223,25.608855979763778,93.76181474480153,10.586011342155007,68.01739130434783,107.3695652173913,0.40336738623055696,12.351963500724809,10.563279070310177,3.206885905703306,0.2619858101265823,11.3367606,0.007387598,10.471,10.906,0.303104907
11362,Central and Southern Asia,Lower Middle,29,0.41379310344827586,28.531337195834762,26.19604376738976,92.95352323838081,10.494752623688155,92.31379310344828,73.31379310344828,0.5719623840609719,1.4719383505315191,1.5960139646541671,-4.2660486601189955,0.11212890625,4.446721515,0.002300133,0.345,28.532,0.510717768
11363,Eastern and South-Eastern Asia,Upper Middle,21,0.3333333333333333,24.858045205615834,23.99964358084448,95.03105590062111,7.867494824016562,108.91904761904763,42.023809523809526,0.7368654802461057,6.079047532768752,5.1755127379824595,1.3636477112409398,0.1923824117647058,8.358688498,0.00402572,11.334,11.275000000000002,0.402950134
11365,Eastern and South-Eastern Asia,Upper Middle,21,0.5238095238095238,28.440737180052338,25.673698117142347,94.824016563147,9.523809523809524,63.328571428571436,109.46666666666667,0.3831124544826878,15.281457532895908,13.069075792952027,1.0619321184602035,0.214544,11.16272396,0.008302882,2.368,16.329,0.329542064
11366,Central and Southern Asia,Lower Middle,22,0.3181818181818182,29.09987861964564,27.164446692724354,93.67588932806325,11.462450592885375,100.44545454545455,55.74545454545455,0.6611103046682767,0.2691226863507978,0.2976359306519762,-6.9642316012911785,0.0340978991596638,2.81274204,0.002319063,0.0,59.556,0.547529551
1137,Eastern and South-Eastern Asia,Upper Middle,28,0.4642857142857143,24.543896887883438,23.07423818755574,93.63354037267081,9.161490683229813,118.96428571428571,5.896428571428571,0.9529138788037737,,,-1.823993935505762,0.2026642857142857,6.206532654,0.017140249,4.269,14.818,0.524583465
11372,Central and Southern Asia,Lower Middle,26,0.23076923076923078,28.658782419321355,26.291909993487106,93.47826086956522,10.033444816053512,93.63846153846156,73.11923076923077,0.5780315248456591,1.7126801046196665,1.8561063543759413,-4.664133786575775,0.1005377058823529,3.986391955,0.009884566,0.0,38.145999999999994,0.532725007
11374,Central and Southern Asia,Lower Middle,30,0.3,28.21030839217341,25.947338415523447,93.76811594202898,10.144927536231883,96.72666666666667,66.72,0.6119523350375041,1.3597046638564632,1.4754115415426854,-3.661884073290564,0.0878809014084507,4.195487598,0.004543121,0.22,17.929000000000002,0.577133163
11378,Central and Southern Asia,Lower Middle,27,0.4444444444444444,28.46678677311652,26.17526205131672,94.20289855072463,9.66183574879227,97.04074074074076,67.40370370370371,0.6066243593771004,2.3865783948144785,2.5842525803641867,-3.242116992462451,0.1748165,5.508641419,0.00654004,0.102,13.76,0.569896849
11379,Eastern and South-Eastern Asia,Upper Middle,21,0.3333333333333333,27.691444293765688,24.440941350613056,94.20289855072464,9.730848861283643,82.86190476190475,95.34285714285714,0.4839283710068546,,,0.9633486424337919,0.1959997911392405,10.06346506,0.011576212,5.4190000000000005,6.285,0.351321457
11381,Eastern and South-Eastern Asia,Upper Middle,23,0.5652173913043478,24.98272581710234,22.598536525304855,92.81663516068052,9.640831758034025,110.67391304347827,60.88695652173914,0.6624218933963292,,,0.48163957500525356,0.1696653103448276,11.696532,0.005911684,5.808,33.246,0.329527253
11384,Central and Southern Asia,Lower Middle,25,0.32,28.532688803631316,26.36392961514566,94.2608695652174,9.565217391304348,94.0,71.3,0.5857169560788378,0.1972772494341394,0.2195056719055917,-4.825918960779865,0.0685067391304347,2.949748949,0.006699205,0.04,30.967999999999996,0.551279897
11385,Eastern and South-Eastern Asia,Upper Middle,20,0.45,24.925204523086606,24.13258226227092,95.43478260869566,9.347826086956522,115.075,38.28,0.7608490809954804,6.864159420500496,5.847346326471013,-0.5781651981361462,0.1723804722222222,7.372985905,0.006385932,5.121,10.75,0.42688827
11387,Eastern and South-Eastern Asia,Upper Middle,21,0.47619047619047616,28.33888149759857,25.871936950791707,95.65217391304347,9.316770186335404,62.36666666666667,107.44761904761906,0.3871408213833434,1.5247827907733786,1.3030031058806577,1.1894987253305045,0.2195952976190476,9.129820372,0.005433486,4.32,15.678999999999998,0.311021707
11392,Central and Southern Asia,Lower Middle,26,0.2692307692307692,28.32972567946051,26.20501151615936,93.81270903010032,9.866220735785951,97.00384615384615,66.8923076923077,0.6093305960238039,2.342320017929351,2.5364548564486373,-3.5992000785165104,0.147884125,5.070230391,0.007260733,1.187,15.348,0.575029447
11394,Central and Southern Asia,Lower Middle,25,0.24,28.489353927612324,26.4121122305372,94.2608695652174,9.565217391304348,93.14399999999999,70.208,0.5901287519035315,0.8759387730156872,0.9519851171553796,-3.3343925154108365,0.1640746111111111,5.592057253,0.006468952,0.0,12.229,0.595361564
11397,Eastern and South-Eastern Asia,Upper Middle,21,0.47619047619047616,23.01554547052318,22.041947475625676,91.92546583850933,9.937888198757763,121.22857142857144,32.8952380952381,0.805357467173677,,,1.9285331512033166,0.1842033965517241,11.61123294,0.005617128,8.079,11.973,0.34168295
11399,Eastern and South-Eastern Asia,Upper Middle,25,0.44,27.498214358207516,24.508957908077747,93.21739130434781,10.608695652173912,86.20800000000001,91.316,0.4994596326112601,,,1.3201068752637917,0.2007969565217391,9.747517165,0.006770985,6.094,3.516,0.357316635
11401,Eastern and South-Eastern Asia,Upper Middle,25,0.36,26.21629270636523,23.759613889172165,94.08695652173914,10.26086956521739,115.06,53.576,0.6961033739474023,,,0.45900374573712766,0.1792028421052631,9.712826322,0.007899612,3.535,12.849,0.338644517
11403,Eastern and South-Eastern Asia,Upper Middle,24,0.25,26.09352208104607,25.108037833039702,96.19565217391305,8.152173913043478,106.5625,46.9375,0.712244503023631,1.3263917330656645,1.1276756643873502,-1.5005899270132388,0.1241306504854369,5.134596808,0.002581255,5.2589999999999995,14.269,0.43721863
11407,Eastern and South-Eastern Asia,Upper Middle,19,0.42105263157894735,26.323169923575477,25.39248514524653,95.19450800915331,8.924485125858123,109.95789473684209,39.4,0.7554366688646539,0.5317064012328019,0.4511597371951371,-0.23158827520693043,0.1658684660887302,7.074267438,0.004493592,7.516,24.116999999999997,0.324453871
11409,Eastern and South-Eastern Asia,Upper Middle,26,0.4230769230769231,28.661630098300414,25.00139050687282,93.47826086956522,10.535117056856187,73.93076923076923,108.06923076923077,0.4268441391726797,1.2950458033366428,1.1051993527885868,1.3299160547542248,0.2064756160714285,9.545387824,0.005191531,7.165,10.451,0.352555203
11410,Central and Southern Asia,Lower Middle,24,0.2916666666666667,28.567877531051654,26.645365691481206,93.65942028985508,10.326086956521738,93.32083333333334,69.2,0.5958912002271153,3.731001018221819,4.035715642934652,-4.706670698004638,0.111136125,6.055432172,0.013648568,0.259,22.1,0.615312382
11416,Central and Southern Asia,Lower Middle,23,0.34782608695652173,28.681454387901706,26.97410381721022,94.32892249527411,11.342155009451796,95.81739130434784,63.88695652173914,0.6235693578333015,1.150221628868796,1.248992565624391,-5.961046163524207,0.0289508545454545,2.806497554,0.005412209,0.134,41.836,0.600920011
1142,Eastern and South-Eastern Asia,High income,22,0.5,26.577039265104727,24.672777120030695,93.47826086956523,9.288537549407113,122.05000000000001,39.60454545454546,0.7662759818519764,19.776384110627895,16.799783036842065,2.7371718345963725,0.2028395967078189,11.57501738,0.018150596,12.088,25.344,0.473718535
11420,Central and Southern Asia,Lower Middle,22,0.3181818181818182,28.76757916637722,27.110615734586556,93.67588932806325,10.474308300395258,102.60454545454546,52.70454545454545,0.6922862180224634,0.4204545804086764,0.4604458940515125,-6.7197652531157965,0.0273110487804878,3.261961737,0.003291083,0.0,55.598000000000006,0.63323296
11421,Eastern and South-Eastern Asia,Upper Middle,23,0.34782608695652173,25.116690581958125,23.95395415020451,93.76181474480153,10.396975425330812,110.56521739130434,46.47826086956522,0.7138935458957769,8.249982557717251,7.034520498589603,3.2954786916919643,0.1928272,12.08570807,0.013611361,9.066,19.378,0.319003743
11425,Eastern and South-Eastern Asia,Upper Middle,27,0.3333333333333333,28.046159455856838,24.54854183841813,93.88083735909822,10.466988727858292,76.46296296296296,104.52222222222223,0.43787787748485313,,,1.339138192733905,0.190435619047619,9.173792512,0.006331835,8.457,2.83,0.340371276
1143,Eastern and South-Eastern Asia,High income,15,0.6666666666666666,25.757984197516187,24.150659612075554,96.52173913043478,8.98550724637681,119.73333333333333,31.14,0.8043270566985707,,,-0.0010311215667531126,0.2004137142857142,8.097109095,0.010930259,13.056,35.278999999999996,0.289840695
11430,Central and Southern Asia,Lower Middle,22,0.22727272727272727,28.58301670018574,26.802490370675226,94.26877470355731,10.67193675889328,93.13181818181819,66.87272727272727,0.6053879759888422,3.9761090695811414,4.302192088515046,-5.908302774273551,0.0189744462809917,2.529626248,0.004473009,0.0,41.809,0.603672364
11436,Central and Southern Asia,Lower Middle,25,0.4,28.229654273986842,26.36613916566685,93.7391304347826,9.91304347826087,98.48800000000001,62.02,0.6376241540425521,2.9793032493769243,3.224014364620687,-4.860408928532778,0.1052496666666666,4.508825673,0.009519405,0.123,22.266,0.598445413
11439,Eastern and South-Eastern Asia,Upper Middle,27,0.5555555555555556,27.64344008778516,24.06617964022142,93.39774557165862,10.789049919484702,81.8037037037037,88.81481481481481,0.49472855911307445,48.85127644625012,41.70812569974487,4.1225951176015565,0.2189536293103448,11.96549735,0.010605743,15.84,6.556,0.30409275
1144,Eastern and South-Eastern Asia,Lower Middle,25,0.4,26.10634662552827,23.9575679718303,95.82608695652173,9.391304347826086,106.39200000000001,49.412000000000006,0.7118675538342708,,,-4.065670775413137,0.059092,2.865428286,0.004552051,0.428,20.743,0.572884523
11444,Central and Southern Asia,Lower Middle,21,0.23809523809523808,28.605705118157932,26.973433449142767,94.20289855072464,11.180124223602483,99.8047619047619,57.209523809523816,0.6695681978816488,0.141805427284399,0.1601306446194951,-8.273003732511917,0.0235017172413793,2.565996056,0.005412041,0.0,74.633,0.466865488
11447,Eastern and South-Eastern Asia,Upper Middle,26,0.34615384615384615,27.430441675351833,23.877686045395194,93.97993311036788,10.535117056856187,77.23846153846154,101.92692307692307,0.4455395399418808,0.5771698359909377,0.4936414673414487,3.7433467494518693,0.2125430666666666,11.0414013,0.007575241,13.307,1.812,0.301080764
11450,Central and Southern Asia,Lower Middle,35,0.2,26.9598015747712,25.611395584729976,93.04347826086958,10.186335403726707,126.94285714285714,0.0,1.0,,,-2.5842903194154796,0.1709712972972973,5.164402174,0.00874109,0.6970000000000001,10.198,0.568753682
11457,Eastern and South-Eastern Asia,Upper Middle,26,0.2692307692307692,27.612999783819834,24.14788970387717,93.47826086956522,10.20066889632107,78.16923076923078,101.61538461538461,0.4533494873311658,1.0362197742936416,0.8853396638098405,1.8868597933989264,0.2052798235294117,10.02726061,0.006973152,4.174,6.356999999999999,0.326396128
11461,Eastern and South-Eastern Asia,Upper Middle,24,0.20833333333333334,27.178542592597726,24.36676604616675,94.7463768115942,10.869565217391305,81.12916666666668,93.26666666666667,0.48927799250857723,,,0.5179843756754248,0.1981034782608695,8.804565059,0.005619383,6.053,9.670000000000002,0.373896071
11469,Eastern and South-Eastern Asia,Upper Middle,26,0.3076923076923077,27.506923582534192,24.05424105743561,92.80936454849498,10.869565217391303,81.68846153846154,95.00769230769232,0.48097834135317175,2.395972084891021,2.0479202588862577,5.975668275995181,0.2707135272727273,12.3722168,0.007959038,19.877,6.677,0.292004281
1147,Australia and New Zealand,High income,13,0.5384615384615384,18.26315297846853,16.60891383987162,91.30434782608697,10.367892976588628,74.96153846153847,65.36153846153846,0.532038607479464,,,2.105758722672295,0.3222242915360501,10.29639689,0.018204394,0.345,20.038,0.464662734
11470,Central and Southern Asia,Lower Middle,35,0.05714285714285714,27.481025366001028,26.261425160472495,93.29192546583852,9.565217391304346,126.10857142857144,0.0,1.0,,,-3.3944363960823276,0.0479402631578947,2.548020893,0.000221058,0.0,17.87,0.53799007
11474,Central and Southern Asia,Lower Middle,34,0.3235294117647059,27.194463037637092,25.83162280954592,93.86189258312021,9.974424552429667,129.25882352941176,0.029411764705882353,0.9997947539099379,,,-0.7354749190918233,0.1904751428571428,5.688956956,0.004549339,2.046,6.551,0.532000641
11477,Eastern and South-Eastern Asia,Upper Middle,26,0.34615384615384615,27.10480064245373,24.433591785784017,93.64548494983276,10.367892976588628,80.79615384615384,94.48846153846155,0.4842188130800118,,,0.2662343078789803,0.1708676111111111,7.166530577,0.005066958,7.65,9.264,0.361276445
11485,Eastern and South-Eastern Asia,Upper Middle,24,0.4166666666666667,28.69189358515676,25.155612462112362,94.3840579710145,10.144927536231883,66.62083333333334,119.11250000000001,0.3726371829224134,2.5746745110755054,2.201131900985901,-0.3076190037549886,0.1585700434782608,8.809511596,0.005503432,4.364,24.601,0.369357373
11486,Central and Southern Asia,Lower Middle,24,0.25,26.927019818409093,25.70435571087368,93.29710144927536,8.514492753623188,123.94583333333333,0.0,1.0,,,-4.227965958765776,0.04576921875,2.573283909,0.000624379,0.0,28.377,0.44957808
11487,Eastern and South-Eastern Asia,Upper Middle,25,0.44,27.306208986918165,24.331202554616315,93.7391304347826,9.91304347826087,85.58800000000001,87.26800000000001,0.5176115916642627,1.433004960326547,1.2240314290158798,2.362871936136619,0.2147572567567567,10.25742558,0.006008071,7.779,4.645,0.320199669
11488,Central and Southern Asia,Lower Middle,33,0.15151515151515152,27.164573669433615,25.728151573111955,94.72990777338603,9.881422924901186,128.71515151515152,0.3939393939393939,0.9969066654679443,,,-1.9665520855456133,0.160184619047619,4.967901416,0.005407122,0.682,4.463,0.575000596
11490,Central and Southern Asia,Lower Middle,31,0.06451612903225806,27.400595130107014,26.062988805736897,95.23141654978963,8.835904628330995,128.2258064516129,0.9290322580645163,0.9928657985035765,,,-4.199975029150963,0.0424402535211267,2.583447839,0.004070954,0.0,22.887,0.597998064
11492,Central and Southern Asia,Lower Middle,33,0.3333333333333333,27.450829715150796,25.925427097334904,94.59815546772069,9.617918313570486,128.72121212121212,1.5333333333333332,0.987951527396358,,,-3.018815995367703,0.1279458095238095,4.503003576,0.004316804,0.554,8.623,0.571084919
11495,Eastern and South-Eastern Asia,Upper Middle,25,0.16,27.418505555436468,24.44187876998092,93.04347826086956,10.782608695652172,82.616,94.95200000000001,0.48375554197899917,1.1631910338241649,0.994302980281954,1.1137573986651252,0.186620875,7.616135486,0.004426885,11.166,4.9639999999999995,0.313527534
11499,Eastern and South-Eastern Asia,Upper Middle,27,0.25925925925925924,27.283727238118733,24.464897454884824,92.914653784219,11.11111111111111,85.82962962962964,89.34074074074076,0.5094030943473197,1.4024830229394043,1.199919098480034,2.1425175142712876,0.2156005882352941,9.950865348,0.005754906,5.703,7.878999999999999,0.311616033
1150,Latin America and the Caribbean,Upper Middle,15,0.4666666666666667,12.107478324694535,9.959833685378545,93.33333333333333,10.144927536231883,65.23333333333333,63.419999999999995,0.5381369856355402,,,-4.330319978219027,0.110853,6.196557401,0.005803305,2.66,49.251000000000005,0.524917127
11500,Central and Southern Asia,Lower Middle,26,0.5,27.107934709795497,25.882426984946985,95.9866220735786,9.698996655518394,125.91538461538462,1.603846153846154,0.9877992815951934,,,-0.6902600854738243,0.2275909948453608,8.712092332,0.011621283,5.369,19.662999999999997,0.486142747
11501,Eastern and South-Eastern Asia,Upper Middle,26,0.38461538461538464,27.1187414668338,24.221799598110653,93.81270903010032,10.535117056856187,83.6423076923077,92.6423076923077,0.4895486419151615,0.6220370839500404,0.5320991084492499,-0.25584085849025395,0.1550426842105263,7.862844014,0.002732724,8.392999999999999,10.877,0.378770765
11509,Eastern and South-Eastern Asia,Upper Middle,23,0.43478260869565216,25.264889808323094,24.066429070997607,93.76181474480153,10.396975425330812,114.27826086956522,47.73913043478261,0.7193057701112555,1.2384860430717686,1.055986672929223,1.1023976651798537,0.1992616,9.835953324,0.004198514,1.634,8.545,0.333097555
11510,Central and Southern Asia,Lower Middle,29,0.1724137931034483,27.280275724718585,26.224149896050744,94.15292353823088,9.29535232383808,126.58965517241379,2.4379310344827587,0.9809069825982297,,,-3.435620999237563,0.0957733333333333,3.722732639,0.002807217,0.838,18.786,0.570640018
11513,Eastern and South-Eastern Asia,Upper Middle,21,0.38095238095238093,24.89421116502464,23.97007794981986,92.54658385093168,9.937888198757763,121.01428571428572,34.709523809523816,0.7905368181363978,1.3106671274509805,1.1175653916450503,-0.2774031941898403,0.1464675652173913,7.447863896,0.003486904,5.933000000000001,12.629,0.399965714
11514,Central and Southern Asia,Lower Middle,30,0.3,27.64063454045967,26.315928557154113,95.79710144927536,9.27536231884058,126.12666666666668,4.286666666666666,0.9668436935680338,,,-5.124216752474672,0.0522027699530516,2.692435931,0.001495472,0.025,41.470000000000006,0.526021864
11517,Eastern and South-Eastern Asia,Upper Middle,25,0.56,28.209942125202215,25.32085002230994,93.56521739130434,10.08695652173913,67.388,111.072,0.3942441907321212,2.213320891686376,1.8919711401371613,0.6496675158319709,0.2163705333333333,8.887122282,0.005495805,7.56,19.045,0.353545561
11518,Central and Southern Asia,Lower Middle,25,0.44,26.903615533317428,25.22525894636863,95.30434782608695,10.26086956521739,122.31200000000001,13.988000000000001,0.9063740840398821,5.045217209563593,5.456084911224277,-2.636442050433677,0.1676823738317757,5.951884482,0.012001076,2.6590000000000003,7.896,0.55829632
11524,Central and Southern Asia,Lower Middle,26,0.3076923076923077,27.63912952855533,26.48711723079435,95.9866220735786,8.862876254180602,129.03846153846155,4.130769230769231,0.9690578124899331,,,-0.7210466106103061,0.1956121944444444,7.023797101,0.007832794,1.842,14.477,0.547690535
11526,Central and Southern Asia,Lower Middle,28,0.07142857142857142,27.348151108441673,26.070306670015725,95.03105590062113,8.695652173913043,129.06428571428572,1.775,0.9863157909027497,,,-4.173595596553366,0.0570452173913043,2.527352936,0.00088595,0.013,25.769,0.562019812
1153,Latin America and the Caribbean,Lower Middle,31,0.1935483870967742,25.726777457051494,24.258004421733247,96.21318373071529,7.994389901823281,85.84516129032258,77.29354838709678,0.5484007462775657,,,-1.3245411359601675,0.221141923076923,6.023299998,0.015321412,6.563,15.669,0.492811004
11530,Central and Southern Asia,Lower Middle,33,0.30303030303030304,26.717839358949966,24.94357614701445,94.99341238471673,9.486166007905139,119.66060606060607,22.0,0.8626975169541985,1.0625950740444017,1.1542115102871229,-4.9288812552958925,0.1014397027027027,3.930359776,0.004602052,0.149,27.521999999999995,0.576064715
11531,Eastern and South-Eastern Asia,Upper Middle,25,0.4,27.364995699452138,24.998226202861318,94.08695652173914,11.652173913043477,73.20400000000001,101.71600000000001,0.43072894663452227,7.830403036672519,6.69844611877453,1.863449345904507,0.2026071632653061,9.973946379,0.00725355,5.428000000000001,11.382,0.323622687
11535,Eastern and South-Eastern Asia,Upper Middle,25,0.32,27.12662653018266,25.046488184999617,93.04347826086956,11.652173913043477,76.62,97.39200000000001,0.45851139740426483,2.3892572586658516,2.0444611059823803,1.0578256985316699,0.17360828125,10.03825855,0.005606294,6.948,14.75,0.372546093
11536,Central and Southern Asia,Lower Middle,18,0.2222222222222222,26.718862921335454,25.487920678306324,94.20289855072464,10.869565217391305,129.66111111111113,0.0,1.0,0.223685328984511,0.2486689097365278,-4.548012967654332,0.0700313939393939,2.916819673,0.000418557,0.11,25.258,0.521994041
11537,Eastern and South-Eastern Asia,Upper Middle,25,0.44,26.28878617820421,24.999969767219646,93.04347826086956,8.869565217391305,102.24799999999999,52.163999999999994,0.6804215682646837,0.4478492939078366,0.3800448541449439,0.06374503486002127,0.1682032589928057,7.62397004,0.005428294,8.812,18.878,0.311097579
11538,Central and Southern Asia,Lower Middle,27,0.37037037037037035,26.81778554223716,25.686801408065303,95.33011272141708,9.66183574879227,124.0925925925926,5.366666666666667,0.9613085650707455,,,-2.8002581692708572,0.12889809375,4.430614966,0.004598095,0.843,25.65,0.444182758
11539,Eastern and South-Eastern Asia,Upper Middle,23,0.5652173913043478,23.881176326585877,23.03843216178034,93.95085066162572,9.45179584120983,118.5608695652174,38.756521739130434,0.7732774912463876,,,-2.3461317515841458,0.1659955555555555,6.137591263,0.002039483,2.756,11.368,0.426467142
1154,Latin America and the Caribbean,Lower Middle,23,0.4782608695652174,21.786802435612348,18.79776716303695,95.27410207939509,10.207939508506616,72.51304347826087,78.20434782608696,0.4959027298629781,,,0.20652787690133534,0.1903133571428571,8.016899404,0.010440302,12.184,24.324,0.534127339
11542,Central and Southern Asia,Lower Middle,18,0.2222222222222222,26.57497124142119,25.29718950076665,92.02898550724638,10.628019323671497,129.62222222222223,5.616666666666667,0.9670606771073236,0.4114661107804955,0.4512004763357975,-3.1116492843859924,0.1200020833333333,5.13787556,0.000905468,0.228,14.133,0.533381993
11545,Eastern and South-Eastern Asia,Upper Middle,19,0.47368421052631576,23.436713484306978,22.730798134624276,92.90617848970251,9.382151029748282,123.22105263157896,32.53157894736842,0.8103332564908952,,,5.362809209054119,0.2072293333333333,14.46929105,0.005127916,17.429,6.409999999999999,0.292722761
11547,Eastern and South-Eastern Asia,Upper Middle,13,0.5384615384615384,25.498527350792543,24.718109207483312,93.31103678929766,9.698996655518394,112.34615384615384,37.43846153846154,0.7611815764934915,12.76448775147504,10.869959829109554,1.695175062810786,0.1814335,8.093398862,0.007324758,20.888,22.002,0.32750797
11550,Central and Southern Asia,Lower Middle,30,0.3,27.004804004634835,25.805101719127723,94.34782608695652,10.0,127.01333333333334,0.14333333333333334,0.9987371512481644,0.4018616444075675,0.4386638052758058,-5.073619127969384,0.0618277,3.550491649,0.004906642,0.363,31.591,0.507234629
11551,Eastern and South-Eastern Asia,Upper Middle,24,0.4583333333333333,23.76038390795394,22.929969015474658,92.57246376811594,9.782608695652174,117.45,41.27916666666667,0.7571930572560049,,,-1.13666032812862,0.1521191379310345,7.363558597,0.006604407,3.428,13.948,0.426004552
11553,Eastern and South-Eastern Asia,Upper Middle,22,0.45454545454545453,24.586894090704234,23.697225695997346,93.87351778656127,9.683794466403162,115.60454545454546,43.70909090909091,0.7396165195371606,,,-2.950589342189313,0.1240254615384615,5.538348415,0.003844999,1.338,8.203,0.417655441
11556,Central and Southern Asia,Lower Middle,31,0.1935483870967742,26.684430867442757,25.428819888567915,93.26788218793828,10.37868162692847,126.22258064516129,0.8903225806451613,0.9938532656973299,2.473284733081561,2.674679322353194,-3.351540375707052,0.1483307272727272,4.49255264,0.008540684,0.839,22.394,0.479828663
11559,Eastern and South-Eastern Asia,Upper Middle,21,0.6190476190476191,24.83385106949583,23.837913983949843,94.40993788819875,8.902691511387165,112.56666666666668,45.357142857142854,0.7269872610400415,,,1.07397356528076,0.1809964137931034,10.15517783,0.005972023,3.591,21.522,0.310427746
11561,Eastern and South-Eastern Asia,Upper Middle,19,0.42105263157894735,26.39579530361518,25.44520639999626,92.90617848970251,8.695652173913043,103.03684210526316,47.11052631578948,0.7037842141399638,2.2709864629491867,1.9327098594697063,2.2237616541812946,0.2202373478260869,8.32092297,0.00898065,11.308,5.112,0.335131677
11563,Eastern and South-Eastern Asia,Upper Middle,23,0.5652173913043478,27.943720351991615,25.80747014774201,94.51795841209831,10.396975425330812,64.3304347826087,108.58260869565218,0.3884414435129519,40.139094638462915,34.33076995368884,1.0285155387283464,0.2039922600382409,9.473659798,0.008823153,4.229,15.035,0.298510048
11565,Eastern and South-Eastern Asia,Upper Middle,26,0.4230769230769231,27.250922889111752,25.320017226728307,93.97993311036788,10.535117056856187,77.74230769230769,99.82692307692308,0.4598234875553156,1.2526203103685143,1.069590425836917,-0.14696645268893954,0.1929905833333333,7.722882306,0.005270239,9.211,16.067999999999998,0.394720269
11566,Central and Southern Asia,Lower Middle,28,0.17857142857142858,26.683867064911446,25.641687629074774,93.32298136645963,9.937888198757763,128.8,0.0,1.0,,,-1.5912502813443616,0.171069652173913,5.203354424,0.004457604,0.541,10.315,0.540688231
11567,Eastern and South-Eastern Asia,Upper Middle,24,0.4583333333333333,25.967199795363413,24.321878040422675,93.4782608695652,10.326086956521738,100.2625,71.87083333333334,0.5967422149364183,1.3258729600976646,1.1320586576892784,2.406596184487202,0.193931448275862,9.797901557,0.004580968,17.532,10.561,0.369962431
11577,Eastern and South-Eastern Asia,Upper Middle,28,0.35714285714285715,27.531608264133208,25.729790165988486,94.25465838509317,11.024844720496892,76.325,102.48214285714286,0.44895495929610213,1.2840579058772714,1.0975688684418,2.040893016286086,0.2158560512820513,8.724955506,0.00662998,12.741,10.963,0.325216954
11578,Central and Southern Asia,Lower Middle,25,0.28,26.25382660843745,24.38472373856645,95.47826086956522,9.043478260869565,118.08800000000001,7.824,0.9436833921135745,,,-3.2772164054862993,0.1690621477272727,5.394040586,0.010724012,2.187,11.003999999999998,0.550055019
1158,Latin America and the Caribbean,Upper Middle,24,0.2916666666666667,18.977084418570158,17.841829817492208,95.65217391304348,8.514492753623188,96.93333333333334,8.9375,0.9220594431469449,,,5.567347655855089,0.262013123655914,10.42197201,0.024750857,31.698,6.1530000000000005,0.383473518
11581,Eastern and South-Eastern Asia,Upper Middle,23,0.5217391304347826,25.281416125040028,24.17042894304906,94.13988657844992,9.45179584120983,106.04347826086956,55.73913043478261,0.6704457030932213,,,-0.24616213037022472,0.152367294117647,8.030722615,0.002981042,6.437,10.148,0.326633893
11585,Eastern and South-Eastern Asia,Upper Middle,21,0.42857142857142855,25.696113166393907,24.53461799065978,94.20289855072464,9.109730848861282,102.9,47.48571428571429,0.6977654970705404,1.0433040962812494,0.8871466093234739,3.395423100592263,0.2294765064935064,9.437446784,0.006447704,12.194,4.739999999999999,0.321431798
11589,Eastern and South-Eastern Asia,Upper Middle,23,0.6521739130434783,24.7426109645678,24.11836035223841,94.32892249527411,10.207939508506616,120.52173913043478,52.7,0.7268710455962741,,,1.301316764441534,0.161887074074074,11.77434408,0.004278959,12.002,30.378,0.416349069
11597,Eastern and South-Eastern Asia,Upper Middle,24,0.2916666666666667,25.810111588901936,24.614642988152507,95.28985507246377,9.420289855072463,96.875,65.55416666666666,0.6134830284487254,1.18475844323326,1.0095211716533998,-0.3354294568872712,0.1691294285714285,7.972856868,0.003108803,4.915,11.801,0.346105299
11599,Eastern and South-Eastern Asia,Upper Middle,22,0.5454545454545454,25.001044852104062,23.899219077264306,93.47826086956523,9.288537549407113,106.17272727272729,57.92727272727273,0.6615800771920181,,,-0.24165267509200494,0.1664404945054945,6.978221755,0.002890534,4.565,5.522999999999999,0.398290234
116,Sub-Saharan Africa,Lower Middle,39,0.5641025641025641,16.816756226925907,12.264810429609701,95.65217391304347,9.698996655518394,50.92564102564103,139.89743589743588,0.29358146395319046,,,0.8766202364980623,0.2744244909090909,7.070214141,0.017216373,1.62,13.768,0.314299091
11601,Eastern and South-Eastern Asia,Upper Middle,22,0.22727272727272727,24.915452402288306,23.63002322379363,95.45454545454545,9.881422924901186,95.42272727272729,70.69090909090909,0.589286468743576,,,-1.4149007413672552,0.1613344285714285,6.239699561,0.001924031,4.415,8.821,0.390814582
11605,Eastern and South-Eastern Asia,Upper Middle,23,0.4782608695652174,25.722899869152947,24.556443379366872,93.76181474480153,9.073724007561436,114.67391304347827,62.904347826086955,0.6687861203581228,,,0.32977283261833695,0.1858250384615384,8.235752643,0.006632176,5.973,13.901,0.351075046
11608,Central and Southern Asia,Lower Middle,24,0.4166666666666667,22.330946299613156,21.41936886858194,95.65217391304348,9.420289855072463,120.78750000000001,0.0,1.0,0.6340743033493533,0.6870335104524311,-1.0209575052563038,0.1823579752475247,5.511657543,0.008248347,6.449000000000001,22.363,0.369593904
11609,Eastern and South-Eastern Asia,Upper Middle,22,0.4090909090909091,25.39312107779765,24.647171037257866,94.86166007905139,10.474308300395256,122.77727272727272,60.18181818181818,0.7026243015659431,,,-2.544634748143792,0.10288995,6.628317922,0.001950992,6.754,36.236,0.384903071
1161,Latin America and the Caribbean,Upper Middle,38,0.4473684210526316,24.36408580381092,22.377414682758175,94.96567505720823,10.297482837528603,77.53421052631579,85.65526315789474,0.4877328875587229,,,0.07577865240736348,0.21960408,6.140015921,0.017245188,13.937,10.729,0.481651871
11610,Central and Southern Asia,Lower Middle,23,0.5217391304347826,21.73385726672655,21.207358085324234,92.81663516068052,9.45179584120983,112.04782608695652,4.452173913043478,0.9684418218778886,1.755014266575112,1.8947427960504548,-0.9362989839931999,0.20421396,6.189228916,0.003710854,4.483,14.713,0.449949709
11611,Eastern and South-Eastern Asia,Upper Middle,23,0.4782608695652174,27.71701024926229,25.949274711869432,94.7069943289225,9.640831758034025,87.47391304347826,90.69130434782609,0.5121827815880284,13.532511379339288,11.573409958249629,1.112789426920671,0.160416,6.639657555,0.005218053,11.183,7.928000000000001,0.273892032
11613,Eastern and South-Eastern Asia,Upper Middle,22,0.18181818181818182,25.662560360648456,24.33528116978332,94.86166007905139,8.695652173913043,91.49545454545455,75.87727272727273,0.563069052419706,,,-1.2086275441534577,0.1420812391304347,6.367874189,0.002417247,4.577,11.244,0.389425756
11614,Central and Southern Asia,Lower Middle,24,0.08333333333333333,22.015270489706136,21.33701850341144,95.28985507246377,9.239130434782608,118.89166666666667,1.175,0.992001361470388,0.870415985217822,0.941417227283131,-1.6710431018392433,0.1717867096774193,5.699105235,0.008238013,0.762,11.942,0.42018281
11616,Central and Southern Asia,Lower Middle,31,0.1935483870967742,27.086043806998987,25.435049528988845,93.54838709677419,9.957924263674615,118.33870967741936,0.7903225806451613,0.9926393693186388,,,-3.9208814616935204,0.1707349,4.371886301,0.010881114,0.266,11.176000000000002,0.607118986
11617,Eastern and South-Eastern Asia,Upper Middle,22,0.6818181818181818,25.08616356416184,23.996551540368966,95.25691699604744,10.276679841897232,114.49545454545455,56.03636363636363,0.7079028626814817,,,1.2699669436304601,0.1720599487179487,10.76841594,0.008683423,12.844,26.594,0.361388679
11618,Central and Southern Asia,Lower Middle,25,0.2,21.534109962463404,20.902967603885617,95.47826086956522,10.26086956521739,118.508,1.364,0.9907775524002704,0.2734131268406171,0.3000423326721066,-1.544355698276803,0.1761405384615384,5.29671224,0.007851432,0.965,10.978,0.38145267
1162,Latin America and the Caribbean,High income,5,0.0,15.9967551191045,14.011691385947362,90.43478260869566,11.304347826086957,1.0400000000000003,118.14000000000001,0.00885464609443604,,,4.379109065234005,0.2109199671052631,9.684950838,0.019275725,27.848,11.032,0.272721325
11621,Eastern and South-Eastern Asia,Upper Middle,23,0.6521739130434783,26.07381771519646,24.808228251314986,93.57277882797733,9.829867674858223,114.9217391304348,54.03478260869565,0.6984021963111703,,,3.0313623283215745,0.2130212265625,11.9788576,0.011000219,12.906,13.43,0.318923745
11623,Eastern and South-Eastern Asia,Upper Middle,25,0.64,26.857574504420953,25.31532539436276,92.52173913043478,9.739130434782608,92.26,63.208,0.6138319149883653,0.9111771469698126,0.7745915375552075,2.121692949636584,0.1933925168961201,9.065131771,0.005075541,9.983,10.959,0.275780718
11624,Central and Southern Asia,Lower Middle,27,0.2222222222222222,26.923899411343772,25.53245068219031,92.7536231884058,9.500805152979066,119.4925925925926,0.2111111111111111,0.9982509435699163,,,-4.20567641472772,0.1449474,4.518341036,0.007351705,1.42,33.736999999999995,0.638092969
11629,Eastern and South-Eastern Asia,Upper Middle,22,0.5454545454545454,26.8555993742002,25.2145618233062,94.0711462450593,9.486166007905139,107.63181818181819,65.37727272727273,0.6408168657429134,0.5677080354009215,0.4843831463340133,0.7125324312129906,0.1973084137931034,9.027767208,0.005899043,7.586,18.676,0.360013256
11630,Eastern and South-Eastern Asia,Upper Middle,21,0.47619047619047616,26.68246434859255,25.707725556850647,92.7536231884058,9.937888198757763,109.9,51.11904761904762,0.6953391608468054,2.170414967600012,1.854614655434328,3.0898253241794316,0.1974702704280155,10.89374844,0.007899542,15.938,20.205,0.295792498
11633,Eastern and South-Eastern Asia,Upper Middle,22,0.36363636363636365,26.04490418255647,25.157761027255024,93.67588932806325,9.486166007905139,119.13181818181819,56.15,0.6965463560929358,0.9931838425777594,0.8487133389452602,0.6181835400342167,0.1754042142857143,8.591046337,0.005568394,12.782,18.385,0.38483601
11636,Eastern and South-Eastern Asia,Upper Middle,25,0.56,26.647874665073388,25.257300029065412,93.21739130434781,9.565217391304348,101.064,64.828,0.6192624600337978,,,-1.8477938190068919,0.1326694083885209,6.366157596,0.004630304,6.2940000000000005,20.183000000000003,0.359715532
11638,Eastern and South-Eastern Asia,Upper Middle,22,0.13636363636363635,25.642436199588374,24.82108088254519,93.2806324110672,9.683794466403162,113.76363636363637,61.690909090909095,0.6822524120826943,8.988405341140874,7.683490778049052,3.0960440641741993,0.1926315294117647,11.5811287,0.00879147,15.7,18.041,0.376590186
11644,Eastern and South-Eastern Asia,Upper Middle,22,0.5454545454545454,26.426395431518575,25.42664704545176,93.67588932806325,10.079051383399209,108.38181818181819,63.84090909090909,0.6457346067692444,2.2769365290811465,1.9465874267609256,1.4146911639820197,0.19808765625,9.257863092,0.00925453,10.172,11.219,0.365322044
11648,Eastern and South-Eastern Asia,Upper Middle,23,0.7391304347826086,27.194796753022867,25.56022793926873,93.95085066162572,9.829867674858223,104.9,69.29565217391306,0.617317066056477,23.97162440449125,20.502399261276828,2.665027523788276,0.2418675194805195,9.917482425,0.008939755,11.471,9.875,0.324259628
11653,Eastern and South-Eastern Asia,Upper Middle,20,0.5,26.501997013138215,25.492423522477118,92.82608695652173,10.434782608695652,101.67,62.625,0.6340879901902982,0.3629058355331729,0.3089837461492107,-0.025641868226464637,0.1545682403433476,8.327544033,0.0074035,11.201,29.683999999999997,0.333078472
1166,Latin America and the Caribbean,Upper Middle,31,0.25806451612903225,26.174199879898577,22.59902684522266,94.109396914446,9.537166900420756,75.3741935483871,88.45806451612904,0.4726761219251237,,,-3.77277424530011,0.1922255217391304,5.073503373,0.013754831,1.06,24.335,0.505899586
11665,Eastern and South-Eastern Asia,Upper Middle,23,0.5217391304347826,27.522521177768134,25.79963298186664,93.95085066162572,9.829867674858223,104.0086956521739,71.06521739130434,0.6101818077371001,1.073761757279822,0.9178963970227948,0.8747802578382652,0.2111749789156626,9.13581743,0.005253499,10.139,21.454,0.360209236
1172,Europe,High income,20,0.6,18.590453387279926,15.667990034406031,93.04347826086956,10.217391304347824,51.545,84.42,0.3978450923105667,,,4.741049738656584,0.2452603684210526,11.99919705,0.023922901,17.075,8.691,0.398014964
1176,Europe,High income,18,0.3888888888888889,13.016701733208963,11.843711782596742,96.1352657004831,7.729468599033816,65.12777777777778,22.62222222222222,0.7693081419350363,,,-3.212637350368383,0.1898479649122807,6.215186073,0.017597964,0.217,30.506,0.509456769
1184,Europe,High income,22,0.5454545454545454,17.414791288921744,14.439149937499815,94.66403162055336,8.893280632411066,51.17727272727273,77.38636363636364,0.4168175150364654,,,-1.9048033174112202,0.2001981891891892,7.521912976,0.015807703,1.5479999999999998,27.29,0.531058488
1185,Europe,High income,23,0.5217391304347826,17.733015273855838,15.41047206323691,94.8960302457467,9.073724007561436,49.94782608695652,69.59565217391305,0.44319915645039154,,,-0.6127092767953556,0.2257426976744186,8.438541879,0.024510633,1.165,28.942,0.388993952
1186,Europe,High income,32,0.8125,18.460365883787812,14.921507525604445,94.02173913043478,10.461956521739129,49.625,86.0875,0.3779746001159814,,,-0.7576999382083236,0.2004841283783783,9.165527815,0.023435384,5.064,27.62,0.490350783
1188,Europe,High income,26,0.34615384615384615,15.37851674006535,13.514564418674716,93.31103678929766,9.866220735785951,72.47692307692309,64.77692307692308,0.546249537206513,,,-3.345746731801213,0.1717132307692307,6.319440468,0.018952329,1.372,34.943000000000005,0.539839565
1189,Europe,High income,28,0.39285714285714285,23.212997674942024,18.710819438897893,93.94409937888199,9.937888198757763,44.471428571428575,108.29642857142856,0.30849415265408864,,,4.637342000459301,0.3002736666666666,8.878278873,0.016852113,26.011000000000003,3.4669999999999996,0.360437469
1193,Europe,High income,27,0.6296296296296297,18.021152277346033,14.714558350294617,93.39774557165862,10.144927536231885,40.733333333333334,95.84074074074076,0.31611995453163194,,,-2.3848535600217433,0.2002192105263157,5.701498361,0.026078392,0.6,20.606,0.40974937
1194,Europe,High income,18,0.7222222222222222,19.044288886469708,15.304838321780263,92.7536231884058,10.144927536231883,51.483333333333334,94.94444444444444,0.3608040741487818,,,0.3467017510856545,0.2200667901234567,8.943035084,0.033259889,7.115,15.485,0.443060113
1197,Europe,High income,20,0.7,21.91247777938845,16.614429777293545,93.04347826086956,9.782608695652174,24.66,135.34,0.1701233693878824,,,-0.08537763389418818,0.2401073793103448,7.561510339,0.018064656,4.159,12.56,0.42296251
1199,Europe,Upper Middle,22,0.7727272727272727,20.409588362953905,16.393487418731358,92.29249011857708,10.079051383399209,39.268181818181816,127.06363636363636,0.24019772573065054,4.979812189593346,10.872921773496778,-3.5523325428973007,0.1673738571428571,5.593210089,0.014274924,1.755,18.683,0.500813497
1202,Europe,Lower Middle,22,0.8181818181818182,18.466186424298506,15.334837671701996,93.87351778656127,10.474308300395256,50.89545454545455,78.19090909090909,0.40198726479191776,,,-1.6803856829165387,0.186208948275862,8.334997379,0.016189135,1.494,22.036,0.520896094
1203,Europe,High income,16,0.5625,16.19225748380027,14.110320248894327,94.02173913043478,10.869565217391305,51.56875,81.79375,0.3952668397192164,,,0.06777070209145075,0.2461840769230769,7.40858917,0.014294459,6.384,13.428,0.431140013
1205,Europe,Upper Middle,17,0.8235294117647058,19.19759549245627,15.930250987371748,95.39641943734016,10.997442455242966,55.017647058823535,79.75294117647059,0.4168018163092526,,,-0.7046533996728573,0.2342910185185185,8.307876292,0.017577721,2.353,17.314,0.464238819
1208,Sub-Saharan Africa,Lower Middle,15,0.8,21.54612852005734,15.51560682255012,94.20289855072464,10.724637681159418,70.7,96.09333333333333,0.49871834897063594,,,-0.215094576567737,0.2553884081632653,6.143348408,0.012711773,4.006,16.509,0.313885122
1209,Northern Africa and Western Asia,Lower Middle,16,0.625,24.431543985138777,22.549370608534563,91.84782608695652,10.869565217391305,0.07500000000000001,178.81875,0.000455566996395275,,,-0.12813525046798446,0.1726142916666666,7.849384709,0.01360996,18.69,52.75000000000001,0.422031061
1219,Sub-Saharan Africa,Low income,39,0.2564102564102564,23.04949313432744,21.176581771200006,94.09141583054627,9.364548494983277,108.8974358974359,41.93589743589744,0.7351090713200157,,,-2.7251309467378944,0.18604825,6.330639397,0.003114077,0.158,44.25,0.500910205
122,Sub-Saharan Africa,Lower Middle,25,0.48,21.25400684728378,19.574252011039526,92.0,10.956521739130435,108.26800000000001,39.864000000000004,0.7449552749616282,,,-0.8620912425040165,0.2327135882352941,6.765587611,0.010126734,1.362,11.37,0.454060984
1220,Sub-Saharan Africa,Lower Middle,29,0.5862068965517241,15.994071980919013,12.434730786391432,93.25337331334333,10.044977511244378,54.762068965517244,95.69310344827588,0.39425565829530024,,,-0.6797682201451529,0.1781452666666666,5.585399872,0.009756572,2.878,14.614,0.442798627
1226,Northern Africa and Western Asia,Upper Middle,16,0.4375,20.64659152909329,16.802292323355655,94.02173913043478,9.23913043478261,16.46875,151.45625,0.09873711743798827,,,0.2414890212936619,0.2108455833333333,6.244513311,0.014229245,12.759,8.577,0.376097879
1238,Central and Southern Asia,Lower Middle,18,0.05555555555555555,18.945775148603644,16.10737937154178,94.68599033816425,8.93719806763285,28.47222222222222,126.81666666666668,0.18818582650799678,0.7490285802020565,0.7998060039896002,-3.2546766354866574,0.1504198947368421,5.000270204,0.006719725,3.4659999999999997,26.005000000000003,0.49035574
125,Sub-Saharan Africa,Low income,31,0.3225806451612903,17.369496886960945,14.833690210175778,94.67040673211781,10.799438990182328,76.00322580645161,36.329032258064515,0.6834603090184009,,,-4.022520836279786,0.1149140731707317,3.943344328,0.007925961,0.796,46.272000000000006,0.688588858
1250,Eastern and South-Eastern Asia,High income,10,0.6,22.725509404236455,21.43000952381623,92.6086956521739,10.0,111.44000000000001,0.0,1.0,38.710826327204295,30.320488603155248,4.486496796712277,0.2093855263157894,11.95573432,0.013826031,19.747,18.516,0.264493926
1251,Eastern and South-Eastern Asia,High income,21,0.19047619047619047,26.481767999558244,23.858469075998965,93.99585921325053,10.144927536231885,125.48571428571428,27.223809523809525,0.8332632656028864,,,1.837492093570307,0.1964002222222222,10.23716477,0.01755356,7.766,23.852,0.47940406
1253,Eastern and South-Eastern Asia,Lower Middle,23,0.30434782608695654,26.118580001241366,24.108160204472796,93.38374291115313,10.207939508506616,98.0608695652174,58.96521739130435,0.6445322865857351,,,-5.419207725282934,0.076265525,3.656116995,0.005240735,1.241,40.823,0.565431964
1254,Australia and New Zealand,High income,11,0.2727272727272727,18.48552081266193,14.797014795497738,94.86166007905139,11.067193675889326,20.336363636363636,146.79090909090908,0.12580195949927575,,,0.13092663533921567,0.2605644615384615,7.161631036,0.024582275,0.96,15.042000000000002,0.397218779
1259,Latin America and the Caribbean,Upper Middle,12,0.5,13.969122637235222,12.11438884390418,96.37681159420289,9.057971014492752,87.71666666666668,36.44166666666667,0.7306167091935727,,,-3.588546200046069,0.1246908181818181,6.166708238,0.005374709,2.276,32.478,0.577830756
126,Sub-Saharan Africa,Low income,30,0.43333333333333335,24.81226148314704,22.576753987945445,91.8840579710145,10.434782608695652,69.29333333333334,80.41333333333334,0.4727321262059025,,,-1.3219039989850494,0.2734228666666666,6.054234333,0.011906898,0.479,4.351,0.399173077
1262,Northern America,High income,21,0.38095238095238093,16.866986197618548,12.23995996806786,93.16770186335404,9.109730848861282,47.900000000000006,107.9952380952381,0.3149939779883842,,,-1.5996567476321155,0.1986049287054409,7.329678804,0.024828453,0.811,20.51,0.354100263
1269,Latin America and the Caribbean,Lower Middle,33,0.6363636363636364,26.91519749977908,24.257100462500002,94.46640316205533,9.354413702239787,61.481818181818184,95.93030303030302,0.3980812998672283,,,2.3628414754204607,0.2519892945454545,8.889545469,0.014865593,14.92,8.466,0.3771597
1270,Latin America and the Caribbean,Upper Middle,38,0.39473684210526316,24.34301717115764,22.346134713743265,94.50800915331808,9.496567505720824,76.25526315789475,81.61578947368422,0.49926257527428936,,,0.258433382152105,0.201281294117647,5.84114079,0.012049296,14.29,5.421,0.509203267
1272,Latin America and the Caribbean,Lower Middle,38,0.39473684210526316,25.558573070325373,22.170267166094824,93.59267734553777,8.466819221967963,77.08421052631579,92.19473684210527,0.5016817287557969,,,0.2118188859573893,0.2366230714285714,5.553002245,0.015632085,10.5,3.2809999999999997,0.442146864
1280,Europe,High income,15,0.8,17.212344118754096,15.654168278531845,93.91304347826086,9.565217391304348,71.77333333333333,69.13333333333334,0.534155978922318,,,1.2948288896517735,0.1791175,9.127699055,0.020641899,17.757,13.688,0.473366982
1282,Europe,High income,19,0.5263157894736842,12.804197701359096,11.642294661952343,95.19450800915331,8.695652173913043,67.50526315789475,21.38421052631579,0.7799184886985399,,,-2.9398119487638263,0.2162626206896551,5.980667628,0.019545501,0.29,25.785,0.502541569
1284,Sub-Saharan Africa,Lower Middle,22,0.4090909090909091,25.453044970435165,22.92237896010324,92.49011857707511,8.695652173913043,49.70454545454545,90.72727272727273,0.3497166510867609,,,4.183396311203811,0.2988935948827292,7.720492063,0.012124922,27.203,1.4580000000000002,0.35612823
1285,Europe,High income,23,0.6521739130434783,20.248291465619637,17.01940824878488,92.81663516068052,12.287334593572778,41.5304347826087,109.2,0.2824747958058808,,,0.9950637961541438,0.2561162403846154,8.547285758,0.024497617,8.859,11.722,0.421046945
1290,Europe,High income,26,0.7307692307692307,17.77905058391988,14.76073418881317,95.31772575250837,10.702341137123746,47.80384615384616,82.1576923076923,0.3880604919787489,,,2.3996990959162465,0.2427695829787234,10.21332243,0.028411375,14.079,16.337999999999997,0.454913812
1291,Europe,High income,20,0.55,17.88905236244204,15.41775553749748,94.1304347826087,7.826086956521739,47.06,69.0,0.4365283097614109,,,0.03518863434597966,0.2496630588235294,8.788686504,0.033292921,1.517,21.091,0.478580004
1293,Europe,High income,27,0.5925925925925926,17.81260713042406,14.355154881696167,94.68599033816426,9.822866344605474,59.370370370370374,67.26666666666667,0.4838124103685124,,,-1.9592075358455037,0.1844714272727272,8.50539266,0.023235556,3.099,31.895000000000003,0.552523109
1294,Europe,High income,28,0.5,18.147745965451655,15.681611910766163,93.63354037267081,9.937888198757763,76.41071428571429,59.09285714285715,0.5836460630174795,,,-2.8065033618605963,0.17469784375,6.751060072,0.020148074,0.297,31.435,0.554351029
1295,Europe,High income,21,0.3333333333333333,22.941987337384926,20.107340433949087,91.92546583850933,10.351966873706003,17.928571428571427,168.3952380952381,0.10265123986320553,,,3.0507438960924853,0.2224565909090909,9.058937515,0.018756801,15.053999999999998,4.322,0.407349912
1298,Europe,High income,22,0.7727272727272727,16.603885513179563,13.747390668890889,95.25691699604744,8.893280632411066,67.26818181818182,55.290909090909096,0.5695090880170635,,,-2.168834687408521,0.1707822444444444,7.564511922,0.023627587,1.359,26.897,0.443006179
1299,Europe,High income,26,0.6923076923076923,18.987560654664673,14.603130990215114,94.14715719063545,10.033444816053512,41.065384615384616,102.13846153846154,0.3024015029963541,,,-2.232749759735274,0.2230937777777777,5.255049865,0.024380433,2.9509999999999996,19.908,0.413238229
1300,Europe,High income,21,0.6190476190476191,18.177493909498953,14.91565839436384,93.99585921325053,10.351966873706003,58.60476190476191,83.26190476190476,0.42725620547050397,,,0.025483905587469158,0.24559128,7.815158,0.030248143,2.956,12.379,0.418930336
1301,Sub-Saharan Africa,Lower Middle,18,0.6666666666666666,16.910189782942627,13.964860671797261,91.30434782608695,11.11111111111111,71.04444444444444,66.52777777777777,0.5900342228606065,,,0.7089296946352717,0.2058646369863013,6.256957355,0.012034316,12.555,25.247000000000003,0.27481095
1303,Europe,High income,20,0.7,22.696714973449726,16.89218760078689,95.0,9.347826086956522,27.425,135.82,0.1807860961092944,,,-0.5948476246918922,0.2269343529411764,7.854851052,0.023779099,5.5520000000000005,12.962,0.448131719
1305,Europe,Upper Middle,26,0.7307692307692307,22.140831394347394,17.140837298472597,92.97658862876254,10.702341137123746,31.550000000000004,135.42692307692306,0.18919585495620098,6.554343099743137,14.41949279584276,-1.9350223516806317,0.201713,6.45725814,0.013915281,4.117,24.16,0.481947106
1308,Europe,Lower Middle,20,0.7,18.088429464452453,15.208338383725964,95.8695652173913,8.91304347826087,58.6,76.545,0.44168908494006826,,,0.18472326503277725,0.2307681578947368,9.264955069,0.022164292,3.801,9.694,0.434470351
1314,Sub-Saharan Africa,Lower Middle,14,0.2857142857142857,21.957458087376207,15.856773933322529,94.40993788819875,10.559006211180122,68.36428571428571,104.14285714285714,0.4670654865365297,,,-1.9788453092620055,0.1973516842105263,4.977066589,0.012650543,2.776,22.047,0.315296603
1316,Sub-Saharan Africa,Lower Middle,37,0.32432432432432434,20.39300669255362,16.289388457101552,94.00705052878966,9.9882491186839,73.3,84.97837837837838,0.49058262145874937,,,-2.3393530813264807,0.1520616,4.036051587,0.008955953,2.474,28.667,0.303678672
1321,Sub-Saharan Africa,Lower Middle,33,0.6666666666666666,21.335943730002064,15.716973784171643,94.59815546772069,10.276679841897232,25.021212121212123,122.46969696969697,0.17400282220737487,,,-0.63043751796712,0.1900149375,5.086633582,0.011996984,5.555,27.115,0.375348914
1331,Northern Africa and Western Asia,Upper Middle,12,0.6666666666666666,26.81609687805178,20.953738695763892,94.20289855072464,8.333333333333334,3.6833333333333336,179.5666666666667,0.020245531130711824,,,-1.5779444611027187,0.2365966923076923,5.901962449,0.009242148,1.417,9.616,0.369028308
1345,Central and Southern Asia,Lower Middle,19,0.3684210526315789,22.145335494078353,20.322322647094143,95.88100686498856,10.068649885583524,122.43684210526317,0.0,1.0,,,-1.2976486679683996,0.2055117111111111,6.849112052,0.013936175,4.053,25.436,0.432791614
135,Sub-Saharan Africa,Lower Middle,37,0.43243243243243246,20.15349633924914,17.773136737329366,93.41950646298473,10.105757931844888,66.44864864864864,91.21351351351352,0.43786620669295545,,,-0.8235655673467579,0.1817609411764706,5.55429553,0.007601007,2.59,3.203,0.564033869
1351,Eastern and South-Eastern Asia,Upper Middle,39,0.38461538461538464,23.819542274237367,21.854418311590106,95.09476031215162,9.253065774804906,102.88461538461539,19.148717948717948,0.8459405023964013,,,0.3490309507852173,0.2073298370044053,7.244505036,0.018876054,9.989,15.073,0.46795195
1356,Eastern and South-Eastern Asia,High income,33,0.3333333333333333,24.1508696185656,22.35125152971387,94.86166007905138,9.090909090909092,113.73939393939395,31.348484848484848,0.7948128325878564,,,0.220349506961376,0.1926579615384615,7.802810173,0.013213927,2.723,13.670000000000002,0.412028779
1357,Eastern and South-Eastern Asia,High income,20,0.5,25.000959879307313,23.849123746048214,93.69565217391305,10.869565217391303,122.89000000000001,27.01,0.8323091391300796,17.290672762137277,13.465034097810335,8.163896560570512,0.3258609736842105,9.589391035,0.027745188,44.577,11.187,0.283216473
1363,Latin America and the Caribbean,Upper Middle,19,0.3684210526315789,14.435701692138833,12.8039256291971,95.42334096109839,9.610983981693364,107.31052631578947,19.152631578947368,0.8674871859261636,,,-2.886851767901385,0.1185367222222222,5.579921401,0.005529131,3.599,41.628,0.544430732
1364,Latin America and the Caribbean,Upper Middle,23,0.30434782608695654,26.10851505666542,22.724081868928728,94.8960302457467,8.884688090737239,85.9913043478261,78.5391304347826,0.5365408355691859,,,-0.7518422962974958,0.2037345333333333,5.79044769,0.012752883,7.199999999999999,6.119,0.595194501
1368,Latin America and the Caribbean,Upper Middle,20,0.6,12.550297314961796,10.12068454909063,93.91304347826087,10.869565217391303,45.155,73.82000000000001,0.41999975581964977,,,3.4365997981285066,0.2284183103448276,6.503767004,0.015680899,25.934,13.325,0.327281173
1375,Latin America and the Caribbean,Lower Middle,37,0.5945945945945946,25.11036253910362,21.15099364778425,94.5945945945946,8.695652173913043,76.0,92.01891891891893,0.4899240737341879,,,3.174256351235533,0.273712,7.094522914,0.018802589,24.991,5.8580000000000005,0.404850392
1376,Latin America and the Caribbean,Upper Middle,19,0.42105263157894735,22.147775334262413,19.42578045393999,93.13501144164759,9.153318077803204,57.647368421052626,106.59473684210526,0.36307125994563366,,,1.0339070848284813,0.2514681538461538,5.800659062,0.01436628,17.628,17.646,0.472642362
1388,Europe,High income,18,0.7777777777777778,18.805249653707833,15.30902862929919,95.16908212560386,9.903381642512077,31.055555555555557,137.92222222222222,0.19797571180436577,,,0.9268011372735996,0.2647962068965517,8.084767706,0.037650729,3.5669999999999997,12.493,0.450524951
1393,Europe,High income,26,0.7692307692307693,17.35647114955269,14.393609985707505,93.81270903010032,9.866220735785951,51.18076923076923,78.9076923076923,0.411029923274894,,,-1.2390042137124921,0.2194613372093023,7.757017141,0.015166014,1.947,16.687,0.493010225
1396,Europe,High income,29,0.7931034482758621,18.32709830416666,14.759625330431605,95.35232383808096,10.194902548725636,47.810344827586206,82.77241379310345,0.3791580418333039,,,-2.2753677155941663,0.1816039197080292,7.843451149,0.022508936,1.5659999999999998,31.533,0.477458859
1397,Europe,High income,28,0.5714285714285714,18.60297998493502,15.91527989787828,93.01242236024845,10.714285714285714,75.04642857142858,60.964285714285715,0.5641907784153097,,,-2.450542157830054,0.1852896363636363,7.624883379,0.026032058,1.077,30.232,0.553076985
1398,Europe,High income,22,0.2727272727272727,20.550291997822015,17.03434400143888,94.26877470355731,8.695652173913043,65.84545454545456,85.36363636363636,0.44498680422428444,,,-1.6649157690220031,0.1802466363636363,8.688174381,0.014150233,4.949,35.854000000000006,0.50773134
1399,Northern Africa and Western Asia,Lower Middle,16,0.4375,25.071376662431078,21.39873532822018,93.20652173913044,11.684782608695652,,,,,,2.153202699565619,0.232364381147541,6.72550388,0.015966194,16.069,23.305,0.19922317
1400,Sub-Saharan Africa,Lower Middle,21,0.5238095238095238,18.184272963110093,14.464079680076136,93.37474120082815,9.109730848861282,66.51904761904763,76.71428571428571,0.4893235493205023,,,0.4875742803133998,0.2285196585365853,9.000920365,0.008195945,8.624,11.39,0.439024861
1402,Europe,High income,27,0.8518518518518519,18.722556514496286,14.571988684090512,94.68599033816426,10.305958132045088,39.5962962962963,103.35925925925928,0.2951746429710378,,,-1.9271177083291957,0.1930716607142857,7.38456102,0.029852773,2.357,25.355,0.456922482
1404,Europe,High income,18,0.7222222222222222,18.589107046886355,15.427097907992621,94.44444444444444,8.937198067632849,57.57777777777778,79.45,0.4424210165442157,,,-0.7461500599536879,0.2318084222222222,7.490831494,0.025269171,2.9349999999999996,16.383,0.443797838
1406,Europe,High income,22,0.7727272727272727,20.35299340436642,15.719603999645019,93.2806324110672,9.683794466403162,32.41818181818182,116.26363636363637,0.22279320498329744,,,-0.5089499555800848,0.2365002702702702,9.20223428,0.016679205,2.3209999999999997,15.365,0.481203353
1408,Europe,Upper Middle,24,0.75,21.707080356747525,16.373964032347875,92.93478260869564,9.239130434782608,29.295833333333334,137.52083333333334,0.17691072549806117,2.9737831489026214,6.494738427693425,-0.43361849911653616,0.2334987142857142,5.851017589,0.017008431,12.144,15.461,0.45913277
1409,Europe,High income,23,0.9130434782608695,22.931473433975047,16.917643247908906,92.24952741020793,9.640831758034025,20.504347826086956,144.84347826086957,0.12970487096049,7.138419266956585,15.309593366691258,1.4439800433572911,0.2545462826086956,8.164090806,0.018189364,9.991,9.673,0.368244327
1410,Europe,Lower Middle,15,0.8,18.28903577168784,14.903984711819641,93.6231884057971,8.98550724637681,51.74,83.06,0.3876142775845283,,,0.3055331185317385,0.2172829736842105,10.54355995,0.024027446,4.313,18.777,0.456419883
1415,Northern Africa and Western Asia,Upper Middle,12,0.5,21.940898914705016,19.162496045158296,93.1159420289855,9.057971014492752,16.166666666666668,170.6916666666667,0.0885482344265074,,,1.4248852153154954,0.219659,7.9771684,0.020644048,8.646999999999998,27.288,0.303101255
1418,Northern Africa and Western Asia,Lower Middle,22,0.45454545454545453,24.999943401806544,22.933108370444973,92.29249011857708,12.252964426877469,0.1,172.60000000000002,0.0006449295025766909,,,-3.7441142375102245,0.1309108148148148,5.458566803,0.011597753,8.807,62.757000000000005,0.440675225
1419,Sub-Saharan Africa,Lower Middle,40,0.575,19.28278233209762,15.778895212610928,93.47826086956522,10.434782608695652,87.3775,70.88250000000001,0.5803257717242392,,,-1.2423166707643085,0.1971867578772802,5.34970736,0.010963648,5.085,18.338,0.346152822
1421,Sub-Saharan Africa,Low income,36,0.5,21.00220845010548,19.23442482625914,92.14975845410628,9.420289855072463,55.05833333333334,72.34166666666667,0.4415501561209957,,,-1.1806905558878507,0.1716901515151515,6.147342006,0.009094469,3.333,14.692,0.586998226
1423,Sub-Saharan Africa,Lower Middle,18,0.4444444444444444,23.144472609625947,15.802537178823078,92.02898550724638,10.628019323671497,26.799999999999997,153.03333333333333,0.16559263124695833,,,-1.6292495924391825,0.1660825833333333,3.989951518,0.012941075,3.403,32.134,0.383968398
1427,Sub-Saharan Africa,Low income,30,0.5666666666666667,27.82525908087391,22.380141941098184,95.94202898550725,9.565217391304348,59.15,116.72333333333333,0.3532716009690628,,,-1.4309046250620896,0.2185261363636363,6.318353531,0.008759055,6.419,32.034000000000006,0.300136772
1445,Central and Southern Asia,Lower Middle,25,0.32,25.784807515462266,23.922423159426682,94.2608695652174,9.739130434782608,139.672,7.152,0.9637138508371385,,,-1.1322115702163282,0.1857436585365853,6.120106998,0.015320623,0.54,12.018,0.465081071
1446,Central and Southern Asia,Lower Middle,33,0.3939393939393939,22.547620844698038,21.027714533558466,95.12516469038208,8.036890645586297,112.0060606060606,21.19090909090909,0.8483095955729155,,,-6.1487386338797965,0.0842467216117216,4.58196225,0.006188459,0.207,65.531,0.743891851
1451,Eastern and South-Eastern Asia,Upper Middle,34,0.17647058823529413,24.828464492273003,23.1707567432686,95.78005115089515,9.207161125319693,107.39999999999999,18.379411764705882,0.8560445148714841,,,-2.26659068418494,0.1694878076923077,6.563614587,0.014478931,5.065,28.537,0.44352688
1457,Eastern and South-Eastern Asia,High income,21,0.5238095238095238,25.41363018479931,23.896227338915587,95.03105590062111,10.766045548654244,119.23333333333333,27.33809523809524,0.8195924104320425,9.788072091757572,7.6202870174546256,2.439915842735595,0.2416916486486486,10.47455392,0.020347774,14.734,9.711,0.394674144
1461,Northern America,High income,6,0.3333333333333333,19.0213234665688,15.265956593245184,92.7536231884058,10.869565217391305,9.366666666666667,123.81666666666668,0.07025255214218841,0.1298072044518265,0.0966049095902966,2.685178642890869,0.2532658661710037,8.820840721,0.026837479,12.634,10.855,0.293582909
1464,Latin America and the Caribbean,Upper Middle,31,0.3225806451612903,28.04978824434695,22.855103736278878,95.23141654978963,9.67741935483871,69.93870967741935,101.97741935483872,0.41687435701275133,,,1.6764784020545647,0.2511460625,6.323368429,0.016021595,19.324,2.847,0.486905749
1474,Latin America and the Caribbean,High income,9,0.7777777777777778,17.747023690908293,15.130733209845367,93.71980676328502,11.11111111111111,1.2111111111111112,148.12222222222223,0.008049586074624334,,,1.7390439136795381,0.2157816153846153,5.329633336,0.014129036,21.03,15.742,0.28958994
1475,Latin America and the Caribbean,Lower Middle,38,0.34210526315789475,25.254992474165324,21.568308940753592,94.05034324942793,8.810068649885583,75.23947368421052,96.17631578947369,0.4753595351939362,,,-2.8675709261348934,0.1557423333333333,4.240069857,0.016729677,1.716,5.5969999999999995,0.477376244
1476,Latin America and the Caribbean,Upper Middle,19,0.8421052631578947,22.63374217153548,19.861700224888228,95.65217391304347,8.466819221967961,82.07368421052632,88.51578947368421,0.4889089972479539,,,3.6386133291613043,0.3112713529411764,7.365644508,0.015946361,24.98,13.933000000000002,0.363857451
1483,Europe,High income,14,0.42857142857142855,24.027784913546103,16.93864674509198,94.72049689440995,10.869565217391303,6.8,208.72142857142856,0.036485074457258036,,,4.7746460526697705,0.2148245625,10.41757391,0.032294432,16.3,16.791,0.251566247
1484,Sub-Saharan Africa,Low income,19,0.3684210526315789,27.453185924730825,21.493767636120978,91.76201372997711,10.297482837528603,32.48421052631579,151.0105263157895,0.1845414943539344,,,-4.61790408189176,0.201033,5.62074937,0.008914565,0.262,77.719,0.272988252
1488,Europe,High income,25,0.64,19.220724756876656,16.874680775584622,92.34782608695652,11.652173913043477,84.04799999999999,63.06,0.5860586299654815,,,-0.0273440449089013,0.2350807647058823,9.200276565,0.025354005,4.33,11.175,0.493235749
1493,Europe,High income,27,0.7407407407407407,18.082569320233304,14.98485414133756,93.55877616747182,11.272141706924314,43.01851851851852,84.7925925925926,0.346663421112963,,,1.4304380858092247,0.2613044444444444,9.076672066,0.01939771,9.154,16.399,0.438966629
1494,Europe,High income,22,0.45454545454545453,17.656823073300473,15.292289893815525,94.66403162055336,9.090909090909092,48.98181818181818,68.64545454545454,0.4431136308296892,,,-0.8424090221223735,0.226417947368421,8.504859869,0.027581191,3.304,24.113999999999997,0.47982937
1495,Europe,High income,24,0.2916666666666667,18.52795778683255,15.010716274896813,95.10869565217392,10.869565217391305,48.150000000000006,78.31666666666666,0.3836037386521656,,,0.1708694491372212,0.2268327916666666,9.591589988,0.01950811,4.465,16.505,0.491416669
1497,Europe,High income,26,0.5384615384615384,18.66659720717469,15.464958081246301,94.14715719063545,9.698996655518394,69.85000000000001,65.3923076923077,0.532111127424696,,,-2.9558145362670474,0.16098945,7.843982302,0.025377812,1.5550000000000002,35.291000000000004,0.581251692
1498,Europe,High income,24,0.5833333333333334,21.952639027188628,17.709278726453544,94.3840579710145,9.782608695652174,49.55833333333334,105.02499999999999,0.3277899390058797,,,1.887519072882495,0.2233652,10.56986046,0.022741237,10.643,21.161,0.432059461
1502,Europe,High income,20,0.55,18.238837617238364,14.842632822585932,95.43478260869566,9.347826086956522,41.74,89.385,0.33738635230814984,,,-2.3130087747554975,0.2087483333333333,5.34908748,0.034553198,3.368,14.425,0.467560264
1504,Europe,High income,18,0.6666666666666666,18.41688606803804,15.655336121575905,94.92753623188406,9.903381642512077,61.37777777777777,70.39444444444445,0.4844643582837389,,,-4.316785814148607,0.1538068235294117,5.279651125,0.018738084,0.342,26.351,0.556050207
1507,Europe,High income,19,0.9473684210526315,21.09674877761195,15.89465609165793,94.279176201373,8.466819221967963,24.294736842105266,128.31578947368422,0.16180050636487217,,,-2.1511413948553173,0.2297306969696969,5.198972352,0.016674573,1.603,11.593999999999998,0.461223031
1508,Europe,Upper Middle,18,0.8333333333333334,20.99011870490183,15.947594640767587,93.23671497584542,10.144927536231883,24.394444444444446,141.3,0.14937383274889146,13.131386834210716,29.198784449708803,-0.10892736627581953,0.198139,6.367046252,0.017514517,14.803,20.327,0.456119781
1511,Europe,Lower Middle,22,0.9545454545454546,18.778756500469253,15.466533156534688,94.86166007905139,10.079051383399209,52.10454545454545,81.52727272727273,0.39323039677658184,,,0.4683006098927572,0.2312741714285714,11.23257057,0.018749426,1.976,14.879,0.474941889
1515,Northern Africa and Western Asia,Upper Middle,13,0.6923076923076923,23.636401037334647,18.681643494581046,93.64548494983276,9.698996655518394,10.3,227.53076923076924,0.04364083684448336,,,1.2404825437705087,0.197229574074074,7.152757563,0.016524916,10.469,16.807,0.255777016
1517,Sub-Saharan Africa,Lower Middle,21,0.6666666666666666,21.967292086103836,16.048788218776068,95.23809523809524,9.730848861283643,60.2904761904762,113.37142857142858,0.3849014976320431,,,4.5169707316384455,0.2931508416666666,5.707785088,0.012732327,29.255,3.898,0.285991028
1519,Sub-Saharan Africa,Lower Middle,42,0.30952380952380953,18.69525712684352,15.501580392991869,93.58178053830227,10.559006211180124,91.2452380952381,58.63095238095238,0.6377388896239873,,,-1.9187241832958675,0.1834425454545454,4.654867832,0.011729464,2.971,37.989,0.297494132
1523,Sub-Saharan Africa,Lower Middle,35,0.6571428571428571,20.52940396024351,15.48165663726992,95.77639751552796,9.440993788819876,26.18857142857143,120.71142857142856,0.18089914702881657,,,-1.428662390465176,0.1736090526315789,4.966269491,0.013577456,2.862,18.585,0.40547288
1529,Sub-Saharan Africa,Lower Middle,23,0.30434782608695654,15.172304492263352,12.105629254654072,93.57277882797733,8.884688090737239,28.491304347826084,114.08695652173913,0.2163637998925664,,,-2.195732733743601,0.1706898076923076,6.150041985,0.010057138,5.72,30.043,0.486589352
1555,Eastern and South-Eastern Asia,High income,13,0.46153846153846156,24.689305858742067,22.961062194640892,95.31772575250837,9.364548494983277,119.73076923076923,9.376923076923077,0.9288309864444866,4.590718807558282,3.583774852826726,7.07331246931028,0.2418764864864865,12.49595436,0.016838381,24.878,1.743,0.238895151
1557,Eastern and South-Eastern Asia,High income,21,0.47619047619047616,24.632881060298207,23.513915394971107,94.20289855072464,9.730848861283643,120.06190476190477,24.742857142857144,0.8417694593170365,7.77498245517662,6.053739592245033,3.757799488057443,0.2765294722222222,9.671609516,0.023830446,19.911,6.525,0.351820159
1558,Eastern and South-Eastern Asia,Lower Middle,26,0.23076923076923078,26.218921731284333,24.20219246032516,94.81605351170569,9.531772575250836,104.97307692307693,48.86923076923077,0.7091633215667594,,,-3.4803958168135596,0.0775024594594594,3.221750816,0.005611944,0.468,15.077,0.565819466
1562,Latin America and the Caribbean,Upper Middle,26,0.34615384615384615,15.534648655998659,13.367547057474972,93.47826086956522,10.20066889632107,79.32307692307693,55.73461538461539,0.628540792442483,,,-1.7579534534031804,0.1400767857142857,4.52467637,0.010144255,8.942,28.877,0.473434481
1564,Northern America,High income,18,0.8888888888888888,18.189984878370286,13.915514622703823,94.68599033816425,11.111111111111109,56.02777777777778,76.17777777777778,0.40743825145951423,,,-0.7106206424825897,0.2245513977011494,7.49430463,0.023781422,0.728,17.457,0.365844729
1571,Latin America and the Caribbean,Upper Middle,41,0.5365853658536586,24.61251868427402,22.93757808390739,95.44008483563097,9.11983032873807,94.80731707317074,65.89024390243902,0.5992001491808031,,,0.9139767598340709,0.25100888,6.637680696,0.016556495,14.939,11.331,0.505749015
1572,Latin America and the Caribbean,High income,10,0.4,17.125668543035353,14.565797455091769,92.6086956521739,12.608695652173912,1.3800000000000001,136.67000000000002,0.00991540011410243,,,5.444211986496605,0.2488579230769231,6.240306145,0.020271092,38.214,6.6160000000000005,0.238378527
1582,Europe,High income,25,0.56,15.480423782348657,14.007701535700768,94.2608695652174,8.347826086956522,45.948,65.944,0.42696210231044707,,,-0.7638664411192424,0.2351647741935484,8.575722064,0.027739149,1.491,19.152,0.520655058
1585,Europe,High income,19,0.6842105263157895,17.20947443191484,14.919486534190971,92.21967963386727,9.610983981693364,44.963157894736845,87.0421052631579,0.3591367651487451,,,-0.6872246875194847,0.2353317169811321,7.907352941,0.028332139,1.431,22.042,0.474026995
1590,Europe,High income,23,0.782608695652174,17.739232496121137,15.371973910461035,94.32892249527411,8.884688090737239,48.93478260869565,64.51739130434783,0.460440066594635,,,-0.5265636574941568,0.2122374448051948,8.654739901,0.02686597,2.023,29.699,0.417014214
1591,Europe,High income,29,0.6896551724137931,17.9003576733523,14.733143544027985,93.7031484257871,10.944527736131933,46.148275862068964,80.3344827586207,0.3864832599307218,,,0.7638707723687035,0.2350725652173913,8.832931998,0.027497361,9.602,13.039,0.488113277
1592,Europe,High income,24,0.5416666666666666,18.559004845016315,14.310345279326226,93.84057971014494,9.420289855072463,37.2125,102.93333333333334,0.27577596093897744,,,-0.4474437680544415,0.2020857804878048,9.925043122,0.027253238,3.487,23.417,0.525455817
1594,Europe,High income,24,0.75,18.66178130544265,16.18335152943377,93.84057971014494,10.507246376811594,75.0625,60.12083333333334,0.5715479913772663,,,-2.2088552490833786,0.1640623783783783,8.303699667,0.032234191,4.106,35.989000000000004,0.565898522
1595,Europe,High income,27,0.4074074074074074,23.28078304950102,18.43963082885855,94.04186795491142,9.822866344605474,35.833333333333336,121.47407407407408,0.23705270289440103,,,-0.48789884978927467,0.181119,7.149692062,0.016754676,9.472,28.703000000000003,0.438332595
1597,Sub-Saharan Africa,Lower Middle,20,0.35,21.003434228897113,18.258589571994413,94.1304347826087,8.695652173913043,65.72,79.72,0.4756504461852368,,,1.5419439811146831,0.2870143076923077,8.403025667,0.010773038,13.086,16.081999999999997,0.402263059
1599,Europe,High income,20,0.55,19.178521609804935,15.14486635031333,95.43478260869566,9.565217391304348,40.035000000000004,103.85,0.28136037616863147,,,-1.107590789982409,0.200849593220339,8.784325847,0.038838062,2.123,22.543999999999997,0.481200797
1603,Europe,High income,21,0.9523809523809523,21.069256141719674,15.837422126499153,94.20289855072464,8.695652173913043,26.495238095238093,124.46190476190475,0.18064594774371517,,,-1.2069470833648392,0.2643574523809524,5.747158468,0.018635959,2.556,9.252,0.431695018
1604,Europe,Upper Middle,21,0.42857142857142855,20.819590617588606,15.97912960994348,91.92546583850933,9.937888198757763,24.285714285714285,142.32380952380953,0.14750273692314,4.965112598255388,10.836265830540084,1.7949590275907021,0.2261142307692307,6.15654844,0.013585444,23.869999999999997,8.559,0.425166049
1605,Europe,High income,20,0.65,18.358795433861864,15.727754864409818,93.47826086956522,9.782608695652174,32.325,122.11500000000001,0.21169868743361692,,,-0.08767623809327141,0.2149644545454545,9.443954146,0.018989214,5.507,18.376,0.423547239
1607,Europe,Lower Middle,21,0.7142857142857143,19.41722488333457,15.932938781059377,94.61697722567288,8.695652173913043,53.471428571428575,91.26190476190476,0.3715133118297361,,,-2.276931324021466,0.18742228125,6.610972789,0.01607769,3.419,20.69,0.542684778
1609,Europe,Upper Middle,19,0.7894736842105263,19.541538043310492,15.960773156440206,94.96567505720823,12.128146453089244,48.76315789473684,90.26842105263158,0.34566427909916525,,,0.633785009475359,0.2491576133333333,10.08607146,0.021234888,1.4309999999999998,15.444000000000004,0.413851709
1613,Sub-Saharan Africa,Lower Middle,21,0.38095238095238093,22.172320447649298,16.713115934127465,95.65217391304347,9.316770186335404,71.14761904761906,97.7952380952381,0.4596117432079917,,,-1.5302107574266852,0.1374665909090909,4.213961846,0.008157771,3.306,5.307999999999999,0.352206859
1614,Northern Africa and Western Asia,Lower Middle,22,0.3181818181818182,24.72310030898458,22.710447884481663,91.699604743083,11.264822134387352,0.12272727272727274,174.53181818181818,0.0007823687722424546,,,-3.134679793908197,0.1336328421052631,5.594152472,0.012843481,13.894,61.32,0.423127737
1621,Sub-Saharan Africa,Lower Middle,19,0.631578947368421,18.86056653255483,15.123957617408193,92.67734553775743,9.839816933638444,59.1578947368421,98.72631578947369,0.39525780764665425,,,2.0818630134565552,0.2309869,9.001731401,0.021838686,15.16,41.532,0.260702018
1623,Sub-Saharan Africa,Low income,14,0.35714285714285715,26.278028188432977,23.512565779745426,95.3416149068323,9.316770186335404,67.24285714285715,96.63571428571429,0.4106920935047679,,,-0.3810017117823876,0.1941272894736842,6.0766482,0.009995942,1.203,13.948,0.39544575
1625,Sub-Saharan Africa,Lower Middle,21,0.7619047619047619,13.233749543032383,11.694753850508338,91.92546583850933,9.730848861283643,29.61904761904762,103.87142857142858,0.24331220262691955,,,-3.128249977277391,0.0982247272727272,4.149713915,0.006196839,3.613,30.651999999999997,0.504275128
1629,Northern Africa and Western Asia,Upper Middle,12,0.5833333333333334,26.922828453237425,20.849375665064464,95.28985507246377,9.420289855072463,4.716666666666667,180.93333333333337,0.025981558846973434,,,-2.414534034972596,0.1845876923076923,4.531285331,0.005900461,1.71,5.418,0.430300833
1642,Central and Southern Asia,Lower Middle,27,0.3333333333333333,22.827856172632327,20.93950016415972,94.84702093397746,8.534621578099838,106.23333333333333,30.27777777777778,0.7804106054219202,,,-4.6439831190988645,0.1127667931034482,4.364943741,0.006233459,0.581,45.48,0.708946266
1646,Eastern and South-Eastern Asia,Upper Middle,30,0.26666666666666666,24.718692483548793,23.8955179466899,94.4927536231884,10.144927536231883,113.37666666666668,5.65,0.9545943015025115,,,0.16616147642011958,0.2098032784184514,6.9224279,0.01628121,12.644,11.66,0.486161071
1648,Eastern and South-Eastern Asia,Upper Middle,42,0.30952380952380953,24.763332440047677,23.497407716363504,95.75569358178053,9.730848861283643,105.0904761904762,13.857142857142858,0.8875528425364811,,,2.522470117635895,0.2250758798507462,10.16669501,0.021693029,12.595,14.959,0.436435385
1652,Eastern and South-Eastern Asia,High income,22,0.4090909090909091,24.581018742648045,23.288052561990764,94.0711462450593,9.486166007905139,130.7409090909091,12.104545454545455,0.9216457429761843,,,2.4498846541219166,0.2143242077922078,9.194234507,0.015908795,14.482,10.589,0.399727393
1654,Eastern and South-Eastern Asia,Lower Middle,26,0.38461538461538464,26.550314126695927,24.20180524877488,95.15050167224081,8.862876254180602,103.27307692307694,47.5923076923077,0.7226148585013001,,,-3.0205928137953415,0.0827487368421052,3.434406454,0.008064453,2.179,14.234,0.575427643
1655,Australia and New Zealand,High income,18,0.7777777777777778,17.101509447505393,13.271385449994838,93.47826086956522,9.178743961352657,24.772222222222226,150.64444444444445,0.14697108250564653,,,-0.7670586833237544,0.2470457037037037,6.094287187,0.028016024,1.338,12.548,0.410757588
166,Central and Southern Asia,Lower Middle,22,0.36363636363636365,26.55769864284633,22.33854270052115,94.66403162055336,8.893280632411066,74.99545454545455,108.15,0.45541676079848603,,,-9.295344376743484,0.04040955,2.5,0.005379527,0.0,92.923,0.36889846
1667,Latin America and the Caribbean,Upper Middle,38,0.5263157894736842,25.148114848576938,23.507272173576784,93.82151029748285,9.610983981693364,125.1236842105263,38.70263157894737,0.7724497272173204,,,2.5786972316472956,0.2380562815734989,7.30792989,0.016684073,22.419,11.219,0.42377634
1677,Europe,High income,19,0.5789473684210527,13.176138999448211,11.923384628185389,94.279176201373,9.153318077803204,59.77368421052632,32.82631578947369,0.6605237206818709,,,-3.647159359638348,0.1947870909090909,5.553309137,0.020931697,0.356,30.360999999999997,0.521809569
1685,Europe,High income,26,0.7307692307692307,17.85981045587385,15.063444495750073,94.64882943143813,10.033444816053512,44.73076923076923,76.13846153846154,0.3895554502470121,,,-0.3209406594969092,0.2460444,8.73335267,0.025361025,1.469,21.574,0.504868249
1686,Europe,High income,27,0.7037037037037037,17.354125503257485,14.283785066765779,94.20289855072463,8.856682769726248,51.91481481481482,79.26666666666667,0.4150138433828649,,,-1.0920731892051792,0.21149845,7.857811874,0.01802426,5.188,17.447,0.499076348
1687,Europe,High income,28,0.6071428571428571,17.471052848271007,14.088618730483086,94.87577639751554,10.093167701863353,61.489285714285714,64.90357142857144,0.4991293042995695,,,-0.36732981968570616,0.2227667142857143,9.249570252,0.022207155,6.494,23.257,0.519454962
1689,Europe,High income,28,0.6785714285714286,18.22638945418165,15.39696480453218,94.09937888198758,9.937888198757763,65.075,74.10357142857143,0.4825123601818812,,,-1.840783979251036,0.1670267326203208,9.161212625,0.031192616,4.627000000000001,37.748,0.526965177
169,Central and Southern Asia,Lower Middle,35,0.34285714285714286,26.726979517255547,25.11928348181862,94.90683229813665,10.31055900621118,117.58,26.68285714285714,0.8504562590353812,,,-3.27164543954755,0.1118969285714285,4.154790397,0.003094528,0.578,10.336,0.5126669
1690,Europe,High income,24,0.125,17.569415334418967,15.17000503388381,94.0217391304348,10.144927536231883,71.8,74.125,0.5053609635443451,,,-0.9373181466259488,0.1880608333333333,8.445948298,0.012961762,9.671,41.813,0.474643049
1692,Sub-Saharan Africa,Lower Middle,26,0.5,21.004505232251997,18.43340541559806,93.47826086956522,8.528428093645484,61.46153846153846,81.0923076923077,0.4482412907879523,,,2.297520982376242,0.27408845,8.154623369,0.010461192,18.681,12.983,0.420264923
1693,Europe,High income,18,0.7222222222222222,17.43947288171661,15.361955258528958,92.99516908212561,11.11111111111111,71.48333333333333,49.300000000000004,0.602008820798966,,,-2.825973561338874,0.1360403303834808,7.513583724,0.026864961,3.619,27.987999999999996,0.470517934
1694,Europe,High income,24,0.4583333333333333,18.375629208638134,14.627376657911379,94.20289855072464,9.239130434782608,42.333333333333336,100.6375,0.31490679069995203,,,-1.8165939539586118,0.2089168888888889,6.998056733,0.029317761,2.67,21.036,0.429833631
1698,Europe,High income,22,0.8181818181818182,22.69527201833804,17.159495224734812,95.25691699604744,9.683794466403162,22.545454545454547,150.15,0.13598024121885108,1.8737327186490695,4.020617337097227,0.6755184680767226,0.2259943333333333,7.96782333,0.012895373,4.4030000000000005,13.899,0.37496111
1700,Europe,Lower Middle,20,0.6,19.622233125980095,15.56750427715873,95.43478260869566,10.0,36.535000000000004,109.11000000000001,0.2509311861085227,,,-2.5757447739609836,0.204341375,5.617468905,0.012358432,1.687,13.147,0.535085865
1705,Sub-Saharan Africa,Lower Middle,14,0.42857142857142855,21.422531753195873,16.05166068004883,91.92546583850933,10.248447204968944,76.72857142857143,88.85000000000001,0.5200435803185388,,,-1.6402687445620003,0.2021341111111111,5.435888307,0.009961301,1.679,27.311,0.355517645
1707,Sub-Saharan Africa,Lower Middle,33,0.30303030303030304,19.37246232970466,17.850156108310063,93.67588932806325,10.54018445322793,89.18181818181819,57.55757575757576,0.624358287140209,,,-1.1904650807672112,0.1807689285714285,5.211674409,0.010164871,2.184,9.655,0.433429491
1711,Sub-Saharan Africa,Low income,21,0.6666666666666666,21.028813057122953,19.219677622524983,94.20289855072463,10.766045548654244,66.27619047619048,66.23333333333333,0.5130905009456468,,,-0.42807640189864116,0.2022257037037037,6.447377024,0.010317106,9.232,8.974999999999998,0.510988521
1712,Sub-Saharan Africa,Lower Middle,33,0.3939393939393939,22.767128501184896,16.018133473468687,94.99341238471673,8.827404479578393,23.630303030303033,141.56969696969696,0.15308437817651682,,,0.9645763913337531,0.2453263589743589,6.012942012,0.016467693,4.426,20.359,0.303663359
1715,Sub-Saharan Africa,Low income,33,0.48484848484848486,25.940178767117615,23.970874116899072,93.8076416337286,10.144927536231883,114.71515151515153,47.32424242424243,0.7230016293687213,,,-1.5485025179843133,0.2046920666666666,4.904023215,0.007065393,0.754,10.505,0.499012635
1717,Sub-Saharan Africa,Lower Middle,14,0.35714285714285715,17.859460862398127,14.643936282037004,92.85714285714286,11.801242236024844,46.778571428571425,108.87857142857142,0.3141912162950228,,,1.285460473891067,0.2024805819397993,7.907090339,0.013773637,11.076,16.257,0.435973903
1721,Northern Africa and Western Asia,Upper Middle,12,0.6666666666666666,26.74882149696353,20.342948450180668,95.65217391304348,9.782608695652174,5.041666666666667,184.45000000000002,0.0273247619564157,,,-1.2870644607428727,0.2383698571428571,5.911403426,0.006917969,3.119,5.944999999999999,0.384201989
173,Eastern and South-Eastern Asia,Upper Middle,35,0.4,27.02672188459123,22.385233349596838,93.16770186335404,10.683229813664596,51.55714285714286,103.41142857142857,0.3479016479498318,,,-1.281517332987761,0.1941827244444444,6.337037202,0.017356619,8.456,5.133,0.481869785
1741,Eastern and South-Eastern Asia,Lower Middle,35,0.4857142857142857,27.971243533588847,24.791304732399333,94.6583850931677,10.434782608695652,64.44571428571429,95.78,0.4228371659434235,,,0.9116310691180165,0.1984400593220339,6.667457759,0.01435402,5.106999999999999,18.216,0.300468655
1743,Eastern and South-Eastern Asia,High income,14,0.6428571428571429,24.56727975914094,22.761448322327535,96.27329192546584,9.316770186335404,116.81428571428572,15.985714285714286,0.8838699245921536,174.74688605452548,136.29007359117705,6.807189878069593,0.2257284,12.40388874,0.016963608,31.143,6.832999999999999,0.273902453
1747,Australia and New Zealand,High income,21,0.6190476190476191,17.84333050718371,14.625298209478718,92.54658385093168,10.973084886128364,36.86190476190476,136.91904761904763,0.2180004783186016,,,0.538531057721966,0.258265512104283,7.529641555,0.0261009,3.363,12.683,0.411147911
1748,Northern America,High income,10,0.8,22.74472655104197,17.87719288502599,93.91304347826087,10.869565217391303,2.18,166.63000000000002,0.015309960445195992,,,-0.1175050610619588,0.2479004444444444,8.140270029,0.019838471,2.865,3.1790000000000003,0.324831209
1769,Europe,High income,18,0.3888888888888889,13.084355402581512,11.760482986877001,96.1352657004831,8.695652173913043,60.550000000000004,31.050000000000004,0.6840424982332579,,,-2.9056891907760964,0.210981,6.054903258,0.02822065,0.195,27.012,0.557042701
1773,Europe,High income,23,0.6086956521739131,20.101909599304214,15.983127403606362,93.95085066162572,11.909262759924387,44.5695652173913,94.76521739130435,0.3301317700870666,,,-0.27448588817946495,0.2344115555555555,7.499276679,0.020408354,6.265000000000001,16.380999999999997,0.485376922
1778,Europe,High income,24,0.8333333333333334,17.584389681042587,14.423230925320127,94.0217391304348,8.876811594202898,53.55833333333334,79.80416666666667,0.4240227644170977,,,-0.9506954975925787,0.2201457063492063,7.51583463,0.01775569,3.548,21.334000000000007,0.469685995
1779,Europe,High income,27,0.7037037037037037,18.26082310537802,14.94420267833573,94.68599033816426,10.950080515297905,56.48888888888889,70.37777777777778,0.4576522297405049,,,-2.396157343704324,0.1824070196850393,7.35410752,0.027082364,1.3470000000000002,23.547000000000004,0.536086111
1781,Europe,High income,30,0.4,18.28480506896977,15.49650032344337,94.05797101449275,9.565217391304348,59.71333333333334,79.31333333333333,0.44614396321345073,,,-1.972832998932172,0.1779512,8.129811908,0.032561079,3.175,32.439,0.557501509
1782,Europe,High income,28,0.6785714285714286,18.975769497966837,16.605522638087457,93.94409937888199,9.937888198757763,62.08571428571429,89.99642857142858,0.41693269203556194,,,-1.3169391454017227,0.1954165649717514,8.134095254,0.015559064,3.115,27.824,0.493138792
1790,Europe,High income,19,0.5789473684210527,19.08250811727427,15.83587956368506,94.279176201373,10.297482837528603,31.678947368421053,130.30526315789476,0.19892783403866665,15.378377530378174,33.82958988631182,-0.9208982437160393,0.2202541428571428,6.60612241,0.015274964,6.608,16.913,0.399806738
1792,Europe,Lower Middle,18,0.8333333333333334,18.41164846986311,14.995617346034948,95.41062801932367,10.38647342995169,51.18333333333334,80.61111111111111,0.3870506318241185,,,-1.4561464965772477,0.2039821578947368,7.64426141,0.016416374,3.49,20.031999999999996,0.488076829
1793,Northern Africa and Western Asia,Upper Middle,17,0.47058823529411764,24.413987058751754,18.793106361701405,95.39641943734014,10.741687979539641,12.594117647058823,230.45294117647057,0.05252879226376956,,,2.785398716526295,0.2078752307692307,8.172969961,0.015681825,18.189,17.615,0.239246312
1796,Sub-Saharan Africa,Lower Middle,12,0.5,21.62167610562282,15.805789488081144,92.7536231884058,9.420289855072463,78.34166666666667,85.75,0.5218714701721147,,,0.015043704841056105,0.2433472136752136,6.198303529,0.010755849,5.576,10.171,0.34054989
1800,Sub-Saharan Africa,Low income,25,0.48,20.376037724648782,18.598485883981606,94.2608695652174,9.391304347826086,58.163999999999994,87.86,0.4189977468175828,,,-1.031586164249414,0.1618677692307692,5.410662646,0.006202913,5.538,6.776000000000001,0.573380019
1801,Sub-Saharan Africa,Lower Middle,53,0.5849056603773585,21.355388407437328,17.006917945811267,94.42165709598032,8.367514356029531,33.905660377358494,113.20943396226416,0.23587657010912932,,,-1.3275927767195173,0.1609524074074074,4.853169192,0.016714447,0.481,26.396,0.472903807
1806,Sub-Saharan Africa,Lower Middle,8,0.25,17.530360770225535,13.469834382776032,90.21739130434783,10.326086956521738,31.8,118.2375,0.21713726096116026,,,-0.5179901421027218,0.1690751764705882,6.463014715,0.010706933,4.352,6.090000000000001,0.511989922
1810,Northern Africa and Western Asia,Upper Middle,9,0.7777777777777778,24.69834102680481,21.57835718067411,90.33816425120773,9.66183574879227,27.8,154.2111111111111,0.15966909225394973,,,-1.62702033332201,0.21810075,6.107740335,0.009166456,3.922,16.893,0.382322689
1820,Central and Southern Asia,Lower Middle,15,0.7333333333333333,21.081100680033384,18.87803410865831,93.04347826086956,10.144927536231883,74.80666666666667,83.28,0.497740919435816,4.77591702308563,5.1217024029769895,-3.362096503076805,0.1170485,4.56823163,0.001688781,6.012,18.853,0.459003512
1822,Central and Southern Asia,Lower Middle,17,0.29411764705882354,19.586109755127342,18.574193424557347,94.8849104859335,11.508951406649615,116.15294117647058,0.0,1.0,,,2.006577079316367,0.2002668085714285,7.193897292,0.014197102,19.074,15.186,0.342960067
1833,Eastern and South-Eastern Asia,High income,23,0.5217391304347826,24.626924410681326,23.62711346955099,93.00567107750472,9.640831758034025,118.84347826086957,24.20434782608696,0.8417779130626287,16.353279877927836,12.738426553410822,6.902803256489134,0.3025848260869565,10.47032137,0.020525023,33.695,7.545,0.29861974
1834,Eastern and South-Eastern Asia,Lower Middle,23,0.34782608695652173,26.667630912517726,24.038080567421602,94.8960302457467,10.396975425330812,94.08695652173913,56.80434782608695,0.6619762190979231,,,-2.5027108524751775,0.1294059622641509,4.462314617,0.012598937,5.7620000000000005,10.799,0.521214511
1835,Australia and New Zealand,High income,15,0.5333333333333333,17.814153777518786,14.800444448568019,93.91304347826086,10.434782608695652,45.626666666666665,113.49333333333334,0.2935566887549247,,,-0.2832065135310321,0.2594441304347826,7.504531466,0.032334208,0.137,12.242,0.44820273
1836,Northern America,High income,7,0.42857142857142855,19.277797134066923,14.393894831900534,95.65217391304348,14.285714285714286,17.414285714285715,136.34285714285713,0.11548342564528756,22.12308857719158,16.439898488212403,0.7585032037861075,0.25334636,7.338662138,0.02438008,2.765,8.690000000000001,0.342984553
1838,Latin America and the Caribbean,Upper Middle,23,0.2608695652173913,22.21930097088771,20.56884259288272,95.27410207939509,7.9395085066162565,126.85217391304347,26.669565217391302,0.8382629666458257,,,0.1972999593792239,0.2214269047619047,7.176936734,0.01342001,12.736,14.257,0.497314035
1861,Europe,High income,18,0.6666666666666666,18.788842307419042,15.114749207125293,94.68599033816425,8.937198067632849,34.55,124.75,0.2322339642598991,,,1.1392977775825215,0.2772373829787234,8.07555489,0.025507994,4.67,11.628,0.428905231
1866,Europe,High income,24,0.20833333333333334,17.066017367726296,14.038288537390676,94.3840579710145,9.420289855072463,58.104166666666664,69.78750000000001,0.47049100901156393,,,-1.0576052249479746,0.211018923076923,7.951670683,0.018387227,7.321000000000001,24.723,0.557283131
1867,Europe,High income,28,0.6785714285714286,17.80263958415767,14.607666622290335,94.40993788819875,10.093167701863353,60.557142857142864,63.98571428571428,0.5002796476722542,,,-1.712632229231834,0.19508436,7.850608984,0.022781354,3.464,26.103,0.530344232
1869,Europe,High income,22,0.45454545454545453,17.327180451753637,14.325557401237944,93.2806324110672,10.67193675889328,77.30454545454546,65.21363636363637,0.5546951241752618,,,-2.5228657516867092,0.1681835,8.541777411,0.019277496,2.381,33.551,0.511680281
1870,Europe,High income,9,0.4444444444444444,23.748176600138372,20.582074272555204,91.30434782608695,6.280193236714975,6.033333333333333,195.84444444444443,0.03048813251459749,,,4.155024306041915,0.2321836615384615,9.946431666,0.019054487,15.057,19.654,0.234530509
1872,Sub-Saharan Africa,Lower Middle,26,0.46153846153846156,21.404021380497877,18.332003350342585,93.97993311036788,9.866220735785951,55.54230769230769,88.71923076923076,0.3990999388296808,,,-0.4995697198357337,0.211177,6.408553539,0.017206783,9.788,9.716,0.456872432
1874,Europe,High income,25,0.6,17.726675698787624,14.56067100604708,93.04347826086956,9.565217391304348,47.224000000000004,83.396,0.38177819347643116,,,-0.05231899164650625,0.2339194909090909,9.382040306,0.034276877,2.466,18.157000000000004,0.412835725
1876,Sub-Saharan Africa,Low income,24,0.375,24.330436097035115,22.785373934480333,96.01449275362319,10.507246376811594,92.78333333333335,16.025000000000002,0.8566358460039258,,,2.5572137312984906,0.3373660082135523,7.721070985,0.016270133,6.471,12.078,0.44449156
1878,Europe,High income,22,0.7727272727272727,17.323899860211558,14.344208753058707,95.0592885375494,11.264822134387352,52.01363636363636,89.73636363636363,0.3728816122447793,,,-1.1308072593454326,0.2146139069767441,6.491765542,0.022216064,6.87,25.143,0.447517804
1879,Europe,Lower Middle,14,0.9285714285714286,18.67211274223099,14.924707933954666,95.03105590062113,11.180124223602485,35.94285714285714,96.07142857142857,0.27466985900183855,,,-1.6821264776618194,0.2171280892857142,6.762785009,0.01915114,3.373,14.379,0.482188384
1880,Sub-Saharan Africa,Upper Middle,7,0.5714285714285714,20.106603095645035,18.211098485177892,93.16770186335404,12.422360248447205,34.08571428571428,102.11428571428573,0.25345513533132547,,,-0.15896618617741853,0.20690815,5.089338414,0.012380437,16.263,24.126,0.332902444
1884,Sub-Saharan Africa,Lower Middle,13,0.5384615384615384,21.92950285398045,16.08528600606173,94.314381270903,10.702341137123746,76.56153846153846,88.64615384615385,0.5167876906404391,,,0.4498570714528035,0.2459513684210526,6.121251748,0.012052759,2.517,12.080999999999998,0.365065852
1888,Sub-Saharan Africa,Lower Middle,27,0.4074074074074074,18.24734686190488,14.910269710403831,94.68599033816426,9.822866344605474,57.196296296296296,99.60000000000001,0.39724454628158373,,,0.2479790029148412,0.1935838125,6.417326588,0.006378753,2.9,12.575,0.425402984
1890,Sub-Saharan Africa,Low income,29,0.6206896551724138,24.043270930227447,16.54069217421142,95.05247376311844,8.395802098950524,19.26896551724138,170.25172413793103,0.10345637301392949,,,-1.3093975671457858,0.1747633939393939,5.508945542,0.013520841,4.081,3.646,0.539612599
1894,Sub-Saharan Africa,Lower Middle,13,0.23076923076923078,16.93232565659745,14.087715332819396,92.64214046822742,10.702341137123746,57.91538461538461,82.76923076923077,0.4426539593710278,,,-3.08381920693252,0.1393015,4.992319924,0.009704886,0.4,41.063,0.654917439
1910,Central and Southern Asia,Lower Middle,46,0.30434782608695654,22.094539088636566,19.194493523227372,94.13988657844992,9.829867674858223,89.34347826086957,45.845652173913045,0.6682560475731598,,,-3.953689845386342,0.1338256666666666,6.124289969,0.00814296,0.52,54.151,0.708156808
1911,Central and Southern Asia,Lower Middle,33,0.36363636363636365,26.930834540468428,25.692386908809485,95.52042160737814,9.617918313570486,131.2030303030303,1.6727272727272728,0.9900899308133848,,,-4.927401214630113,0.0296506076923076,2.587937463,0.002625151,0.0,29.841000000000005,0.57655594
1918,Eastern and South-Eastern Asia,High income,12,0.75,22.495597441991194,21.125283572867946,92.39130434782608,8.695652173913043,111.43333333333334,1.7250000000000003,0.985479797979798,46.85872425584293,36.697307802904305,5.28829102063247,0.2038574390243902,12.51890256,0.019638587,18.264000000000003,8.134,0.31651401
1922,Australia and New Zealand,High income,15,0.6,16.869600613911974,13.92384528608178,94.78260869565217,9.855072463768117,25.54666666666667,166.14666666666665,0.15551862148839396,,,-1.1606614059285367,0.2085710952380952,7.753315998,0.034037397,1.3210000000000002,14.047,0.465099311
1923,Northern America,High income,7,0.42857142857142855,23.377872911747595,17.741744748307173,94.40993788819875,9.316770186335402,1.0571428571428572,185.04285714285714,0.005885517655271185,,,-0.06917439713486706,0.2714846808510638,7.220198675,0.02062415,1.547,2.87,0.291143035
1925,Latin America and the Caribbean,Upper Middle,22,0.13636363636363635,16.124219699672913,14.026638008854432,94.66403162055336,11.264822134387352,84.35454545454546,46.1,0.6760678657401703,,,0.9233228868485331,0.2045622083333333,6.626423019,0.010500905,14.972,12.999,0.42866207
1931,Latin America and the Caribbean,Upper Middle,30,0.23333333333333334,22.239873728863163,20.370421794363704,92.46376811594203,10.724637681159418,91.19333333333334,46.333333333333336,0.6787789379435688,,,0.3735628163937088,0.1584010909090909,8.709333178,0.008354938,17.863,34.882000000000005,0.563584896
1935,Latin America and the Caribbean,Upper Middle,33,0.48484848484848486,27.827478715581638,20.382845332178206,93.54413702239789,9.486166007905139,42.92121212121212,157.24545454545455,0.2225665079084645,,,0.9102986191934395,0.3047443195876289,5.845014409,0.016495711,13.159,17.569000000000003,0.317807126
1947,Europe,High income,28,0.7142857142857143,20.134515607016453,15.781036614430196,93.63354037267081,10.093167701863353,34.43214285714286,117.99642857142858,0.2349871472631159,,,0.18840321891064837,0.2390173548387096,8.641388747,0.024412279,4.744999999999999,12.758,0.47595759
1951,Europe,High income,23,0.6956521739130435,17.66766029671937,15.074046088344428,94.13988657844992,9.262759924385634,49.1,71.16956521739131,0.43539620046756256,,,-0.5232836212920364,0.2349154173913043,8.047488855,0.031588733,2.501,24.069,0.491880194
1952,Europe,High income,23,0.7391304347826086,18.12089589989706,14.77092812205054,93.00567107750472,10.396975425330812,43.73913043478261,87.50869565217391,0.3383681424800899,,,-1.1458687248340689,0.2131728620689655,7.521182528,0.01796392,1.581,25.069000000000003,0.405267742
1955,Europe,High income,24,0.75,23.294825908420574,18.62999695640617,92.93478260869564,9.782608695652174,32.375,123.58333333333333,0.21125286454584857,,,3.5722644909334615,0.2563789655172414,9.046346525,0.018980647,12.641,17.304,0.339171142
1957,Sub-Saharan Africa,Lower Middle,22,0.13636363636363635,16.756260277926454,12.39659273034191,93.67588932806325,9.486166007905139,54.790909090909096,88.26818181818182,0.4044460170907035,,,-3.3716386550656328,0.1686279166666666,6.908673641,0.008264497,0.083,36.631,0.449816276
1963,Europe,High income,15,0.6,18.805246544058495,15.233841123936559,93.91304347826086,6.956521739130435,46.27333333333333,97.76666666666667,0.329006359672313,,,-1.4364995631017425,0.2096399523809523,6.778892233,0.012413845,2.79,16.903000000000002,0.441473089
1965,Sub-Saharan Africa,Upper Middle,9,0.5555555555555556,20.193653666357516,18.32871804845267,94.68599033816425,10.628019323671497,30.84444444444445,111.61111111111111,0.22291926426566006,,,-0.28267860168657855,0.2461462413793103,6.33876521,0.013274512,5.329,12.653000000000002,0.369084586
197,Latin America and the Caribbean,Upper Middle,22,0.5454545454545454,23.169360993125245,21.013947565154908,94.26877470355731,9.683794466403162,112.34545454545454,38.0,0.7653770270166871,,,-2.512856969003255,0.1482418181818181,5.665690239,0.012053843,7.888999999999999,30.073000000000004,0.607024565
198,Latin America and the Caribbean,Lower Middle,35,0.5142857142857142,22.827565394325905,21.261421602484926,95.527950310559,8.695652173913043,72.4,92.78,0.4614296079402363,,,-2.2820579872881814,0.1657802,5.797901058,0.01275804,2.643,15.38,0.545750638
1982,Northern Africa and Western Asia,Upper Middle,16,0.8125,24.214733651984826,21.09656685038888,90.76086956521739,10.326086956521738,11.606250000000001,166.66875000000002,0.06640343189731386,,,-2.2802822913778957,0.1984186,5.903334,0.007876802,1.515,19.694,0.454409173
1985,Sub-Saharan Africa,Low income,21,0.47619047619047616,18.187054565005912,17.305399519596943,94.40993788819875,8.902691511387165,104.02380952380952,30.461904761904766,0.8003173354986014,,,-2.42848095576696,0.1355603800904977,6.111981406,0.007557896,6.289000000000001,44.467,0.349698892
1991,Central and Southern Asia,Lower Middle,14,0.5,18.561935802350003,15.98137901428569,92.54658385093168,9.316770186335404,37.550000000000004,109.39999999999999,0.26417709332985834,10.520239343947894,11.169266029550592,-1.141184999689939,0.2001935952380952,6.434048573,0.012241391,11.146,20.019,0.421579266
1999,Eastern and South-Eastern Asia,Lower Middle,20,0.25,28.042333532942337,25.959848976870852,95.21739130434783,10.217391304347824,130.79500000000002,10.74,0.9290154032503534,,,-2.031221467274235,0.1700142908108108,5.551963448,0.015340519,5.063,29.955,0.461567727
2005,Eastern and South-Eastern Asia,Lower Middle,20,0.35,26.66765122045956,24.316584666881703,95.21739130434783,10.869565217391303,98.01500000000001,50.795,0.6965249776939008,,,-2.0948587086036947,0.137157685064935,4.830091306,0.013679653,6.21,21.002,0.523783703
2006,Australia and New Zealand,High income,8,0.625,20.64320387182569,18.5195132196966,91.84782608695652,9.782608695652174,93.675,37.425,0.7481266237355939,,,-0.2211259996859051,0.1846984166666666,8.941806891,0.013734048,1.13,19.317,0.438507987
2007,Northern America,High income,8,0.5,23.97804421517445,18.209686030507996,94.56521739130434,10.326086956521738,4.362500000000001,172.6375,0.03218092728751151,,,3.5569547168327498,0.3014503583815029,8.916298844,0.021662546,13.284,6.457999999999999,0.249313702
2009,Latin America and the Caribbean,Upper Middle,21,0.09523809523809523,17.094936474251682,15.255738025731933,93.37474120082815,9.937888198757763,87.03333333333333,42.27142857142857,0.6989645821723668,,,-0.5624452194310512,0.181004,6.067728637,0.012211445,15.251,19.374,0.511848021
2014,Latin America and the Caribbean,Upper Middle,44,0.45454545454545453,26.335890001239225,23.36215926510873,94.76284584980236,10.573122529644268,91.23863636363636,77.79318181818182,0.5496622564636545,,,-1.044289394115527,0.171079947368421,5.593997316,0.014858034,13.716,20.14,0.484857132
2015,Latin America and the Caribbean,Upper Middle,53,0.39622641509433965,24.690556636728168,20.456292593511098,94.33962264150944,8.367514356029531,48.264150943396224,110.68301886792455,0.3184187131613486,,,2.85068609713607,0.2215834142857143,6.963326505,0.015005577,26.308,12.922,0.430604814
2024,Europe,High income,10,0.6,25.070292028391133,18.438381891431778,93.04347826086956,9.565217391304348,8.879999999999999,203.31,0.04389064485152068,,,6.607678093998684,0.2553824125,11.27220153,0.026263343,21.384,10.72,0.214659919
2026,Europe,High income,19,0.42105263157894735,13.487718559265133,12.053801071212717,94.73684210526316,9.382151029748282,51.50526315789474,41.22105263157895,0.5722641899273531,,,-2.199364047997764,0.19148048,6.351291014,0.020587908,0.112,19.083,0.454627093
2030,Europe,High income,22,0.7727272727272727,19.703763986673497,15.460312286415116,93.28063241106719,10.474308300395256,34.39090909090909,130.85454545454547,0.21357683379588577,,,0.4436214869898279,0.2555752875,8.827122714,0.02646604,2.815,13.809,0.451818726
2033,Europe,High income,25,0.68,17.94798691599638,15.02430537551128,93.91304347826086,9.739130434782608,44.34400000000001,80.672,0.3754627488834143,,,0.6992857945719663,0.2749517258064516,7.935396002,0.027985772,3.939999999999999,17.102999999999998,0.467709748
2034,Europe,High income,23,0.8695652173913043,18.66716634371699,15.152059279245735,95.84120982986768,10.018903591682419,46.20869565217391,80.84347826086957,0.3650391234399336,,,-1.6037416399206914,0.1931960263157894,7.337608234,0.026268751,2.911,20.776,0.499330965
2038,Sub-Saharan Africa,Lower Middle,21,0.3333333333333333,22.912554435989506,19.15955005961758,93.7888198757764,8.074534161490684,57.266666666666666,88.83333333333333,0.40615912313773184,,,0.5863587819398716,0.2286904166666666,9.986246554,0.012366107,6.55,8.56,0.442779836
2043,Europe,High income,21,0.7619047619047619,18.270539265587228,15.143791652175361,93.16770186335404,9.730848861283643,37.00476190476191,127.01904761904763,0.22754873182347443,,,2.1725334199795046,0.248616294117647,10.06938165,0.014774886,10.337,15.697,0.380373436
2044,Europe,Lower Middle,14,0.7857142857142857,19.294094575864584,15.330609430712826,95.03105590062113,9.627329192546583,34.2,105.14285714285714,0.24553007405360222,,,-0.12336349012292974,0.2345038695652174,9.12222564,0.019594685,4.3149999999999995,13.209,0.46905162
2050,Northern Africa and Western Asia,Lower Middle,19,0.8421052631578947,24.200011261387875,21.94006706427547,90.8466819221968,12.128146453089244,0.05263157894736842,179.7684210526316,0.00031084211717605264,,,0.1298075892128967,0.1798694615384615,6.607212204,0.013209292,26.555,49.303,0.413943173
2053,Sub-Saharan Africa,Lower Middle,44,0.7045454545454546,22.375206157912185,18.70915395915783,94.56521739130434,9.584980237154149,44.263636363636365,102.42045454545455,0.30896490798778115,,,0.3394083376339039,0.2156924457142857,8.220507252,0.01159605,3.071,11.755,0.425228086
2054,Sub-Saharan Africa,Low income,21,0.09523809523809523,21.455722272963765,20.383123845089806,92.96066252587991,9.730848861283643,80.79523809523809,56.7047619047619,0.6018829331100963,,,-1.408114719444124,0.1851685,5.496405745,0.006760894,2.5,11.305,0.556351435
2058,Sub-Saharan Africa,Lower Middle,13,0.23076923076923078,17.618223123089813,14.777383470512074,92.3076923076923,11.036789297658864,60.823076923076925,84.06923076923077,0.45546447693758485,,,-2.3330707322122155,0.15160175,5.452454736,0.008675852,1.25,28.48,0.632802842
206,Latin America and the Caribbean,Upper Middle,47,0.48936170212765956,24.545370371360644,21.396319747608903,92.32192414431083,10.083256244218315,108.42340425531914,34.97446808510638,0.7639361881962603,,,-0.2758495730888937,0.1676561935483871,8.970369681,0.009478414,0.982,9.903,0.633948804
2075,Central and Southern Asia,Lower Middle,32,0.28125,27.911237227302244,25.202847390244447,93.75,10.733695652173912,104.453125,53.565625000000004,0.7085991319889652,0.5584891145952398,0.5954703293617334,-3.806738030798182,0.0508347857142857,2.602249802,0.000217055,0.0,23.565,0.553296279
2082,Eastern and South-Eastern Asia,High income,16,0.6875,24.387923436099303,22.354991981258884,95.1086956521739,9.239130434782608,110.2375,16.675,0.876695760173669,40.72582239215687,31.85663836828496,7.335934627209604,0.2467101176470588,13.44678827,0.019038875,30.199,6.244000000000001,0.293078641
2084,Eastern and South-Eastern Asia,High income,22,0.6363636363636364,24.777625232547948,23.74057413451294,92.68774703557312,9.683794466403162,118.40454545454546,27.345454545454547,0.8231798483193355,4.649315034714289,3.618310921221061,1.400789405907002,0.2561535757575757,8.197568332,0.023693037,9.709,3.781,0.37785564
2086,Australia and New Zealand,High income,14,0.21428571428571427,20.049473381042503,17.625202393787976,92.54658385093168,9.006211180124224,84.96428571428571,79.69285714285715,0.5635566477568752,,,-0.7954620688256041,0.2435328260869565,7.279889971,0.017804874,0.144,18.732000000000003,0.452281889
2087,Northern America,High income,6,0.3333333333333333,20.91278088469045,14.776262308826682,93.4782608695652,12.318840579710143,19.516666666666666,130.66666666666666,0.13069310166641143,18.10969629348821,13.457899041828794,0.5275209748211327,0.2530329516129032,7.550071734,0.025053161,6.251,7.723,0.371448904
2089,Latin America and the Caribbean,Upper Middle,25,0.64,18.997389095596365,16.128558606117632,94.78260869565219,12.17391304347826,74.94,63.576,0.5761177222882943,,,2.624924167493496,0.2121041787234042,9.48363995,0.014467861,22.693,26.642000000000003,0.439370601
2097,Latin America and the Caribbean,High income,16,0.8125,17.31795076271159,13.644868515464843,94.83695652173913,12.771739130434781,3.35625,161.125,0.020134876062782477,,,8.78292788483239,0.2869777777777778,13.86006968,0.022436594,30.249,10.923,0.258624401
2106,Europe,High income,26,0.5,15.682235423869418,13.837818763093763,93.64548494983276,8.862876254180602,49.82692307692308,64.25384615384615,0.45503396154211784,,,-2.0091606293180475,0.2231741052631579,6.702089737,0.024699484,2.219,20.67,0.546407743
2110,Europe,High income,21,0.7619047619047619,17.093814117392647,14.431966588606704,94.824016563147,9.523809523809524,39.2,97.1047619047619,0.2998056139202058,,,0.23286517010736812,0.24015435,8.881881616,0.022713775,3.18,18.647,0.452983608
2113,Europe,High income,25,0.44,17.703847991943384,15.136545214513918,94.2608695652174,9.565217391304348,49.012,67.236,0.4481503161910625,,,-4.142780597000852,0.1560126818181818,6.837417057,0.019693324,0.918,45.856,0.57610963
2114,Europe,High income,25,0.4,18.232430852980862,14.794154825812349,95.1304347826087,10.782608695652172,55.33200000000001,71.8,0.4376132462880505,,,-1.7088616950942375,0.2205981739130434,7.222272669,0.022148932,1.082,17.366,0.516962471
2116,Europe,High income,26,0.7307692307692307,23.394659546470287,18.926149903568323,92.3076923076923,9.364548494983277,37.98846153846154,119.2423076923077,0.24793255654222432,,,3.454266509827395,0.2765666923076923,7.927423541,0.021511008,17.798000000000002,10.803999999999998,0.398293283
2119,Europe,High income,24,0.5833333333333334,18.84308959289837,14.613699789403801,93.84057971014494,9.96376811594203,42.98333333333334,101.375,0.3088974948243345,,,-1.09036541385787,0.2429925238095238,7.614691247,0.022456429,2.036,10.982,0.432696393
2123,Europe,High income,15,0.6666666666666666,17.97375212351484,15.05368109674883,94.4927536231884,8.98550724637681,38.89333333333333,112.40666666666667,0.26000460923737695,,,-3.1854886327417766,0.1654663529411764,5.776905722,0.019718033,3.879,31.515,0.481519143
2125,Europe,Lower Middle,20,0.95,20.45775409609289,16.321041160304866,95.0,9.565217391304348,47.114999999999995,89.53,0.34627999975603047,,,0.8685681061973957,0.2027988073170731,11.71130498,0.027072368,4.348,20.575,0.41106904
2126,Northern Africa and Western Asia,Upper Middle,12,0.5833333333333334,21.473769880325122,17.858426554485657,93.4782608695652,10.144927536231885,20.39166666666667,193.83333333333334,0.0974569722240373,,,3.2850926987009776,0.207521947368421,8.111184591,0.026207165,26.281,13.874,0.257005715
213,Latin America and the Caribbean,High income,23,0.43478260869565216,26.01550901057418,24.455469890237968,96.03024574669188,8.506616257088847,127.8695652173913,24.921739130434784,0.8459998588924537,,,3.46346826993439,0.2779049546925566,8.764909556,0.014918206,22.107000000000003,12.378,0.41438557
2130,Sub-Saharan Africa,Lower Middle,12,0.75,21.614141947901874,15.157146951592622,93.4782608695652,11.956521739130435,70.84166666666667,103.33333333333333,0.45134437871916394,,,0.7374929096499998,0.2690589724770642,6.390513794,0.011365625,6.312,10.274,0.326603153
2134,Sub-Saharan Africa,Low income,20,0.5,21.37977934363711,20.299327378789364,93.91304347826087,8.478260869565217,84.42,55.235,0.6200762776861437,,,-2.8440144964797742,0.1259237123287671,4.721231128,0.006486624,2.888,22.162,0.561876294
2138,Sub-Saharan Africa,Lower Middle,11,0.45454545454545453,14.669563761624442,13.24923616821505,92.88537549407114,10.67193675889328,70.82727272727273,57.83636363636364,0.5897231762982826,,,-1.1232609726045306,0.1681288333333333,7.023622094,0.007883802,2.982,6.329000000000001,0.62468721
2155,Central and Southern Asia,Lower Middle,32,0.28125,28.006062289268314,25.520625935639917,93.88586956521739,10.597826086956522,104.625,57.35,0.6910724158916387,0.5935187267935552,0.632683090195638,-3.1474797218888857,0.1170770935251798,4.379714614,0.006616987,1.422,19.459,0.52754018
2162,Eastern and South-Eastern Asia,High income,15,0.6666666666666666,23.78471573898218,22.447986233330955,93.33333333333333,9.27536231884058,108.88666666666667,6.8933333333333335,0.9438265846534789,37.56351601047785,29.40761473663776,9.138923881550983,0.2665630555555555,13.28954701,0.024587165,41.171,6.5729999999999995,0.279696569
2164,Eastern and South-Eastern Asia,High income,18,0.5,24.513518808913748,23.405582103096016,95.41062801932367,8.937198067632849,120.26666666666668,31.666666666666668,0.8004324143986801,4.394989588260732,3.4181544897976437,2.134918138709038,0.2731185625,9.241047174,0.017502652,10.36,15.432999999999998,0.383844597
2166,Australia and New Zealand,High income,14,0.42857142857142855,20.121660041809093,17.803021700787106,92.54658385093168,9.006211180124224,86.80714285714286,75.46428571428571,0.5828430699400045,,,-0.7630995135895915,0.2313914117647058,7.906543984,0.015701302,0.069,15.691,0.485481799
2167,Northern America,High income,8,0.75,19.217660980502593,14.791306261914174,92.93478260869566,13.58695652173913,7.5625,160.025,0.047309257451953676,5.486301157587547,4.076636899748228,0.5492865696847415,0.2430672647058823,7.47561176,0.026115692,2.792,10.028,0.343292333
217,Latin America and the Caribbean,Upper Middle,33,0.6363636363636364,27.43363789551468,22.529665335747367,92.88537549407116,9.749670619235838,64.00909090909092,116.0878787878788,0.373449560228504,,,1.0644690887051158,0.2941268668407311,7.473750485,0.017574017,11.909,11.685,0.481187063
2172,Latin America and the Caribbean,Upper Middle,30,0.26666666666666666,20.00103712842359,19.553869517509142,94.78260869565219,10.289855072463768,90.14333333333335,30.343333333333337,0.7596357469165558,,,2.107734871769595,0.1817550588235294,7.542394626,0.016584639,25.022,22.41,0.48483444
2178,Latin America and the Caribbean,Upper Middle,17,0.29411764705882354,20.40609362433942,16.858200676061895,95.14066496163683,7.416879795396419,61.61764705882353,114.23529411764706,0.363097522283427,,,0.004942956731625953,0.2265266774193548,8.582208949,0.01302367,8.49,21.351,0.403984479
218,Latin America and the Caribbean,High income,27,0.5185185185185185,24.49157441658342,18.818416782179288,96.29629629629629,8.21256038647343,55.15555555555556,138.4037037037037,0.30632845650202184,,,-0.26386549287760624,0.2627123461538461,6.601992486,0.013254172,10.986,25.527,0.404137503
2186,Europe,High income,20,0.65,13.825475917951348,12.39621730711482,95.65217391304347,9.347826086956522,46.9,45.92,0.5196823845384878,,,-1.5448014496392521,0.2032682692307692,7.324792443,0.022160288,3.0319999999999996,24.164,0.483293696
2192,Europe,High income,24,0.5833333333333334,17.65636524763488,15.053055847014077,94.3840579710145,9.239130434782608,52.18333333333334,66.64166666666667,0.4669292627508937,,,-0.6969040240580419,0.2566394444444444,7.933752279,0.029266447,4.968,20.752,0.531432842
2193,Europe,High income,29,0.5517241379310345,16.594718091241287,13.555978384540728,94.60269865067465,10.494752623688155,60.45862068965517,63.148275862068964,0.5025982646839929,,,-2.2814503214127786,0.2024973157894737,7.817600287,0.022315996,2.632,26.626,0.552423271
2195,Europe,High income,26,0.5769230769230769,20.063944294357597,17.602575252588192,94.31438127090301,10.535117056856187,54.21538461538462,99.09615384615384,0.36214028757890815,,,0.8131161731200306,0.2423873536585366,8.490286897,0.020979602,4.949,20.274,0.402214816
2202,Europe,High income,17,0.6470588235294118,20.812160323647916,16.71474595997644,93.60613810741688,8.43989769820972,43.5,110.32941176470588,0.28263560637840274,,,-1.514395375072437,0.217395294117647,6.075590664,0.016403456,5.063,14.997,0.480437731
2203,Sub-Saharan Africa,Upper Middle,12,0.5833333333333334,20.807143015331707,18.830790179135914,93.4782608695652,11.231884057971014,28.99166666666667,111.53333333333335,0.21370807613589626,,,1.8316366877336923,0.2377482307692307,5.969240465,0.014515393,22.938,24.302,0.310357248
2204,Europe,Lower Middle,16,0.8125,19.902746977124934,15.74414633661433,95.3804347826087,9.51086956521739,42.19375,94.88125,0.31080171897111614,,,-0.8393868078381626,0.2223013888888889,8.692078105,0.019530701,1.156,17.378999999999998,0.434827166
2205,Northern Africa and Western Asia,Upper Middle,17,0.6470588235294118,25.381517758088975,19.69692068921575,93.35038363171356,10.997442455242966,14.423529411764706,229.58823529411765,0.060868748395333565,,,0.7965080298066827,0.1750997857142857,7.295169258,0.01575246,12.764,9.565,0.321262374
2208,Northern Africa and Western Asia,Lower Middle,20,0.2,24.56902243916586,21.765261142849774,90.43478260869566,11.521739130434781,0.06000000000000001,189.615,0.00033031649983891,,,-1.414350362275458,0.1333720625,5.263579178,0.012327031,12.753,18.873,0.357255225
2212,Sub-Saharan Africa,Lower Middle,38,0.5263157894736842,17.958099967555015,15.112979509801152,93.82151029748285,9.153318077803203,66.11578947368422,82.36578947368422,0.5139880460358054,,,1.9388413077037663,0.2276297368421052,5.563364955,0.0132537,15.858,23.757,0.319529962
2213,Sub-Saharan Africa,Low income,29,0.4827586206896552,20.971389199764808,19.413426549452346,94.75262368815592,7.796101949025487,62.00689655172414,84.10689655172413,0.4379009387034106,,,-1.960723236341305,0.1438720322580645,4.28677777,0.006495582,3.838,14.899,0.576373336
2232,Central and Southern Asia,Lower Middle,30,0.23333333333333334,26.868878005176345,24.082015568035114,95.21739130434783,10.434782608695652,125.81,27.67,0.8509193618540972,,,-5.1919112583015385,0.0580372894736842,2.821218433,0.004521263,0.047,44.25,0.51324211
2241,Eastern and South-Eastern Asia,High income,16,0.5625,24.831053488505578,22.605425927677878,94.83695652173913,10.326086956521738,115.34375,15.3875,0.8888796904458723,39.271553004857445,30.716838883209157,4.988657271971167,0.2203874852941176,12.95389742,0.019354421,24.603,17.937,0.335497213
2245,Australia and New Zealand,High income,16,0.625,20.598264122587988,17.97708163544415,92.11956521739131,10.597826086956522,72.3125,98.10000000000001,0.46898215165679635,,,-0.08111164445371793,0.2632904186046512,7.65156651,0.023115767,0.077,14.631999999999998,0.466671977
2246,Northern America,High income,8,0.75,19.329752376580245,14.750684874948245,90.76086956521739,12.5,10.175,155.70000000000002,0.06378165158001604,40.345054221217666,29.986005938143748,0.22879011065693677,0.2438473169014084,8.323749274,0.020876387,3.46,10.308,0.361119995
2249,Latin America and the Caribbean,Upper Middle,17,0.35294117647058826,11.603448012285837,10.692450229577993,92.58312020460357,9.462915601023019,54.670588235294126,36.800000000000004,0.6051727308585794,,,3.591509257304981,0.2190373820224719,8.290560285,0.018654901,28.103,2.515,0.41743557
225,Sub-Saharan Africa,Lower Middle,9,0.3333333333333333,25.7246564199054,23.344786167095194,95.16908212560386,8.695652173913043,93.67777777777778,81.04444444444445,0.5832610450617196,,,-2.2343048008930175,0.1724306,5.129251922,0.013138562,6.787,15.177,0.377490285
2251,Latin America and the Caribbean,Upper Middle,17,0.29411764705882354,16.33996492413535,15.667143480503489,95.90792838874681,8.184143222506393,102.08823529411765,8.705882352941176,0.9284874114593802,,,3.4319524274572983,0.199551,10.01675497,0.019537576,27.461,20.2,0.522095773
2255,Northern America,High income,19,0.8947368421052632,20.932872717759597,17.946559446444326,93.13501144164759,10.526315789473685,65.72105263157896,77.92631578947369,0.462655803742012,,,-1.0367946949307825,0.2198243333333333,8.384047569,0.023788134,1.062,15.207000000000004,0.517464296
2263,Europe,High income,7,0.42857142857142855,16.5579510195502,15.686089110841005,90.6832298136646,9.937888198757763,70.51428571428572,47.357142857142854,0.6016487644131666,,,1.5657381818058274,0.189136619047619,11.1099692,0.023779113,14.921,21.85,0.478599474
2264,Europe,High income,23,0.8695652173913043,15.487945854260738,13.638746714840579,95.65217391304348,8.884688090737239,43.047826086956526,61.582608695652176,0.4421044868478365,,,-1.5501761050255056,0.2131901958762886,6.550044866,0.019602049,2.849,23.896999999999995,0.457644469
2268,Europe,High income,26,0.7307692307692307,21.861533471895207,17.576616109809315,93.81270903010032,10.20066889632107,33.69615384615385,136.93076923076924,0.21162762992121947,,,0.9625602497076207,0.2442521349206349,8.575037034,0.024702375,4.784000000000001,16.621000000000002,0.429929646
2271,Europe,High income,25,0.56,17.640123164250348,15.017228061160592,95.1304347826087,9.565217391304348,45.74,72.688,0.40907818122771084,,,-2.4491807690193355,0.2104536,5.850611433,0.029469277,0.779,32.503,0.556243497
2272,Europe,High income,27,0.6296296296296297,17.449109122664872,14.235385979900176,95.16908212560386,10.305958132045088,59.74444444444445,63.53333333333334,0.4991313358842334,,,-2.385792566601281,0.19365675,7.315185252,0.023816552,2.465,27.263,0.538216585
2277,Europe,High income,22,0.5454545454545454,18.108835702339064,14.709677499256133,93.47826086956523,9.090909090909092,41.650000000000006,94.8,0.32229584464033006,,,-1.1037252921127956,0.2220695,7.593419121,0.023608314,1.588,15.667000000000002,0.432517464
2281,Europe,High income,30,0.6666666666666666,20.155470598311673,16.102244558843715,92.60869565217392,10.289855072463768,34.28,129.44333333333333,0.21054090927868083,,,1.7906957248935986,0.2572291176470588,8.182434102,0.016885756,12.421,9.117,0.396095566
2293,Sub-Saharan Africa,Low income,32,0.75,23.284284301275434,16.67939473421814,93.61413043478261,8.695652173913043,27.075,153.24375,0.15582596422634332,,,-0.8642088181418748,0.1573982857142857,4.394081895,0.008509059,2.427,19.499,0.515832171
2296,Sub-Saharan Africa,Lower Middle,15,0.4,18.035819956841177,15.202385981357276,94.78260869565217,9.565217391304346,51.94666666666667,106.96666666666668,0.3509387352572208,,,0.9757885380992607,0.1961345588235294,6.771658607,0.010053996,7.015,11.053,0.379877955
231,Europe,High income,9,0.8888888888888888,19.37703663816812,16.75455326033991,90.82125603864733,8.695652173913043,23.222222222222225,116.05555555555556,0.2311141365697028,,,1.700649719005873,0.1678525117370892,9.569508804,0.02189036,10.279,18.15,0.326590729
2311,Central and Southern Asia,Lower Middle,29,0.20689655172413793,26.675100345051334,24.09190729546351,95.20239880059971,10.644677661169414,129.40689655172415,23.375862068965517,0.8703554843275503,,,-4.508726124531018,0.0972924051282051,3.939211942,0.008682154,0.963,44.934,0.454296278
2315,Eastern and South-Eastern Asia,Upper Middle,28,0.39285714285714285,28.251349271841555,25.70861256309809,92.85714285714286,9.161490683229813,82.2,71.425,0.5535478733434259,,,2.4007506668760694,0.2321418939562476,8.39627235,0.018148706,16.079,11.274,0.392081117
2320,Eastern and South-Eastern Asia,High income,18,0.5,24.957282037641104,23.4651085688988,93.23671497584542,9.66183574879227,121.13333333333334,20.76111111111111,0.8603693269412719,30.152172097149105,23.542763373006792,7.0488869800318925,0.2892916285714286,11.96582298,0.011882028,24.356,9.066,0.286461465
2323,Eastern and South-Eastern Asia,Lower Middle,20,0.55,27.001462488664593,24.762433294306074,93.26086956521739,10.434782608695652,71.42,82.43,0.48402230162798043,,,-0.5864900861533282,0.1653263393346379,6.497189996,0.01422249,12.034,27.755000000000003,0.432585739
2324,Australia and New Zealand,High income,16,0.75,21.03691973243224,18.470713536868207,93.20652173913044,9.782608695652174,66.9,91.16875,0.45627686896329867,,,-0.6179349762962069,0.2293697496371552,8.691875826,0.018908273,2.473,22.438999999999997,0.443072252
2325,Northern America,High income,8,0.375,19.965812341814242,14.150460340586463,94.02173913043478,10.869565217391303,15.4875,163.88750000000002,0.09077142833623905,22.306118766880292,16.55343182822156,-0.7062590623413866,0.2025481511627907,8.030350662,0.015562234,5.092,22.972,0.294994621
2327,Latin America and the Caribbean,Upper Middle,27,0.4074074074074074,20.0138426336498,17.794463617946775,94.84702093397746,9.33977455716586,82.86296296296297,66.52962962962962,0.583171751822118,,,-1.1971861408330975,0.1639986666666666,8.071092587,0.01021374,11.015,34.167,0.590977124
2331,Latin America and the Caribbean,Upper Middle,35,0.4857142857142857,25.926546502026024,23.927025769830973,93.91304347826087,10.186335403726707,106.5657142857143,55.25142857142857,0.666847499312971,,,-1.7207608086064556,0.1423473076923077,5.130657694,0.01225175,10.467,12.724000000000002,0.514629109
2334,Latin America and the Caribbean,High income,12,1.0,18.601458932160366,13.587837326180237,93.84057971014494,8.695652173913043,2.4166666666666665,175.70000000000002,0.013420107781577309,,,6.804564626648968,0.274910443196005,7.941749681,0.0232141,39.822,9.929999999999998,0.223201358
2335,Latin America and the Caribbean,Upper Middle,21,0.6666666666666666,22.379030715119637,17.772629567141443,95.23809523809524,8.488612836438923,62.095238095238095,123.29047619047618,0.3488311927745651,,,4.324826512639751,0.293212234375,7.946113967,0.018369467,26.642,12.051,0.35069328
234,Sub-Saharan Africa,Low income,21,0.47619047619047616,27.76704234168645,21.53927595970888,91.92546583850933,9.730848861283643,29.047619047619047,154.41904761904763,0.1660865025543431,,,-2.2440821360661882,0.202443,5.426349866,0.011930617,7.609,33.385000000000005,0.288935308
2345,Europe,High income,21,0.5238095238095238,17.97630084727237,14.646916448058803,91.51138716356107,10.973084886128364,34.857142857142854,111.41904761904763,0.2489671164556809,,,0.4086992164242881,0.2660267916666666,8.012183943,0.019670646,2.183,10.161,0.44403929
235,Europe,High income,15,0.6,14.152338015803604,12.61970565982216,94.4927536231884,9.27536231884058,51.07333333333334,39.193333333333335,0.5820228355719321,,,-2.0111529690545344,0.1984031677852349,6.843455614,0.02064846,3.628,26.584999999999997,0.508247987
2350,Europe,High income,21,0.6666666666666666,18.057088694698635,14.556511366754298,94.40993788819875,9.730848861283643,45.81904761904762,90.1,0.33998993962475904,,,-2.3191485456838428,0.1883764905660377,6.861464679,0.023157696,1.7939999999999998,29.521,0.452285016
2352,Europe,High income,24,0.4583333333333333,22.901035886393128,18.037820113969676,92.57246376811594,9.239130434782608,34.07916666666667,126.46249999999999,0.2208093166335893,,,2.9709447701098757,0.2442325454545454,8.9147016,0.022691104,11.633,12.78,0.413451745
2355,Europe,High income,23,0.6521739130434783,18.836213670727364,14.561888446944328,93.57277882797733,9.45179584120983,37.36086956521739,108.88695652173914,0.264298364983863,,,-1.4592458432050674,0.2039882692307692,7.827733516,0.019978566,1.761,21.956000000000003,0.457099821
2359,Europe,High income,27,0.5925925925925926,22.628759057364736,17.357339651863025,94.04186795491142,9.33977455716586,26.22222222222222,153.75185185185185,0.14884946386640188,,,2.8838334048669885,0.2657719923076923,10.82840936,0.021025061,10.866,15.258999999999997,0.371660542
2365,Northern Africa and Western Asia,Lower Middle,17,0.29411764705882354,24.29182382641423,21.960651287174404,92.32736572890025,10.997442455242966,0.07647058823529412,177.3941176470588,0.0004618000598930118,,,-3.0546703825591734,0.1284524909090909,5.840079123,0.009038009,13.427,57.692,0.404126239
2369,Sub-Saharan Africa,Lower Middle,38,0.6578947368421053,16.619001987747826,13.764748607296681,94.16475972540046,10.183066361556063,57.5921052631579,80.10000000000001,0.4871407219521335,,,1.304365385894916,0.2215942429906542,6.479201116,0.014972885,14.634,14.572,0.353331872
2371,Sub-Saharan Africa,Low income,37,0.4864864864864865,20.556845039348957,18.204370350977257,94.00705052878966,10.223266745005875,59.00540540540541,101.41891891891892,0.3809493327833391,,,0.58174299508666,0.1894714166666666,5.204201229,0.010691327,8.748,10.71,0.53613829
2373,Sub-Saharan Africa,Low income,22,0.45454545454545453,18.883652418310017,11.391614667950918,91.50197628458498,10.869565217391305,21.227272727272727,133.95454545454547,0.14032379201234388,,,-2.2178557786951827,0.1477416,4.469809122,0.010296043,2.452,25.058999999999997,0.427854862
2374,Sub-Saharan Africa,Lower Middle,20,0.4,17.98559765815738,15.348652045436447,92.82608695652173,10.0,49.55,100.55,0.3455170960028206,,,-0.10768966862580531,0.1592387619047619,6.506672496,0.006689473,2.666,3.3720000000000003,0.522836382
2376,Central and Southern Asia,Lower Middle,12,0.5,26.498218144310897,20.71853207953957,93.4782608695652,10.507246376811594,5.141666666666667,175.79999999999998,0.028983988197584434,,,1.7431095757732196,0.218433,6.540258565,0.01583111,15.881,29.22,0.201060154
2389,Central and Southern Asia,Lower Middle,30,0.4666666666666667,26.9923845237598,25.706231125160926,95.65217391304348,9.130434782608695,131.96333333333334,0.49333333333333335,0.9970119119725419,,,-3.410392542331982,0.1299321875,4.44335362,0.005214447,0.521,9.277,0.565185482
2391,Eastern and South-Eastern Asia,Upper Middle,31,0.1935483870967742,27.931535231122126,24.691371924467965,93.8288920056101,10.659186535764375,62.980645161290326,91.88709677419355,0.42816224664131086,,,-3.206715128670689,0.1319356293103448,4.989288112,0.007770827,1.959,16.629,0.509356045
2399,Australia and New Zealand,High income,15,0.3333333333333333,22.10989927783704,19.47533848157254,94.78260869565217,8.405797101449275,74.92666666666668,72.92666666666668,0.5216205477945078,,,-0.44111826998991566,0.2184513968253968,8.467118794,0.0197565,1.126,22.252,0.433405747
2400,Northern America,High income,10,0.6,20.441796652982163,15.068920499615365,94.34782608695653,11.304347826086957,5.63,183.22,0.03301849389569665,13.510444889848934,10.040884076161593,1.7470800907791972,0.2768956428571428,7.302360704,0.027245144,5.866,3.576,0.294806511
2401,Latin America and the Caribbean,Upper Middle,24,0.4583333333333333,28.148886803902638,24.938653385049065,93.1159420289855,10.144927536231885,92.17083333333333,72.55416666666667,0.5618917634278263,,,6.330355264455865,0.2702732627737226,7.612948009,0.021278585,37.419,7.863,0.237164696
2408,Northern America,High income,20,0.55,20.350551184336393,17.058444792913626,93.04347826086956,10.652173913043478,69.0,71.385,0.500088078223655,,,-1.6429821749532463,0.204878156462585,8.050479499,0.030677,0.928,20.705,0.494689253
242,Europe,High income,25,0.64,17.273184890747093,14.692436529748301,94.78260869565219,10.26086956521739,40.336000000000006,82.836,0.34853055783962505,,,1.9398143630394555,0.2728659230769231,9.698486131,0.019820274,5.331,10.241,0.424010849
2423,Europe,High income,24,0.75,17.951561827577034,15.230781832625063,93.84057971014492,8.876811594202898,44.00833333333333,81.35416666666667,0.3762944030694589,,,-1.1784852984540026,0.2226664888888889,7.653938107,0.029049611,1.608,26.295,0.481608087
2424,Europe,High income,23,0.6086956521739131,18.09251934788654,14.652211055034192,95.0850661625709,10.964083175803403,50.582608695652176,77.55652173913043,0.3970769252571669,,,-0.7082158022867242,0.2431614615384615,7.729261534,0.020607656,1.622,16.166,0.468631117
2429,Europe,High income,19,0.7368421052631579,18.08071471862026,15.576018962623744,94.279176201373,9.839816933638444,56.678947368421056,61.81578947368421,0.5022634449429415,,,-2.629233654090805,0.1786365714285714,6.726406464,0.025718012,0.5860000000000001,27.043,0.461506329
2433,Europe,High income,21,0.6190476190476191,20.021694641608715,15.91189815386068,93.16770186335404,10.559006211180124,35.65714285714286,127.21428571428571,0.22804704129037226,,,-1.8830943684280579,0.2094716666666666,6.312255081,0.01234146,5.8549999999999995,23.119999999999997,0.415546419
244,Europe,High income,22,0.7727272727272727,17.819206808078444,15.297066321314093,94.0711462450593,8.300395256916996,48.686363636363645,68.98181818181818,0.4417518458621233,,,-0.19999560721350618,0.2456786454948301,8.353064544,0.025321668,2.102,28.266,0.433673456
2444,Sub-Saharan Africa,Low income,25,0.4,19.0618700558551,15.858635617098251,95.1304347826087,8.869565217391305,53.536,103.492,0.37899007243169786,,,-2.8798574354806386,0.0978584485981308,3.750465507,0.005351509,1.613,22.185,0.640793703
2447,Sub-Saharan Africa,Lower Middle,25,0.56,19.380878083078528,15.935281954782127,94.43478260869566,9.217391304347824,83.11200000000001,63.88,0.5838335682888777,,,-6.0408441445459164,0.070997894117647,3.128272519,0.005148518,0.376,56.827000000000005,0.696850114
2454,Central and Southern Asia,Lower Middle,24,0.7916666666666666,22.56271226527947,14.163033758083996,94.20289855072464,8.876811594202898,2.6041666666666665,233.275,0.011331581371676577,,,3.1171701356819925,0.2936028812785388,7.696992451,0.011301427,19.744,11.334999999999996,0.265133486
246,Europe,High income,26,0.19230769230769232,18.529907551611032,15.041578796259152,94.14715719063544,9.866220735785951,42.646153846153844,89.25,0.34003018506712535,,,-0.9415183612876542,0.2086644133333333,8.414047301,0.021811026,3.551,20.903999999999996,0.488064916
2467,Eastern and South-Eastern Asia,High income,14,0.7142857142857143,22.47212569372997,21.14436513236952,94.72049689440995,9.006211180124224,107.87142857142858,3.7214285714285715,0.9686481494589267,23.84048781450114,18.66761798982732,5.413774544380605,0.2363033529411764,10.90657111,0.01266425,25.461,12.962,0.268311422
247,Europe,High income,26,0.8461538461538461,18.78328381172327,16.38407201514853,92.64214046822742,9.698996655518394,62.36538461538461,78.83846153846154,0.45777133317242574,,,-1.7698252470215166,0.1689191733333333,8.993297934,0.025394253,2.9349999999999996,31.925,0.47826905
2471,Northern America,High income,8,0.625,22.052199259165484,19.028892704392497,94.02173913043478,10.869565217391305,2.1625,153.2125,0.014025157309562337,,,3.3354876967557234,0.2321623174807198,9.080220406,0.019894052,19.689,9.267,0.269161149
2473,Latin America and the Caribbean,Upper Middle,20,0.4,19.220067778229723,16.15393608812075,95.0,9.130434782608695,68.16499999999999,77.77000000000001,0.4958348532173229,,,1.2904691305444425,0.1796931428571428,5.642986464,0.010454332,20.764,3.174,0.379129009
2479,Northern America,High income,20,0.55,21.251219700552305,17.990934139623242,92.17391304347827,10.869565217391303,64.345,77.8,0.4588904478393701,,,-1.3407649483894033,0.2234643125,7.615442653,0.014482663,1.6,17.246,0.497674783
2480,Latin America and the Caribbean,High income,14,0.2857142857142857,18.979026800506432,14.060638364804097,95.03105590062113,9.006211180124224,3.564285714285714,168.2642857142857,0.020494514537134044,,,3.385975996589917,0.2294328,5.569330297,0.017162442,32.681,5.638,0.2990839
249,Europe,High income,23,0.8260869565217391,16.15617319005704,14.426665963354834,93.00567107750472,10.586011342155007,61.64782608695653,49.904347826086955,0.5920984007116331,,,-1.4999984292581572,0.179796808988764,7.248944879,0.026286485,2.153,19.225,0.462074307
2491,Europe,High income,23,0.7391304347826086,18.113568188788086,14.838340449636101,94.32892249527411,10.775047258979205,35.47391304347826,102.35652173913043,0.26609780053452176,,,0.3774817818647149,0.2493131818181818,7.655637482,0.018810129,1.073,14.842,0.432377107
2494,Europe,High income,29,0.3793103448275862,17.548718787169847,14.878452722988724,94.30284857571213,9.44527736131934,48.672413793103445,72.17241379310344,0.42621402762549954,,,-2.091820298258586,0.2139906037735849,7.163370876,0.027830895,1.027,26.673,0.538809658
2495,Europe,High income,23,0.6086956521739131,18.197304243300234,14.770131164488932,96.21928166351607,10.018903591682419,47.15652173913043,80.34347826086957,0.3711660089139603,,,0.29552103900811955,0.2462812857142857,8.841535988,0.025767265,4.473,13.461,0.495092978
2500,Europe,High income,24,0.875,18.961104079561498,14.964390892796217,94.7463768115942,10.869565217391305,46.09166666666667,93.07916666666667,0.35331476359083913,,,-2.4178388986820445,0.1854187,6.518185011,0.022103691,2.441,22.0,0.449771021
2504,Europe,High income,21,0.7142857142857143,21.58575153627259,16.39771776119382,94.40993788819875,10.351966873706003,30.176190476190477,146.8,0.171883395379575,,,1.8727262842694568,0.2692145,7.441229459,0.015122967,13.455,14.742,0.370885919
2507,Sub-Saharan Africa,Upper Middle,19,0.631578947368421,17.224348475807584,15.052244293003,94.73684210526316,10.068649885583524,38.82631578947369,141.10526315789474,0.2279088775787694,,,1.5034291854162607,0.254942875,5.509433867,0.013433895,17.82,25.482000000000003,0.266648578
2514,Sub-Saharan Africa,Low income,24,0.3333333333333333,15.468024196338474,12.399798392168888,95.10869565217392,8.876811594202898,64.03750000000001,86.53750000000001,0.44657545850648855,,,-7.473223512962573,0.04340283125,2.500081997,0.003875484,0.0,67.302,0.753369973
2517,Sub-Saharan Africa,Lower Middle,17,0.35294117647058826,18.599888184491352,15.63023331135967,94.11764705882354,10.997442455242966,96.4235294117647,36.42352941176471,0.7516929572051773,,,-1.5751836340918846,0.16301345,6.949666102,0.007366884,3.3,23.286,0.628858378
2537,Eastern and South-Eastern Asia,High income,18,0.7222222222222222,24.13092049973538,22.846597316694254,94.92753623188406,8.937198067632849,122.07777777777778,14.738888888888889,0.8973816082518622,37.68098049235778,29.491834553834646,6.164236589917492,0.2452448131868131,12.55359716,0.018999619,25.982999999999997,10.743,0.30922834
2539,Eastern and South-Eastern Asia,Lower Middle,25,0.28,25.129519310399136,23.580125722194627,92.69565217391305,9.217391304347824,86.83200000000001,64.928,0.6009125445713769,,,-3.0381171645902914,0.1154264444444444,3.980460987,0.008665147,4.2700000000000005,18.121,0.513375736
2541,Northern America,High income,6,0.16666666666666666,21.091683424779877,14.075160375590174,96.37681159420289,12.318840579710143,18.03333333333333,156.51666666666668,0.1067653638737036,17.95280360036622,13.307010298695348,0.047210889894291674,0.25526453125,7.471931207,0.01987558,6.51,7.703,0.408717321
2544,Latin America and the Caribbean,Upper Middle,32,0.6875,10.631450042028485,9.330447919940154,95.24456521739131,10.054347826086955,82.559375,13.05,0.8737361450305358,,,5.623660892051616,0.2460995710526315,11.03598003,0.021271669,29.193,8.671,0.366211325
2549,Northern America,High income,18,0.2222222222222222,20.540142016940678,17.2700198643016,94.20289855072464,10.869565217391305,70.14444444444445,69.83888888888889,0.5081119478100913,,,-1.4770222082966893,0.2150684918032787,7.474369053,0.018122598,0.87,18.315,0.481080455
256,Europe,High income,24,0.5833333333333334,17.282442980979614,14.155309946331224,94.92753623188406,11.050724637681158,59.20416666666667,78.14166666666667,0.4488867403906291,,,-3.2077759814238336,0.1894623684210526,5.568665631,0.020108728,0.497,25.121,0.560804482
2563,Europe,High income,24,0.625,18.678649059931445,14.44923447698127,94.56521739130436,9.782608695652174,36.0125,101.67083333333333,0.2695757705235376,,,0.7118486084023936,0.21857952,9.997386915,0.029882641,9.626,22.926,0.490636044
2565,Europe,High income,23,0.9130434782608695,20.481428317987636,18.19511144693563,92.62759924385632,11.531190926275992,60.66521739130435,104.24347826086957,0.37052636990621257,,,-0.13272748423823333,0.2295946111111111,7.39284046,0.021260129,8.726,10.144,0.482837548
2567,Europe,High income,24,0.8333333333333334,18.008550289782086,14.821121328263443,94.56521739130436,9.239130434782608,47.041666666666664,83.99166666666667,0.38110196425450155,,,-1.4268034443787168,0.2047902916666666,8.492390206,0.041940425,1.14,24.742,0.44317743
257,Europe,High income,25,0.72,18.277860076904325,14.99728094326902,93.39130434782608,10.956521739130435,45.084,80.652,0.3722241830772569,,,-1.3787468814009607,0.2141246428571428,7.674663313,0.027328558,2.427,17.03,0.480425225
2571,Europe,High income,24,0.875,21.356032501966116,16.307972133494086,95.47101449275362,8.876811594202898,30.308333333333334,145.09583333333333,0.17388728141333398,,,-1.2791284613868275,0.2131759333333333,7.595867225,0.016944069,2.72,17.964000000000002,0.470321552
2576,Europe,Upper Middle,24,0.9583333333333334,18.956364932712276,15.146992169914247,94.92753623188406,9.96376811594203,55.26666666666667,81.075,0.4238286470896044,,,0.9947697207336278,0.1852070906148867,12.38186946,0.027637086,7.303999999999999,18.543000000000003,0.478494198
2577,Northern Africa and Western Asia,Lower Middle,17,0.8235294117647058,24.634856586830292,22.517733077219063,92.58312020460357,9.462915601023017,0.11764705882352941,175.6588235294118,0.0007490537028912765,,,0.13570660735761786,0.1616888108108108,8.088867602,0.014869058,22.842,53.69,0.37947493
2581,Sub-Saharan Africa,Low income,28,0.4642857142857143,16.705113965637857,12.559254808413417,94.09937888198758,8.850931677018632,59.42142857142857,87.87142857142858,0.4283749243858398,,,-6.57392793387744,0.0409782037037037,2.510564727,0.002752146,0.0,51.809,0.731145386
2584,Sub-Saharan Africa,Lower Middle,27,0.2222222222222222,19.767125823785044,16.41808672425372,92.5925925925926,10.305958132045088,99.26296296296297,38.87407407407407,0.7394344426850462,,,-8.970211869958698,0.0523947222222222,2.500418678,0.004448026,0.0,91.136,0.750522443
2597,Eastern and South-Eastern Asia,Lower Middle,24,0.4166666666666667,28.303557670684153,23.71464180511255,94.20289855072464,11.775362318840578,65.64583333333333,92.16666666666667,0.4176458351071586,,,-0.42507342496074263,0.2097101951219512,6.518167697,0.015469247,8.569,21.851,0.400007029
260,Europe,High income,22,0.7727272727272727,19.774386683377376,16.818962712242634,93.47826086956523,9.881422924901186,92.53181818181818,42.45909090909091,0.6955478021350928,,,-0.2889218724953183,0.2155670454545454,8.069939391,0.028359229,2.9379999999999997,20.25,0.429154593
2605,Eastern and South-Eastern Asia,Lower Middle,23,0.17391304347826086,26.150045751488754,24.282205199453276,93.76181474480153,9.45179584120983,85.5913043478261,66.75652173913043,0.59367562132842,,,-5.059865014999443,0.06718925,3.235685095,0.005189683,1.967,38.638,0.499636946
2606,Australia and New Zealand,High income,17,0.5294117647058824,22.69152056710529,20.58787276799121,93.60613810741688,10.230179028132993,72.67647058823529,99.77058823529413,0.42679715710910565,,,-0.674844527140217,0.2534358611111111,7.231040493,0.019197841,0.197,10.773,0.44547531
2607,Northern America,High income,6,0.3333333333333333,20.572942856427346,15.539679403863795,92.02898550724638,13.768115942028984,9.0,179.54999999999998,0.050465235250155595,13.539358649004347,10.000616983005273,-0.041748593582299265,0.2002422164948453,7.237296941,0.016243108,4.638,17.967,0.255904274
2609,Latin America and the Caribbean,Upper Middle,24,0.4166666666666667,24.699140082465306,20.956805746113368,94.7463768115942,8.514492753623188,46.199999999999996,115.7,0.3170704556243101,,,1.29510852687544,0.2269019090909091,7.317127901,0.013759837,11.69,5.501,0.383972917
2610,Latin America and the Caribbean,Upper Middle,29,0.6206896551724138,12.39404641318293,10.949920405002134,95.35232383808096,9.14542728635682,67.8551724137931,33.293103448275865,0.6835041548448959,,,-0.27318563928430617,0.2176254102564102,9.493847466,0.014267607,1.895,3.847,0.457818521
2614,Latin America and the Caribbean,Upper Middle,41,0.4634146341463415,23.333603420950414,20.80863743113695,94.16755037115588,9.43796394485684,49.34390243902439,109.5829268292683,0.3237446404962024,,,7.181155353439804,0.270711381294964,10.14542312,0.016494264,38.775,7.218,0.2586372
2615,Northern America,High income,17,0.5882352941176471,20.360083095413362,17.144592304605823,94.11764705882354,10.997442455242966,67.27058823529411,72.81176470588235,0.4884891103521123,,,-1.8286117210520163,0.2066776363636363,7.209419086,0.023281941,0.5930000000000001,21.386000000000003,0.516338145
2616,Latin America and the Caribbean,High income,12,0.8333333333333334,19.493192842343642,14.231786084222279,92.02898550724638,9.420289855072463,9.725,151.57500000000002,0.059115589556215625,,,5.699353028815088,0.2807719545454545,6.621174241,0.022495558,31.572,6.930999999999999,0.287221732
2618,Latin America and the Caribbean,Upper Middle,47,0.48936170212765956,25.29379542003918,20.622207642407226,93.98704902867715,9.06567992599445,74.59148936170213,81.23617021276597,0.5081894582141622,,,5.130630326547654,0.2842457550200803,6.836914333,0.017986066,36.742999999999995,13.55,0.388729944
2625,Europe,High income,24,0.75,19.35226293857286,15.242006805397898,92.57246376811594,10.688405797101447,31.120833333333334,128.10833333333332,0.2012293473907795,,,-0.33033254585577276,0.2287688536585365,8.032115103,0.025135928,2.745,12.819,0.446263289
2627,Europe,High income,25,0.8,18.123701698702238,14.969137829529513,94.08695652173913,9.217391304347824,42.108000000000004,89.16,0.33281614465481696,,,-0.7314117466047384,0.2347136326530612,7.740072458,0.029707938,3.237,19.491,0.494119136
2628,Europe,High income,24,0.5416666666666666,17.524378545927657,14.726497546872281,95.28985507246377,11.231884057971014,50.90833333333333,76.02916666666667,0.40696877477617416,,,-2.207388748572057,0.2281788813559322,5.93023906,0.023433863,1.4529999999999998,16.494000000000003,0.552419014
263,Europe,High income,20,0.55,20.51805487632756,16.14851785175951,94.56521739130434,9.347826086956522,57.535000000000004,86.52000000000001,0.4052475575731379,,,-0.8633068263163557,0.245384,5.927234855,0.022303676,6.28,6.8100000000000005,0.445307407
2630,Europe,High income,20,0.45,22.591371145248445,17.955553478858224,93.26086956521739,10.0,27.890000000000004,136.36,0.17272549697153136,,,2.2287407651319366,0.2379043846153846,10.11473626,0.027378081,7.983,16.892000000000003,0.455777764
2632,Europe,High income,24,0.6666666666666666,17.812276538824467,14.915029784020208,94.56521739130436,9.601449275362318,48.09583333333334,74.39999999999999,0.40983469996161825,,,-1.7654010789841599,0.1811649,7.388077421,0.028609992,1.19,23.283,0.467597939
2637,Northern Africa and Western Asia,Upper Middle,8,0.625,22.653740377522716,19.99438412082304,92.3913043478261,10.326086956521738,18.400000000000002,167.525,0.0994133153279064,,,4.834026630708093,0.2091605996847911,10.92966275,0.019524564,23.125,13.699,0.289070598
2645,Sub-Saharan Africa,Lower Middle,48,0.5416666666666666,22.044720145275708,18.064355970295146,95.56159420289855,9.51086956521739,34.53958333333333,114.38125000000001,0.23665774878599524,,,-1.3399928217661357,0.17638355,4.473953032,0.008308666,1.949,14.14,0.508627537
265,Europe,High income,17,0.7058823529411765,20.801996012180535,16.613746727806006,95.14066496163683,12.020460358056265,54.99411764705882,98.95882352941176,0.3644308274914495,,,0.5900375974710378,0.2600947333333333,7.477365733,0.033972586,5.845,13.085,0.391298722
2660,Central and Southern Asia,Lower Middle,34,0.38235294117647056,27.608339870677305,25.69390353503119,94.11764705882354,10.613810741687978,122.00588235294117,24.188235294117646,0.8656675289589154,0.5706949001487605,0.6084699871463773,-3.7414935673689804,0.1000921296296296,3.934467121,0.001951584,0.74,28.137,0.542379068
2667,Eastern and South-Eastern Asia,High income,19,0.5789473684210527,23.994206333433812,23.129580207398174,93.36384439359269,10.068649885583524,127.03157894736842,7.163157894736842,0.9485960689791445,41.73128880623586,32.58063328804797,5.982915209871463,0.2547713578947368,12.6501733,0.019203688,21.562,11.665,0.320779849
267,Europe,Upper Middle,23,0.8695652173913043,18.215197647758178,14.913322502951285,93.95085066162572,10.396975425330812,57.65652173913043,93.47391304347826,0.3939414750820911,,,-1.6983228797741476,0.181775875,7.118818871,0.013994651,0.896,12.195,0.472972731
2673,Latin America and the Caribbean,Upper Middle,30,0.2,28.281231768136113,23.129148170462024,94.63768115942028,8.840579710144928,87.70333333333333,93.76333333333334,0.5061165069130793,,,-2.541399692555561,0.1788717083333333,6.253022595,0.013549671,2.312,31.135,0.526866209
2674,Latin America and the Caribbean,Upper Middle,26,0.34615384615384615,10.121879646105672,8.875375581983139,95.65217391304348,11.036789297658864,57.42307692307692,36.4923076923077,0.6250786450357866,,,0.35437907732153673,0.2157848,7.697253188,0.016079113,6.9,7.818,0.387511873
2676,Latin America and the Caribbean,Upper Middle,43,0.6046511627906976,15.20978726649702,13.751618477903598,94.9443882709808,8.594539939332659,82.79302325581395,46.62093023255814,0.6507877804309309,,,6.199802510365294,0.2436250772532188,13.34996519,0.020995868,31.13,18.394,0.453711074
2679,Northern America,High income,20,0.65,22.03397115074253,18.53541508483152,93.91304347826087,10.869565217391305,61.46,83.01,0.43623466269943123,,,-0.8400356987306266,0.2257624450867052,7.904590741,0.017524828,2.016,23.401,0.445008388
2680,Latin America and the Caribbean,High income,11,0.7272727272727273,19.458806042963694,14.170187185977216,92.88537549407114,9.090909090909092,10.463636363636363,151.73636363636365,0.06284324234976214,,,4.71421819454081,0.2718663181818181,6.101168831,0.021063091,28.572,10.711,0.273130097
2686,Europe,High income,22,0.13636363636363635,15.343128333397352,13.70873601992429,95.45454545454545,9.090909090909092,38.595454545454544,67.78181818181818,0.38345069282108946,,,-2.835869404320841,0.2067697407407407,5.965065794,0.0197749,2.264,27.105,0.550792606
2688,Europe,High income,20,0.55,18.177006410155638,14.726813413544354,93.69565217391305,9.782608695652174,37.425,105.8,0.27299191599018996,,,-1.8413972873801079,0.1999877258064516,7.800535028,0.025768851,0.489,26.116,0.48689422
2691,Europe,High income,26,0.5769230769230769,18.079732532732915,15.338161631941063,94.31438127090301,10.20066889632107,39.8423076923077,85.08076923076922,0.3420156572518144,,,0.11639902154191584,0.2854287727272727,7.573389025,0.030773514,1.097,11.583,0.458983266
2692,Europe,High income,27,0.6666666666666666,16.332549640737323,13.562730040467816,95.16908212560386,10.305958132045088,49.41851851851852,76.06296296296296,0.4108614491895199,,,-2.106122424534094,0.1936133548387096,7.852725798,0.021025227,3.308,31.87,0.55328171
2694,Europe,High income,27,0.7407407407407407,21.49321074066668,17.924146054305307,93.71980676328502,10.466988727858292,45.870370370370374,107.74814814814816,0.30238238014731345,,,3.5378968696725104,0.2694532857142857,10.56916661,0.023424367,11.045,13.82,0.381432764
2700,Europe,High income,21,0.6190476190476191,22.403805318196643,17.1978477719856,93.37474120082815,10.559006211180124,20.46666666666667,165.2904761904762,0.11090929318872442,,,0.5409143883100138,0.24385356,8.021618311,0.01385319,5.023000000000001,16.177,0.339365034
2702,Europe,Lower Middle,22,0.45454545454545453,21.052202922180857,16.772442915236212,93.87351778656127,9.486166007905139,35.90909090909091,112.21818181818183,0.24709591392139893,,,-3.7404851881865806,0.1519002380952381,6.097289091,0.013791965,0.449,22.414,0.45048802
271,Europe,Upper Middle,21,0.7619047619047619,22.431205406998814,17.058945057441335,93.7888198757764,9.937888198757763,35.2952380952381,128.69523809523812,0.23930783886663307,,,0.21633121662399835,0.2110962881355932,8.460592406,0.022774929,8.614,20.525,0.405410079
2724,Central and Southern Asia,Lower Middle,29,0.3793103448275862,27.905982105817678,25.559117066870904,95.20239880059971,9.89505247376312,106.37931034482759,51.53103448275862,0.712389153568894,0.5010326118676911,0.5353675858637738,-6.5604254271272175,0.0534817857142857,2.65902169,0.001485593,0.13,51.251999999999995,0.618743267
2731,Eastern and South-Eastern Asia,High income,20,0.5,23.52935126304628,21.910651238873275,94.78260869565217,10.217391304347824,101.24000000000001,18.68,0.8520460325461248,3.2834647151903646,2.5607010793045526,3.9186391069175768,0.1949350625,10.65029251,0.012916602,22.915,23.294000000000004,0.255679755
2732,Eastern and South-Eastern Asia,High income,17,0.6470588235294118,24.880470901932448,23.529992373732483,94.8849104859335,9.462915601023019,124.02352941176471,29.105882352941176,0.8198556199970748,33.17525619796037,25.852194437916992,5.32280311995665,0.2886999036144578,9.615617402,0.020338208,27.887,10.787,0.313369258
2734,Australia and New Zealand,High income,16,0.6875,23.253617641508626,21.193419359090104,93.47826086956522,9.239130434782608,76.11250000000001,94.2125,0.4505030641485144,,,-0.44704916948106144,0.2408490941512125,8.118043735,0.019445108,1.282,16.843999999999998,0.440708464
2735,Northern America,High income,8,0.375,22.305366946419554,19.131396935753852,94.02173913043478,10.869565217391305,1.175,166.15000000000003,0.007079003551280063,,,1.5433016581970154,0.2071814848484848,8.842215827,0.020903044,12.37,8.286,0.321872082
2738,Latin America and the Caribbean,Upper Middle,30,0.43333333333333335,13.197301700659004,11.861313898971089,93.18840579710145,9.565217391304348,52.760000000000005,43.32000000000001,0.560067052575462,,,1.981608504208685,0.220592447368421,7.967741037,0.01714036,14.947,7.132000000000001,0.368999063
2744,Latin America and the Caribbean,High income,11,0.6363636363636364,19.70778353712498,14.187428415062199,92.88537549407114,8.695652173913043,9.318181818181818,157.3090909090909,0.0541351171451047,,,2.363276148455764,0.210955,5.745048114,0.020970201,24.019,18.412,0.32746207
275,Europe,High income,21,0.6666666666666666,17.20118155349576,14.479956813388574,93.58178053830227,10.973084886128364,58.93333333333334,66.37619047619049,0.4908026962153232,,,-0.43189340438738044,0.2228590357142857,8.813916517,0.024673449,1.851,21.376,0.459722252
2750,Europe,High income,22,0.5,13.905354746610657,12.600662604138762,96.44268774703556,9.486166007905139,53.404545454545456,41.77272727272727,0.6046144326575499,,,-2.8849962333789985,0.2091446071428571,4.9588348,0.019821128,2.085,30.97,0.555936563
2752,Europe,High income,22,0.3181818181818182,18.169452468065,14.697108550985265,93.67588932806325,11.067193675889326,34.913636363636364,106.06363636363636,0.2534076003147674,,,-1.610137747285929,0.2132880694444444,7.33644783,0.025375335,0.628,21.388,0.486178517
2755,Europe,High income,26,0.5384615384615384,17.676178433344937,14.9044004050091,94.64882943143813,9.698996655518394,44.20384615384615,79.03076923076924,0.3841971652109955,,,-0.29433299011398484,0.2640484444444444,8.094495783,0.026245937,1.23,21.929,0.488058436
2756,Europe,High income,26,0.6923076923076923,18.185065876868865,15.17309993701225,92.64214046822742,10.367892976588628,57.73076923076923,82.96923076923078,0.42637411925865487,,,-1.1244419869595719,0.19424828,9.157927754,0.02906119,3.5999999999999996,28.149,0.539289044
2758,Europe,High income,17,0.47058823529411764,23.353960044998946,18.576033411933988,94.62915601023018,9.462915601023017,23.03529411764706,142.84117647058824,0.1407710080684977,,,1.6095850001644512,0.2240495,8.136663784,0.020762017,16.296,19.988999999999997,0.424891408
276,Europe,High income,22,0.7727272727272727,21.905411072407926,16.52291961434022,93.67588932806325,8.695652173913043,27.254545454545454,137.57727272727274,0.17509903652026446,,,-1.0325292467372673,0.236081,6.555334477,0.02145236,4.6339999999999995,15.124,0.413866214
2766,Europe,Lower Middle,20,0.75,22.161833329747957,17.724871014358296,93.69565217391305,10.869565217391303,39.440000000000005,106.005,0.2752763098372105,,,-0.9829636445088369,0.1931743709677419,9.276924543,0.023201651,2.55,26.975,0.372464451
277,Europe,Upper Middle,21,0.42857142857142855,21.07562101646177,14.694700663342097,94.20289855072464,9.937888198757763,25.885714285714286,141.81428571428575,0.15885064870909515,2.2641092075989966,4.707280525715695,-1.0865053797055235,0.1803695,5.360025193,0.013254758,12.73,19.706000000000003,0.414984391
2773,Sub-Saharan Africa,Lower Middle,41,0.5121951219512195,19.884906838579898,16.262036357317317,95.65217391304347,9.331919406150583,73.26585365853659,75.09512195121951,0.5054750358152913,,,-0.8204384174729509,0.174014,4.664510837,0.0112195,3.066,2.885,0.582949602
2795,Eastern and South-Eastern Asia,High income,21,0.7142857142857143,24.237734678771638,22.31934276026098,94.61697722567288,9.937888198757763,114.13809523809525,12.485714285714286,0.9067297387337389,30.603191381348392,23.934557902715287,4.810127285342595,0.2236656268656716,13.61253891,0.012967646,14.831,24.826,0.317585414
2797,Eastern and South-Eastern Asia,Lower Middle,23,0.34782608695652173,26.44862345087036,24.59742265403863,92.24952741020793,9.640831758034025,86.4695652173913,65.04347826086958,0.5994051238266105,,,-2.796477833738146,0.1176704166666666,4.187431235,0.009473131,4.771,20.272,0.537139174
2798,Australia and New Zealand,High income,8,0.375,23.260224025437054,21.26102008992807,94.02173913043478,8.152173913043478,78.47500000000001,83.525,0.4804763375063908,,,0.8208365718224917,0.2186785714285714,8.520358567,0.016800957,0.679,14.937,0.353213164
280,Europe,Upper Middle,24,0.875,18.17542198773091,14.7947235155471,94.20289855072464,9.601449275362318,54.487500000000004,80.2375,0.4172130171361405,,,-1.003915333153263,0.2234629857142857,7.961899615,0.027628512,1.466,18.352,0.434612578
2805,Latin America and the Caribbean,Upper Middle,41,0.6341463414634146,26.160689626817334,21.814369662488687,96.28844114528103,8.801696712619298,26.98536585365854,151.3658536585366,0.16522156569118213,,,2.8781242870971946,0.2302262253521126,8.166264098,0.01433349,21.032,11.482,0.407625309
2807,Latin America and the Caribbean,High income,16,0.6875,17.71689019860126,12.959986231992712,91.84782608695652,13.043478260869565,10.725,147.2375,0.06852746147515693,,,3.3538425123032303,0.2854137631578947,6.829541163,0.02026333,18.525,15.389,0.321498056
281,Europe,Lower Middle,16,0.875,17.92715721285863,15.304688950023385,96.19565217391305,9.239130434782608,38.35,100.0,0.27905458278777456,,,-1.677667743991755,0.2364425238095238,6.336824352,0.02175698,2.5540000000000003,11.523,0.522093164
2812,Europe,High income,14,0.2857142857142857,25.855563992091625,17.492086788135943,94.40993788819875,8.385093167701863,5.607142857142857,232.08571428571426,0.024824715611717278,,,5.4846513791625675,0.238113625,9.98629705,0.028805265,23.406,7.313000000000001,0.269411634
2813,Europe,High income,18,0.4444444444444444,13.351310969118584,11.791742208647603,94.20289855072464,9.178743961352657,45.93333333333334,45.8,0.5238889479316996,,,-2.276864325730786,0.1545244925373134,5.928893657,0.018016156,1.031,16.093,0.431271967
2815,Europe,High income,19,0.3684210526315789,18.50754406279218,14.97967595695276,93.59267734553777,9.839816933638444,35.38947368421052,108.3157894736842,0.25165494906111574,,,-1.6437209785370608,0.200696875,7.181606333,0.02375167,1.7519999999999998,31.533,0.445706348
2818,Europe,High income,25,0.52,17.719557661168757,14.872212527707807,94.95652173913044,9.739130434782608,45.368,79.368,0.3903856860909078,,,-0.06991230128034176,0.26803015,8.155275,0.027292459,1.584,13.322,0.481664731
2819,Europe,High income,23,0.6521739130434783,18.323777510755853,15.724843117487875,94.13988657844992,11.342155009451796,45.96521739130435,79.47391304347826,0.37815007115247296,,,0.025930856782557465,0.2145067833333333,7.580002235,0.015865801,1.189,16.413999999999998,0.370354623
2821,Europe,High income,18,0.4444444444444444,23.002571981780424,18.190258609099473,93.23671497584542,8.695652173913043,30.68333333333333,137.44444444444446,0.18995790883836683,,,2.8536014744611125,0.2648645428571428,9.316362474,0.024981047,8.588000000000001,14.368,0.404080561
2823,Europe,High income,24,0.5833333333333334,18.450876503654694,15.113950117487995,94.20289855072464,10.869565217391305,54.375,79.18333333333334,0.42885268176542485,,,-3.354630070289329,0.1772956666666666,5.794181792,0.025596814,0.507,20.129,0.484128652
2834,Sub-Saharan Africa,Lower Middle,18,0.5,18.990260681421184,15.187628700678411,93.23671497584542,9.420289855072463,61.955555555555556,93.83888888888889,0.41471586430903584,,,2.7894612536624805,0.2551375789473684,8.006704908,0.016862099,9.337,9.86,0.280398958
2836,Sub-Saharan Africa,Lower Middle,22,0.36363636363636365,17.106700351021527,14.96369041815334,94.66403162055336,9.288537549407113,84.0,47.27727272727273,0.6917085063068943,,,0.21716414876884316,0.2271534090909091,5.745936642,0.005037518,10.428,39.002,0.303588978
2838,Sub-Saharan Africa,Low income,23,0.391304347826087,17.168415721828445,14.39070183281234,93.95085066162572,10.207939508506616,50.85217391304347,96.05217391304348,0.3557886347547257,,,-1.176880734778334,0.1801469318181818,6.304991055,0.009652995,5.676,22.637000000000004,0.488142835
284,Europe,High income,20,0.35,23.25427494799053,19.37278840402284,91.95652173913044,10.217391304347824,21.805,179.18,0.11099857512267756,,,3.1505690411220315,0.1926656153846153,9.88285061,0.020006229,16.325,2.961,0.315273619
2847,Central and Southern Asia,Upper Middle,20,0.5,18.693094177112933,12.759894482663615,96.08695652173913,9.782608695652174,21.445,151.345,0.1274171542913768,,,1.0166615356329478,0.269867918429003,9.298576936,0.018000976,7.12,11.366,0.39901572
285,Europe,Upper Middle,25,0.64,22.707033584021154,16.987911248162074,93.91304347826087,10.434782608695652,28.984,143.948,0.16834894207155743,13.46873315187812,28.94485986347412,1.5105112328635388,0.2451949591836734,9.305928258,0.021894368,7.867,12.544,0.370940636
2858,Eastern and South-Eastern Asia,High income,18,0.3333333333333333,24.199162474836825,23.377934869958693,91.54589371980677,10.38647342995169,130.03333333333333,3.1833333333333336,0.9780174006136958,,,2.081597974734614,0.1925645,10.56356782,0.017735887,16.049,25.299,0.384513485
2859,Eastern and South-Eastern Asia,High income,7,0.7142857142857143,19.686583065473396,18.622138733932637,93.16770186335404,7.453416149068323,61.34285714285714,48.82857142857143,0.5969543223404734,,,3.81028407090609,0.3195025925925926,9.884102471,0.027989464,9.926,6.176,0.312153663
2861,Australia and New Zealand,High income,7,0.8571428571428571,23.39185537656918,21.26143725613412,93.7888198757764,8.695652173913043,84.92857142857143,71.38571428571429,0.5346730607242686,,,-1.6936679260175058,0.2155799629629629,7.886652923,0.013697398,0.065,19.574,0.531052657
2869,Northern America,High income,19,0.5789473684210527,21.441424468800843,17.994840005426912,94.96567505720823,10.755148741418763,55.352631578947374,89.66315789473686,0.38969606342828694,,,-0.0409508885800572,0.2416544851851851,8.362674846,0.023176153,2.093,20.082,0.431486862
2870,Latin America and the Caribbean,High income,11,0.6363636363636364,19.872394845505436,14.383573214180227,90.51383399209486,9.486166007905139,5.590909090909091,182.8090909090909,0.02878644101575424,,,3.664517384445818,0.245574396226415,6.32143407,0.019711328,24.617,17.613,0.240853217
2872,Latin America and the Caribbean,Upper Middle,30,0.7,25.84154605857483,22.358758362696353,94.78260869565217,8.840579710144928,75.45666666666668,92.76666666666667,0.4606173947559708,,,-0.6926146138469513,0.2563898732394366,7.071550491,0.016194903,5.97,19.217,0.451969031
2878,Europe,High income,22,0.7727272727272727,18.874240925221454,15.062311919841624,92.49011857707511,10.474308300395256,34.92272727272727,121.5318181818182,0.22819631715330155,,,1.6895049537983327,0.2511102596762843,9.760139541,0.026605824,11.632,18.07,0.43578522
2880,Sub-Saharan Africa,Lower Middle,26,0.7307692307692307,25.82288899374793,24.621643761719007,94.64882943143813,9.698996655518394,70.83846153846154,78.88461538461539,0.4767401645000783,,,5.086761446815073,0.3071138257839721,7.573700823,0.013830325,29.783,3.248,0.380301073
2881,Europe,High income,26,0.6923076923076923,18.143968597688293,14.91115608244223,94.31438127090301,9.866220735785951,39.869230769230775,91.67307692307692,0.3142229271330862,,,-0.553760083186615,0.25503825,6.961546583,0.026764282,1.927,17.589,0.47933216
2882,Europe,High income,27,0.5185185185185185,18.022407912210756,14.626415946648525,95.00805152979066,11.755233494363928,49.614814814814814,77.40370370370371,0.3909960767048506,,,-0.9648754237032261,0.2429067142857142,6.992460644,0.025147667,1.968,10.289,0.539050445
2884,Europe,High income,19,0.3157894736842105,18.724037318892698,15.466974249555006,94.05034324942793,9.382151029748282,55.22105263157895,77.94736842105263,0.41992496149508607,,,0.6251773310782757,0.2117343846153846,9.558964913,0.029108437,8.789,22.221,0.452267655
2886,Europe,High income,21,0.5714285714285714,18.308053034155037,15.297940194975066,94.61697722567288,9.937888198757763,54.03809523809524,78.13333333333333,0.4302997445772841,,,-4.5471573706883035,0.1464122222222222,4.81856459,0.019731149,0.107,22.574,0.548902524
2892,Sub-Saharan Africa,Upper Middle,15,0.5333333333333333,21.30911015109186,19.729798121615456,91.8840579710145,11.304347826086957,67.59333333333333,65.84666666666666,0.505579975857699,,,-2.0607162138408155,0.2196232631578947,7.091700879,0.012976648,0.133,18.279,0.475257672
2907,Central and Southern Asia,Lower Middle,17,0.5294117647058824,23.06966118041124,14.932125594808284,93.09462915601023,9.462915601023019,3.676470588235294,220.0,0.016775797882281153,,,4.545908013583045,0.2947521070234113,8.220973306,0.015302222,24.108,14.408,0.253114014
291,Northern Africa and Western Asia,Lower Middle,3,0.6666666666666666,24.94076705106666,23.246647989571624,85.50724637681158,13.043478260869565,0.03333333333333333,182.26666666666665,0.0001843657817109,,,1.6265661639894393,0.182444854214123,9.897803376,0.014400182,11.453,32.67700000000001,0.282633427
2920,Eastern and South-Eastern Asia,High income,17,0.8235294117647058,23.843169939241736,22.29586012947215,92.83887468030692,9.462915601023019,117.87647058823529,11.788235294117648,0.9106116403237271,81.61232733028156,63.83566635395847,7.06603351046108,0.2544700731707317,14.56166139,0.016529712,28.271,18.115999999999996,0.307537092
2921,Eastern and South-Eastern Asia,High income,23,0.6956521739130435,24.45154709864585,23.141761523734,93.57277882797733,10.207939508506616,128.48260869565217,21.508695652173916,0.8631678017878959,24.951170348668654,19.44065761637123,3.5046509771489784,0.2212581390532544,11.40695571,0.019180747,19.18,28.414,0.33884034
2922,Eastern and South-Eastern Asia,Lower Middle,24,0.3333333333333333,26.555773249987897,24.62026429780903,91.48550724637681,9.96376811594203,81.85000000000001,71.625,0.5576294085314852,,,-3.5446671289281038,0.0973782682926829,3.915220603,0.005667336,1.835,25.985,0.55721456
2924,Northern America,High income,7,0.7142857142857143,21.249969961690258,14.442708550474476,93.7888198757764,9.937888198757763,12.057142857142859,189.94285714285712,0.06654203922531188,18.924224651522096,13.949816658560303,0.25798210029834234,0.2601866578947368,7.110053917,0.020410876,6.117,11.642,0.326298413
2925,Latin America and the Caribbean,Upper Middle,23,0.17391304347826086,23.650520654666842,21.428498225009132,93.19470699432891,9.829867674858223,86.80434782608695,66.37391304347825,0.5922861412553203,,,2.187306437025852,0.2620347627118644,7.036744766,0.024897762,20.593,8.316,0.337328965
2932,Latin America and the Caribbean,High income,16,0.4375,19.257682521621934,14.362217536254196,91.03260869565217,8.695652173913043,16.19375,146.04375000000002,0.09802481103528454,,,4.0894808794928945,0.2808617333333333,5.941755999,0.017800407,24.839,12.119,0.325540367
2938,Europe,High income,23,0.34782608695652173,14.687203543785536,12.914273014028645,95.46313799621929,8.884688090737239,37.708695652173915,66.4,0.37660249111407706,,,-2.9774473574226588,0.1973575555555555,5.513891103,0.022758441,0.6960000000000001,24.089,0.550983383
2943,Europe,High income,24,0.5,17.33370923582281,15.062292881218445,93.65942028985506,9.601449275362318,46.729166666666664,61.84166666666667,0.4567351976600808,,,-0.3198088530874985,0.25084325,7.585793577,0.037950772,2.096,12.946,0.468602512
2944,Europe,High income,25,0.6,19.20182242025694,15.08904864511813,94.43478260869566,11.478260869565217,36.648,105.12799999999999,0.26007033174003186,,,0.1329678486435217,0.2232396203703703,9.870663884,0.027298653,3.897,19.218,0.442017667
2945,Europe,High income,15,0.3333333333333333,16.17385114397323,12.608198211856799,94.4927536231884,8.695652173913041,39.18,95.38000000000001,0.2955390758427709,,,1.084442131024602,0.2140456875,10.87512347,0.021225832,6.5280000000000005,20.976999999999997,0.424206099
2948,Europe,High income,22,0.6818181818181818,18.59927367141808,15.116870939698908,94.46640316205534,10.474308300395256,49.74545454545455,85.66363636363636,0.38886078138012753,,,-2.3130814715277737,0.2072475416666666,6.227413441,0.033241772,1.926,13.436,0.446190866
295,Sub-Saharan Africa,Low income,25,0.44,18.857559223661475,15.221617476348953,96.8695652173913,9.565217391304348,58.992,68.108,0.48242569224870346,,,1.6673254455774047,0.2333960425531915,8.371550999,0.010073767,12.843,26.501999999999995,0.394549061
2957,Northern Africa and Western Asia,Lower Middle,21,0.7142857142857143,24.47171165255003,21.675583984852032,90.89026915113871,11.594202898550725,0.0380952380952381,182.73333333333335,0.00022378236495471907,,,-1.4375536006202827,0.1596030555555555,5.862667495,0.011966095,21.551,54.715999999999994,0.472924111
2959,Sub-Saharan Africa,Lower Middle,27,0.4074074074074074,21.12041548269768,17.082840673174786,94.84702093397746,9.33977455716586,63.74074074074074,85.9888888888889,0.4669758897941371,,,-0.1111961584688097,0.1985086274509803,5.514992374,0.015169834,6.856,8.849000000000002,0.397920877
296,Sub-Saharan Africa,Low income,32,0.375,18.51027042919943,15.07912604375777,95.5163043478261,8.695652173913043,54.884375,51.859375,0.5291883799226241,,,-1.9599106847469068,0.1688785,5.258926396,0.008064007,1.025,30.24,0.578830933
297,Sub-Saharan Africa,Lower Middle,15,0.4666666666666667,20.513837679366663,16.87282295434035,96.23188405797102,9.565217391304348,34.086666666666666,111.3,0.26496187650430214,,,-1.673574560623388,0.1726777407407407,4.853920305,0.008571851,3.47,26.377,0.424770309
2981,Eastern and South-Eastern Asia,High income,16,0.6875,24.718549541841494,23.741129728266827,93.20652173913044,9.239130434782608,129.6125,3.2,0.9772776152887943,,,4.6203727439642055,0.193212625,11.45403786,0.004732166,8.296,7.824,0.109304217
2982,Eastern and South-Eastern Asia,High income,16,0.3125,25.16104785398566,23.943013133707638,92.66304347826087,9.239130434782608,125.1875,24.70625,0.8452372404403623,13.18919471630935,10.271879512050395,2.123720441250071,0.2744392,8.041629051,0.01339139,10.168,17.005,0.282398413
2984,Australia and New Zealand,High income,16,0.625,23.69301233424082,21.4552815210027,93.75,10.326086956521738,91.13125,79.43125,0.5400937545681388,,,-1.8460306393991028,0.2166513333333333,6.577644935,0.021240243,0.367,19.707,0.455546846
2985,Northern America,High income,5,0.4,21.08581451509341,15.76928690697404,93.91304347826087,11.304347826086957,6.44,181.66,0.03711027779081538,6.454471950103002,4.757340372510874,-0.7663593346981729,0.2178344761904762,5.883956603,0.021648586,4.559,8.231,0.306369054
2986,Latin America and the Caribbean,Upper Middle,20,0.6,19.128604830228387,15.85519237141306,96.08695652173913,7.826086956521739,62.59000000000001,96.18500000000002,0.42124414458917164,,,5.873746190337272,0.2766118235294117,6.611540718,0.019543668,39.983,5.797000000000001,0.268186381
2989,Latin America and the Caribbean,Upper Middle,16,0.5,8.006894428571101,6.737650368934322,92.93478260869566,9.239130434782608,88.04375,14.36875,0.8698270627695426,,,5.914408463971858,0.26172784375,7.128990783,0.017430471,37.543,6.898000000000001,0.248553113
299,Sub-Saharan Africa,Low income,29,0.4827586206896552,25.055129146347788,22.715774122652977,92.80359820089956,9.745127436281859,84.8344827586207,64.8103448275862,0.573330218406632,,,0.4293993220661618,0.2711315368421053,6.142400659,0.014819353,5.082,10.607,0.366943355
2992,Latin America and the Caribbean,High income,13,0.6153846153846154,17.98034765013979,13.17456839653088,94.64882943143813,11.371237458193978,29.853846153846156,129.53076923076924,0.19150087953836853,,,1.5803895024726398,0.2502248620689655,6.373839858,0.020760775,12.836,19.243,0.348939287
2998,Europe,High income,26,0.6153846153846154,15.000181814340461,13.207904073426855,94.31438127090301,9.698996655518394,36.934615384615384,67.32692307692308,0.36867184397406183,,,-1.8300821191686183,0.2322468333333333,6.246316258,0.020860072,0.512,23.968,0.539399195
3000,Europe,High income,24,0.625,17.456280430158028,14.635327107405685,93.4782608695652,10.869565217391305,42.38333333333333,87.9375,0.3455478935167979,,,0.95703670863348,0.2101218461538461,7.840243807,0.023842891,14.446000000000002,14.605,0.44735323
3003,Europe,High income,26,0.7307692307692307,18.024877106376763,15.14160958809681,94.64882943143813,10.535117056856187,43.32692307692308,82.8076923076923,0.36771026684966357,,,-0.4147309171913651,0.244865173076923,8.391117894,0.026001928,1.305,20.14,0.464166656
3004,Europe,High income,22,0.7727272727272727,17.816720297325194,14.75273146909499,95.8498023715415,10.276679841897232,46.66818181818182,80.61363636363636,0.3719612522179246,,,-2.392265254033382,0.2006513076923076,6.797420824,0.01961713,0.668,16.843,0.540016695
3005,Europe,High income,18,0.4444444444444444,21.532621913955282,17.977872993005647,92.9951690821256,9.66183574879227,40.47222222222222,128.20555555555558,0.24306015475055284,,,1.4798507251415989,0.2142828418367346,7.079896343,0.022673996,11.873,17.173000000000002,0.408742539
3008,Europe,High income,22,0.7272727272727273,18.303189412728173,14.932387396658374,94.66403162055336,10.474308300395256,54.68181818181818,79.10454545454546,0.4309535014469794,,,-3.854047873040172,0.158671958490566,5.788570169,0.026674076,1.301,24.744,0.462951505
3013,Europe,Lower Middle,19,0.7368421052631579,23.066458365628637,17.59890350501069,93.13501144164759,11.441647597254004,12.373684210526315,191.00526315789475,0.06281934249360148,,,0.03314282774059951,0.2303141489361702,10.06981759,0.016838821,3.034,29.718000000000004,0.355988551
3014,Sub-Saharan Africa,Upper Middle,42,0.4523809523809524,19.97849392065662,14.4997236936904,94.09937888198758,9.834368530020704,46.88809523809524,141.90238095238095,0.257225382805239,,,-0.29203161490926466,0.2194690847457627,5.973576864,0.010752306,11.239,25.833,0.301636979
3045,Northern America,High income,9,0.2222222222222222,23.092390228160994,19.632713276800352,94.20289855072464,13.043478260869565,2.0,168.93333333333334,0.011953631430318867,,,1.916125683439487,0.247621207253886,8.628740727,0.020896169,10.387,3.847,0.306864073
3052,Latin America and the Caribbean,High income,20,0.8,14.846592062393285,12.098571731469615,93.91304347826087,8.478260869565217,29.45,106.095,0.22797529490073853,,,1.9300808288794131,0.2520444193548387,6.953742026,0.020329943,17.869,25.244999999999997,0.374879298
3058,Europe,High income,23,0.8260869565217391,15.909081648881477,13.901467334673395,93.3837429111531,8.884688090737239,44.43043478260869,74.49130434782609,0.3964874676965727,,,-1.10101830626158,0.2340732774566474,7.515612881,0.023729887,2.381,24.039,0.494793126
3060,Europe,High income,24,0.75,18.348421004011847,14.876851707050655,92.39130434782608,10.688405797101447,35.87083333333333,103.86666666666667,0.2734792639656442,,,0.5247820342932608,0.2383321818181818,8.695259044,0.022242728,1.78,17.858,0.449444887
3063,Europe,High income,25,0.64,18.04731446124436,14.681443126747576,93.91304347826087,8.695652173913043,44.56,86.44800000000001,0.35999964337932894,,,-1.5147879674103377,0.2141278648648648,6.788925088,0.024425732,2.286,24.546000000000003,0.450451391
3064,Europe,High income,24,0.4166666666666667,17.934656508763656,14.819575979395742,94.92753623188406,10.507246376811594,45.78333333333333,80.6125,0.3661909967948203,,,-1.7806234111664159,0.2470878260869565,6.604994185,0.017573423,1.045,15.553,0.527504269
3065,Europe,High income,21,0.6666666666666666,23.15290335822095,18.30938337003166,93.58178053830227,9.937888198757763,25.685714285714283,144.63333333333335,0.15618217468861856,,,-0.07187931157074934,0.196604596491228,6.532083995,0.022478262,8.729,23.209,0.420005933
3068,Europe,High income,21,0.8095238095238095,18.39767892827436,14.68053652831998,94.61697722567288,10.559006211180124,47.59047619047619,88.05714285714286,0.37510819564469083,,,-2.8979440857441623,0.2017615744680851,5.762733718,0.027054719,0.614,9.608,0.439704435
308,Sub-Saharan Africa,Lower Middle,47,0.48936170212765956,19.191853612534565,15.841621114732227,96.11470860314523,9.435707678075856,64.04042553191489,85.67446808510638,0.4341700936093244,,,-2.0634926710629937,0.1459837222222222,4.91865399,0.009011015,0.722,25.641,0.629306965
309,Northern Africa and Western Asia,Upper Middle,20,0.6,22.520731688171157,19.221948185722432,94.56521739130434,8.695652173913043,69.005,88.265,0.443898711167327,,,1.6758179077482607,0.2655926363636363,9.223142675,0.018772113,11.887,5.379,0.394597822
3091,Central and Southern Asia,Lower Middle,11,0.45454545454545453,18.071126621398005,15.91798930425545,94.46640316205534,8.300395256916996,44.445454545454545,102.7090909090909,0.30857063641358534,,,-5.6066089393259215,0.0817977951807228,3.925167505,0.002617778,1.523,45.581,0.525170798
3100,Eastern and South-Eastern Asia,High income,14,0.5714285714285714,24.351282697444386,23.31496527032733,93.7888198757764,9.316770186335404,130.1,2.2,0.9851093189736704,31.428028450649787,24.515354507565934,0.7240229619074675,0.169054709090909,8.878921945,0.014672875,11.844,21.073,0.352020906
3101,Eastern and South-Eastern Asia,High income,19,0.3684210526315789,25.351260575977893,24.056519244506745,94.96567505720823,10.068649885583524,108.44736842105263,35.473684210526315,0.7581200546013483,23.507815813433023,18.30771842967711,3.9766877550973474,0.2224545277777777,10.27913912,0.016378375,20.38,8.652000000000001,0.331529211
3104,Northern America,High income,16,0.75,30.416011176492727,18.012564293055995,92.93478260869566,12.228260869565217,0.25,251.19375,0.0012119765317917626,,,0.6461119931868181,0.2840462583892617,7.543073833,0.01592091,2.649,14.426000000000002,0.241739288
3105,Latin America and the Caribbean,Upper Middle,19,0.7368421052631579,23.115921998524005,15.312467923132727,94.05034324942793,10.068649885583524,49.247368421052634,126.78947368421052,0.29444006295388475,,,7.8257853713522,0.3224782826086956,8.473045743,0.022199132,40.300999999999995,5.874999999999999,0.227476338
3109,Latin America and the Caribbean,Upper Middle,35,0.6857142857142857,22.779181538044934,21.302765924622086,94.40993788819875,9.813664596273291,77.47428571428571,63.754285714285714,0.5619023994135613,,,2.7899489193446687,0.2270814393939394,7.410975334,0.013939395,24.139000000000003,12.197,0.363514742
3112,Latin America and the Caribbean,Upper Middle,29,0.5517241379310345,24.893437092200337,19.690812917129175,95.50224887556223,9.14542728635682,55.88275862068965,125.21034482758623,0.32085392348270036,,,5.812937796451578,0.3163059571428571,6.782391268,0.017440273,37.435,17.553,0.324777178
3117,Europe,High income,22,0.5454545454545454,15.188725813622819,13.424022489455238,95.8498023715415,8.49802371541502,43.18636363636364,64.89545454545454,0.4251272377001587,,,-2.7411405974470213,0.2023853061224489,5.929499392,0.021281379,0.329,30.169000000000004,0.483937556
3119,Europe,High income,23,0.7391304347826086,19.990013878863817,15.59813398508422,92.81663516068052,9.262759924385634,35.40434782608696,119.50434782608696,0.23442894565345165,,,0.01535274963752653,0.2424892758620689,8.549280992,0.019240884,4.367,14.549,0.483628893
3122,Europe,High income,26,0.8461538461538461,17.93219520445014,14.960700319537475,94.81605351170569,10.367892976588628,47.215384615384615,77.90769230769232,0.4019759281197608,,,-1.8236116944685623,0.2066300161290322,7.68200705,0.026458052,1.123,29.448,0.513751239
3123,Europe,High income,25,0.64,17.972397122290815,14.596833055656548,94.95652173913044,10.608695652173912,51.988,75.452,0.40907540437477047,,,-1.6682383040952589,0.1976498846153846,7.549333921,0.027086666,2.776,22.614,0.540971716
3127,Europe,High income,18,0.3888888888888889,18.256684218512664,14.260968456185534,96.1352657004831,8.21256038647343,36.93333333333334,106.01111111111112,0.2787241320467814,,,-3.198308560105758,0.2042246470588235,5.52925025,0.026606452,0.3279999999999999,17.278,0.455451248
3130,Northern Africa and Western Asia,Upper Middle,15,0.9333333333333333,22.17160533100576,19.39834394910839,95.65217391304348,9.565217391304348,21.160000000000004,181.56,0.10718981695283473,,,2.9696178020902297,0.2135818564814814,7.572111699,0.020644497,17.046,5.802,0.292544045
3131,Sub-Saharan Africa,Upper Middle,45,0.5333333333333333,21.09227478387939,15.397969741940159,94.10628019323671,9.758454106280194,52.5,138.9777777777778,0.2762211074581166,,,1.0975280795231717,0.2599780491803278,6.393019685,0.012398391,9.954,7.473,0.299986001
314,Northern Africa and Western Asia,Upper Middle,24,0.4583333333333333,17.4214140892029,12.565026713361538,93.84057971014494,9.239130434782608,26.224999999999998,138.5625,0.16140050904902978,,,-2.340561101775734,0.1971321428571428,6.019010809,0.011118635,3.043,23.765,0.487081878
3162,Northern America,High income,7,0.5714285714285714,23.11662287078887,15.988582866942437,91.92546583850933,13.664596273291924,3.7142857142857144,208.84285714285716,0.02155666882513626,14.68913764305333,10.82785294947357,0.5780230636128929,0.2343955581395349,7.677364947,0.018170128,2.657,15.174,0.276713526
3163,Latin America and the Caribbean,Upper Middle,14,0.07142857142857142,23.017672863395827,15.832813747839058,93.16770186335404,9.006211180124224,45.82142857142857,126.70714285714287,0.27622225002011547,,,1.4248305912607298,0.2224019411764705,6.199537534,0.016527868,13.693,9.135,0.263371033
3169,Latin America and the Caribbean,Upper Middle,29,0.8275862068965517,24.92045259864357,19.759064319007177,95.05247376311844,9.29535232383808,53.010344827586216,130.96206896551723,0.30129246486431643,,,0.07318065275916147,0.2642201904761905,5.864527609,0.013450257,13.37,23.525,0.451774927
3174,Europe,High income,20,0.55,15.001205450542937,13.222836089621984,95.65217391304347,8.695652173913043,56.675,47.11,0.5695310625806568,,,-2.760824456786967,0.2019459382716049,5.784206193,0.01967025,1.723,26.827,0.536562198
3176,Europe,High income,24,0.7083333333333334,18.989683445294716,15.145501210081212,92.93478260869564,10.688405797101447,38.57916666666667,113.94166666666666,0.25797327842952655,,,-0.037585349007414004,0.2292058518518518,8.908262262,0.020436275,1.815,16.493000000000002,0.480865895
3177,Northern Africa and Western Asia,Lower Middle,17,0.5882352941176471,21.856168242061862,16.02735920753955,94.62915601023018,12.78772378516624,6.635294117647058,201.8764705882353,0.03488359131886948,,,3.160968235460664,0.20793372,9.223925968,0.011627559,24.586,16.817999999999998,0.25923423
3179,Europe,High income,25,0.64,18.365502705652567,14.916476712166961,93.39130434782608,9.043478260869565,43.972,85.54800000000002,0.35975459658043585,,,-0.44762910932056127,0.2521720769230769,6.919741863,0.021957068,0.872,15.61,0.459817184
3180,Europe,High income,23,0.8260869565217391,17.804174028841107,14.686601587158162,95.46313799621929,10.586011342155007,44.08695652173913,83.42173913043479,0.3505893301209713,,,-0.9044165381734335,0.2146230608108108,8.090180971,0.024256972,1.6749999999999998,23.748,0.459527076
3181,Europe,High income,22,0.6363636363636364,21.43234165103578,18.69407063135719,95.65217391304348,9.288537549407113,62.24545454545455,86.15454545454546,0.42297289357500495,,,0.34164836594356607,0.235341731707317,7.813912484,0.016085045,5.726,17.711,0.393654639
3183,Europe,High income,19,0.8421052631578947,18.099508528278015,14.158513529673533,96.10983981693364,8.695652173913043,37.61052631578948,104.51578947368421,0.28575961892014573,,,-1.4311903138860536,0.2107288970588235,7.915861439,0.040865191,2.175,15.723,0.421586783
3191,Northern Africa and Western Asia,Lower Middle,16,0.375,24.373553964863124,21.784085353127587,91.57608695652173,10.597826086956522,0.037500000000000006,187.06875,0.00021530488557006873,,,3.864237467999824,0.206924,9.844482042,0.018691614,32.861,39.77,0.341547369
3193,Sub-Saharan Africa,Lower Middle,24,0.3333333333333333,20.299667533060145,16.418714426553795,92.93478260869564,11.050724637681158,37.766666666666666,113.35416666666667,0.26569626587968154,,,-0.42649650193304744,0.1988633905325443,7.212033905,0.01097373,6.622,20.499,0.528729203
3207,Central and Southern Asia,Lower Middle,33,0.18181818181818182,27.71636732239812,25.752091503117153,94.72990777338603,10.803689064558629,119.9909090909091,27.48181818181818,0.8472634448995153,3.8112813475941625,4.022451361072965,-3.145050869898794,0.1070014193548387,3.716421551,0.002829626,0.823,10.141,0.565147374
3215,Eastern and South-Eastern Asia,High income,21,0.5238095238095238,25.30571184464599,24.037671232296418,93.16770186335404,9.730848861283643,104.58095238095237,34.48571428571429,0.7591668902149551,17.952226264845766,13.977398705695862,3.3095571038572578,0.2420647354838709,10.02816444,0.015895582,14.187,12.561,0.282466562
3218,Northern America,High income,8,0.875,22.40679646091835,14.873038827591374,95.10869565217392,10.326086956521738,10.7125,193.6875,0.05794902659072425,12.50259385643168,9.196471395628295,0.036429834638899594,0.2721797878787879,6.957522016,0.020372676,3.826,8.642999999999997,0.34800844
3229,Europe,High income,17,0.47058823529411764,19.601482747377645,12.890925775814049,91.56010230179028,12.020460358056265,9.299999999999999,179.8764705882353,0.050350970438048454,,,0.10601382767311157,0.1909788666666666,7.489205317,0.01987972,7.69,14.936,0.378436954
3230,Europe,High income,21,0.7142857142857143,14.769487235874212,12.96477919289949,96.27329192546584,7.660455486542442,49.31904761904762,55.471428571428575,0.49763147223064824,,,-2.520505530481467,0.2076553783783783,6.330971769,0.019823092,0.979,29.141999999999996,0.509189536
3232,Europe,High income,23,0.6521739130434783,17.507694192522436,14.78750474169867,93.00567107750472,10.207939508506616,40.28695652173913,87.93913043478261,0.3352528542147241,,,-1.2088159984863942,0.2347240909090909,7.01485717,0.020632322,1.525,12.386,0.472375133
3235,Europe,High income,26,0.5769230769230769,17.58279204937765,14.775994737982968,94.98327759197325,9.03010033444816,49.338461538461544,72.5576923076923,0.431617968567872,,,-0.18374708906570658,0.26226135,8.844094608,0.030117225,1.31,10.857,0.505606956
3236,Europe,High income,25,0.64,19.611614327194353,15.327047961992042,94.95652173913044,10.956521739130435,38.272,105.26799999999999,0.268061138629409,,,-0.23355664903784729,0.2314084571428571,9.0428794,0.024027834,3.013,22.914,0.435698592
3237,Europe,High income,24,0.9166666666666666,23.793768803455222,19.440682502178035,93.29710144927536,9.601449275362318,27.658333333333335,134.8,0.17353754714678216,,,2.098110987864085,0.2415922580645161,6.810539347,0.020992231,11.408,14.749,0.384140321
3239,Europe,High income,23,0.391304347826087,18.39900126839607,15.331859980717708,93.95085066162572,10.207939508506616,57.4695652173913,71.75652173913043,0.4659900382563841,,,-2.1232931852668604,0.194686,6.948054966,0.030804881,0.282,14.824,0.47280608
3240,Sub-Saharan Africa,Lower Middle,19,0.5789473684210527,17.590072200172852,14.855483174168876,95.65217391304347,8.237986270022883,51.02105263157895,99.57368421052632,0.34401333053077565,,,0.39427717188518485,0.2468404,4.977957119,0.0113858439999999,8.775,16.473,0.299695965
3244,Europe,Lower Middle,21,0.6666666666666666,23.231222151312675,17.233481532330185,94.40993788819875,10.144927536231885,13.266666666666667,177.4952380952381,0.07334155000817735,,,1.5216682908067412,0.2827898181818182,9.954279014,0.015868616,3.131,14.434,0.382192527
3250,Sub-Saharan Africa,Lower Middle,26,0.5769230769230769,23.8158710406377,20.259060576189647,93.97993311036788,11.20401337792642,77.81153846153846,68.7923076923077,0.5667198042895186,,,-1.4838645027604564,0.2045051666666666,5.092796541,0.004320269,4.008,32.522,0.38107713
3271,Eastern and South-Eastern Asia,High income,16,0.875,19.098334194627327,18.32077971772883,94.02173913043478,11.41304347826087,92.3375,16.481250000000003,0.8540920474400645,,,3.369825083417671,0.3022580892857143,9.517546927,0.025756667,12.912,9.332,0.290899222
3273,Northern America,High income,8,0.75,25.501228687246027,18.929115277644602,92.3913043478261,10.869565217391305,1.5625000000000002,200.625,0.008580797944471863,,,0.8607979135080901,0.2625744545454545,8.255585209,0.020234292,1.962,4.614000000000001,0.270949587
3280,Latin America and the Caribbean,Upper Middle,34,0.6764705882352942,27.166383635485975,21.56137306603614,93.98976982097187,10.613810741687978,59.635294117647064,129.79117647058823,0.3411455326369589,,,1.7040045399793793,0.287146908045977,6.758723172,0.020052271,16.961,14.328,0.419128088
3281,Latin America and the Caribbean,Upper Middle,38,0.631578947368421,25.018033750656777,21.040263075756148,95.08009153318078,8.924485125858123,82.2,64.71052631578948,0.5745587649832568,,,3.83889205635903,0.2947827037037037,7.786255571,0.01884362,26.068,12.573,0.421773097
3285,Europe,High income,22,0.36363636363636365,14.895913861622068,13.140994229777055,95.8498023715415,8.300395256916996,45.10909090909091,62.21818181818182,0.44535902096855584,,,-1.8441669552216977,0.2342819361702127,6.516992814,0.030633252,1.281,21.673,0.500897824
3287,Europe,High income,23,0.2608695652173913,18.92230585697306,14.951250372797075,92.81663516068052,10.58601134215501,35.85217391304348,113.9608695652174,0.2466378175209713,,,-1.9295477037870308,0.1699780588235294,8.445826454,0.017937756,1.006,28.912999999999997,0.516583294
3288,Northern Africa and Western Asia,Lower Middle,15,0.6,23.340500599529726,19.329175028477657,91.30434782608695,8.98550724637681,11.046666666666665,174.78,0.0695184565939527,,,2.407881899545378,0.2149172105263158,7.16369576,0.011329835,20.482,16.035999999999998,0.293150963
3290,Europe,High income,26,0.7307692307692307,17.448347250324137,14.818067386957448,94.31438127090301,9.866220735785951,51.96538461538462,66.1923076923077,0.4644575116284966,,,-0.47239661493498053,0.2371915757575757,8.460589932,0.031427143,0.996,17.824,0.495237865
3291,Europe,High income,28,0.6428571428571429,19.83044277778558,15.599797222143753,92.08074534161491,11.180124223602485,36.33214285714286,107.52857142857144,0.2563744945726144,,,-1.6444394398415327,0.17610078125,8.376392806,0.02736929,2.432,29.065000000000005,0.529548027
3292,Europe,High income,22,0.7272727272727273,18.19852468317208,16.2874821833851,95.0592885375494,9.486166007905139,66.46363636363637,75.3409090909091,0.47159147542958224,,,-0.367103070648117,0.2380842105263158,7.28683996,0.019317337,3.999,12.562,0.409898618
3294,Europe,High income,22,0.7727272727272727,18.34471267779397,15.14272360263604,94.0711462450593,10.079051383399209,52.718181818181826,82.29545454545455,0.4125632176218396,,,-3.447328729454225,0.1673616458333333,6.184753097,0.032203726,0.531,17.901999999999997,0.481219878
3299,Europe,Lower Middle,22,0.45454545454545453,22.207538902122803,16.362020962872567,94.66403162055336,9.288537549407113,20.245454545454546,154.85909090909092,0.12153961018467624,,,-1.9723473081246867,0.1960815,7.517237957,0.013534011,1.014,18.474,0.462065325
3302,Northern Africa and Western Asia,Lower Middle,17,0.7058823529411765,24.767273151173338,21.45270905995444,92.83887468030692,7.928388746803068,0.07058823529411766,195.35882352941175,0.00037389302506600004,,,-2.2806060100492886,0.1464377179487179,5.92761616,0.011905571,16.463,55.27,0.48671319
3305,Sub-Saharan Africa,Lower Middle,19,0.631578947368421,22.04591689807704,18.820967444830853,92.44851258581235,8.695652173913043,38.1578947368421,111.71052631578948,0.2631584585803302,,,-2.0638382586082678,0.1847460149253731,6.774521893,0.011176566,3.01,18.077,0.509121161
3306,Sub-Saharan Africa,Low income,27,0.5555555555555556,24.062638074848504,22.067823153714695,92.914653784219,9.500805152979066,91.96296296296296,69.62962962962963,0.605532175199248,,,0.5256797533426248,0.2459673865546218,5.79521511,0.008595412,10.449,16.152,0.326821703
3320,Eastern and South-Eastern Asia,Upper Middle,30,0.5,27.401097281252042,23.8982627914474,94.20289855072464,8.98550724637681,86.22,67.2,0.5928105541349711,,,3.7357725131467934,0.2817039696969697,8.060659413,0.018727855,22.812,2.758,0.405721671
3324,Eastern and South-Eastern Asia,High income,16,0.8125,24.666253727696493,23.44058106243771,93.20652173913044,9.51086956521739,126.075,6.6312500000000005,0.9529703434006322,10.521936372167533,8.199611851478855,5.392633851464286,0.2328057272727272,14.84444375,0.013101051,15.86,24.869,0.364954132
3328,Northern America,High income,3,1.0,24.610303490224528,16.578360381768647,97.10144927536231,11.594202898550725,6.233333333333333,200.5,0.03721869325622837,16.574897077992684,12.19027560082399,1.8512109154440655,0.2861885833333333,7.696033418,0.020445311,7.192,6.840000000000001,0.298602255
3329,Latin America and the Caribbean,Upper Middle,9,0.4444444444444444,26.530209514457745,19.293636798654294,91.78743961352657,8.695652173913043,44.75555555555556,130.10000000000002,0.25881474683911687,,,1.7353684468395332,0.2792757826086957,7.619736968,0.01728217,15.806,13.194,0.286535706
3331,Latin America and the Caribbean,Upper Middle,14,0.42857142857142855,10.242008981432898,8.448939093206567,94.72049689440995,9.006211180124224,62.67857142857143,60.68571428571429,0.5421149832171126,,,4.1072286422342685,0.2358941891891892,7.294852209,0.020777908,32.03,14.75,0.214613042
3334,Latin America and the Caribbean,Upper Middle,26,0.8461538461538461,24.645949590827964,19.193543470225425,94.48160535117057,8.695652173913043,55.823076923076925,124.80384615384615,0.32098874744149813,,,5.0465689101508975,0.32778188,7.691268311,0.015141619,30.476,15.944,0.382695278
3338,Europe,High income,14,0.42857142857142855,22.508169518708176,14.31364101155208,93.16770186335404,9.316770186335404,3.242857142857143,189.94285714285715,0.018415406912752615,,,1.9722324037270251,0.1996507029411764,9.151849773,0.02808271,12.532,22.358,0.285687178
334,Central and Southern Asia,Lower Middle,25,0.32,27.406016973726054,22.939784224457444,93.04347826086956,10.608695652173912,90.884,87.50800000000001,0.5557736996662993,,,-8.700022327125735,0.0302112987012987,2.519114091,0.005115261,0.0,82.89,0.375685141
3340,Europe,High income,23,0.6521739130434783,14.251539104025817,12.676022684686755,94.51795841209831,9.45179584120983,47.81739130434782,57.539130434782614,0.4782270645109179,,,-2.401754096558874,0.2015284500665779,6.764164038,0.021631454,2.425,29.138,0.533220833
3342,Europe,High income,23,0.34782608695652173,17.34523413316458,14.610141271273372,94.32892249527411,10.586011342155007,41.09130434782609,86.37826086956522,0.34236450187763373,,,-0.9796902248837056,0.2070823461538461,8.090128044,0.022202606,3.588,21.358,0.4727483
3345,Europe,High income,24,0.625,18.267365606871646,14.863606391257024,93.29710144927536,9.601449275362318,46.22083333333333,83.42916666666667,0.3739695470463465,,,-2.114883238769377,0.224417890625,6.700585227,0.024413322,1.035,23.116000000000003,0.5057732
3346,Europe,High income,26,0.7692307692307693,19.682496103777375,15.290044899348784,92.64214046822742,10.367892976588628,36.0,109.08461538461539,0.2510320069238439,,,1.3841054335664298,0.2389434263565891,9.681598996,0.027205757,7.321000000000001,19.887,0.378935198
3347,Europe,High income,26,0.6153846153846154,22.466808712062623,19.55156529529825,94.48160535117057,9.03010033444816,43.64615384615385,108.79615384615384,0.2865453107567649,,,0.13858774091495246,0.242590202247191,6.616144634,0.020328673,6.444999999999999,14.475,0.391124061
3349,Europe,High income,22,0.8181818181818182,18.07663368858371,14.408253163291421,94.0711462450593,9.288537549407113,40.12727272727273,96.69545454545455,0.3086250244061335,,,-1.7218167724607925,0.2237785,6.345988173,0.032632047,0.939,25.066999999999993,0.433783659
3350,Sub-Saharan Africa,Lower Middle,21,0.2857142857142857,17.870096129977398,14.306176245728858,96.68737060041408,9.316770186335404,53.142857142857146,96.93333333333334,0.35652961921888904,,,2.3404434777065832,0.2557783829787234,5.860415832,0.011720367,20.159,16.788000000000004,0.313050445
3361,Sub-Saharan Africa,Low income,18,0.3333333333333333,24.09543782340157,22.714113090688958,97.10144927536231,9.420289855072463,82.96666666666667,69.41666666666667,0.58338385193017,,,-2.2666699315313936,0.2282508888888889,6.045801793,0.010499687,0.0,48.253,0.452676253
3371,Central and Southern Asia,Lower Middle,20,0.65,25.98230281333482,21.640998834077703,92.17391304347827,12.17391304347826,109.15,69.82000000000001,0.6479776984865178,4.746442243635716,5.112535532317337,0.9957788019704233,0.2533461071428571,6.734341074,0.01629934,16.082,11.29,0.357008377
3375,Eastern and South-Eastern Asia,Upper Middle,29,0.3448275862068966,27.51230134426947,23.86462551270892,93.85307346326836,9.29535232383808,69.62413793103448,87.0896551724138,0.47747842933729423,,,2.472173608835802,0.2612000434782608,8.116281183,0.017661346,16.666999999999998,2.809,0.426392237
3379,Eastern and South-Eastern Asia,High income,16,0.375,24.432632134914407,22.799608007182115,91.30434782608695,10.054347826086955,106.7875,17.70625,0.864882516659121,33.8172116858676,26.37816388530301,4.450902362550737,0.2347104,10.67095144,0.015610143,18.792,19.59,0.338984044
3381,Eastern and South-Eastern Asia,High income,10,0.9,25.908523262309426,24.838824332386316,93.91304347826087,9.565217391304348,140.87,8.27,0.9454355299234785,24.24966239515781,18.825077343912923,5.357851666103018,0.2469897985074627,11.98927291,0.019613513,22.096,12.662,0.360081215
3383,Northern America,High income,6,0.5,22.859032795293302,15.897367392633784,92.02898550724638,10.869565217391305,2.6333333333333333,220.5,0.01187725856942245,23.75356728141452,17.427277406443128,1.4491625962324393,0.2634591419753086,7.838017418,0.016723553,5.527,9.421,0.305784415
3386,Latin America and the Caribbean,Upper Middle,29,0.6896551724137931,7.497615456719802,4.504281305346808,95.80209895052474,8.545727136431783,44.04137931034483,76.03793103448275,0.3847587396665954,,,5.917084452192578,0.252748078125,10.506079,0.02088834,30.336,18.865,0.269555145
3387,Latin America and the Caribbean,Upper Middle,36,0.5,22.93936193722865,20.755148664172495,93.71980676328502,9.541062801932366,68.47777777777779,75.54166666666667,0.4950807613777267,,,4.371084967199261,0.2513651538461538,7.800545314,0.014453601,26.966,10.305,0.331687709
3389,Latin America and the Caribbean,Upper Middle,30,0.4,27.28013455304712,22.00953885001813,94.20289855072464,10.724637681159418,63.85666666666667,123.71333333333334,0.3672194280453808,,,2.2630228401696204,0.2803002205882353,7.195296448,0.016993153,19.113,18.335,0.379639052
3390,Latin America and the Caribbean,Upper Middle,27,0.8148148148148148,22.51154499356715,19.572371395613942,95.33011272141708,7.568438003220611,103.22962962962963,41.1,0.727790128272328,,,1.2254317909449233,0.2699219166666666,7.198978779,0.015760981,13.276,15.157,0.405838486
3394,Europe,High income,25,0.52,14.750255071434644,12.891147003511385,94.78260869565219,9.565217391304348,44.58,57.768,0.4507718220459768,,,-3.1115027855458752,0.2014908103448275,5.626165537,0.022408888,0.313,25.253,0.554754297
3396,Europe,High income,25,0.56,18.721182446893707,14.907951824557161,93.21739130434781,10.608695652173912,39.08,106.884,0.2815279488496203,,,0.18978049387643559,0.2184169444444444,10.03580054,0.01850705,2.252,20.848,0.46757787
3397,Northern Africa and Western Asia,Lower Middle,14,0.21428571428571427,24.25867116603452,20.89220636555911,91.92546583850933,10.559006211180122,8.721428571428572,166.72142857142856,0.05505908677803199,,,2.225594216542921,0.2059771581196581,7.82554044,0.014236152,14.503,15.873,0.275396173
3399,Europe,High income,26,0.7307692307692307,17.724501260485884,14.735736330029292,95.15050167224081,10.20066889632107,49.06923076923077,71.87307692307692,0.4320288990111773,,,-1.1947672153738453,0.23093332,7.47427425,0.028800618,1.264,22.845,0.512221686
34,Latin America and the Caribbean,Upper Middle,29,0.5517241379310345,26.39728105391582,24.342170895672066,94.30284857571213,9.89505247376312,104.19310344827586,43.824137931034485,0.7069125343085495,,,-0.4791558165320058,0.2574770784313726,6.923506461,0.013393298,7.149,13.009,0.436946043
340,Eastern and South-Eastern Asia,Upper Middle,35,0.2857142857142857,26.9703113120733,22.21494191726674,93.7888198757764,10.434782608695652,48.42,108.22571428571429,0.32994102591857494,,,-2.046620180329937,0.1645923823529411,5.536182159,0.012299045,2.721,12.091,0.455569805
3400,Europe,High income,27,0.7777777777777778,19.121921211230276,15.002926136964568,94.52495974235106,11.43317230273752,41.91481481481482,99.71111111111111,0.29989439081873787,,,0.2543562155046394,0.2118043626943005,10.00823435,0.026900107,6.728,22.679,0.477358923
3401,Europe,High income,23,0.5652173913043478,20.87337376138441,17.260097785973088,93.00567107750472,10.018903591682419,44.45652173913044,124.33478260869565,0.2671560980467368,,,0.4963660840919064,0.2179938666666666,5.528370116,0.023956673,15.484000000000002,8.684000000000001,0.430408208
3403,Europe,High income,19,0.7894736842105263,18.271639402289136,14.295944376131065,96.33867276887872,9.153318077803204,39.26842105263158,102.59473684210528,0.2979183959630425,,,-3.0516498417044615,0.1838611333333333,6.463183144,0.024345094,0.541,22.912000000000003,0.47099031
3407,Sub-Saharan Africa,Upper Middle,39,0.5641025641025641,20.025712781074738,15.13895594306438,94.87179487179488,9.47603121516165,51.09487179487179,134.8025641025641,0.2744993342032702,,,-0.04536563485440237,0.2602935238095238,5.421114069,0.014430879,4.418,16.217,0.293749936
3408,Europe,Lower Middle,19,0.8421052631578947,20.879248687163155,15.828745368124936,92.67734553775743,10.755148741418763,31.347368421052632,126.6263157894737,0.204462633166227,,,-1.0245452424762647,0.2109804833333333,8.086074574,0.019829451,4.796,15.813,0.507529768
3414,Sub-Saharan Africa,Lower Middle,38,0.3157894736842105,24.393315813481998,22.065967474268877,94.62242562929062,9.382151029748282,95.01578947368421,46.05263157894737,0.7099080649047265,,,-1.0411509760103017,0.2078792222222222,5.576932657,0.013182594,1.91,13.251,0.388530619
3415,Sub-Saharan Africa,Low income,15,0.4,24.72659437352963,23.49779466614635,96.23188405797102,8.695652173913043,100.03333333333333,52.980000000000004,0.6736924539391151,,,-1.9672147947363698,0.1903429090909091,4.57535626,0.007490138,2.372,21.23,0.41386068
342,Eastern and South-Eastern Asia,Lower Middle,33,0.3939393939393939,27.16822672641642,23.883920421491965,94.86166007905138,9.22266139657444,82.23030303030303,68.8,0.5738971273825428,,,2.1385720929983743,0.2560243947368421,6.912074622,0.013373552,21.07,8.295,0.361778773
3424,Central and Southern Asia,Lower Middle,20,0.45,25.316297681614543,20.28984228175337,93.47826086956522,8.91304347826087,30.115000000000002,158.54500000000002,0.16363304198133505,0.0849737360220999,0.1075465811356107,-6.9005440727138385,0.0561547234042553,2.865790035,0.00283794,0.933,67.58099999999999,0.293370672
3425,Central and Southern Asia,Lower Middle,20,0.25,27.151551142223816,22.36991106335306,93.04347826086956,12.17391304347826,98.91,77.9,0.594163390569547,0.771570818067954,0.8363510576377765,-6.281940406177578,0.102839875,3.52483932,0.008828652,3.227,57.007,0.444417473
3433,Eastern and South-Eastern Asia,High income,20,0.6,24.654186978171843,23.436852228814068,93.04347826086956,9.782608695652174,120.64500000000001,6.835000000000001,0.948708890706025,3.3078441359579123,2.569935708383172,-0.7479150722875376,0.1671824117647058,8.23739718,0.003979661,1.48,31.365,0.404573622
3435,Eastern and South-Eastern Asia,High income,10,0.3,24.872300294240336,24.15966983118776,95.65217391304347,8.695652173913043,139.77,8.77,0.9428960848472789,8.267113719386593,6.4330507565931745,0.9843555184965167,0.2574994583333333,7.099947636,0.017168556,9.312,12.973,0.334139799
3437,Northern America,High income,5,0.4,25.142919317257576,16.49804765151719,89.56521739130434,11.304347826086957,1.4400000000000002,242.01999999999998,0.00591841301787516,17.18052860465782,12.594391091783,1.27532358853782,0.2769089655172413,8.470074651,0.018557142,3.56,8.822000000000001,0.314417013
3443,Latin America and the Caribbean,Upper Middle,29,0.7241379310344828,24.529854406631554,18.94055597539667,94.75262368815594,9.44527736131934,70.11379310344829,114.83103448275861,0.4095580126189092,,,-3.3031128087651926,0.18739024,6.255646534,0.018353861,0.336,23.017,0.532690511
3446,Europe,High income,9,0.5555555555555556,24.431547604118748,17.605660564728897,90.33816425120773,12.077294685990337,4.411111111111111,218.16666666666666,0.020008859689389688,,,2.9298601313338293,0.1857521125,8.671228022,0.033815523,18.353,15.826999999999998,0.261039579
3447,Europe,High income,21,0.47619047619047616,14.137557526354561,12.604649877182256,95.65217391304347,9.316770186335404,65.52857142857142,35.92380952380953,0.6746681695021005,,,-2.4948590566409914,0.19696,6.218057075,0.019447825,1.643,27.998,0.532066909
3449,Europe,High income,23,0.6521739130434783,17.566567223965432,14.781262636883715,94.51795841209831,10.775047258979205,39.62608695652174,88.87826086956522,0.3312725622276608,,,1.3363452093041628,0.2525131184210526,9.479915658,0.023491992,7.297999999999999,14.095,0.439474655
3452,Europe,High income,20,0.75,17.21147727113025,14.860646903717324,94.1304347826087,9.347826086956522,43.365,71.19500000000001,0.39943115375766075,,,0.04116461778632889,0.2255420952380952,9.130354865,0.03005332,3.122,18.478,0.482577871
3453,Europe,High income,22,0.5454545454545454,17.589203273982033,14.3783813246649,95.45454545454545,9.090909090909092,55.9,69.80000000000001,0.4546998639403663,,,0.3466355766922675,0.2400973448275862,8.695653664,0.031507284,4.764,14.409,0.482658537
3455,Europe,High income,18,0.6666666666666666,17.3920672541917,15.04407709117297,94.44444444444444,9.66183574879227,68.14444444444445,59.583333333333336,0.551749606929357,,,-2.2064915771062426,0.2130956744186046,6.588198286,0.027862928,1.524,9.359,0.494213063
3461,Europe,Lower Middle,22,0.6818181818181818,21.716126864757896,16.395229949770115,93.08300395256917,10.079051383399209,25.513636363636365,145.05454545454546,0.15617049606917272,,,-0.6016014344229892,0.2081710545454545,9.421866098,0.013763634,1.374,17.265,0.494251299
3464,Northern Africa and Western Asia,Lower Middle,16,0.5625,24.58679427782698,21.573399984509077,92.66304347826087,9.782608695652174,0.05,193.99375,0.00028069435753734376,,,0.2093043616598953,0.1701925961538461,7.661828025,0.013727192,24.7,49.506,0.45094917
348,Eastern and South-Eastern Asia,High income,11,0.5454545454545454,24.3383776864545,22.835214255037307,94.86166007905139,10.276679841897232,118.9090909090909,3.1545454545454548,0.9741731611845161,5.719190480964367,4.4701761159855185,5.712258987113321,0.2023804106047327,14.06696519,0.017863458,27.555,16.57,0.289294276
3487,Eastern and South-Eastern Asia,High income,22,0.8181818181818182,25.69769883202505,23.620777709939514,94.26877470355731,10.474308300395256,109.02272727272727,42.35909090909092,0.7304192934442105,13.970227394013367,10.884898601764954,5.702428885084227,0.2769323014705882,11.38212219,0.014782573,20.272,11.538,0.284357467
3491,Latin America and the Caribbean,Upper Middle,34,0.4117647058823529,25.400380808042584,19.110128184981885,95.14066496163683,9.07928388746803,63.779411764705884,79.46176470588236,0.4553406010939618,,,2.508462851908345,0.2307878571428571,7.784004464,0.019907756,18.972,13.542000000000002,0.450718078
3493,Latin America and the Caribbean,Upper Middle,44,0.5227272727272727,25.689056424858176,23.11155760763722,94.0711462450593,9.782608695652174,78.7909090909091,67.32727272727273,0.5591641469064822,,,4.151632091122689,0.2647385714285714,6.253627679,0.015529122,32.627,12.039,0.339700233
3494,Northern America,High income,22,0.8636363636363636,20.085670384877844,17.009113596586044,91.89723320158102,10.079051383399209,79.82272727272728,55.54545454545455,0.6009034512954315,,,-1.6727353235978353,0.1892190528846153,8.285125325,0.030139357,1.775,24.606,0.463310808
3495,Latin America and the Caribbean,Upper Middle,27,0.18518518518518517,24.895216145627842,19.532982218536795,94.20289855072463,9.017713365539452,59.48888888888889,124.5,0.3491164282342993,,,0.16596593859361297,0.2260197586206896,7.666551263,0.012828756,9.688,32.348,0.306777966
3499,Europe,High income,25,0.28,14.65647372392295,12.915892776793985,94.60869565217392,9.565217391304348,40.5,63.5,0.4174706690060141,,,-0.7001500402207406,0.2512960476190476,6.97089409,0.019160415,1.487,14.106,0.498641866
3501,Europe,High income,24,0.625,17.619456119376405,14.716698829014932,93.4782608695652,10.507246376811594,39.166666666666664,89.86250000000001,0.3257706443769003,,,-0.4093895697021778,0.23880275,7.899667856,0.01863182,3.11,14.086000000000002,0.461858854
3504,Europe,High income,28,0.2857142857142857,17.410645259190087,14.430095951679592,95.18633540372672,9.937888198757763,46.875,74.24642857142858,0.40599512034407226,,,-1.9052307213195672,0.2208953823529411,5.962880734,0.02266703,0.97,25.583,0.51789288
3505,Europe,High income,27,0.5925925925925926,17.979598451429823,14.404964481980404,94.84702093397746,10.144927536231885,40.211111111111116,97.0851851851852,0.2947410876513463,,,-1.1364588247473595,0.2048550952380952,8.320933187,0.027485824,3.114,20.632,0.517433013
3506,Europe,High income,22,0.5454545454545454,22.638269296338283,18.272371436099608,91.89723320158102,10.276679841897232,30.427272727272733,132.62727272727273,0.19018860691749187,,,-1.4085401653910028,0.2026749393939394,4.727829932,0.015288788,4.9079999999999995,18.043,0.421570353
3507,Europe,High income,17,0.5882352941176471,18.281701132830477,14.498560036193226,96.41943734015345,8.43989769820972,39.3235294117647,106.84705882352942,0.28350483875793825,,,-1.7169063910378184,0.2415685384615384,6.410315753,0.035224333,0.48,9.674,0.41098933
351,Eastern and South-Eastern Asia,High income,10,0.6,20.83511804353312,19.913623423446396,94.78260869565217,6.521739130434783,77.61,32.769999999999996,0.7242713156914438,,,6.937207610635532,0.3220527932011331,12.77493789,0.024431081,24.971000000000004,11.204999999999998,0.330934239
3512,Sub-Saharan Africa,Upper Middle,34,0.6176470588235294,17.775217038085028,13.800467713486878,95.65217391304348,9.462915601023019,61.688235294117646,107.63823529411764,0.3687599015936417,,,1.679608039988818,0.2620570609339407,7.462710446,0.013955652,12.645,16.693,0.324588053
353,Australia and New Zealand,High income,9,0.5555555555555556,14.863621279398647,12.113836003632414,94.20289855072464,10.144927536231883,43.67777777777778,99.85555555555555,0.30993735448850224,,,-0.7206762869847982,0.2590775403225806,7.71615806,0.021932918,0.304,15.942000000000002,0.451457806
3540,Eastern and South-Eastern Asia,Lower Middle,26,0.38461538461538464,25.981780111880717,24.311102421794033,94.48160535117057,10.367892976588628,84.41923076923078,50.4076923076923,0.6509433612746848,,,-4.096074826364229,0.1111039333333333,4.060194187,0.009821781,2.44,29.67,0.653970541
3541,Northern America,High income,8,0.375,27.1812547101473,16.896648147452705,90.21739130434783,13.586956521739129,4.15,225.51250000000002,0.021373865841476727,23.335367336347,17.106765790512696,1.2830472523715248,0.2792919032258064,7.928898174,0.020710659,3.352,7.151,0.313743893
3545,Latin America and the Caribbean,Upper Middle,51,0.43137254901960786,24.99381572849449,22.277134647811707,94.62915601023018,8.695652173913043,65.10588235294118,81.16078431372549,0.4632631274108993,,,1.830516241025324,0.2253843571428571,7.125499696,0.010330743,18.0,8.098,0.3982065
3546,Northern America,High income,23,0.391304347826087,20.015501106194904,17.120597306846186,92.43856332703213,10.775047258979205,84.19130434782609,48.7304347826087,0.6460025310243201,,,-3.253730438622813,0.1789775294117647,6.161339471,0.019518786,0.385,21.502,0.501700222
3547,Latin America and the Caribbean,Upper Middle,29,0.5862068965517241,24.759474389478875,19.220672398599923,94.4527736131934,9.44527736131934,71.96551724137932,106.26896551724138,0.4294718312181184,,,5.776946387490478,0.2849443417085427,8.019912,0.017435549,37.806,19.825,0.328695858
3548,Latin America and the Caribbean,Upper Middle,37,0.5675675675675675,24.25915308113824,20.69131864493478,94.71210340775558,9.518213866039952,87.71081081081081,47.98918918918919,0.6678548050404853,,,0.14508803939775822,0.2326291,7.092902127,0.017141525,12.54,19.443,0.477391876
3551,Europe,High income,24,0.4583333333333333,15.501233283885163,13.563822676063104,94.0217391304348,9.420289855072463,45.85,67.21666666666667,0.425484184807222,,,-2.520510599100212,0.199705,6.743507865,0.023115492,2.327,25.642,0.59441078
3553,Europe,High income,17,0.35294117647058826,24.06687341417586,19.72206392260239,94.8849104859335,9.462915601023017,16.758823529411764,181.02941176470588,0.08777992632043413,,,5.077580018393361,0.2999319722222222,8.241133004,0.025961319,19.025,5.609999999999999,0.299344603
3556,Europe,High income,28,0.6785714285714286,17.594751600592524,14.481422465107347,94.87577639751554,9.782608695652174,44.964285714285715,76.88928571428572,0.3873611751969679,,,-1.7451967617322823,0.2365040588235294,5.729699853,0.027642359,1.026,18.602,0.512913149
3557,Europe,High income,24,0.625,18.308335065841707,14.971093451621925,95.10869565217392,10.326086956521738,46.0375,78.00833333333334,0.37317562594999787,,,-0.6791859183877841,0.2360722608695652,7.8569565,0.019930485,1.648,12.832999999999998,0.494449513
3558,Europe,High income,27,0.5185185185185185,21.566640889471387,18.946120902313954,93.2367149758454,10.628019323671497,48.15185185185186,99.9074074074074,0.3322911699299713,,,-1.0560704251526154,0.2171483214285714,6.140898453,0.018779438,6.265000000000001,13.821000000000002,0.435579927
3563,Northern Africa and Western Asia,Upper Middle,15,0.8666666666666667,21.161379783783598,19.84268168880265,95.07246376811595,8.98550724637681,26.9,155.44,0.149488340830029,,,1.0165522046942819,0.1820770333333333,7.709570094,0.018803419,10.015,7.838,0.349544028
3564,Sub-Saharan Africa,Upper Middle,36,0.5277777777777778,18.66037336461366,14.037568324835801,94.92753623188406,9.057971014492754,50.26111111111111,132.79444444444445,0.2773613834299325,,,2.1802326119462676,0.2510860416666666,5.619131647,0.012806481,23.269,21.644,0.281858812
3570,Sub-Saharan Africa,Lower Middle,17,0.5294117647058824,26.198398384425744,23.99764902095888,95.90792838874681,9.974424552429667,41.61764705882353,100.39411764705882,0.2948680164475654,,,0.4335389937609295,0.2144709911797133,6.864089268,0.0147547,7.640000000000001,4.375,0.438223021
358,Northern America,High income,17,0.7647058823529411,19.568486360303538,15.803505571828438,93.09462915601023,8.695652173913043,29.417647058823526,98.5529411764706,0.2394932257541674,,,0.18357693039398695,0.2242059753466872,10.089339,0.027635653,2.726,21.586,0.457648905
3582,Central and Southern Asia,Lower Middle,27,0.4444444444444444,27.92783449878445,25.896225703298093,95.49114331723028,10.466988727858292,114.3,36.08518518518519,0.7925575334774905,0.1344621091465085,0.1488179653259881,-4.642767143163675,0.0592836831683168,2.893982384,0.002343136,0.362,20.708,0.554176097
3585,Eastern and South-Eastern Asia,Upper Middle,31,0.3870967741935484,27.96409088014418,23.771900061544375,94.3899018232819,9.67741935483871,72.82903225806452,82.02903225806452,0.4944565257520971,,,-0.10694557644221547,0.1945719555555555,6.715789907,0.014993178,12.77,6.882999999999999,0.448158901
3589,Eastern and South-Eastern Asia,High income,20,0.6,24.569594159392867,23.35538969358884,92.6086956521739,9.565217391304348,120.09,9.075,0.9322176214363986,6.280286543780704,4.8851187825843745,3.272202671731914,0.2020739253731343,12.37910275,0.016603274,14.212,23.404,0.370702385
359,Latin America and the Caribbean,Upper Middle,15,0.4,14.527610420693206,13.071121256898403,95.36231884057972,9.27536231884058,80.37333333333332,35.266666666666666,0.7257662615734392,,,-2.7277432909984443,0.1615388333333333,6.307064429,0.007753511,6.7090000000000005,33.97,0.525638528
3591,Eastern and South-Eastern Asia,High income,12,0.5833333333333334,24.12122559547426,23.60543318684692,94.56521739130436,9.057971014492752,137.25,11.883333333333335,0.9252129988607201,8.799583611810478,6.84706594711901,1.3544584867393434,0.256631,7.825054845,0.01472671,8.491999999999999,15.336,0.376588568
3593,Northern America,High income,7,0.7142857142857143,24.602661272060857,18.591442230716584,93.7888198757764,9.316770186335402,2.4,196.02857142857144,0.012198906908622657,,,-0.29375004062821575,0.2313412086956521,8.144049887,0.019667257,0.92,6.85,0.302674591
3599,Latin America and the Caribbean,Upper Middle,25,0.76,26.460646142578142,20.70999757829367,95.47826086956522,8.347826086956522,30.356000000000005,171.616,0.1617642196075041,,,0.5184503620942792,0.2971305882352941,6.446677994,0.016165895,8.631,16.792,0.389303855
360,Latin America and the Caribbean,Upper Middle,28,0.21428571428571427,22.898027628035788,19.917297546409298,95.18633540372672,9.472049689440993,99.8,55.074999999999996,0.6614063760323841,,,-1.4716670759685297,0.1768083846153846,5.350409929,0.013834049,8.414,15.833,0.527213669
3600,Latin America and the Caribbean,Upper Middle,43,0.6976744186046512,24.845871677842275,20.737711651091786,95.04550050556118,9.403437815975733,80.51627906976745,57.2139534883721,0.6028807326187621,,,2.8191191672425573,0.3060448421052631,6.689002874,0.017372622,20.583,6.288,0.416000402
3603,Europe,High income,22,0.2727272727272727,13.762248250941566,12.356653274363106,95.45454545454545,9.881422924901186,65.08636363636364,36.122727272727275,0.6718738227860807,,,-2.563164622273388,0.1910125454545454,6.160894195,0.019480979,2.607,32.995000000000005,0.545771155
3605,Europe,High income,24,0.6666666666666666,18.5658167234031,14.595080211508199,93.84057971014494,9.782608695652174,46.962500000000006,105.94166666666668,0.31935845718798833,,,0.3804737367204928,0.252804696969697,7.052591657,0.022657911,6.647,12.869,0.41555389
3608,Europe,High income,28,0.7857142857142857,17.788199537172837,14.565472451825489,94.25465838509317,10.403726708074533,43.739285714285714,78.94642857142857,0.3739898354394812,,,-1.0535259031211868,0.2418355833333333,6.651214674,0.030724236,2.23,19.272,0.479433077
3609,Europe,High income,27,0.5555555555555556,19.33962136351035,14.85283247281981,93.71980676328502,10.950080515297905,40.370370370370374,105.51851851851852,0.27944833247533335,,,1.021258519530738,0.2491238181818181,9.902353066,0.028246483,4.843,14.562,0.452750107
3611,Europe,High income,16,0.5,18.309760297899675,14.357098895700233,96.46739130434783,7.33695652173913,33.39375,110.19375000000001,0.2526415011520945,,,-1.4860981750602489,0.2280122,7.836134935,0.032402244,0.622,18.607,0.417945796
3613,Sub-Saharan Africa,Lower Middle,21,0.42857142857142855,18.59115610072224,13.54774935251212,94.824016563147,8.902691511387165,53.13809523809524,94.08095238095238,0.37514725168969165,,,-1.0395019924227829,0.2039436588235294,5.503249447,0.010041849,7.733,38.419,0.327695327
3615,Northern Africa and Western Asia,Upper Middle,17,0.6470588235294118,21.01023403616516,19.716532837620594,95.65217391304348,9.207161125319693,34.22941176470588,147.8235294117647,0.20897439964467718,,,-0.26652615166773574,0.1528410714285714,6.910818702,0.013631794,6.567,5.172000000000001,0.337157736
3616,Sub-Saharan Africa,Upper Middle,32,0.40625,18.223382857279407,13.806686422880317,96.05978260869566,8.559782608695652,53.515625,126.20625,0.2999770383361874,,,-1.1444360043278907,0.1873906288659793,5.285543442,0.012496158,13.301,40.867999999999995,0.290770071
3618,Europe,Lower Middle,24,0.75,21.727620203507698,16.735941861350994,92.57246376811594,9.96376811594203,27.808333333333334,144.4,0.16920416811252795,,,0.11372762153625035,0.2150249004975124,10.01488941,0.016866579,3.3150000000000004,17.867,0.427294671
362,Latin America and the Caribbean,Lower Middle,18,0.4444444444444444,27.923325465462035,22.94731654560188,92.99516908212561,9.903381642512077,67.32777777777778,97.63888888888889,0.43691192115699234,,,0.1876671989713463,0.2482341481481481,6.633843496,0.014455387,12.022,17.419999999999998,0.486848186
3627,Central and Southern Asia,Lower Middle,27,0.6666666666666666,24.331870482158777,21.493307474913784,92.27053140096619,9.500805152979066,4.611111111111111,158.44814814814816,0.028366394255061437,,,3.33635037132032,0.2736932222222222,8.908068941,0.021600547,2.409,13.713,0.328692159
363,Latin America and the Caribbean,Upper Middle,25,0.36,19.389455427121323,18.36304804575432,94.78260869565219,9.217391304347824,112.536,12.376,0.9072202808264778,,,2.7849748058187895,0.2196002708757637,7.337020665,0.013022352,26.048,12.119000000000002,0.45535864
3634,Central and Southern Asia,Lower Middle,28,0.32142857142857145,27.853599592996094,25.82055793783277,95.4968944099379,10.403726708074533,110.46785714285714,41.36071428571428,0.7643214266961228,0.1807051666094405,0.197178015405249,-5.676729000500136,0.0416544523809523,2.569749253,0.001408915,0.0,40.029,0.570498623
3641,Eastern and South-Eastern Asia,High income,19,0.631578947368421,24.1616039633054,22.830156987526973,92.67734553775743,10.068649885583524,116.11052631578947,6.184210526315789,0.9526394839680588,3.789522388698172,2.9436303650975546,3.7594638469298265,0.233609641025641,13.25129524,0.015895286,4.322,21.555,0.370444707
3642,Eastern and South-Eastern Asia,High income,19,0.42105263157894735,24.799484518669257,23.544624336769758,94.50800915331808,10.297482837528603,120.45789473684209,24.3,0.8377982200595692,22.890058535642535,17.825063541618995,4.93209194540969,0.2564221571428571,8.15004242,0.022465697,28.561,8.973,0.295887057
3645,Northern America,High income,13,0.5384615384615384,32.32672479650478,17.809600430384407,93.64548494983276,13.377926421404682,1.2692307692307692,250.8,0.0054359442700156,,,0.6039232164603143,0.2754079285714286,6.803545022,0.016698721,5.918,5.4,0.291951393
3649,Latin America and the Caribbean,Upper Middle,49,0.3469387755102041,23.517419663261652,19.882128882316568,94.23247559893522,8.518189884649512,43.18571428571428,110.5,0.29400299684730585,,,1.9297657528134606,0.21386676,9.134197777,0.009864662,17.561,6.741,0.425887992
3655,Europe,High income,25,0.64,15.717299874710736,13.662083980013966,93.91304347826086,9.739130434782608,42.052,75.432,0.3695401089087413,,,-1.735245154318985,0.2295781555555555,6.524848969,0.022943217,0.893,21.464,0.513374555
3656,Sub-Saharan Africa,Lower Middle,14,0.35714285714285715,25.948612544650135,24.437563814122143,92.54658385093168,9.627329192546583,52.42857142857143,86.53571428571429,0.38408812005266707,,,-0.010299368210416326,0.22032453125,6.553307962,0.006943982,7.132,11.154,0.525312893
3657,Europe,High income,23,1.0,17.82786465300076,14.991412063858725,93.57277882797733,10.964083175803403,42.76521739130435,88.92173913043479,0.3481193246279444,,,-0.5492822267911078,0.2296193571428571,7.932496065,0.019905828,1.868,19.678,0.462985043
3660,Europe,High income,26,0.8076923076923077,18.97132919864539,14.70744165724785,92.3076923076923,10.367892976588628,38.16538461538462,106.38846153846154,0.26791833773734547,,,-0.6265363947512151,0.2170946363636363,8.492929417,0.026918076,2.848,21.085,0.479948772
3662,Europe,High income,16,0.875,18.459561707253716,15.49716240025246,95.92391304347827,9.782608695652174,46.243750000000006,84.09375,0.37620849079604923,,,-1.8722483200632722,0.1826005284090909,8.068414737,0.033602244,1.977,17.447000000000003,0.458547947
3666,Northern Africa and Western Asia,Upper Middle,18,0.4444444444444444,26.596505962427837,16.939698252629505,94.44444444444444,10.38647342995169,11.716666666666667,205.13333333333333,0.054498491732798415,,,2.1364793354601113,0.1893954938271605,7.674474894,0.021222736,21.995,15.671,0.218385835
3667,Sub-Saharan Africa,Upper Middle,11,0.5454545454545454,18.554587066272052,17.55645003643968,96.44268774703556,10.67193675889328,73.43636363636364,66.15454545454546,0.5385449984531319,,,-1.1094653004112618,0.1997738307692307,5.803340137,0.011365291,0.197,29.759,0.424973681
367,Latin America and the Caribbean,Upper Middle,32,0.46875,27.666169217300634,24.889431850675955,94.70108695652173,10.461956521739129,99.19375,54.378125000000004,0.6579788887304966,,,-0.4391514673387046,0.1742031090342679,6.904535169,0.013753067,11.104,12.45,0.482920473
3687,Eastern and South-Eastern Asia,Lower Middle,23,0.30434782608695654,27.215026421420866,22.493007206164595,93.19470699432891,10.586011342155007,84.48695652173913,81.68695652173913,0.5186939573546286,,,-5.303361612402452,0.0881309101123595,3.694862946,0.010046634,0.846,21.607999999999997,0.553065692
369,Latin America and the Caribbean,Upper Middle,39,0.48717948717948717,25.81440461313625,23.47423338417595,93.42251950947603,10.033444816053512,58.51282051282051,107.04871794871796,0.37070420748626237,,,-2.329840633861158,0.1689079583333333,5.484141552,0.010418634,0.753,8.689,0.608861722
3696,Latin America and the Caribbean,Upper Middle,18,0.7222222222222222,22.101182242301018,14.700166432760199,94.20289855072464,9.903381642512077,39.28333333333333,136.10000000000002,0.23450933158151724,,,1.8924987841826273,0.2218171818181818,6.30027425,0.01505593,21.688,5.443,0.280167484
3699,Latin America and the Caribbean,Upper Middle,40,0.4,20.85955549066722,18.7003682008388,95.32608695652173,8.478260869565217,75.36749999999999,64.8875,0.5628455281395219,,,4.07244778305157,0.2178945909090909,8.891482984,0.010413318,29.265,13.216,0.32263206
3700,Northern America,High income,18,0.7777777777777778,21.02476734715422,17.68556760825431,94.20289855072464,9.178743961352657,62.516666666666666,78.75,0.4499041394061435,,,-0.4734564345565855,0.2235264784313725,8.138201962,0.024650103,2.429,21.705,0.3797719
3705,Europe,High income,28,0.4642857142857143,15.218452235630606,13.181206457159151,93.7888198757764,9.782608695652174,50.260714285714286,53.925000000000004,0.5023366392808977,,,-2.664095621845353,0.2001219444444444,6.571845978,0.015866719,0.464,22.754,0.54856837
3707,Europe,High income,13,0.6153846153846154,22.435041926457355,18.224489394503784,92.3076923076923,7.357859531772575,23.415384615384617,157.53846153846155,0.13554485231432195,,,2.831135870105107,0.2693145833333333,8.559667608,0.022410543,13.042000000000002,7.853000000000001,0.352755521
3710,Europe,High income,23,0.7391304347826086,16.474226692490838,14.63008441188229,92.62759924385632,10.396975425330812,59.839130434782604,58.79565217391304,0.5358650894166053,,,-1.9027498639455511,0.1831656451612903,7.369197505,0.02218729,1.0790000000000002,16.974000000000004,0.511670516
3711,Europe,High income,29,0.41379310344827586,20.64188800241756,18.183649962092506,93.85307346326836,8.995502248875562,58.310344827586206,85.53103448275863,0.4126531291117826,,,-0.6976999893103476,0.2351051612903225,6.529513206,0.015900125,4.014,13.028999999999998,0.436360446
3712,Europe,High income,20,0.8,18.792573257266962,15.032390534112434,93.69565217391303,10.217391304347824,36.925,105.495,0.27534486177388195,,,-0.8408846621156499,0.2048502120481927,9.338952862,0.037250816,2.0,20.782000000000004,0.464517753
3716,Sub-Saharan Africa,Upper Middle,37,0.40540540540540543,20.92786178649517,15.814728360754618,95.53466509988249,9.400705052878966,47.105405405405406,144.4756756756757,0.2459063950795794,,,-0.2101052699453928,0.2328854,5.971771216,0.010234699,10.58,9.989,0.35474219
372,Latin America and the Caribbean,Upper Middle,20,0.55,25.915569763183612,22.773203109035684,94.1304347826087,8.26086956521739,41.660000000000004,118.78,0.2720671647651604,,,-0.682147958635651,0.2081793,6.046393703,0.01501514,9.706,11.849,0.424286001
3739,Eastern and South-Eastern Asia,Low income,10,0.8,22.964369285813586,21.69086772949003,94.34782608695653,10.434782608695652,99.87,14.660000000000002,0.8767990568998126,22.208913548892436,17.662644089299185,2.759110859749818,0.1936581228070175,11.00351721,0.01313374,8.553,28.296,0.237117019
3741,Eastern and South-Eastern Asia,High income,18,0.6666666666666666,23.678342464546777,22.90278651094483,93.23671497584542,10.628019323671497,122.96111111111112,19.227777777777778,0.8747553838384495,,,2.241600203220848,0.2456408214285714,9.473393677,0.016660876,11.409,8.392999999999999,0.409878466
3743,Northern America,High income,6,0.5,28.794169980444156,17.344316571813184,91.30434782608695,14.492753623188406,6.866666666666667,229.6,0.03568718044265755,12.903323661306937,9.443874763389791,0.13070033388110813,0.2607333243243243,7.127225031,0.019258643,1.376,7.329000000000001,0.333170088
3747,Latin America and the Caribbean,Upper Middle,30,0.2,19.57417102288086,17.605888563654947,93.6231884057971,8.98550724637681,69.53999999999999,54.81666666666667,0.5791848577520388,,,2.917534222442805,0.1898733404255319,14.84439331,0.010860141,12.294,19.391,0.508885796
3753,Europe,High income,21,0.38095238095238093,13.571288010318968,12.360151253316381,94.824016563147,10.559006211180124,67.05714285714286,34.73809523809524,0.6853191271910755,,,-2.431156324563045,0.192931,6.327770749,0.022525235,2.143,29.510000000000005,0.55528092
3755,Northern Africa and Western Asia,Lower Middle,14,0.8571428571428571,23.40863613532988,19.303845202783698,93.47826086956522,10.869565217391303,8.178571428571429,180.41428571428568,0.04784986562706119,,,-1.9526814760198044,0.1556987111111111,4.682182382,0.007893566,10.782,25.255,0.336932168
3756,Europe,High income,28,0.6428571428571429,18.516086917190098,14.867911062165406,92.3913043478261,9.472049689440993,37.95357142857143,109.66071428571429,0.2674898977629328,,,2.589845661563508,0.27137546,8.138619797,0.024829189,11.29,13.482,0.413593991
3758,Europe,High income,24,0.5833333333333334,18.60866515284682,14.888558816996264,92.57246376811594,10.326086956521738,42.3875,95.0625,0.32007268767065417,,,-0.50670759280544,0.1984230833333333,9.451374493,0.024262388,5.67,25.504,0.535648846
3759,Europe,High income,26,0.2692307692307692,21.399072897054072,17.00234558158138,92.64214046822742,10.702341137123746,31.334615384615386,138.41923076923078,0.1896062501256683,,,0.4075276350294699,0.1871231428571428,9.66796253,0.025329028,11.421,16.499000000000002,0.481197714
376,Latin America and the Caribbean,High income,20,0.6,25.195100073797104,23.9340718657854,93.91304347826087,9.782608695652174,133.985,20.910000000000004,0.8722162537758503,,,1.9013740668129508,0.279570081081081,7.352263817,0.01471493,14.947,7.156,0.439947509
3760,Europe,High income,19,0.47368421052631576,18.808031780727163,15.147073697022057,94.05034324942793,9.382151029748282,33.25789473684211,109.2421052631579,0.24328754195198604,,,-1.7966146321515541,0.2080010476190476,8.272328583,0.02881564,1.089,18.778,0.513681506
3764,Sub-Saharan Africa,Upper Middle,40,0.5,21.347422686525345,15.976118710838687,95.0,9.565217391304348,46.980000000000004,141.0475,0.25056989776773814,,,-0.696696855266122,0.2382795757575757,5.143884793,0.012465402,4.581,27.591,0.255491412
3766,Europe,Lower Middle,25,0.96,22.5199566486098,16.91213924728182,93.21739130434781,10.956521739130435,19.788,151.168,0.1202149206151143,,,0.30904504765335294,0.238488489010989,9.835312664,0.013608031,2.813,19.343000000000004,0.440778822
3767,Northern Africa and Western Asia,Lower Middle,17,0.5294117647058824,24.788330757890346,21.45336438241551,91.81585677749361,9.462915601023017,0.047058823529411764,192.92352941176472,0.0002532306820027647,,,-4.905685362962234,0.1085811020408163,4.378679211,0.009509671,8.756,56.36699999999999,0.510452333
377,Latin America and the Caribbean,Upper Middle,19,0.6842105263157895,18.054971717719397,16.55514906411534,94.279176201373,9.382151029748282,89.8578947368421,61.78947368421053,0.6056441595969129,,,1.2745569940727317,0.217210649122807,5.98241578,0.017814423,21.291,16.841,0.32389499
3778,Central and Southern Asia,Lower Middle,22,0.5909090909090909,22.075180509492963,18.56728459588198,93.08300395256917,10.869565217391305,111.4909090909091,59.61818181818182,0.6948094069051554,,,-3.465917275010245,0.128007756097561,4.811965884,0.002825984,1.529,8.638,0.494504766
3789,Northern America,High income,10,0.4,25.113200766769097,15.731587945632322,92.17391304347827,13.91304347826087,8.11,210.11999999999998,0.04123319876232563,28.50713825675213,20.87047501115817,-1.0210775477939387,0.2248321428571428,7.159430069,0.024905349,2.989,11.037,0.413791716
3798,Europe,High income,27,0.6666666666666666,15.402654682434866,13.257017524222636,93.71980676328502,9.983896940418678,42.67407407407408,69.38888888888889,0.39154246345488175,,,-2.1517249147144106,0.2241532333333333,6.561348214,0.019266607,2.2889999999999997,21.619,0.541774039
3801,Europe,High income,14,0.35714285714285715,22.273398109555224,17.905656476180347,93.16770186335404,9.316770186335404,24.157142857142855,166.32142857142858,0.13647336304147437,,,1.603213221722114,0.2489938023255813,8.761187587,0.027237231,7.431,7.1080000000000005,0.401233128
3803,Europe,High income,26,0.5769230769230769,19.11579659071567,14.905919127645916,95.31772575250837,11.538461538461538,42.29615384615385,98.6,0.30285854065877377,,,-0.2311180295593333,0.2355566538461538,8.70255433,0.019948778,2.885,20.988999999999997,0.477868166
3805,Europe,High income,16,0.5,18.106402659416226,14.45580064300418,95.92391304347827,9.239130434782608,40.59375,97.85625,0.31753465418819693,,,-1.2008608032119812,0.2104792325581395,7.928584365,0.03927979,0.895,19.504,0.420391988
3809,Sub-Saharan Africa,Upper Middle,39,0.6153846153846154,20.818382082881737,15.858101974493575,94.42586399108139,9.364548494983277,48.761538461538464,137.24615384615385,0.2640634640037778,,,1.2758756211287454,0.250661117048346,5.575922148,0.013200296,18.889,24.261000000000003,0.266295489
3811,Europe,Lower Middle,23,1.0,20.816766202976815,15.524093770126903,94.13988657844992,10.207939508506616,43.060869565217395,120.1304347826087,0.2711921274813136,,,0.4776114606538888,0.2197068318965517,9.796491656,0.019403505,5.057,12.303000000000004,0.456335301
3834,Northern America,High income,5,0.6,23.070199368563532,15.982421592197763,93.04347826086956,9.565217391304348,5.36,213.51999999999998,0.02445067182343454,14.273984815461212,10.450484378576329,0.9678242784105235,0.2692705714285714,7.354310165,0.019228928,5.475,7.402,0.317403277
3835,Latin America and the Caribbean,Upper Middle,17,0.35294117647058826,22.547149034268156,14.896084834901249,94.11764705882354,8.951406649616368,37.22941176470588,137.45294117647057,0.22336659346226376,,,3.5910257423948657,0.2347935652173913,6.143689453,0.018156485,28.026,4.088,0.249291531
3837,Latin America and the Caribbean,Upper Middle,33,0.6363636363636364,21.13451298025236,19.249618384902544,95.25691699604742,8.827404479578393,65.73030303030303,66.72121212121213,0.5143962577787918,,,5.699754929617304,0.2142902990353697,16.05736429,0.012977603,24.901,23.725999999999996,0.431668167
3839,Latin America and the Caribbean,Upper Middle,29,0.4482758620689655,24.62698333332614,19.084642779047343,93.85307346326836,8.245877061469265,56.19655172413793,128.1448275862069,0.3280889616195216,,,0.09845448181522343,0.21574725,6.489653593,0.012389799,15.998,31.482,0.362975816
3843,Europe,High income,26,0.7692307692307693,14.484859180014475,12.62381647052674,94.81605351170569,8.695652173913043,42.861538461538466,64.46923076923078,0.41855987830918345,,,-1.821008321349284,0.2229565535714285,7.163953138,0.019921352,0.677,26.528,0.525439761
3846,Europe,High income,30,0.7333333333333333,19.187082389228564,15.149981327984325,93.6231884057971,11.594202898550725,40.45333333333334,107.67333333333335,0.2837614423952581,,,2.175114763647179,0.28447434375,8.653842905,0.027431302,8.607,5.364,0.420028174
3848,Europe,High income,28,0.6428571428571429,18.20095586377414,14.175930920242289,94.09937888198758,10.714285714285714,44.1,96.11785714285715,0.3178520423344538,,,0.19141453358473812,0.23094755,8.447644125,0.021673502,5.401999999999999,17.367,0.468637852
3850,Europe,High income,20,0.2,18.78349418664906,14.886381489264219,93.69565217391303,9.565217391304348,30.815000000000005,116.46000000000001,0.2182355554690382,,,-2.1407656815488467,0.2242862857142857,6.973832495,0.020372309,0.669,17.217,0.517759195
3856,Europe,Lower Middle,20,0.8,21.384492360628588,17.096805826819445,93.04347826086956,10.217391304347824,13.86,177.6,0.07334040332276787,,,2.048613138933912,0.274607397260274,8.961014218,0.019407866,13.75,9.166,0.38506733
3869,Central and Southern Asia,Lower Middle,30,0.4666666666666667,27.37865481478898,25.857207770894792,93.6231884057971,10.724637681159418,128.44333333333333,13.456666666666669,0.9239660312640438,4.351908336989144,4.592550857048398,-2.6749646035228327,0.1347013076923077,4.757491004,0.006029907,1.419,12.679,0.542629812
3876,Eastern and South-Eastern Asia,High income,17,0.29411764705882354,24.81096625938549,23.44369703852853,93.09462915601023,9.462915601023017,116.26470588235294,4.5,0.9645013151466453,11.27917595661353,8.780162199554105,1.7090108105159594,0.1876097692307692,10.87236163,0.007957093,5.119,25.479,0.411173127
3881,Latin America and the Caribbean,Upper Middle,35,0.5428571428571428,13.356855268470843,11.096277869421455,93.54037267080746,9.813664596273291,62.45428571428572,32.10857142857143,0.6698179851003847,,,6.790358605688673,0.282541297752809,9.497214742,0.026432199,32.870000000000005,18.088,0.338455141
3882,Latin America and the Caribbean,Upper Middle,33,0.45454545454545453,23.298315963534993,21.764349925163348,95.78392621870883,9.749670619235836,66.23939393939395,81.32121212121213,0.46977058210481665,,,0.8583719315190923,0.2082163636363636,8.977395904,0.010196104,10.763,9.087,0.511941793
3888,Europe,High income,27,0.6296296296296297,15.099836038387297,13.020169891121222,92.7536231884058,9.66183574879227,53.288888888888884,57.30740740740742,0.5014898052712096,,,-1.415509149002908,0.2383859693430657,7.408612892,0.019239805,1.992,20.736,0.513562221
3891,Europe,High income,28,0.5714285714285714,18.35227194705481,14.473561119541088,94.40993788819875,9.627329192546583,49.07857142857143,117.625,0.3037001359287113,,,1.9256379779455952,0.2574634081632653,10.5406913,0.021027686,8.354,13.385999999999996,0.432863697
3893,Europe,High income,25,0.6,17.832868809211586,14.361601974008781,93.39130434782608,11.130434782608695,48.952,84.38799999999999,0.3795457463879525,,,1.082695829322196,0.2686248,8.377306227,0.030366431,7.039000000000001,17.188,0.479687009
391,Sub-Saharan Africa,Low income,8,0.5,28.586918665313753,20.72160744523285,94.02173913043478,7.608695652173912,29.0875,173.6,0.14667451383381797,,,5.661081491627249,0.2858664643734643,7.050821317,0.017838507,40.878,11.364,0.216511097
3921,Eastern and South-Eastern Asia,High income,22,0.4090909090909091,26.025607994222845,23.921652549287455,93.2806324110672,9.881422924901186,115.53636363636365,32.699999999999996,0.7854875266353755,3.408421995371443,2.6521047311445134,4.780215197786236,0.2548909831932773,9.64270504,0.019344066,20.344,14.413000000000002,0.26310687
3923,Northern America,High income,10,0.2,29.916356418185806,17.71988769064715,93.47826086956522,13.91304347826087,4.279999999999999,245.51999999999998,0.02101960365116744,27.746374593728536,20.30276316863126,-0.27546282675803613,0.2333378928571428,6.547361199,0.017735115,2.814,7.119,0.286683645
3926,Latin America and the Caribbean,Upper Middle,31,0.5161290322580645,22.39632852056511,20.970346970531867,95.93267882187939,8.55539971949509,67.58387096774193,77.02903225806452,0.4785461154080892,,,-0.7813559261518379,0.1691253448275862,8.470695806,0.009283024,5.744,20.895,0.511187197
3932,Europe,High income,25,0.64,15.692446802775093,13.466536254978594,95.1304347826087,9.565217391304348,44.388000000000005,72.42,0.3927952816228486,,,-1.5429952267361091,0.23036959375,7.055469822,0.02240186,2.024,20.598,0.54860198
3934,Northern Africa and Western Asia,Lower Middle,14,0.7857142857142857,23.69593870256089,19.932939261004574,93.16770186335404,10.869565217391303,8.914285714285715,179.72857142857143,0.05239198513311683,,,-0.3063502078324903,0.1949668888888888,5.528468881,0.008222005,2.585,17.387,0.267430903
3935,Europe,High income,16,0.625,22.626978862285657,17.98227819806468,91.03260869565217,9.51086956521739,26.625,177.06875,0.13866526815655497,,,2.6924869940585867,0.26587235,9.162717115,0.02161899,14.563,3.648,0.40561351
3937,Europe,High income,24,0.625,18.743064988551545,15.030548456539913,94.56521739130436,10.869565217391305,40.041666666666664,94.95833333333333,0.3061610621238951,,,-2.553979734234835,0.2051263125,5.776220258,0.025002072,1.1760000000000002,23.613,0.551828759
3938,Europe,High income,14,0.5,22.9227570671689,19.485368103256786,94.09937888198758,10.559006211180122,27.164285714285715,152.62857142857143,0.15644607026195947,,,0.49730466492813863,0.1917972805139186,8.702943592,0.018474189,11.475,24.020999999999997,0.423460981
3939,Europe,High income,14,0.5,17.37862504053304,14.879884309924284,94.09937888198758,9.627329192546583,61.214285714285715,66.14285714285714,0.4869214986148198,,,-2.0847313535952563,0.2227960434782608,6.654138438,0.022412064,0.986,18.499,0.480273117
394,Europe,High income,20,0.65,15.051905873211979,13.430275500352739,92.3913043478261,9.130434782608695,48.475,48.57,0.5043660962911298,,,-1.1409545930022957,0.2147632890365448,7.700411318,0.027530048,2.753,20.433,0.488526327
3943,Sub-Saharan Africa,Upper Middle,33,0.36363636363636365,19.274640057618942,15.02341181568443,95.65217391304348,8.827404479578393,55.45151515151515,121.53939393939395,0.313960004933091,,,1.337751824767775,0.260636429769392,7.498314768,0.013845364,11.743,11.007,0.350373526
3944,Europe,Upper Middle,24,0.7916666666666666,20.36482992278207,15.43619324848053,93.4782608695652,9.782608695652174,41.920833333333334,121.64583333333333,0.266426296121219,,,0.7354696195447255,0.2207530526315789,10.0202108,0.021179561,4.201,17.072,0.427390357
3954,Central and Southern Asia,Lower Middle,23,0.5217391304347826,24.574512937794587,20.780014104052434,93.00567107750472,8.884688090737239,53.5,123.4304347826087,0.3130723044497208,0.9524596514521504,1.193843709740555,-2.7092546346751645,0.0973727619047619,3.390108518,0.005446754,4.684,20.725,0.326212858
3956,Central and Southern Asia,Lower Middle,29,0.3793103448275862,27.99897056448052,25.836756275120045,94.00299850074963,9.14542728635682,104.90344827586206,52.834482758620695,0.6945937418091566,2.324954062873534,2.4564722291629653,-3.356690336591981,0.0913726969696969,3.83015624,0.00281109,0.028,15.481,0.587739132
3959,Eastern and South-Eastern Asia,Upper Middle,35,0.45714285714285713,27.831146970476446,24.382777387764985,92.79503105590062,10.062111801242235,88.42285714285715,66.11999999999999,0.5924553539225741,,,-0.6250836804998627,0.2002493529411764,6.488075918,0.01100525,11.829,2.293,0.443845921
3964,Eastern and South-Eastern Asia,High income,13,0.46153846153846156,24.335365010033414,23.73060291901374,97.65886287625419,9.364548494983278,122.62307692307694,20.815384615384616,0.8657895734576599,10.270983098090092,7.994347757178098,2.7472595438395695,0.3211218292682927,8.286257549,0.017409258,11.505,8.545,0.324557967
3969,Latin America and the Caribbean,Upper Middle,28,0.42857142857142855,23.9415723429098,22.62381668324802,96.27329192546584,8.695652173913043,67.02857142857142,79.37857142857142,0.4757810634500371,,,0.3087918466826433,0.2080685,8.912462757,0.009467807,8.86,15.71,0.54255118
3974,Europe,High income,16,0.5625,18.59083608907207,16.708840379962698,92.93478260869566,9.239130434782608,70.1375,45.0625,0.6162301101248131,,,2.2442707239464554,0.178958037735849,10.63458422,0.022548169,10.199,20.269,0.388113495
3975,Europe,High income,25,0.24,14.8253764250906,12.873513339173348,94.78260869565219,8.869565217391305,41.408,64.76400000000001,0.404121701485967,,,-2.557850598477801,0.2020871481481481,6.391011492,0.018979327,0.739,27.333,0.540271398
3978,Europe,High income,29,0.6206896551724138,20.646384899856898,16.18137450372883,94.75262368815594,10.044977511244378,45.741379310344826,133.7896551724138,0.2652946243770909,,,2.0463799346011413,0.25855408203125,10.96498224,0.024233232,6.225,14.522,0.397694655
3980,Europe,High income,24,0.5416666666666666,17.793195700645473,14.50130194881365,93.29710144927536,10.507246376811594,46.962500000000006,86.70416666666667,0.3662468219672354,,,-2.746339582871112,0.1768891052631579,7.27785007,0.029042646,2.088,26.998,0.5980362
3981,Europe,High income,22,0.2727272727272727,20.29188769369416,16.31832342325086,94.66403162055336,9.486166007905139,22.345454545454547,153.64090909090908,0.1317020836217155,,,-0.09671105679614467,0.22037575,5.986623303,0.014639956,7.865,8.888,0.423399201
3982,Europe,High income,19,0.631578947368421,18.912198646557407,15.487453958546403,95.42334096109839,9.153318077803203,44.23157894736842,89.9421052631579,0.3413007724636125,,,-1.7379963310218776,0.208537,7.294867232,0.026597626,2.345,11.755,0.473947393
3986,Sub-Saharan Africa,Upper Middle,32,0.40625,18.602153465824742,14.314477443935324,95.5163043478261,9.239130434782608,52.071875000000006,125.55312500000001,0.2942256358849036,,,-0.18631138357773758,0.248328437037037,6.567708996,0.014267755,3.686,13.755000000000004,0.359262323
3994,Central and Southern Asia,Lower Middle,24,0.625,24.773893116138623,21.83473551922235,91.48550724637681,10.507246376811594,6.579166666666667,145.7875,0.043695345772155954,,,1.943593877856508,0.23441575,8.15792992,0.016879956,7.069000000000001,20.622,0.415529736
4008,Northern America,High income,11,0.36363636363636365,30.666304630795125,17.571944398536395,95.65217391304348,13.833992094861658,2.709090909090909,256.8272727272727,0.011580962514720128,,,1.9254370904571119,0.2882694131736527,7.665070979,0.019365988,4.33,6.814,0.279756476
4011,Latin America and the Caribbean,Upper Middle,28,0.5,23.90626423551914,22.633265829407115,95.80745341614907,10.403726708074533,78.99285714285715,71.51785714285714,0.535975762282958,,,-0.6131251114007913,0.182067475,6.773291472,0.010599431,10.371,11.299,0.549087223
4012,Northern America,High income,19,0.8947368421052632,18.56756272095703,16.213931588675056,95.88100686498856,9.610983981693364,98.58421052631579,34.03157894736842,0.7480972944071212,,,-1.6424660134496658,0.2038216545454545,7.244410231,0.014942225,1.177,21.863999999999997,0.470059966
4013,Latin America and the Caribbean,Upper Middle,25,0.68,23.199419453893157,16.77239301638225,94.08695652173914,10.782608695652172,34.928000000000004,183.2,0.1744821717230203,,,2.656554353561741,0.2480440206185567,8.081994214,0.013455488,15.941,22.237,0.274693558
4020,Europe,High income,19,0.42105263157894735,23.123584442807964,18.143583636305788,94.96567505720823,10.755148741418763,29.294736842105266,171.70000000000002,0.1533762795007011,,,1.5212692988622725,0.2433871333333333,7.722868114,0.027539577,10.267,15.410999999999998,0.356386126
4021,Sub-Saharan Africa,Lower Middle,19,0.47368421052631576,25.038244349782115,23.801223174512398,92.44851258581235,9.153318077803204,64.49473684210527,82.76842105263158,0.4386699921045815,,,1.865293202801683,0.2393597452229299,6.824085047,0.010973395,22.111,12.800999999999998,0.481123215
4022,Europe,High income,21,0.8095238095238095,18.61599325444512,14.797405846936018,94.61697722567288,9.730848861283643,40.419047619047625,98.63809523809525,0.296212140334345,,,-1.724562722175302,0.1872113501945525,7.320211049,0.024483345,4.2250000000000005,27.129,0.524149477
4023,Europe,High income,25,0.64,19.680424745964302,16.987961809841085,93.91304347826087,8.521739130434783,62.536,85.412,0.434838907822839,,,-0.2013933020896772,0.2235271944444444,7.556332425,0.020969048,6.341,12.529,0.428008674
4027,Northern Africa and Western Asia,Upper Middle,15,0.5333333333333333,21.113196952248952,19.90120468822008,93.33333333333333,9.565217391304348,34.16,142.22666666666666,0.1955253168453065,,,0.2135531752692265,0.192703129032258,7.528685596,0.016067797,12.39,21.773999999999997,0.357583563
4031,Northern Africa and Western Asia,Lower Middle,12,0.6666666666666666,27.169760307137008,20.18407499598015,89.85507246376812,11.231884057971014,0.0,214.84166666666667,0.0,,,-1.0796859651520305,0.1574127627118644,6.60101735,0.013731352,15.835,44.68899999999999,0.402550541
4050,Northern America,High income,8,0.625,26.11072144826256,16.454220114694113,90.21739130434783,10.869565217391305,7.5125,214.8,0.038851084036621256,18.105159474135956,13.254080739585724,1.2537832470808405,0.2684254782608695,8.030685348,0.021972619,4.305,5.840999999999999,0.311021769
4053,Latin America and the Caribbean,Upper Middle,37,0.6216216216216216,21.27845657228538,20.230800769874847,93.53701527614571,10.693301997649822,73.93783783783785,69.85945945945946,0.5311154554458485,,,3.091948444148294,0.2209590350877193,11.92567811,0.010879079,13.537,12.819,0.442393581
4055,Northern America,High income,9,0.5555555555555556,18.054953026478827,16.542170918345004,93.23671497584542,9.178743961352657,73.93333333333334,45.5,0.6253741697795218,,,-2.1257032771397655,0.1731138834951456,7.629635429,0.01597385,0.304,25.829,0.457143962
4056,Latin America and the Caribbean,Upper Middle,38,0.7105263157894737,23.9556642851256,20.284729212256252,94.96567505720823,8.466819221967961,78.57631578947368,44.53157894736842,0.6611439924849472,,,3.1201152327698134,0.2864518429752066,7.468485205,0.018303853,21.845,12.931,0.391323435
4062,Europe,High income,32,0.8125,19.424214068593088,15.08853896001013,93.34239130434783,10.461956521739129,36.846875,118.8,0.24702249162982712,,,0.6703323373141086,0.2450345373134328,8.171594484,0.023518206,6.088,16.214,0.396733214
4064,Europe,High income,27,0.7777777777777778,18.055914169472093,14.507620281750826,94.84702093397746,10.950080515297905,41.36296296296296,92.75555555555556,0.3079076832540054,,,-0.9119032482906249,0.2139240833333333,8.314545883,0.026284314,3.242,21.722,0.494009556
407,Europe,High income,30,0.43333333333333335,18.50715481178436,15.212340624797688,93.47826086956522,10.724637681159418,45.29,86.39333333333335,0.36016893098168523,,,-0.5238708438194644,0.2221473424657534,8.519415418,0.021220688,2.816,18.22,0.453507374
4070,Sub-Saharan Africa,Upper Middle,29,0.6206896551724138,17.459518043758415,13.586945706734353,96.25187406296851,9.14542728635682,54.04827586206897,119.06551724137931,0.31488599072542117,,,2.394598795076217,0.2490613428571428,5.526546009,0.014703708,25.286,24.878,0.275405358
4075,Sub-Saharan Africa,Low income,27,0.5555555555555556,15.034061447583134,10.936808919053496,94.36392914653783,9.500805152979066,28.84444444444445,109.6148148148148,0.21588213732122896,,,-2.509242508728956,0.1636145833333333,5.620738817,0.011621425,3.156,35.66,0.362235656
408,Europe,High income,26,0.6153846153846154,17.771988980334992,15.106836803749369,92.80936454849498,10.20066889632107,55.76923076923077,86.07692307692308,0.4109593182805137,,,-4.0796362027237,0.11819065,7.121536742,0.018688935,2.081,41.213,0.491914644
4081,Central and Southern Asia,Lower Middle,13,0.38461538461538464,21.98322783543515,18.301383908818835,93.97993311036788,9.364548494983277,49.47692307692308,138.09230769230768,0.2718628672598284,0.1038890150460313,0.1313131089059717,-4.61079756231023,0.0771041323529411,3.764396421,0.002597811,2.958,46.104000000000006,0.338721979
4088,Eastern and South-Eastern Asia,Upper Middle,28,0.5,27.816966221608286,24.013974729263882,93.94409937888199,10.714285714285714,88.55,78.70714285714287,0.5581022880877867,,,-0.1391340389098662,0.2045631525423729,6.55865173,0.014706364,11.317,6.804,0.459809461
409,Europe,High income,27,0.3333333333333333,22.647937161314733,18.44706977888092,94.04186795491142,9.822866344605474,42.42962962962962,109.41851851851852,0.2915092075939464,,,3.2574246422387505,0.2567755789473684,10.89800914,0.02115851,14.139,16.395,0.35311126
4092,Northern America,High income,9,0.4444444444444444,25.212693323900357,16.127060480102713,92.27053140096618,12.56038647342995,8.766666666666667,210.15555555555557,0.04291316838403555,15.04179070553903,11.010679997997256,0.025111994604249066,0.2448149472990777,7.334685115,0.020362103,2.474,11.317999999999998,0.343855484
4097,Latin America and the Caribbean,Upper Middle,20,0.8,20.81725024046722,18.16885307480909,97.6086956521739,7.826086956521739,92.1,50.940000000000005,0.6665886321615818,,,0.38044435313163416,0.24165092,8.410754521,0.013277634,8.755,20.841,0.462224909
410,Europe,High income,21,0.6190476190476191,17.001586647515644,14.881737240733173,93.99585921325053,9.730848861283643,47.3952380952381,79.10000000000001,0.39718963085791387,,,-1.8555196601682984,0.20577471875,7.2600118,0.024173997,1.997,23.077999999999996,0.522375068
4100,Europe,High income,19,0.5263157894736842,18.16687269712751,15.402383817951357,93.59267734553777,11.212814645308924,21.80526315789474,143.31052631578947,0.13702553978738177,,,2.8111432896272417,0.2178295909090909,8.901405054,0.0224103,13.144,16.375,0.329517104
4101,Europe,High income,23,0.391304347826087,14.950077624817345,12.914765719586327,93.76181474480153,8.31758034026465,47.939130434782605,59.286956521739135,0.45374645934476726,,,-2.8140579041550624,0.2004824375,6.305150324,0.01702936,0.114,27.062,0.526789859
4103,Europe,High income,27,0.48148148148148145,20.99617628818091,16.40197020638114,94.04186795491142,9.983896940418678,44.6037037037037,139.14444444444445,0.2544561714791695,,,1.4670190161993224,0.2689810416666666,8.294427544,0.022553679,7.447000000000001,11.662,0.371595938
4105,Europe,High income,25,0.68,16.89834190107073,13.926414211171382,93.21739130434781,9.91304347826087,43.444,84.116,0.34292333213719717,,,-1.2553170698268028,0.2145102906976744,7.763838621,0.024624327,1.352,17.11,0.510762077
4107,Europe,High income,18,0.7222222222222222,19.257645997098464,15.448201799817554,96.3768115942029,9.661835748792269,42.827777777777776,96.42777777777778,0.32098486037962837,,,-0.3702834896673667,0.2656884444444444,7.281214581,0.02889372,0.426,10.896,0.425130752
4111,Sub-Saharan Africa,Upper Middle,29,0.4482758620689655,17.4879697391682,13.8405891066936,95.50224887556223,9.44527736131934,58.16206896551724,110.2896551724138,0.3480387010534976,,,3.849223442858948,0.2507377358490566,5.615304892,0.014490322,33.252,23.522,0.265771448
4133,Northern America,High income,15,0.6,31.28466831175957,17.3138399599093,94.20289855072464,12.46376811594203,1.2800000000000002,250.17333333333332,0.00520567562829268,,,0.7912666634229053,0.3077369090909091,6.793253189,0.017940889,3.81,4.782,0.306281475
4141,Europe,High income,26,0.23076923076923078,15.195768498122957,12.930216108435891,94.14715719063545,9.866220735785951,45.46538461538462,66.06923076923077,0.42049936756155465,,,-3.4286075066843646,0.1917104074074074,5.906293158,0.023034324,0.6769999999999999,28.836,0.603003152
4145,Europe,High income,23,0.782608695652174,19.15099500020349,14.955470350474267,93.95085066162572,9.829867674858223,34.926086956521736,106.5608695652174,0.24801468648472627,,,-0.4750651192372537,0.2192938478260869,7.342064971,0.025213139,3.553,17.84,0.453453297
4146,Europe,High income,19,0.42105263157894735,21.480865859985375,18.317386702564477,91.99084668192219,10.755148741418763,26.30526315789474,150.02105263157895,0.1543819564970886,,,-3.9336683693332164,0.1285641111111111,6.319697161,0.012927333,5.1419999999999995,34.699000000000005,0.563004313
4149,Sub-Saharan Africa,Lower Middle,18,0.5,22.069449283458592,15.97558864994023,92.7536231884058,10.144927536231883,28.016666666666666,140.20555555555558,0.1700711857705216,,,-4.55707606797008,0.1903685,4.759751321,0.008223238,0.246,77.42099999999999,0.339949367
415,Europe,High income,27,0.5555555555555556,16.22931870354549,15.20293128065546,94.36392914653786,9.500805152979066,93.97777777777777,34.25185185185185,0.7424789037888637,,,-1.4498726173820031,0.216694125,7.231605114,0.028612746,3.4419999999999997,20.237,0.501152008
4152,Europe,Upper Middle,26,0.7307692307692307,19.902827439785526,15.487990282417128,95.31772575250837,10.20066889632107,65.12692307692308,76.0576923076923,0.47680838705354694,,,-0.3585621837503171,0.1989698910891089,9.986389905,0.017079327,1.751,19.479,0.461447098
416,Europe,High income,25,0.52,18.300567687334343,14.562883267602516,94.60869565217392,9.91304347826087,51.12,87.084,0.3800973306087247,,,-2.110531797327431,0.2096314285714285,6.357601412,0.023455647,2.523,26.358,0.455963932
4177,Latin America and the Caribbean,Upper Middle,48,0.6875,25.18746468149386,20.451507358347538,94.92753623188406,10.144927536231885,77.63958333333333,77.24166666666666,0.529363024556706,,,6.264469676943096,0.2986747254901961,8.694577779,0.020133725,33.404,13.233,0.375459448
4180,Europe,High income,22,0.3181818181818182,13.5350667378134,12.308132333451882,94.66403162055336,10.474308300395256,62.940909090909095,36.76363636363636,0.6576617285602615,,,-3.3167171834666176,0.1730786666666666,5.539930519,0.016603416,0.426,30.833,0.587759492
4182,Europe,High income,9,0.2222222222222222,22.467113003835877,18.911960396263773,94.20289855072464,9.178743961352657,20.633333333333336,180.3777777777778,0.10801482870041558,,,4.048950306723723,0.2628504216216216,11.00159037,0.022731326,17.255,4.284,0.353124835
4183,Sub-Saharan Africa,Lower Middle,18,0.6666666666666666,26.22508187251813,23.409481735764402,92.27053140096618,9.661835748792269,24.92777777777778,130.15555555555557,0.1628039353407838,,,5.380760869263277,0.3243029581395348,7.485706244,0.013437739,36.221,21.825,0.342588757
4184,Europe,High income,22,0.7272727272727273,17.78526716408956,14.941788477004378,95.0592885375494,9.683794466403162,42.763636363636365,89.92727272727274,0.3318904248040821,,,-0.6911006414121968,0.2046408389121339,9.329396178,0.024025252,2.806,22.402,0.486143035
4185,Europe,High income,19,0.7894736842105263,21.18473690251987,17.49071207705512,92.90617848970251,10.526315789473685,28.057894736842105,155.29473684210527,0.15893983131127773,,,-0.26972419159153166,0.1973328181818182,7.597055761,0.013494025,12.229,18.202000000000005,0.46836392
4189,Northern Africa and Western Asia,Upper Middle,11,0.6363636363636364,19.113005466988923,17.99258845451415,94.46640316205534,9.486166007905139,33.845454545454544,130.8090909090909,0.20742984379251436,,,-0.7502524329229188,0.1967985555555555,7.2312563,0.016941597,8.202,7.777,0.470216963
419,Europe,High income,18,0.9444444444444444,21.13315915856911,17.125132395946295,94.92753623188406,9.66183574879227,59.48888888888889,88.02222222222223,0.4108356785094293,,,-0.751605393965902,0.1972655099337748,7.67581043,0.027612269,8.06,19.068,0.478360456
4211,Northern America,High income,17,0.35294117647058826,30.468672414692772,17.0318231241732,95.90792838874681,12.27621483375959,0.5529411764705883,257.50588235294117,0.002284343776621465,,,0.02893008448244716,0.2635338076923077,6.515608836,0.014843508,4.848,7.079000000000001,0.27452878
4214,Latin America and the Caribbean,Upper Middle,33,0.6060606060606061,26.783709349673497,21.915636126985348,95.12516469038208,10.671936758893281,48.00606060606061,110.47272727272728,0.3279093359731245,,,0.9930941441941064,0.23568665,6.36718141,0.012375533,16.82,7.61,0.398774881
4215,Latin America and the Caribbean,Upper Middle,22,0.5,23.577390708427966,18.803267320798838,97.03557312252964,9.288537549407113,57.050000000000004,120.81363636363636,0.3354254720566296,,,3.3311484373472866,0.2629506956521739,6.608150908,0.014953315,30.325,22.259,0.396960903
4219,Europe,High income,21,0.47619047619047616,13.53546582963257,12.174154978939178,94.20289855072464,9.730848861283643,54.61428571428572,50.07619047619047,0.5345472410840192,,,-2.872720478668198,0.1914734054054054,6.682955814,0.020040382,2.3030000000000004,34.806,0.575503685
422,Europe,High income,19,0.8947368421052632,21.32515493371764,16.243154166391186,94.50800915331808,10.526315789473685,35.98947368421052,116.61578947368423,0.2500678145949333,,,-1.360703959774486,0.2268917567567567,5.363591878,0.019350561,2.638,16.656,0.40188387
4220,Northern Africa and Western Asia,Lower Middle,15,0.6,23.97907171468268,19.650696924179602,91.01449275362319,11.304347826086957,16.753333333333334,188.17999999999998,0.08539453910676381,,,3.9726415209676387,0.2304096818181818,9.595728072,0.011222068,21.301,13.592999999999998,0.341605313
4221,Europe,High income,15,0.7333333333333333,21.422303822835303,17.6426616667041,93.91304347826086,10.434782608695652,23.013333333333332,177.04000000000002,0.11917105222173847,,,0.988416494647107,0.2340688095238095,8.619608996,0.026621141,13.395,3.433,0.437588726
4223,Europe,High income,24,0.6666666666666666,17.471921975561923,14.344597794381466,94.7463768115942,10.144927536231883,48.39166666666667,83.98333333333333,0.3824400572547582,,,-1.1343427768561318,0.2293269354838709,7.116328066,0.022603494,3.4370000000000003,20.554,0.535064576
4225,Europe,High income,17,0.6470588235294118,19.229545469845068,15.592474799559412,95.90792838874681,8.184143222506393,36.294117647058826,100.57058823529412,0.28073158303799106,,,-0.7836106168044095,0.2201266875,8.317285228,0.026207396,0.357,22.222,0.442138215
4228,Sub-Saharan Africa,Upper Middle,32,0.46875,19.37587476318883,15.610083239189601,95.24456521739131,9.103260869565217,63.453125,106.47500000000001,0.3798062746277625,,,-1.1471783652478849,0.2281506944444444,5.004252968,0.013071008,1.956,35.509,0.265745794
423,Europe,High income,17,0.7058823529411765,19.663102177126888,15.857017506680867,94.11764705882354,10.230179028132993,49.411764705882355,101.86470588235295,0.346570647919428,,,-0.8693627850376888,0.2402474210526315,7.229766951,0.028791078,1.365,14.011,0.442083661
4230,Northern Africa and Western Asia,Lower Middle,17,0.4117647058823529,24.292090920336726,22.02647473335855,93.60613810741688,10.485933503836316,0.06470588235294118,183.20000000000002,0.00040220060487912353,,,3.329313688377145,0.2142525571428571,9.019632983,0.01778182,27.647,32.547000000000004,0.3387318
4249,Northern America,High income,9,0.5555555555555556,25.28279504846645,16.21041974755064,90.33816425120773,11.594202898550725,10.366666666666667,207.52222222222224,0.051084921279738724,11.30257128089952,8.295450043774318,-0.5315213788613158,0.219434193548387,7.204153977,0.0225864,1.627,7.354,0.365305545
4254,Latin America and the Caribbean,Upper Middle,23,0.6086956521739131,22.372619489804404,19.089968858585102,95.84120982986768,8.31758034026465,79.62608695652175,68.52608695652175,0.5561606488148158,,,0.9258680584670357,0.2588572545454545,7.627389638,0.016086582,12.549,20.453,0.449426954
4256,Europe,High income,28,0.6071428571428571,15.753092152731792,13.66787016523415,93.47826086956522,10.093167701863353,45.800000000000004,70.01428571428572,0.41306796993179123,,,-1.084313422442067,0.2506359622641509,6.896044972,0.027126601,1.452,18.796999999999997,0.505843538
426,Europe,Upper Middle,24,0.7916666666666666,17.134342819678327,14.13268904363954,92.7536231884058,9.420289855072463,56.416666666666664,94.11666666666667,0.40779753549468273,,,-0.7399725782164509,0.2169386393442623,7.850265441,0.018590351,4.74,20.000000000000004,0.500113121
4260,Europe,High income,31,0.4838709677419355,18.266925626924184,14.837012382620935,93.54838709677419,11.079943899018232,46.44193548387097,122.78709677419356,0.28944609223478185,,,0.8647816396228634,0.2383306395348837,9.835143679,0.032976569,4.237,15.239,0.430840024
4261,Europe,High income,23,0.5217391304347826,16.898270029261518,14.485897522644303,95.0850661625709,10.396975425330812,51.30869565217392,68.80434782608695,0.44616484778968507,,,-0.4540544309419815,0.23317228,8.297689722,0.018836458,2.692,11.384,0.53837244
4263,Europe,High income,21,0.7142857142857143,18.794359138458056,15.67647752837826,94.824016563147,9.523809523809524,49.75238095238095,83.34761904761905,0.3786215137507439,,,-1.1935309923510866,0.2214869777777778,7.756824681,0.033974269,0.818,11.483999999999998,0.477158257
4264,Sub-Saharan Africa,Low income,16,0.4375,22.18613235950471,16.03753378223053,92.3913043478261,10.054347826086955,23.9875,144.6125,0.14132662741663302,,,-5.407235136870264,0.1958636153846153,4.265864653,0.00966028,0.0,88.252,0.350667678
4267,Northern Africa and Western Asia,Lower Middle,15,0.5333333333333333,24.483090935678216,21.62381032822804,92.7536231884058,10.434782608695652,0.04000000000000001,186.73333333333332,0.00022201910832999998,,,-3.4127236717837555,0.1300900784313725,5.132456342,0.008800236,15.131,57.010000000000005,0.475805116
4277,Central and Southern Asia,Lower Middle,26,0.5384615384615384,29.508093251761636,23.194473616754326,94.14715719063545,9.698996655518394,28.426923076923078,169.71153846153845,0.14686149745483504,5.275840501948706,6.639883099004569,-1.5680758290264114,0.1539873838582677,4.956390875,0.007335084,13.64,32.897,0.324913541
4285,Eastern and South-Eastern Asia,High income,13,0.6923076923076923,25.200153656442925,23.803759956147434,95.9866220735786,10.702341137123746,115.1923076923077,34.53846153846154,0.7737620980722377,12.665945081762937,9.862730568737652,3.6326777844326834,0.2459497450980392,9.256597411,0.015194053,14.561,17.609,0.288032185
4294,Europe,High income,22,0.5,13.862233378670448,12.43695778000681,94.0711462450593,9.090909090909092,48.309090909090905,58.83181818181818,0.46058709336532916,,,-2.661226749553472,0.19361642,6.644416439,0.018557242,1.15,28.892,0.566521639
4299,Europe,High income,29,0.4482758620689655,20.53590593009164,17.595971892890734,94.60269865067467,10.044977511244378,62.95517241379311,70.78620689655173,0.48173948278820555,,,-1.2988088469571224,0.2032868571428571,8.143445397,0.024396972,3.0530000000000004,28.342,0.470068531
430,Europe,Upper Middle,24,0.75,22.629906100622367,17.024230786826536,94.0217391304348,9.782608695652174,33.512499999999996,130.76666666666668,0.22107831457336538,,,-0.708594735697058,0.244071,7.939996624,0.015083527,2.995,13.837,0.461591829
4300,Europe,High income,27,0.5925925925925926,20.957291364071857,18.1554818049786,93.71980676328502,9.983896940418678,46.45925925925926,111.14074074074075,0.30010727556432154,,,2.4254531989124057,0.1900639574468085,8.998999576,0.023414628,13.209,8.703,0.343496563
4301,Europe,High income,28,0.75,17.438862858761805,14.273855231917114,92.54658385093168,10.869565217391303,50.300000000000004,77.25714285714287,0.41161229614735845,,,-1.0132570843729565,0.21931296875,8.315766957,0.033577171,1.706,19.982999999999997,0.463370167
4305,Northern Africa and Western Asia,Lower Middle,16,0.6875,24.789281022315034,21.293635601736863,91.84782608695652,11.141304347826086,0.043750000000000004,194.91875,0.00023585211373938124,,,-3.7834741249536052,0.1196695756676557,5.260570923,0.011402162,10.33,43.529,0.463676002
431,Sub-Saharan Africa,Upper Middle,6,0.16666666666666666,19.6794646256477,17.337963111653306,88.40579710144927,12.318840579710143,14.483333333333334,170.65,0.07871761172439741,,,1.488180952860881,0.2472774402877698,6.769542968,0.019789284,8.588,14.413,0.297824985
4316,Central and Southern Asia,Lower Middle,32,0.78125,28.592940011641108,22.964153583623823,92.93478260869566,10.326086956521738,56.706250000000004,122.221875,0.35339114716763487,9.680024486139724,10.443568188680985,4.156158389309087,0.2912640859375,7.164728611,0.019417837,30.379,19.089,0.302553152
4317,Central and Southern Asia,Lower Middle,29,0.4827586206896552,27.820185146084114,25.847345803412317,95.50224887556223,10.044977511244378,108.0448275862069,42.768965517241384,0.7511127188814054,1.6100721187469802,1.7032528718750763,-4.198780245404491,0.0968085882352941,4.150928337,0.003892636,0.551,28.157,0.506051912
4329,Latin America and the Caribbean,Upper Middle,23,0.34782608695652173,23.466981240977436,18.812923703431746,96.59735349716446,8.695652173913043,56.047826086956526,124.76956521739132,0.32379247488712865,,,3.136888790350808,0.299127125,6.606901735,0.019032676,17.683,11.127,0.319125474
4332,Europe,High income,24,0.5,14.09791628977444,12.593215124256323,93.65942028985508,9.057971014492752,45.875,57.837500000000006,0.4607405942881535,,,-2.4976314014707945,0.2059667881619937,6.738837908,0.021785195,1.599,31.22,0.528147263
4336,Europe,High income,29,0.7586206896551724,18.56831293077387,14.705294755566753,92.35382308845577,11.094452773613192,33.14827586206897,116.23793103448276,0.2249661646139281,,,0.23540367703618087,0.2274379787234042,9.571861246,0.026555497,3.741,15.231000000000002,0.459780596
4337,Europe,High income,23,0.6521739130434783,17.19784808267473,14.857794607892716,94.8960302457467,9.45179584120983,50.62173913043478,70.71304347826087,0.4373001565772769,,,-2.0988128983658525,0.1560719178082192,7.545501095,0.023638562,2.421,24.328999999999997,0.54259099
4339,Europe,High income,23,0.7391304347826086,18.382988058781294,14.826694996845617,95.46313799621929,10.396975425330812,33.6,104.6086956521739,0.24965354574272802,,,-1.2666696531541268,0.2192251944444444,7.529702185,0.041218553,1.556,16.767,0.476607716
434,Europe,Upper Middle,19,0.7894736842105263,19.075216654727356,14.340657388089042,94.05034324942793,9.839816933638444,45.45263157894737,128.20000000000002,0.2696084859791357,3.8706442912947225,8.094512939845544,-0.9797310567669764,0.1901940714285714,5.14068381,0.015930558,11.828,10.049,0.424092215
4341,Northern Africa and Western Asia,Upper Middle,15,0.3333333333333333,18.968663927714054,17.891884445203303,95.07246376811595,11.594202898550725,37.68,137.19333333333333,0.21705730027723488,,,-0.567656982636648,0.1817060344827586,5.732587633,0.015977954,14.129,6.311999999999999,0.440569713
435,Europe,High income,21,0.9047619047619048,20.798944445346006,16.167361246775823,95.8592132505176,10.144927536231885,34.142857142857146,115.11428571428571,0.2432512914020366,,,2.1521074817950208,0.2557786857142857,9.790113236,0.021061052,9.01,8.751,0.371783398
436,Europe,Upper Middle,17,0.23529411764705882,21.36909708548626,14.495163887357252,94.11764705882354,10.230179028132993,10.164705882352942,182.57058823529414,0.0563952739641691,13.24786714025584,29.726977360401147,-0.02629505938522292,0.2261322842105263,6.401292031,0.016508272,8.738,11.772,0.396892732
4361,Eastern and South-Eastern Asia,High income,13,0.9230769230769231,24.058551361224463,23.683788849366564,91.97324414715719,9.03010033444816,121.6923076923077,23.715384615384615,0.8451741616826491,13.901075459932358,10.82842452226546,5.22409156936167,0.2569852028985507,10.34057177,0.028547838,25.319,17.474999999999998,0.305160141
4363,Northern America,High income,8,0.875,26.560769389138308,16.42802314223125,92.3913043478261,13.586956521739129,9.7,211.0625,0.04692419241112629,17.120601960975055,12.549903176642252,0.9195980527792236,0.2358266538461538,7.616335809,0.021616809,1.678,9.225,0.334074002
4367,Latin America and the Caribbean,Upper Middle,25,0.28,24.528572515869165,18.883902857389643,96.0,7.478260869565218,50.368,143.024,0.2820590838394723,,,3.4110714726596374,0.29246175,6.662187394,0.019413649,26.548,14.068,0.364813574
437,Europe,Lower Middle,17,0.5882352941176471,17.66027411347315,15.331852288126258,96.67519181585678,9.462915601023019,64.11176470588236,59.50588235294118,0.5335177556171516,,,-3.024390714399965,0.18782025,5.577549965,0.022224937,2.389,9.104,0.531364646
4370,Europe,High income,26,0.38461538461538464,15.25990158381318,13.188943322060512,93.64548494983276,8.862876254180602,39.86538461538461,73.70769230769231,0.36044791368999607,,,-2.8982450945382316,0.21109088,5.688996251,0.02013004,0.461,22.734,0.524496119
4374,Europe,High income,33,0.8181818181818182,18.57476506737483,14.835219426826955,93.93939393939394,10.671936758893281,46.051515151515154,114.01515151515152,0.30599205821022096,,,-0.3223120447426737,0.2177078,8.926826031,0.026023731,2.7960000000000003,19.657,0.504859312
4375,Europe,High income,19,0.631578947368421,17.652430692134857,14.292382049201967,94.05034324942793,10.526315789473685,40.39473684210526,92.96842105263158,0.30574633785053795,,,-0.43243847210123876,0.2541845555555556,7.525770561,0.022468855,3.347,14.25,0.48962433
4377,Europe,High income,18,0.6666666666666666,18.02261145279578,15.348459306225026,94.92753623188406,11.11111111111111,48.56666666666667,77.08333333333333,0.40092587659177803,,,-2.080737583325274,0.1945276363636363,7.64976709,0.038018961,0.998,18.573,0.530179528
438,Europe,Upper Middle,23,0.8695652173913043,17.49628837674339,14.282742452449236,94.32892249527411,11.342155009451796,57.69565217391305,67.61304347826088,0.4766754445780008,,,0.2818145306078078,0.2767500476190476,8.873414668,0.020480821,1.885,12.464,0.449183093
4382,Europe,Upper Middle,22,0.8181818181818182,21.31733239445174,16.001007226338917,95.65217391304348,10.276679841897232,42.586363636363636,119.41818181818184,0.272317129969627,,,0.3541700464820587,0.2182569726775956,10.30510963,0.019959781,2.848,23.041000000000004,0.39536685
4383,Europe,Lower Middle,22,0.6363636363636364,21.335635499081256,15.253289695038545,93.08300395256917,10.079051383399209,23.213636363636365,147.36363636363637,0.1411969764032604,,,-1.1859517076684138,0.2167687340425532,8.498996534,0.013931556,2.659,14.969,0.511139943
439,Europe,High income,10,0.6,25.304726053494136,18.780766346679528,95.65217391304347,11.739130434782608,17.080000000000002,181.35,0.08701538929968015,,,3.7500845350592398,0.2196663181818181,6.973767631,0.026607395,24.432,12.451,0.293791026
4399,Eastern and South-Eastern Asia,High income,23,0.6086956521739131,25.320330281790604,23.56204195097002,92.62759924385632,10.586011342155007,102.79565217391306,60.582608695652176,0.6316580187513092,,,8.35993444364285,0.287089420886076,12.97464003,0.024782212,33.777,9.934,0.258872612
4405,Latin America and the Caribbean,Upper Middle,24,0.5416666666666666,22.95861872355144,18.434864720761478,97.28260869565217,8.876811594202898,60.2875,122.42916666666667,0.3509976113796025,,,0.37417203952330547,0.2942568421052631,6.768200892,0.017474191,8.971,10.169,0.439928458
4408,Europe,High income,24,0.375,14.394449369400101,12.82778166735033,93.65942028985508,9.057971014492752,44.19166666666666,61.025000000000006,0.43845187109046324,,,-3.0906417892719245,0.2006186055045871,5.809464141,0.018137516,0.875,31.987,0.541373061
441,Europe,Upper Middle,26,0.4230769230769231,23.115674209594747,17.717601247217075,93.47826086956522,10.535117056856187,20.338461538461537,171.6769230769231,0.10766297939512019,,,2.0005473688938,0.2546435,10.23848928,0.022225038,8.867,9.468,0.396058496
4412,Europe,High income,28,0.7857142857142857,18.47896371245295,14.42105186450142,92.08074534161491,9.937888198757763,32.7,117.10357142857143,0.22644968873762097,,,0.7118337360897011,0.2414665862068965,9.251686671,0.024186638,6.95,16.927,0.472853899
4413,Europe,High income,23,0.391304347826087,17.74345942787505,14.361056391543862,95.27410207939509,8.695652173913043,39.75652173913044,88.32608695652173,0.31095367948458863,,,-0.9708178764296318,0.216372037037037,7.965845332,0.024648583,2.984,18.534,0.486662097
4418,Sub-Saharan Africa,Upper Middle,44,0.45454545454545453,20.156169512118286,16.204620674812745,93.57707509881423,9.782608695652174,62.304545454545455,110.01590909090909,0.3692212884358355,,,-0.10890933108992673,0.2421458510638298,5.435752711,0.012730686,6.173,11.645,0.287717772
442,Europe,Upper Middle,22,0.8636363636363636,21.24402730195654,16.055554864066888,93.47826086956523,10.079051383399209,20.45909090909091,157.75909090909093,0.11434382411427388,,,1.1190367970836943,0.2297873762376237,11.67257672,0.024933466,4.0,17.238,0.450616657
4431,Central and Southern Asia,Lower Middle,27,0.14814814814814814,27.963522047700785,25.99756629644448,94.36392914653786,9.983896940418678,111.86296296296297,39.885185185185186,0.7699983871774686,6.401884905807326,6.751387155559363,-2.84722500056739,0.1330862444444444,4.504926383,0.003839684,0.873,11.362,0.548630788
4443,Latin America and the Caribbean,Upper Middle,23,0.43478260869565216,23.235329678042238,19.272656642755333,95.0850661625709,8.695652173913043,59.786956521739135,117.9,0.350023084761268,,,4.791844402699906,0.3053904258920402,8.22998844,0.016933853,30.355,14.573000000000002,0.391804824
4444,Latin America and the Caribbean,Upper Middle,35,0.5428571428571428,22.22227399242167,19.39065390158386,95.65217391304348,9.068322981366459,97.42,35.105714285714285,0.756637700249213,,,4.681936300332947,0.2858072413793103,6.895565027,0.015071237,32.937,16.105999999999998,0.36019146
4446,Europe,High income,23,0.7391304347826086,14.322199294449169,12.456514425302363,95.46313799621929,10.396975425330812,43.78260869565217,58.23913043478261,0.45174079556643887,,,-1.969874571075227,0.2164751129707113,6.463075415,0.022492145,2.54,24.772,0.451853668
4451,Europe,High income,23,0.34782608695652173,17.644334247549235,14.708101288128407,93.95085066162572,9.829867674858223,47.92173913043479,81.5608695652174,0.38050357013154185,,,-2.725367895866219,0.1845063809523809,6.993880589,0.023470457,1.458,26.376,0.556603973
4477,Northern America,High income,11,0.7272727272727273,29.163696218163082,16.380296655827337,92.09486166007905,7.905138339920947,8.254545454545456,207.9181818181818,0.04299521110807573,5.599179931620509,4.122682230487528,-0.4474037852362338,0.2477018510638297,7.194028906,0.019740919,2.628,5.758000000000001,0.432882775
4478,Latin America and the Caribbean,Upper Middle,17,0.7647058823529411,22.004732827595255,12.461545884934955,92.83887468030692,9.974424552429667,27.61764705882353,147.9,0.1659867550600038,,,5.99585970284695,0.3081106386138614,7.696670026,0.02228943,27.238999999999997,8.342,0.193264768
4481,Latin America and the Caribbean,Upper Middle,23,0.4782608695652174,23.476110846478058,19.059942521252157,96.21928166351607,9.45179584120983,59.40434782608696,121.16956521739131,0.34517720184934314,,,-1.0833926655239159,0.2278957727272727,6.57333428,0.014784346,5.965,20.626999999999995,0.494675601
4482,Latin America and the Caribbean,Upper Middle,39,0.48717948717948717,22.096194974459156,19.126192882278044,94.64882943143813,10.144927536231883,92.26923076923077,38.784615384615385,0.7207513917150102,,,2.6524144409034056,0.2583996470588235,7.371012315,0.014695012,23.081,15.403,0.407861497
4484,Europe,High income,23,0.5652173913043478,15.098329315908579,13.10578566630694,95.0850661625709,8.31758034026465,38.89565217391304,72.1304347826087,0.3620798620937905,,,-1.777832826461661,0.226621125,6.511827473,0.016874986,0.554,25.559,0.49638679
4488,Europe,High income,28,0.5357142857142857,17.27993544664036,14.087831733179097,93.01242236024845,9.472049689440993,45.050000000000004,107.8,0.31115552165047183,,,-0.15155987966266135,0.2250852058823529,10.0832058,0.025746722,1.92,20.971,0.454453786
4489,Europe,High income,24,0.625,17.44740613687821,14.271544636761428,93.84057971014494,10.688405797101447,42.6375,84.025,0.34087667880069655,,,-0.9698789388714444,0.2228739354838709,8.161381043,0.034619847,2.187,14.79,0.52350362
4490,Europe,High income,16,0.5625,22.978464584131807,20.07167237009839,91.57608695652173,11.956521739130434,29.5625,140.89375,0.17484337625673285,,,1.9597139451565502,0.2240083187702265,7.764956418,0.012847996,17.487,7.82,0.36886239
4493,Sub-Saharan Africa,Upper Middle,21,0.6190476190476191,17.584747362762144,14.632288160085787,95.23809523809524,9.937888198757763,73.65714285714286,90.61904761904762,0.4597804048691724,,,-0.1536339915846665,0.2201922419354838,5.964148577,0.010515142,8.489,23.306,0.307255238
4506,Central and Southern Asia,Lower Middle,31,0.3225806451612903,27.353226431165226,25.988913192943297,93.12762973352034,10.659186535764375,126.85483870967742,11.345161290322583,0.9353188667476794,0.3995162003127994,0.4285586927680601,-5.309046267297294,0.0330458671875,2.518901676,0.000368821,0.0,38.080000000000005,0.625957662
4515,Latin America and the Caribbean,Upper Middle,20,0.8,22.549117211689502,14.12748287299122,94.78260869565217,8.478260869565217,30.5,143.29500000000002,0.18179495617178693,,,4.810516182666223,0.2492272727272727,6.758140673,0.015850848,33.743,2.9,0.248715432
4519,Latin America and the Caribbean,Upper Middle,37,0.7837837837837838,22.75003833252837,19.7364260713234,93.88954171562868,8.813160987074031,101.16756756756757,36.83513513513514,0.758232558164541,,,4.610402622900631,0.2727800955414012,7.581110887,0.016951927,30.764,16.851,0.380775836
452,Sub-Saharan Africa,Low income,23,0.2608695652173913,16.930922490558874,13.209098393428793,93.3837429111531,10.018903591682419,52.073913043478264,59.70869565217391,0.4856793956055776,,,-0.46785972147121163,0.1597528,6.310633136,0.007957089,1.479,19.955,0.526557778
4521,Europe,High income,26,0.5,15.691407154648688,13.439485460184445,94.64882943143813,9.531772575250836,38.06923076923077,80.26153846153846,0.33172385052577325,,,-2.42427152119877,0.212219,6.085360252,0.029691239,2.14,23.888,0.523641586
4522,Europe,High income,3,0.0,23.132509060034028,20.52510111540963,91.30434782608695,5.797101449275362,15.0,147.16666666666666,0.11200590160670419,,,4.519963366965063,0.201569865470852,10.86704639,0.024820904,15.29,12.836000000000002,0.2470386
4525,Europe,High income,28,0.7142857142857143,18.762043833183274,15.574889873097678,94.56521739130436,9.472049689440993,49.09285714285715,103.08571428571429,0.3287843249002959,,,0.08867124076130495,0.2357540769230769,9.049324029,0.036482122,3.708,9.956,0.457941749
4526,Europe,High income,21,0.42857142857142855,18.000318365551234,14.595139747991793,94.824016563147,9.523809523809524,51.03809523809524,84.20476190476191,0.3831018674046062,,,-1.0167273869532123,0.2071127142857143,7.534193466,0.023660968,4.194,26.479,0.532506839
4527,Europe,High income,18,0.5555555555555556,21.84786726999102,19.19723588690961,91.54589371980677,11.352657004830917,25.555555555555557,145.71666666666667,0.15071145916341358,,,1.8635810949658063,0.233154768115942,6.597478284,0.012937776,16.17,9.447,0.379017995
4529,Northern Africa and Western Asia,Upper Middle,10,0.7,26.31371353354505,19.243229985104286,92.17391304347827,7.391304347826086,22.660000000000004,183.48000000000002,0.11008042376229896,,,2.3094469171758156,0.2292835503875969,8.052235812,0.013939823,14.31,4.121999999999999,0.261539066
453,Sub-Saharan Africa,Low income,23,0.17391304347826086,18.03838226079692,15.169689773037696,94.32892249527411,9.262759924385634,71.05217391304348,51.55217391304348,0.6022947638757274,,,-3.1548216965814313,0.10964945,3.944257654,0.007719403,0.9,29.618,0.701199958
4530,Sub-Saharan Africa,Upper Middle,27,0.3333333333333333,20.187493122000937,17.185359998736725,95.65217391304348,10.144927536231885,82.72592592592592,81.01111111111112,0.5153637922756675,,,-1.8795372756792479,0.1847608,4.693078433,0.010149354,0.429,29.804,0.34072054
454,Sub-Saharan Africa,Lower Middle,14,0.21428571428571427,21.477311076637104,16.264552908694814,91.92546583850933,11.180124223602485,27.185714285714287,121.9,0.19338591308631678,,,-3.192506585560505,0.19580495,6.215328111,0.011364719,0.0,69.727,0.39506325
455,Sub-Saharan Africa,Low income,39,0.4358974358974359,25.79359397514196,22.333604404594695,93.42251950947603,10.479375696767,57.64102564102564,101.62051282051283,0.3734237743917176,,,-0.9798020111932759,0.3153970666666666,5.649605175,0.014459798,1.395,31.842,0.317320721
4552,Latin America and the Caribbean,Upper Middle,14,0.5714285714285714,23.187463596888986,13.251885301828882,95.03105590062113,9.316770186335404,35.43571428571429,139.3357142857143,0.21845354002518697,,,5.49405164838506,0.2617672424242424,7.295390407,0.018324916,33.443999999999996,13.424,0.210840746
4555,Latin America and the Caribbean,Upper Middle,20,0.5,26.3357274219768,21.917458341863224,93.69565217391303,9.347826086956522,52.15500000000001,129.45,0.3004016033051188,,,-1.9881844231539958,0.2125105339805825,6.566632714,0.016129594,5.975,33.932,0.425126921
4558,Europe,High income,27,0.6296296296296297,15.480912258524867,13.280164115661979,94.04186795491142,9.66183574879227,41.303703703703704,75.38148148148149,0.3642112781421674,,,-1.9347010576281476,0.22700161,6.79648393,0.023310464,1.488,23.134,0.513063602
4559,Europe,High income,9,0.7777777777777778,21.179536112058226,17.357135215762007,90.82125603864735,12.077294685990337,9.411111111111111,180.05555555555554,0.05762186231519441,,,4.633696498535443,0.2034236,11.64862723,0.019230134,16.701999999999998,2.2230000000000003,0.309684148
4562,Europe,High income,27,0.5555555555555556,18.39190465546008,14.769123574421748,93.88083735909822,9.822866344605474,46.37777777777778,96.88888888888889,0.33972241869998887,,,-0.5244119141364498,0.2420152142857143,7.042849838,0.022350065,3.3680000000000003,13.943999999999996,0.468565096
4563,Europe,High income,31,0.3870967741935484,17.60971041648621,15.039868948134782,92.84712482468443,10.659186535764375,69.54516129032258,61.78064516129032,0.5433060699684324,,,-0.6473107470161288,0.2397563333333333,8.181729733,0.025610194,2.867,20.418,0.522266882
4564,Europe,High income,14,0.6428571428571429,22.32111816931513,18.969550243493384,91.30434782608697,9.627329192546583,26.692857142857147,145.30714285714288,0.15725050062402093,,,-0.17880894519737645,0.2043485862068965,6.456981982,0.008645085,15.535,3.702,0.446005977
4566,Northern Africa and Western Asia,Upper Middle,15,0.8,21.211211928215604,19.53888589974625,94.4927536231884,10.434782608695652,45.55333333333333,128.94,0.27904876523739347,,,-2.9942159036267397,0.135343,5.270155321,0.009787887,5.165,22.259,0.463763716
4567,Sub-Saharan Africa,Upper Middle,11,0.7272727272727273,18.65832649036514,17.694830137931827,96.44268774703556,9.090909090909092,86.4090909090909,50.054545454545455,0.647895390668095,,,-1.1874174308471814,0.2243048435374149,7.126529004,0.01068959,0.861,17.478,0.48026371
4572,Sub-Saharan Africa,Low income,21,0.38095238095238093,18.250567993560423,12.794734483652833,93.16770186335404,10.351966873706003,50.27619047619047,108.96666666666667,0.32517689348268386,,,-3.5964848737626816,0.09780625,3.479058104,0.009034027,1.406,20.299999999999997,0.527585407
4576,Central and Southern Asia,Lower Middle,17,0.7647058823529411,24.683062948110695,15.71676040089656,94.37340153452685,8.951406649616368,5.870588235294118,193.35294117647058,0.03045432564281402,,,3.1881700120639502,0.2893764207650273,6.954489215,0.008824574,23.829,18.716000000000005,0.303365652
4582,Eastern and South-Eastern Asia,Lower Middle,36,0.3611111111111111,20.80844053988992,18.176169958559,94.08212560386474,9.782608695652174,89.61111111111111,35.919444444444444,0.7571335521203798,,,-0.8866383311849397,0.1466996206896551,6.177371332,0.011402455,14.374,14.027,0.42726878
4588,Northern America,High income,12,0.3333333333333333,22.51870776849735,15.103671643682546,94.92753623188406,8.695652173913043,17.708333333333332,175.76666666666668,0.09621096733615742,,,-0.30693115271112115,0.2792803404255319,7.391616452,0.017308609,0.126,9.514,0.383414735
4591,Latin America and the Caribbean,Upper Middle,47,0.48936170212765956,26.44316537589666,23.26557541735471,93.80203515263645,10.36077705827937,47.344680851063835,112.27659574468085,0.31944397302202493,,,-0.5434672097442192,0.1568735128205128,7.031481434,0.013504654,14.787,31.206000000000003,0.431333594
4593,Latin America and the Caribbean,Upper Middle,44,0.6136363636363636,26.371779417473565,23.81069534613154,95.45454545454545,8.794466403162055,70.39090909090909,63.93636363636363,0.5344940185752176,,,3.1960924155032755,0.2379642014652014,7.48292304,0.015189957,28.306,14.111000000000002,0.447077083
4595,Europe,High income,25,0.68,16.210610822041858,13.9481760501567,94.2608695652174,10.434782608695652,45.208,78.848,0.3869435111587955,,,-2.4980717995842596,0.1761169646017699,7.050680536,0.021451464,1.752,30.31,0.48018888
4599,Europe,High income,30,0.6666666666666666,18.67505365371706,14.864504305529021,93.33333333333333,10.0,45.75666666666667,96.52666666666667,0.34175007589841705,,,-1.6306235582374238,0.2194241666666666,6.377217996,0.029174596,5.338,15.081,0.488304312
4600,Europe,High income,22,0.6363636363636364,18.51617354030162,14.51625934687694,94.86166007905139,9.486166007905139,37.05909090909091,97.76818181818182,0.2780966069552766,,,-0.25252395786246157,0.2183992,8.673654777,0.027085599,3.55,16.16,0.469815179
4601,Europe,High income,14,0.2857142857142857,21.090862478528727,17.795800796613758,91.61490683229815,10.248447204968944,22.264285714285712,147.65000000000003,0.13310286372221,,,-1.6135529349595448,0.1845333913043478,5.636373398,0.009708562,11.62,6.647,0.481424357
4604,Sub-Saharan Africa,Upper Middle,32,0.40625,19.0381317488469,15.651196327227883,94.42934782608695,10.461956521739129,65.053125,99.096875,0.40295995735296064,,,0.4808441945206152,0.2257240406504065,5.645485682,0.01287028,11.221,26.634,0.244954458
4605,Northern Africa and Western Asia,Lower Middle,13,0.3076923076923077,25.21836759894375,20.49136807850919,91.63879598662207,11.036789297658864,0.02307692307692308,212.04615384615383,0.00010410870632773846,,,3.846214998592755,0.2196757071428571,10.45422715,0.01922719,24.506,28.496,0.267405375
461,Sub-Saharan Africa,Low income,23,0.782608695652174,20.668427633315485,17.07786286589938,92.81663516068052,9.829867674858223,56.82608695652174,100.7913043478261,0.4146472922060419,,,2.015925384015007,0.2565359558823529,5.842249417,0.014106799,20.639,11.729,0.305033973
4621,Eastern and South-Eastern Asia,Lower Middle,28,0.5,27.305352459178582,25.221393268199908,94.40993788819875,10.403726708074533,92.05357142857143,52.42142857142857,0.6605469534745964,,,-2.794105470981492,0.1269725698924731,5.284094363,0.004807559,0.079,41.058,0.409439952
4627,Latin America and the Caribbean,Upper Middle,21,0.09523809523809523,20.778519491672398,19.30062364468477,95.03105590062111,10.144927536231885,90.9095238095238,30.55714285714286,0.7639246588448103,,,1.5036592173841963,0.1664827058823529,7.649058309,0.014172927,19.575,7.758,0.453136614
4628,Latin America and the Caribbean,Upper Middle,48,0.4583333333333333,26.319463713630384,23.387966503233148,93.1159420289855,11.050724637681158,44.43958333333333,110.575,0.3089749231726989,,,2.675956435382834,0.2512361917808219,6.563873865,0.015904223,28.128,11.578,0.432876033
463,Sub-Saharan Africa,Lower Middle,36,0.4722222222222222,18.943612436718404,14.650928551351361,93.35748792270532,9.178743961352657,60.67777777777778,105.68055555555556,0.39100840043222207,,,-1.5566806813165723,0.1598675217391304,4.773626008,0.006446443,1.783,2.9190000000000005,0.581871001
4636,Europe,High income,25,0.84,19.320160867497265,15.350493875173031,93.04347826086956,9.565217391304348,39.452000000000005,108.704,0.27641229243899157,,,-0.4324110095883488,0.2342840483870967,8.069601302,0.020618868,3.568,14.303,0.468334304
4637,Europe,High income,23,0.6086956521739131,17.92323833559716,14.746191412978622,93.76181474480153,10.018903591682419,38.38260869565217,96.16521739130435,0.28959854393434264,,,-1.059172376349997,0.217617,7.769681026,0.030637466,3.533,14.284,0.51153568
4641,Sub-Saharan Africa,Upper Middle,26,0.5769230769230769,18.3189305257418,16.01073332252869,93.31103678929766,10.535117056856187,88.60384615384616,77.38076923076923,0.5486825570026851,,,-1.1742633483310279,0.2476436164383561,5.7375413,0.012712397,0.327,34.396,0.373428692
4644,Europe,Upper Middle,22,0.8636363636363636,19.724909055678086,16.07408459708385,93.67588932806325,9.486166007905139,57.154545454545456,78.39545454545454,0.44392283198387245,,,-0.8275220989517199,0.1912799310344827,9.838138971,0.022964362,2.1710000000000003,21.328000000000003,0.473260518
4664,Latin America and the Caribbean,Upper Middle,39,0.6666666666666666,9.635105088596326,7.933478095901956,94.7603121516165,9.698996655518394,57.02564102564103,50.05384615384616,0.5498487679835106,,,3.101582359730819,0.2343680714285714,7.907751716,0.020445819,23.308,11.904,0.421158014
4666,Latin America and the Caribbean,Upper Middle,26,0.5769230769230769,23.28234922335557,19.620239632372837,93.1438127090301,9.698996655518394,64.49230769230769,103.5576923076923,0.39921668468139504,,,2.1924988652352644,0.2902001990049751,7.033397125,0.014907317,20.419,20.778,0.443295513
4669,Europe,High income,23,0.34782608695652173,13.929350662231464,12.366149218130376,94.51795841209831,8.506616257088847,46.02173913043478,53.6,0.4875490172388231,,,-0.7194589458488914,0.26509752,6.954579234,0.020842813,3.458,19.204,0.473677325
467,Northern Africa and Western Asia,Upper Middle,12,0.75,19.475575694194077,15.281543970788464,95.28985507246377,9.420289855072463,26.608333333333334,136.25,0.1671290932115279,,,2.616531450056108,0.2334873642384106,12.7415011,0.024296369,9.804,13.151,0.334605046
4670,Europe,High income,10,0.5,23.189642404255107,17.66955878703211,93.91304347826087,10.434782608695652,13.819999999999999,173.45999999999998,0.0790444935278283,,,2.773689078942608,0.2067189565217391,9.419592631,0.021473161,6.176,16.545,0.319114756
4673,Europe,High income,27,0.6666666666666666,19.543191773550873,15.445716650268126,92.5925925925926,9.983896940418678,33.44074074074074,118.0037037037037,0.22805371183395082,,,2.7507033848120512,0.3048765294117647,10.07390261,0.021554254,6.484999999999999,6.45,0.389097846
4674,Europe,High income,22,0.8181818181818182,17.552871063343286,14.96660582254268,94.86166007905139,10.276679841897232,52.118181818181824,76.02727272727272,0.4188965979847591,,,-1.3929765244363266,0.2106730862068965,7.410673786,0.024708319,2.572,19.677,0.509753588
4675,Europe,High income,18,0.5,21.732099840376137,17.80782980475694,92.7536231884058,11.83574879227053,24.916666666666668,145.9277777777778,0.14814657801798103,,,-1.9084660158642865,0.150109,6.086260002,0.012884503,9.68,12.266,0.550375335
4700,Latin America and the Caribbean,Upper Middle,14,0.5,23.149680133382407,13.828782878915352,93.7888198757764,10.869565217391303,34.7,142.35714285714286,0.20950027467311108,,,4.28885039126125,0.2481038,6.572872912,0.014388094,37.082,20.133,0.228045252
4701,Latin America and the Caribbean,Upper Middle,15,0.4,20.350912164065083,18.834698666892304,93.91304347826086,9.27536231884058,93.92,20.40666666666667,0.8414568710688796,,,4.480817829331398,0.2146572388059701,10.54127445,0.018410509,34.368,25.024,0.498965271
4706,Europe,High income,24,0.4583333333333333,14.665902181912612,12.830888023384789,94.56521739130436,9.239130434782608,42.73333333333333,68.89583333333333,0.3878919987293939,,,-2.3198610172441017,0.2034841095890411,6.965818453,0.020977725,1.503,28.155,0.534532179
4711,Europe,High income,25,0.64,17.645286395313317,14.661001963283605,95.1304347826087,10.434782608695652,54.448,79.184,0.4188596159121196,,,-0.6536962713498247,0.216610025,7.425619705,0.032351589,4.21,20.468,0.496319241
4715,Sub-Saharan Africa,Upper Middle,16,0.375,20.344324902927195,19.063692060779246,96.73913043478261,9.51086956521739,80.93125,51.10625,0.6310790691970948,,,-1.5998471636324687,0.1951136774193548,7.011958126,0.009705086,0.028,25.171,0.500846746
4720,Sub-Saharan Africa,Low income,20,0.75,17.43185057640078,11.87991350995706,94.34782608695653,10.217391304347824,41.68,115.71,0.27025966618406994,,,-1.6536775663717829,0.1541916296296296,5.484408824,0.011616098,10.259,25.923999999999996,0.434476349
4726,Central and Southern Asia,Lower Middle,17,0.35294117647058826,24.28294477668011,20.290739247324026,93.86189258312021,10.230179028132993,48.73529411764706,131.78823529411764,0.28099756008701504,5.392545937091504,6.752548377462645,-1.346047445692688,0.1369971153846154,4.70325524,0.003964674,13.261,24.214,0.370311154
4737,Latin America and the Caribbean,Upper Middle,14,0.35714285714285715,23.56592163180712,13.808572030460681,94.72049689440995,10.559006211180122,32.878571428571426,140.20000000000002,0.20392346316543844,,,4.88388824925172,0.2801554545454545,7.674785156,0.018580425,26.369999999999997,10.037,0.199694225
4738,Latin America and the Caribbean,Upper Middle,23,0.6521739130434783,19.863818525505565,18.599455829449713,93.5727788279773,8.695652173913043,63.96521739130435,55.88260869565217,0.5462399580670381,,,1.819432281227532,0.1823482727272727,7.429280236,0.01585918,28.572,23.771,0.515264736
4739,Latin America and the Caribbean,Upper Middle,32,0.4375,25.431884803771993,21.973944531130403,94.56521739130434,9.51086956521739,74.759375,94.321875,0.4541574271858467,,,-1.1313714036352123,0.2664494166666666,7.105330381,0.015775045,3.307,14.666,0.491886929
4742,Europe,High income,22,0.45454545454545453,15.09885775632839,13.100589968275784,95.25691699604744,8.10276679841897,38.15909090909091,74.18636363636364,0.3514997898834108,,,-2.204107674347344,0.2211545365853658,6.430978607,0.021766421,1.27,24.443,0.511782062
4747,Europe,High income,22,0.5454545454545454,18.070630477793625,14.514504670576985,95.0592885375494,8.695652173913043,37.050000000000004,93.2,0.28907111830681226,,,-1.4068925193806698,0.2014259718309859,7.453246364,0.030085498,3.4379999999999997,21.536,0.504547718
4751,Sub-Saharan Africa,Upper Middle,29,0.4482758620689655,18.970713260714884,15.837611585474255,93.7031484257871,9.89505247376312,85.38620689655173,72.49655172413793,0.5504350511216557,,,0.0596986895196977,0.254699447368421,5.572539277,0.014882337,5.383,24.297,0.241247221
4754,Europe,Upper Middle,19,0.7368421052631579,21.970796254190322,17.16037416774302,90.8466819221968,10.755148741418763,30.900000000000002,137.61052631578946,0.18914134049705986,,,0.8147005012579509,0.2135481818181818,8.267795584,0.013345723,4.313,7.871,0.323664224
4762,Central and Southern Asia,Lower Middle,30,0.43333333333333335,28.565188279421825,22.157796241907608,92.46376811594203,10.144927536231883,30.923333333333336,169.71666666666667,0.15665608247818094,0.2495642100531524,0.3165481714510055,-4.095738672789695,0.0630786949152542,2.796470106,0.00230879,1.626,21.924,0.464438444
4768,Eastern and South-Eastern Asia,Lower Middle,31,0.45161290322580644,26.964274812477516,25.177327485902744,93.96914446002805,10.518934081346423,83.81612903225808,60.73548387096775,0.601915686965534,,,-3.1843262578739466,0.127460547112462,5.083528522,0.006622926,0.466,35.534,0.527119523
4772,Northern America,High income,14,0.7142857142857143,20.4173214277533,14.705002470105788,92.85714285714286,11.490683229813666,40.042857142857144,132.27142857142857,0.23983572215359547,,,-0.5797371933770072,0.2318185563909774,7.947545185,0.021217788,2.1199999999999997,14.627000000000002,0.449353014
4775,Latin America and the Caribbean,Upper Middle,20,0.7,24.415424502054908,20.46207104843883,93.69565217391303,8.043478260869566,69.995,103.12,0.41973418819554825,,,-1.6030451296005495,0.241098,6.841866853,0.016525375,3.238,13.377,0.540112417
4776,Latin America and the Caribbean,Upper Middle,41,0.5365853658536586,25.48538581343066,20.982752961520234,95.86426299045598,9.331919406150583,82.24146341463415,62.048780487804876,0.5980343902463139,,,4.112951243169154,0.2689122692307692,6.780784121,0.01723156,32.137,16.273000000000003,0.370311494
4778,Europe,High income,24,0.5833333333333334,13.913297858178241,12.431306391974656,94.0217391304348,9.601449275362318,51.70416666666667,50.458333333333336,0.5251839389478142,,,-1.932582498852081,0.2491158235294117,5.996114161,0.021352025,2.974,19.558,0.521017886
4782,Europe,High income,27,0.8888888888888888,19.259284788073114,15.392316480277787,93.39774557165862,10.789049919484702,40.096296296296295,106.79629629629629,0.2798188256625967,,,0.3432091094133263,0.2232668771929824,9.736470705,0.024360467,4.546,20.44,0.431490559
4783,Europe,High income,22,0.7272727272727273,18.681527955925443,14.602058984023023,94.66403162055336,10.276679841897232,37.56818181818182,95.64090909090909,0.2840365808373013,,,1.6836489831931885,0.255166,9.874989605,0.031853167,3.996,13.219,0.422107149
4787,Sub-Saharan Africa,Upper Middle,17,0.5882352941176471,22.87341183140126,21.265995577346086,91.56010230179028,9.718670076726342,78.83529411764707,49.90588235294118,0.625239076814935,,,-0.16333989956309863,0.2320180198265179,9.835914255,0.012898982,0.674,19.408,0.516618908
4789,Europe,Lower Middle,18,0.6111111111111112,21.937204997335883,15.405110622115055,92.51207729468598,13.768115942028984,30.06666666666667,134.92777777777778,0.18364046014189117,,,0.11617560216640921,0.2556508048780487,9.30187145,0.015302064,2.437,9.59,0.48686945
4809,Latin America and the Caribbean,Upper Middle,15,0.6,19.53594541255415,11.289989990424905,91.8840579710145,10.144927536231883,38.39333333333334,134.61333333333334,0.24765774874094912,,,3.5356446894517752,0.201901,10.20765711,0.017580268,24.419,2.241,0.260889475
4811,Latin America and the Caribbean,Upper Middle,25,0.6,24.76096927246092,21.06678262804592,95.1304347826087,8.347826086956522,64.464,108.652,0.38148889143509734,,,-3.0348170272347867,0.191441,6.376711844,0.014384944,0.853,22.555,0.604217473
4814,Europe,High income,28,0.5357142857142857,15.361331236481272,13.23753901754489,93.7888198757764,9.782608695652174,42.775,72.60714285714286,0.38589137529094614,,,-2.7638730457065295,0.2085123461538461,5.823729804,0.016704211,1.006,21.830999999999996,0.513387502
4819,Europe,High income,20,0.75,18.407763905669707,14.746716355453941,95.65217391304347,8.695652173913043,36.635000000000005,94.31,0.28567535200969946,,,-0.4116387543976967,0.2144141388888888,8.227210979,0.026757797,4.47,24.155,0.474977943
4826,Europe,Upper Middle,21,0.7619047619047619,24.231143041619685,17.794280235720286,92.33954451345755,9.937888198757763,24.495238095238093,147.05714285714288,0.14620777776424884,,,0.0711305780198972,0.3028545833333333,6.850859037,0.012556517,2.18,5.158,0.387683404
4833,Central and Southern Asia,Lower Middle,26,0.6153846153846154,27.09548047323818,21.84138242509859,93.47826086956522,8.695652173913043,40.05769230769231,149.17307692307693,0.2177093495615156,0.953928799337506,1.2029799731526003,-4.514100921080136,0.0767911525423728,2.981216453,0.002480834,2.333,33.941,0.438219893
4834,Central and Southern Asia,Lower Middle,25,0.72,28.404205466873368,22.62760118872935,93.21739130434781,10.26086956521739,59.604,124.04,0.36210433079426524,,,-0.3423473995159173,0.2063845161290322,5.6794127,0.014154137,16.282,35.209,0.323387818
4839,Eastern and South-Eastern Asia,Lower Middle,29,0.5517241379310345,27.48538672745776,24.770236450178867,92.80359820089956,10.644677661169414,94.50689655172415,59.3448275862069,0.6336009204932735,,,-1.2193937024248969,0.2003499417475728,5.858401978,0.011278058,4.12,14.209,0.491879565
4841,Eastern and South-Eastern Asia,High income,15,0.6,20.715540937830205,20.317863420294675,95.07246376811594,8.695652173913043,96.28,23.586666666666666,0.8230630277488492,,,3.7746697615484512,0.2844442142857142,9.695907206,0.021185237,16.346999999999998,14.454,0.367076909
4844,Latin America and the Caribbean,Upper Middle,16,0.5,22.876084907238322,13.586818443232715,94.56521739130434,10.054347826086955,26.7375,149.36875,0.15978029123872928,,,5.0388786730965185,0.2948506,6.546699414,0.017663517,33.788,12.056,0.21104896
4847,Latin America and the Caribbean,Upper Middle,41,0.5365853658536586,24.714223740627798,20.614153400483307,95.22799575821846,10.07423117709438,88.9219512195122,54.51219512195122,0.6513902705590257,,,9.578446248337606,0.3579557857142857,7.99878787,0.019351685,51.374,5.465999999999999,0.32284997
4848,Europe,High income,24,0.5,14.673240042050688,12.964640296511943,94.92753623188406,9.057971014492752,44.291666666666664,63.5,0.4285785114779865,,,-3.1204046764315247,0.1983088292682926,6.09015783,0.017758798,0.391,30.614,0.527624459
4852,Europe,High income,25,0.6,15.700400605338007,13.816288081889283,94.43478260869566,9.391304347826086,86.164,39.752,0.7025322479802234,,,-2.750532444592958,0.1871413333333333,7.212313341,0.023315982,2.05,29.137,0.574675059
4858,Europe,Upper Middle,20,0.55,22.787504452365937,17.803026249887473,90.8695652173913,10.869565217391305,27.535000000000004,138.225,0.17437380831554455,,,-0.8487985616990832,0.2673205789473684,6.785842468,0.016488749,2.606,6.180000000000001,0.428681625
4861,Sub-Saharan Africa,Low income,20,0.35,14.97309379577639,10.886607670322489,94.34782608695653,8.478260869565217,48.425,101.99000000000001,0.3377572228786558,,,-1.0746617707455388,0.2069215121951219,5.729793249,0.009387406,2.563,19.784,0.356638697
4867,Central and Southern Asia,Lower Middle,19,0.5789473684210527,26.643693947373805,22.302939901620306,93.1350114416476,11.441647597254004,109.96315789473685,59.557894736842115,0.6977452014056459,,,-3.2121871986531354,0.1818119130434782,4.963235414,0.005234254,2.513,21.435,0.365468867
4868,Central and Southern Asia,Lower Middle,31,0.2903225806451613,27.510379010280044,26.07002241867973,93.68863955119214,10.37868162692847,126.20322580645161,13.274193548387096,0.9250582585102692,0.5275280975814312,0.5630869579338289,-4.813819408257515,0.0543508181818181,3.045173845,0.001784288,0.233,33.224,0.582075443
4874,Eastern and South-Eastern Asia,High income,21,0.42857142857142855,24.78096485250946,23.183917401423656,93.37474120082815,10.144927536231885,120.13333333333334,30.109523809523814,0.8037832374690603,,,3.710788597365017,0.2415095674157303,10.80455063,0.019362653,17.894,23.728,0.302741937
4877,Latin America and the Caribbean,Upper Middle,24,0.4166666666666667,20.342253274184028,13.606465571330881,93.29710144927536,10.326086956521738,34.50833333333333,137.36666666666667,0.20837624839458616,,,3.255879578278358,0.2481799166666666,6.825622317,0.014760834,24.553,4.628,0.244391703
4880,Latin America and the Caribbean,Upper Middle,27,0.2962962962962963,24.38841189740389,18.12409946037042,93.0756843800322,10.628019323671497,62.7037037037037,86.02962962962964,0.43689336268861,,,3.873520314290125,0.2822432777777778,6.273790251,0.017009675,26.289,11.433,0.379236697
4881,Europe,High income,22,0.45454545454545453,14.637483910434389,12.810814359732609,95.25691699604744,8.695652173913043,42.75000000000001,67.33636363636364,0.39331546651359334,,,-3.029378947439099,0.2031387058823529,5.929357492,0.018136223,1.085,25.231,0.548995901
4882,Europe,High income,18,0.6111111111111112,20.437682331932933,18.037534972586975,92.7536231884058,10.144927536231883,33.22777777777778,144.28333333333336,0.19350529281862894,,,5.114728601001235,0.2326887272727272,10.2845165,0.022307045,18.238999999999997,11.902,0.307782049
4885,Europe,High income,23,0.8260869565217391,17.541055648719617,14.912247046066355,93.95085066162572,11.342155009451796,46.765217391304354,79.1086956521739,0.3905541620229519,,,-2.244098187419839,0.1836288125,7.522104868,0.023784838,2.5940000000000003,28.437,0.470712698
4909,Northern America,High income,12,0.5833333333333334,21.103339359814772,14.822626863528491,92.02898550724638,10.144927536231883,17.59166666666667,155.28333333333333,0.1052422997625501,,,-0.9169029957092412,0.2227399565217391,8.0284966,0.020752016,1.193,17.801,0.454065072
4910,Latin America and the Caribbean,Upper Middle,17,0.5882352941176471,16.537799741995308,11.72728833758054,94.8849104859335,8.43989769820972,45.86470588235294,117.52941176470588,0.2909147313505337,,,4.201477305147635,0.2639099285714286,6.668713611,0.018001241,25.091,1.929,0.273594927
4913,Latin America and the Caribbean,Upper Middle,45,0.2,25.36569820295065,20.736850746157284,95.45893719806764,9.178743961352657,79.87555555555556,63.86888888888889,0.5865766794030016,,,5.157635513839619,0.2985825769230769,6.882567941,0.018804889,35.202,11.459,0.344346074
4914,Europe,High income,24,0.6666666666666666,14.939038963507356,13.044500748293869,94.7463768115942,9.057971014492752,39.12916666666667,72.16666666666667,0.3555791675830695,,,-4.06358550601888,0.1675636279069767,5.627482979,0.014673699,0.111,38.534,0.530049163
4915,Europe,High income,14,0.7142857142857143,22.232059029170475,20.023829843654372,94.09937888198758,9.937888198757763,41.478571428571435,128.02857142857144,0.24689737767796882,,,-0.017404295186347563,0.182354947368421,9.725783195,0.018858154,4.212,27.5,0.426799536
4918,Europe,High income,25,0.76,17.87167763688833,14.116306126110665,93.39130434782608,10.434782608695652,38.98,94.66799999999999,0.2972734471564635,,,-1.4464377169388885,0.2075800434782608,7.097782381,0.029711801,2.847,18.422,0.464418781
4923,Sub-Saharan Africa,Upper Middle,43,0.3953488372093023,23.08961547141854,19.206804915310414,94.74216380182003,10.010111223458038,68.6325581395349,96.58372093023257,0.427878290677485,,,-1.094149256124337,0.2170597333333333,6.942354811,0.011555079,3.125,4.531,0.435570313
493,Eastern and South-Eastern Asia,Upper Middle,43,0.4186046511627907,25.89249479747634,22.5827730150876,94.13549039433772,9.908998988877654,89.54651162790698,65.45581395348837,0.6070747562794547,,,-0.009317778748159977,0.2021533793103448,6.366386594,0.017730096,14.589,6.5,0.461810541
4932,Central and Southern Asia,Lower Middle,20,0.7,28.21470252037051,23.89693577488577,93.91304347826087,10.217391304347824,87.39,91.245,0.5376265370933742,,,-1.9773046255634341,0.1783528260869565,5.080303567,0.00904339,9.361,30.806,0.352763454
4941,Northern America,High income,12,0.8333333333333334,21.422884234212802,15.477254963531825,91.66666666666667,10.869565217391305,39.94166666666667,122.5,0.24542874346303353,,,-0.571218141000006,0.2224940957810718,9.147286172,0.021451917,1.879,20.897,0.485351839
4942,Latin America and the Caribbean,Upper Middle,15,0.3333333333333333,22.965819578433184,13.724203851230008,95.07246376811595,9.855072463768115,21.893333333333334,154.38666666666668,0.12927557498615355,,,5.325263893755926,0.2905251818181818,7.211474747,0.021488994,28.081,11.25,0.211730235
4943,Latin America and the Caribbean,Upper Middle,46,0.391304347826087,25.69028629226591,20.143867072761434,94.32892249527411,9.073724007561436,82.54130434782608,61.80434782608695,0.5935007183171134,,,3.319534669799932,0.2386252192982456,8.501830338,0.018661826,26.593,14.911,0.380767043
4945,Latin America and the Caribbean,Upper Middle,27,0.7407407407407407,24.07054112254862,17.663427357658364,92.914653784219,9.66183574879227,59.7888888888889,90.9888888888889,0.4114044976374974,,,4.855018026057213,0.2767012052730697,7.373567976,0.017244703,30.991999999999997,14.986,0.375722251
4946,Europe,High income,22,0.3181818181818182,16.13613508768056,13.964230634096237,93.67588932806325,10.474308300395256,43.972727272727276,75.80454545454546,0.38148444998337944,,,-2.576815508122151,0.1908495925925926,6.413716491,0.020242023,3.107,26.102,0.561704787
4950,Europe,High income,23,0.6521739130434783,18.302253970000628,14.588737308038173,94.7069943289225,10.207939508506616,43.63478260869565,84.99130434782609,0.3407758730212212,,,1.227344852760877,0.24833388,8.703105695,0.024474459,4.362,13.275,0.427968819
4952,Sub-Saharan Africa,Low income,29,0.4482758620689655,23.41242896001264,21.035801196623574,94.4527736131934,10.794602698650674,65.19310344827586,72.4793103448276,0.5055085696443479,,,-2.595332824071633,0.223652276119403,5.808083276,0.01448797,0.349,57.22899999999999,0.569009595
4955,Sub-Saharan Africa,Upper Middle,31,0.4838709677419355,21.69688256049408,19.16551453133703,93.54838709677419,9.67741935483871,71.19677419354838,78.33870967741936,0.4882889223620367,,,-0.7964478112894782,0.2581143055555555,7.343532623,0.009970024,1.187,12.632,0.432365412
4958,Sub-Saharan Africa,Low income,18,0.6111111111111112,18.17802171707156,13.300279593082866,93.47826086956522,9.66183574879227,65.74444444444445,90.01666666666667,0.44946708037388994,,,-5.001867684806189,0.1261584545454545,4.040079121,0.006855416,0.541,53.18,0.463365347
4965,Central and Southern Asia,Lower Middle,31,0.1935483870967742,27.775713051006413,26.037239752113074,94.109396914446,10.799438990182328,115.08387096774193,27.603225806451615,0.8377519722283127,1.4609233733246902,1.5462315601608123,-2.9873740350636386,0.0641617857142857,2.623473336,0.000805638,0.0,14.433,0.559155258
4973,Latin America and the Caribbean,Upper Middle,19,0.5789473684210527,17.706487740582315,12.141390855570474,94.50800915331808,10.068649885583524,49.55263157894737,107.67368421052633,0.3327953873110179,,,1.463628410205548,0.2161632,6.722018948,0.015706208,21.64,13.925000000000002,0.459275283
4974,Northern America,High income,14,0.35714285714285715,20.325906763972576,15.936735557220661,92.54658385093168,10.869565217391303,34.32857142857143,97.13571428571429,0.27003454159939955,,,-0.21692620482841035,0.2139849319371727,8.89257396,0.022855227,0.981,13.832,0.424491768
4978,Europe,High income,16,0.5,21.516486257511186,19.252337846092352,94.29347826086956,10.054347826086957,38.625,129.34375,0.23981321228431354,,,4.0180042880877584,0.2147104285714285,10.17823126,0.027894299,23.091,10.132,0.349701955
498,Australia and New Zealand,High income,13,0.38461538461538464,22.842267008243372,16.49460345803041,93.97993311036788,11.036789297658864,16.93076923076923,200.94615384615386,0.08818369630316959,,,0.8433528037941039,0.2538508737244898,8.711600412,0.019189386,5.233,12.491,0.312687907
4981,Europe,High income,25,0.76,18.25695874658975,14.57114358137861,94.43478260869566,10.08695652173913,49.224,86.82800000000002,0.36542240959858785,,,0.7262990262517258,0.2202869590643275,9.560600846,0.024697945,7.111000000000001,21.244000000000003,0.450685805
4986,Sub-Saharan Africa,Upper Middle,33,0.3333333333333333,21.680447609557785,18.97973352716707,93.54413702239789,9.354413702239787,71.86666666666666,78.74545454545455,0.490209032614462,,,-0.084039487742266,0.2423625526315789,7.011505773,0.01363348,0.203,9.146,0.397913538
4987,Europe,Upper Middle,20,0.7,22.891266681768982,15.70323358353005,94.78260869565217,11.521739130434781,25.03,160.685,0.13841972752694567,,,1.8908232464926105,0.2655041526315789,10.2955,0.019883946,8.738,15.766,0.404531727
4994,Central and Southern Asia,Lower Middle,32,0.375,28.469829710040806,22.68082317661988,92.66304347826087,9.375,37.8375,147.784375,0.2085069275224718,1.6354756855274528,2.0611000708135205,-4.338312688321959,0.0790327741935483,3.260084277,0.002555058,4.227,37.480999999999995,0.405685345
5008,Europe,High income,25,0.64,14.727472195175462,12.888608520175758,94.78260869565219,9.391304347826086,42.588,64.11200000000001,0.4155541990094073,,,-1.5840213890733181,0.2339212352941176,6.419358951,0.022085764,1.928,23.682,0.46498112
5012,Europe,High income,26,0.38461538461538464,18.176161652047544,14.471236475066316,94.31438127090301,9.866220735785951,54.00769230769231,76.26923076923077,0.4167394223433961,,,-1.9344655358202854,0.1820083333333333,8.174956612,0.02763974,3.2249999999999996,32.627,0.519009705
5020,Sub-Saharan Africa,Low income,19,0.42105263157894735,16.53280519184316,11.609068001346918,94.73684210526316,9.153318077803203,54.305263157894736,96.41578947368421,0.3805586959522928,,,-5.082054964864591,0.1332295,4.112435942,0.01054831,1.063,59.515,0.510941386
5025,Central and Southern Asia,Lower Middle,31,0.5161290322580645,29.27685226716073,22.3858164573454,93.8288920056101,10.378681626928472,31.799999999999997,162.30322580645162,0.16757139205543864,1.3572098938671455,1.7107542110280356,-1.9424058438270468,0.12487658,4.114891083,0.005019105,11.899,20.568,0.381735915
5029,Eastern and South-Eastern Asia,Lower Middle,19,0.47368421052631576,28.263217487302175,24.783839524505222,91.99084668192219,11.212814645308924,84.36842105263158,85.5,0.5276372390530591,,,-1.406920918184764,0.1857909651376146,6.857419667,0.014632188,5.14,15.25,0.479430978
5039,Europe,High income,27,0.4444444444444444,15.419950075502774,13.231159019761732,94.04186795491142,9.017713365539452,42.35925925925926,71.6962962962963,0.3887018879016786,,,-2.360940333386294,0.2148761428571428,6.178891286,0.017911423,1.159,23.815,0.536912118
5043,Europe,High income,28,0.9285714285714286,18.059104960327538,15.003386015798133,93.47826086956522,10.869565217391303,65.51071428571429,71.93571428571428,0.48829139388862103,,,-0.7042553965345251,0.21751239,8.346069637,0.032379689,3.5870000000000006,21.191000000000003,0.459672352
5048,Sub-Saharan Africa,Upper Middle,32,0.59375,22.13579934013861,19.823521557081992,92.79891304347827,10.733695652173912,61.13125,89.353125,0.4190584271133754,,,-0.4122329213493534,0.2912256,7.192454287,0.011494244,0.421,6.0840000000000005,0.374813403
5062,Eastern and South-Eastern Asia,Lower Middle,29,0.3448275862068966,27.0998125215442,25.451250061438422,93.25337331334333,10.344827586206897,81.06206896551724,64.86551724137931,0.5768488671908957,,,-2.8875111396191224,0.1781037878787879,5.37306944,0.009875415,1.71,20.721,0.484843642
5070,Europe,High income,24,0.4583333333333333,15.214283496342093,13.07053197199111,94.7463768115942,8.876811594202898,34.825,80.85000000000001,0.30974529475217455,,,-2.1375265437069224,0.2186378988764045,6.984879083,0.023457598,2.139,25.278,0.511379791
5071,Europe,High income,12,0.3333333333333333,22.80075270383244,20.706146427801357,94.20289855072464,8.333333333333334,32.125,136.28333333333333,0.1930020939774427,,,4.506190770322087,0.2219239520547945,11.52677593,0.027069183,16.427999999999997,13.783,0.308301603
5074,Europe,High income,26,0.9230769230769231,18.928618190714683,15.083239610716786,94.81605351170569,10.702341137123746,35.06153846153846,100.6,0.2645265825990867,,,-1.225838333083337,0.2166871428571428,7.87880338,0.028495381,1.121,16.133,0.482250268
5079,Sub-Saharan Africa,Upper Middle,35,0.34285714285714286,23.55352483560753,20.978630442201233,92.29813664596273,9.937888198757765,57.408571428571435,87.84,0.41042275873647327,,,-1.2712044663536346,0.2694161025641026,5.833452909,0.015714685,2.446,16.089,0.355387694
5080,Europe,Upper Middle,18,0.8333333333333334,23.970740861990862,17.814240320468183,92.7536231884058,10.144927536231883,27.305555555555557,146.0611111111111,0.16313159229411736,,,1.2503029341515561,0.2613085067264574,9.014364083,0.020279708,7.543,14.616,0.375929841
5089,Central and Southern Asia,Lower Middle,32,0.25,27.767593013290096,26.06101034556524,94.29347826086956,11.141304347826086,117.21875,27.540625,0.8382752388937011,0.2574130709417292,0.2785829971050171,-4.207319459733952,0.0438893939393939,2.826930096,0.000560235,0.111,25.351,0.56486821
509,Latin America and the Caribbean,Upper Middle,32,0.34375,23.646060356727034,21.90023483008356,95.1086956521739,8.831521739130434,114.59375,42.671875,0.740556962241355,,,-1.7032408973943145,0.18843025,6.435615321,0.012302889,6.292,22.818,0.567893328
5097,Latin America and the Caribbean,Upper Middle,17,0.7647058823529411,21.324906454138556,13.662858917270201,96.9309462915601,9.718670076726342,22.01764705882353,153.04117647058825,0.12886339372265873,,,7.447301311222693,0.3163464260355029,8.324959085,0.023723237,35.068999999999996,5.078999999999999,0.205596079
5098,Northern America,High income,16,0.6875,19.619352201506654,15.421067769483582,92.66304347826087,10.326086956521738,36.63125,96.89375,0.2804746771965455,,,-1.4102128476218687,0.1766193579697239,9.16417028,0.022665258,1.998,26.889,0.503994537
510,Latin America and the Caribbean,Upper Middle,29,0.3793103448275862,23.25256969318247,19.84854901266842,94.15292353823088,10.644677661169414,100.21724137931035,52.57241379310345,0.6712084471926064,,,-0.04752248190434555,0.2030303243243243,6.383563399,0.015511067,17.437,25.844,0.550973353
5101,Europe,High income,22,0.7272727272727273,14.888948722738734,12.979400466453944,93.87351778656127,10.079051383399209,47.75454545454546,57.809090909090905,0.4691809593882329,,,-1.7094268141222577,0.2280090129870129,6.033210617,0.018706515,1.107,27.889999999999997,0.439427062
5102,Europe,High income,18,0.7777777777777778,20.941435683719725,18.71436237711257,93.23671497584542,10.869565217391305,30.511111111111113,139.95555555555558,0.18804998686184032,,,3.470997139430832,0.2439193333333333,9.591181448,0.018142843,8.402,15.488,0.311326108
5106,Europe,High income,18,0.6111111111111112,22.50996165111813,18.231984149462374,92.02898550724638,9.420289855072463,37.85,127.68333333333334,0.24450898681441485,,,1.1181778856781412,0.1591859545454545,9.721829107,0.015772147,14.017,12.064,0.434048286
511,Latin America and the Caribbean,Lower Middle,32,0.46875,24.428211898442825,22.970850450397432,95.5163043478261,7.608695652173912,78.35000000000001,87.6125,0.49497355620305533,,,-0.40718260104833337,0.1952070379146919,7.011299426,0.013669216,9.416,20.984,0.463667413
5119,Central and Southern Asia,Lower Middle,32,0.46875,27.714138227820612,26.210343329035382,94.42934782608695,10.597826086956522,123.140625,16.609375,0.9020350200848664,1.0005767133020538,1.0612748609733589,-6.109096436037632,0.0433685396226415,2.743798301,0.002218002,0.052,50.80299999999999,0.560326491
5125,Eastern and South-Eastern Asia,High income,21,0.47619047619047616,24.797857443327022,22.71772595138156,93.99585921325053,10.351966873706003,114.92380952380952,41.94761904761905,0.735255028892454,,,2.3436122922454463,0.2481091137026239,10.29721423,0.021083368,13.878,12.798,0.371583624
5127,Latin America and the Caribbean,Upper Middle,20,0.65,27.759662939218394,17.89171839214094,93.04347826086956,11.521739130434781,47.42,125.65,0.2807407647961833,22.645413922789356,19.82189297734035,0.5596856441526294,0.2202529259259259,7.026606762,0.018742502,14.027,11.221,0.366407683
5128,Northern America,High income,16,0.5625,20.05534892823963,15.665268413759783,92.93478260869566,10.054347826086955,34.362500000000004,108.30000000000001,0.24946073802849203,,,-1.2269103657296427,0.2034152777777777,7.717682798,0.020201844,0.599,20.276,0.47982527
5131,Europe,High income,27,0.4444444444444444,15.936241242739664,13.72015807579237,94.04186795491142,9.500805152979066,45.03333333333334,78.50740740740741,0.37412889499776325,,,-2.836660943679639,0.1811367659574468,7.101365347,0.023036149,1.133,30.386000000000003,0.564582459
5135,Europe,High income,25,0.68,17.87683380126954,14.06406271396692,93.91304347826087,9.391304347826086,41.4,95.19200000000001,0.3080845853339692,,,-2.6623178285051217,0.1794535555555555,6.497397221,0.031647962,1.261,27.946,0.523103378
5148,Central and Southern Asia,Lower Middle,15,0.7333333333333333,26.924149184382834,22.09174668415523,93.04347826086956,11.014492753623188,104.98,75.28666666666666,0.6304216031512273,,,-2.630416115156674,0.1622681395348837,4.716733888,0.014245576,9.321,11.796,0.408168549
5160,Europe,High income,28,0.5,15.537167342370282,13.3736811626808,93.94409937888199,9.627329192546583,41.98571428571429,76.83928571428571,0.3680612872104884,,,-1.9741304542405305,0.22078428,7.141146374,0.019735021,0.5619999999999999,25.159,0.545247069
5164,Europe,High income,25,0.56,17.34463172760009,14.148937366213026,93.56521739130434,10.782608695652172,45.792,83.73200000000001,0.35759779332700375,,,-0.3331751460329312,0.2348453181818181,7.814610279,0.026349613,3.569,15.578,0.475448039
5165,Europe,High income,19,0.47368421052631576,22.126398347553476,17.35901989097376,89.24485125858124,10.983981693363845,21.994736842105265,158.22105263157897,0.13326653435897626,,,6.105808107333955,0.2591883333333333,9.368493034,0.018815918,28.034,3.053,0.260198676
5166,Sub-Saharan Africa,Low income,22,0.22727272727272727,23.402372871745737,20.999472442500846,94.66403162055336,10.67193675889328,70.78636363636363,63.03636363636363,0.5556147781420518,,,-7.075862657067924,0.1290313,3.950124611,0.012542672,0.0,92.917,0.610080273
5167,Northern Africa and Western Asia,Lower Middle,17,0.23529411764705882,24.310303976237957,22.0646510983787,93.60613810741688,11.764705882352942,0.01764705882352941,184.08235294117648,9.518370454977647e-05,,,-1.532490020058188,0.1475266464646464,7.265491576,0.011258299,15.28,58.879999999999995,0.394461404
5187,Northern America,High income,15,0.4666666666666667,27.71662161163317,15.295499991935205,93.91304347826086,9.27536231884058,4.066666666666666,210.02666666666667,0.019544998964727146,,,-0.36323117298837665,0.2556715769230769,7.326865935,0.016800765,0.627,15.038000000000002,0.364690972
5188,Latin America and the Caribbean,Upper Middle,20,0.6,28.01998385044318,21.099076349363116,93.91304347826087,10.0,41.625,109.98499999999999,0.3022609840228035,,,2.620600091426312,0.2375903725490196,6.404130791,0.017984648,14.579,9.131,0.331033902
5189,Europe,High income,22,0.5,14.724281190896983,12.674760879143333,95.65217391304348,8.300395256916996,40.16818181818182,70.89545454545454,0.36686485513420286,,,-2.7210093337821437,0.21154,6.199991297,0.019593912,1.085,28.775,0.512141904
5190,Europe,High income,24,0.6666666666666666,22.70220099025305,19.316452450376932,94.0217391304348,11.594202898550725,30.087500000000002,144.375,0.17844165082357824,,,1.4086952939084498,0.1896810384615384,8.718358449,0.028340186,13.753,21.262,0.40912661
5193,Europe,High income,25,0.8,18.55718857339715,15.083819210788914,93.7391304347826,10.26086956521739,52.211999999999996,80.956,0.4046199447695154,,,0.8273379585040344,0.2494762258064516,8.104732729,0.027714741,8.208,14.553,0.423646877
5196,Northern Africa and Western Asia,Lower Middle,15,0.26666666666666666,24.55134456898436,21.691071296467843,91.30434782608695,10.434782608695652,0.03333333333333333,184.72666666666666,0.0001998382965263267,,,-2.1068517331551404,0.144249009009009,6.128188808,0.009805737,15.415,55.523,0.431002245
520,Latin America and the Caribbean,Upper Middle,42,0.2619047619047619,26.709736283207377,23.269904556529486,94.72049689440993,9.316770186335404,74.4952380952381,80.46666666666667,0.49256784286352473,,,-0.42680060221855554,0.2401593571428571,5.912306055,0.014253766,8.58,6.038,0.467794014
5205,Central and Southern Asia,Lower Middle,17,0.5294117647058824,23.54153190260176,20.096353958236403,94.11764705882354,9.974424552429667,55.699999999999996,125.71764705882352,0.3180305493477969,0.2845482940731424,0.3584647970550097,-2.0475985305147266,0.1409150769230769,5.628470066,0.002988631,10.063,34.038999999999994,0.396893278
5213,Eastern and South-Eastern Asia,High income,18,0.8333333333333334,24.877725946385272,23.484149811307574,94.44444444444444,10.38647342995169,123.0,44.49444444444445,0.7460997874037205,,,5.649905975002499,0.2735387278428093,10.51435092,0.02181805,22.770999999999997,10.406,0.2776098
5216,Northern America,High income,13,0.5384615384615384,26.673517260506888,15.241483515003718,93.64548494983276,7.6923076923076925,5.515384615384615,206.7,0.026635960418677336,,,-0.38620925003598483,0.2512964352331606,7.625846845,0.031820766,1.013,11.413,0.382549757
5218,Europe,High income,24,0.5833333333333334,16.506866285216674,14.214677376818466,94.0217391304348,10.326086956521738,49.53333333333333,64.2625,0.45603001571544133,,,-1.7711777986876944,0.1754200379746835,6.261447587,0.01899517,3.268,22.373,0.442371365
5220,Northern Africa and Western Asia,Lower Middle,8,0.625,23.943793749809288,20.38760193275631,94.56521739130434,10.869565217391305,26.387500000000003,148.7125,0.14948936153619394,,,-0.7774285775346954,0.1627791428571428,7.521348966,0.0070188,6.283,16.762999999999998,0.431244798
5221,Europe,High income,25,0.84,19.207730335695004,15.155565576095723,93.91304347826087,10.434782608695652,42.864000000000004,95.428,0.3197578327564395,,,-1.0217620074281089,0.2165056379310344,8.099471275,0.026645984,2.665,19.115,0.46595058
5235,Central and Southern Asia,Lower Middle,26,0.3076923076923077,27.92735049001096,26.171112123561276,94.98327759197325,9.531772575250836,103.88076923076923,50.12692307692308,0.7102084113912923,4.703296033290097,4.965869273734129,-3.708162825425433,0.1348386181818182,4.679209218,0.009632441,1.237,26.606,0.571266527
5239,Eastern and South-Eastern Asia,Lower Middle,26,0.5769230769230769,27.094528050595475,25.270138357029435,92.14046822742475,10.20066889632107,91.0576923076923,63.20769230769231,0.6027517421258464,,,1.5017307410294238,0.2343645097511768,7.502983068,0.015541739,11.422,13.393999999999998,0.381539893
5241,Eastern and South-Eastern Asia,High income,19,0.8947368421052632,20.993985826779493,19.927365076942362,94.05034324942793,8.695652173913043,85.22631578947369,55.747368421052634,0.6301210323588514,,,7.35521846449498,0.3235610243902439,9.378957831,0.023011327,33.225,3.781,0.278288574
5243,Latin America and the Caribbean,Upper Middle,25,0.2,14.342112664614996,9.886089632976034,94.08695652173914,9.739130434782608,55.764,94.58,0.38901002723714667,10.095172984512097,8.614024783143863,2.5292761451456673,0.2425934759493671,7.092870677,0.016073705,12.815,11.979,0.272082552
5245,Latin America and the Caribbean,Upper Middle,21,0.3333333333333333,24.304980778613604,18.090522894894043,93.37474120082815,8.695652173913043,64.77142857142857,86.3047619047619,0.4501001795262721,,,4.990418918909839,0.294051,6.721173945,0.01814457,31.343,11.717,0.344022033
5246,Europe,High income,26,0.6153846153846154,15.462393080581608,13.266963409812755,93.81270903010032,9.03010033444816,37.934615384615384,76.28461538461539,0.34776473392175566,,,-1.6364327291567717,0.2314124444444444,6.764255669,0.022312851,2.05,22.53,0.503353328
5249,Europe,High income,30,0.8333333333333334,17.699381742252967,15.09703736374286,93.47826086956522,10.289855072463768,69.82333333333332,73.22,0.4970309134280777,,,-1.910535550113394,0.193645220289855,6.373172678,0.030651345,7.74,24.721,0.491566936
5251,Sub-Saharan Africa,Low income,30,0.43333333333333335,23.209122791290305,18.92403079467118,93.76811594202898,10.289855072463768,57.2,79.51333333333334,0.4326748038352649,,,-5.153721736659508,0.1888145454545454,4.78741091,0.004827869,0.0,86.51599999999999,0.594231082
526,Latin America and the Caribbean,Upper Middle,28,0.39285714285714285,19.608054560977745,17.34848006117031,95.03105590062113,10.559006211180122,81.46071428571429,71.88214285714285,0.5398296821674214,,,2.5054094051057443,0.2401245726495726,6.145208526,0.017030011,27.148999999999997,25.585,0.25403529
5269,Eastern and South-Eastern Asia,High income,20,0.4,23.37833638012837,22.038011712701312,91.73913043478261,9.782608695652174,128.225,21.89,0.8624278977677665,,,2.244893529600077,0.2513396296296296,9.008790965,0.015698132,13.867,9.207,0.349630435
5271,Latin America and the Caribbean,Upper Middle,28,0.2857142857142857,14.312590588580145,9.908501259115974,93.63354037267081,9.006211180124224,51.925000000000004,94.29642857142858,0.37298289095526904,1.0119257981231409,0.8627491025151943,-0.6537537630618916,0.1398082380952381,4.469284273,0.010290166,3.19,12.229,0.342344534
5277,Europe,High income,24,0.75,18.127292891165528,14.498551918105298,93.65942028985508,10.507246376811594,41.7625,93.04166666666667,0.31454155381024285,,,-0.9524901311707747,0.2242769047619047,8.690425242,0.023657804,1.593,13.361,0.496944926
5296,Eastern and South-Eastern Asia,High income,16,0.6875,20.324242305128227,18.716966057312057,94.02173913043478,9.239130434782608,89.0,51.143750000000004,0.6480455221302412,,,4.782516340079481,0.3025287538461538,8.832290415,0.023611578,22.329,11.283,0.268352341
5301,Europe,High income,23,0.4782608695652174,14.751623634670132,12.674911045047462,94.7069943289225,9.073724007561436,38.74782608695652,74.50434782608696,0.34550666375027,,,-2.002054088924782,0.2283016428571428,6.998369056,0.022033122,0.75,21.436,0.49385351
5304,Europe,High income,26,0.6923076923076923,18.79333425243865,14.886216459191566,94.48160535117057,11.036789297658864,42.04615384615385,93.6923076923077,0.3238315346952214,,,-2.742034293843999,0.1888142388888889,6.311826509,0.02552962,2.5900000000000003,27.217999999999996,0.50312045
5308,Europe,Upper Middle,20,0.6,23.128958735874726,17.427749456011078,92.82608695652173,11.086956521739129,27.96,147.03,0.1654319091917174,,,0.0431393200682082,0.3041908333333333,7.277552805,0.011603644,1.469,3.3600000000000003,0.458056878
5314,Central and Southern Asia,Lower Middle,29,0.5862068965517241,28.603580703829525,23.141554826330726,92.80359820089956,9.595202398800598,47.69310344827586,146.14137931034483,0.25298257411088787,4.006680372488621,5.056111071345467,-2.4403036134484277,0.1263139441860465,4.559030612,0.005056474,8.837,33.886,0.368720964
5322,Eastern and South-Eastern Asia,High income,21,0.6666666666666666,21.063020754817572,20.557376157797055,95.03105590062111,8.695652173913043,90.81904761904762,38.21904761904762,0.730216878228713,,,7.95596515525637,0.3160751276595744,10.45396441,0.020034381,34.885000000000005,7.206,0.299496374
5326,Latin America and the Caribbean,Upper Middle,24,0.625,22.8737338940379,16.96729751817353,93.84057971014492,9.782608695652174,64.92083333333333,83.84583333333335,0.45846425756194326,,,5.784331417589146,0.2688613469387755,7.432049343,0.017011348,36.263,13.701999999999998,0.332644101
5327,Europe,High income,25,0.4,15.649033962553153,13.392601647868892,93.91304347826087,9.217391304347824,40.236,80.176,0.3495490387938995,,,-1.270154624587172,0.2297300078740157,7.579337086,0.020093347,3.694,23.602,0.502727554
5330,Europe,High income,25,0.84,18.007050287034804,14.739406827934092,93.91304347826087,10.956521739130435,46.724,84.028,0.36200374787916245,,,-0.8414129275401894,0.2288802045454545,6.621511504,0.028283339,3.5170000000000003,15.395,0.422887188
5334,Europe,Upper Middle,20,0.4,20.789284982681302,16.27181904103626,92.3913043478261,10.652173913043478,40.185,126.725,0.2544793011072367,,,-1.7411032036436485,0.2135955263157894,7.154642447,0.011185281,1.089,17.438,0.554131202
5343,Eastern and South-Eastern Asia,Upper Middle,29,0.5172413793103449,20.739234520401183,19.50159612954558,94.75262368815594,10.944527736131933,104.44827586206897,28.99310344827586,0.8146435163318462,,,4.887859831169665,0.2806155185185185,10.00028782,0.011509437,17.916,3.772,0.303891971
5348,Eastern and South-Eastern Asia,High income,17,0.5882352941176471,20.20960008249198,18.422246083338745,93.86189258312021,8.951406649616368,84.10588235294118,58.14705882352941,0.6139834203783361,,,4.117864434594697,0.2929164074074074,9.347283326,0.0172174,17.723,7.986,0.2961661
5350,Latin America and the Caribbean,Upper Middle,23,0.34782608695652173,14.262502857833427,9.894847621770893,94.7069943289225,9.640831758034025,58.22608695652174,92.3,0.40528752529303463,1.3015389852750452,1.117796957757942,0.6871627908225967,0.1957580526315789,5.978012471,0.012899616,10.721,17.891000000000002,0.305986136
5351,Northern America,High income,7,0.5714285714285714,25.0791118548694,15.075955045660644,97.51552795031056,9.937888198757763,17.485714285714288,193.64285714285714,0.0894262856035326,,,-0.9525290749663605,0.2174324480874317,6.909993613,0.028221604,0.746,12.211,0.36997983
5353,Europe,High income,23,0.43478260869565216,15.08483895099791,13.056251199881059,95.0850661625709,9.45179584120983,38.49130434782609,73.97391304347826,0.3459219233602004,,,-2.163178359816276,0.21374498,6.607167567,0.015925539,1.546,30.978,0.466001471
5356,Europe,High income,24,0.5833333333333334,18.454439771272337,15.080261167389786,93.65942028985508,9.420289855072463,49.987500000000004,81.28750000000001,0.38847168526061715,,,-0.29320821209894016,0.2350642307692307,8.435192795,0.02229225,3.438,14.515,0.466075291
5374,Eastern and South-Eastern Asia,High income,19,0.42105263157894735,23.275290062141604,22.004815898735714,92.67734553775743,10.526315789473685,130.8684210526316,21.784210526315793,0.8638635547986269,,,3.1223818924558633,0.2535092173913043,10.62373761,0.02237135,17.964,17.42,0.409711837
5376,Latin America and the Caribbean,Upper Middle,22,0.5,19.734211559323374,13.405681942506277,95.45454545454545,9.486166007905139,55.57727272727273,107.15454545454546,0.3588804224078193,0.8465935669489563,0.7336234632893364,2.3855338936263557,0.2682680714285714,8.65541912,0.017869227,17.704,4.127999999999999,0.377523181
5378,Latin America and the Caribbean,Upper Middle,19,0.6842105263157895,22.969948826840067,20.629408793969066,94.96567505720823,9.382151029748282,91.65263157894738,57.84736842105263,0.6228347893807177,,,-2.046780002499471,0.1975626333333333,7.327491554,0.014675421,3.76,27.196,0.488721578
5379,Europe,High income,24,0.2916666666666667,15.803069351923343,13.663227687635493,93.65942028985508,9.420289855072463,50.1875,69.30833333333334,0.4305417099359233,,,-1.994620418102723,0.2102360909090909,7.572214475,0.0305485809999999,0.379,20.879,0.522667536
5382,Europe,High income,25,0.68,17.783356134334102,14.328295785336408,93.91304347826087,10.434782608695652,46.556000000000004,89.47200000000001,0.3471491058174385,,,-1.7123653792902802,0.219975875,6.219336452,0.02242683,2.1630000000000003,12.212,0.428835332
5386,Europe,Upper Middle,19,0.5263157894736842,22.019213925044852,16.75821419218045,93.13501144164759,10.755148741418763,29.463157894736845,143.90526315789472,0.17718291085278226,,,0.8568067621166182,0.320885303030303,8.272956768,0.020143751,2.804,3.59,0.427859519
5392,Central and Southern Asia,Lower Middle,18,0.5555555555555556,21.21372383883007,18.862043614567945,93.23671497584542,10.38647342995169,70.03888888888889,105.3388888888889,0.4118708897112064,2.827964659720634,3.516612427356461,-1.9774619600166086,0.1150358125,5.932465628,0.006731766,10.549,36.731,0.392051154
5394,Central and Southern Asia,Lower Middle,29,0.20689655172413793,27.638794781053274,26.04142377468088,93.7031484257871,10.494752623688155,115.03448275862068,31.862068965517246,0.8160382942328347,3.4330012294639,3.623563642943123,-4.165654019562418,0.100663,4.00191567,0.002719138,0.0,27.079,0.614977266
540,Europe,High income,19,0.42105263157894735,15.042841602526297,13.360871909744061,93.36384439359269,9.610983981693364,52.83157894736843,40.61052631578948,0.5714017963948163,,,-3.3768255500688786,0.1923586428571428,5.569310433,0.021375241,0.064,28.601,0.581725762
5400,Eastern and South-Eastern Asia,High income,18,0.5555555555555556,23.08946108288238,22.37426835476613,92.27053140096618,9.903381642512077,99.11666666666666,21.8,0.8288035162501441,,,5.8935773128942435,0.3226546,8.550997201,0.022233321,22.057,8.51,0.249845839
5402,Latin America and the Caribbean,Upper Middle,31,0.8387096774193549,16.79972764094435,11.634100106765183,94.81065918653576,8.835904628330995,46.48709677419355,113.52580645161291,0.3072605589539138,30.50216527870604,26.027793798682634,6.7265930918835455,0.2942114278350515,8.959596635,0.020480823,36.869,12.134000000000002,0.227719563
5405,Europe,High income,23,0.4782608695652174,14.692384667327447,12.96348390179093,95.27410207939509,8.506616257088847,43.03478260869566,61.526086956521745,0.4271141278300009,,,-2.2094051231008702,0.2217404523809523,6.523590358,0.023591988,2.465,26.144,0.50926705
5408,Europe,High income,27,0.6666666666666666,17.702452844364387,16.014855071695305,94.52495974235106,10.144927536231885,87.3037037037037,44.10370370370371,0.6742282962329464,,,-2.8919206693840636,0.1822808333333333,6.197983069,0.019769217,2.712,29.216,0.51557947
5410,Northern Africa and Western Asia,Lower Middle,15,0.06666666666666667,24.744843152364123,22.66276562816612,91.59420289855073,8.695652173913043,0.12000000000000001,174.11333333333334,0.0006902290705051733,,,1.872386595204296,0.1913506363636363,7.489076619,0.018003073,29.153,43.266,0.387212449
5415,Central and Southern Asia,Lower Middle,18,0.8333333333333334,24.845706522384145,22.280551624732478,92.27053140096618,8.21256038647343,20.311111111111114,141.66111111111113,0.13829567103143048,,,2.9442294581334645,0.2618695681818181,6.35623401,0.017718411,14.621,10.135,0.365541784
5420,Eastern and South-Eastern Asia,Upper Middle,18,0.2222222222222222,17.34054246478611,17.068862443922548,92.27053140096618,10.38647342995169,111.15,0.8833333333333334,0.9927557189459285,,,4.325037077179363,0.2755504210526315,9.578323855,0.009570372,22.905,9.332,0.337113358
5423,Eastern and South-Eastern Asia,Upper Middle,39,0.20512820512820512,24.574868036197405,23.397369965854878,94.53734671125976,9.03010033444816,98.55897435897437,31.47948717948718,0.7759242536639455,,,-7.024076671025032,0.0848436428571428,3.496734022,0.005569444,0.497,54.172,0.659374343
5425,Eastern and South-Eastern Asia,High income,15,0.5333333333333333,18.769686113993355,17.116527908767225,94.4927536231884,8.115942028985508,87.11333333333333,50.720000000000006,0.6410548729659312,,,3.2829795818211394,0.267937375,9.001712329,0.019084015,24.494,25.175,0.312728334
5430,Europe,High income,27,0.5185185185185185,16.01822854073438,13.732307262671217,93.0756843800322,9.822866344605474,47.74444444444445,74.26296296296297,0.4013597915216281,,,-2.0380376835441703,0.2075230933333333,7.54972549,0.021463977,1.387,24.693,0.534961567
5433,Europe,High income,27,0.25925925925925924,19.130880859037738,15.265224926694978,93.88083735909822,11.11111111111111,40.648148148148145,101.8,0.2952843002964015,,,-3.0241215437067073,0.1682495102040816,6.924804933,0.026440506,1.109,29.314,0.520215599
5436,Northern Africa and Western Asia,Upper Middle,12,0.5833333333333334,24.677200640758386,21.73301622377225,89.85507246376812,12.318840579710143,10.366666666666667,179.0,0.05485792408624749,,,5.323375239408234,0.2153951,10.60030311,0.018227832,17.755000000000003,2.3520000000000003,0.193687868
5437,Europe,Upper Middle,19,0.7894736842105263,23.902515060023262,16.47816226344226,93.59267734553777,10.755148741418763,23.610526315789475,161.84736842105264,0.13002235272276416,,,0.32779545469986715,0.2906223684210526,6.925547892,0.014392326,7.669,6.4030000000000005,0.433553807
5442,Central and Southern Asia,Lower Middle,15,0.06666666666666667,19.97068993255102,17.900643365463058,94.4927536231884,9.565217391304348,72.84666666666666,97.66666666666667,0.4341988743344681,0.0541675413010868,0.0689355382736543,-4.391632729470454,0.0786519056603773,3.446499312,0.003204043,1.562,36.895,0.516380395
5443,Central and Southern Asia,Lower Middle,25,0.44,28.956014210094107,23.443913914853635,93.39130434782608,10.26086956521739,59.668,128.536,0.34941344721608586,,,-0.6141693476855521,0.2031630434782608,6.183890921,0.0097707,13.438,31.579,0.328188091
5452,Latin America and the Caribbean,Upper Middle,23,0.043478260869565216,23.313229007784788,15.798315920996956,93.19470699432891,9.640831758034025,47.48260869565217,112.8521739130435,0.31014736697015344,2.3960419150072476,2.088177125251137,0.718265095213046,0.2526615555555555,6.458309172,0.017177497,13.082,6.575,0.348660927
5455,Europe,High income,28,0.6785714285714286,15.669171369406731,13.369143760169367,94.09937888198758,9.937888198757763,41.42857142857143,82.51071428571429,0.3465964588119487,,,-2.186216475074096,0.2114623384615384,6.987322811,0.023325649,1.39,24.378,0.518396654
5458,Europe,High income,23,0.8260869565217391,17.647591037573566,14.174086537761475,95.0850661625709,10.964083175803403,52.491304347826095,85.80869565217391,0.39431527133989563,,,-2.2981304883808615,0.1875563947368421,7.016291712,0.025710256,1.335,15.969,0.502672912
5460,Northern Africa and Western Asia,Lower Middle,16,0.8125,24.83629566706144,21.246521562764617,91.84782608695652,12.228260869565217,0.043750000000000004,190.09375,0.00024039882780273127,,,-4.792199889345577,0.1191609285714285,4.444586268,0.012031346,8.729,58.603,0.501990345
5472,Eastern and South-Eastern Asia,Upper Middle,36,0.7222222222222222,24.314214718834663,22.846540298933192,93.59903381642512,8.937198067632849,96.50833333333334,47.81388888888889,0.7018758221117072,,,0.7196106908043391,0.2074076439098396,6.757892983,0.015948051,15.527,15.366999999999996,0.464162829
5475,Eastern and South-Eastern Asia,High income,14,0.2857142857142857,17.420785448286306,15.828879557361196,94.40993788819875,7.763975155279502,94.37142857142858,39.707142857142856,0.7079649779469949,,,1.3511834062909454,0.2544016129032258,8.919022446,0.018765582,9.854,14.413,0.313124185
5477,Latin America and the Caribbean,Upper Middle,29,0.41379310344827586,17.231722462982408,12.656846285449408,94.90254872563719,9.89505247376312,45.310344827586206,112.14827586206897,0.3034573698751711,13.420088984817273,11.46611947264821,-0.2740175635416927,0.1878308666666666,7.018952751,0.01271354,6.143,9.008,0.308385321
5479,Latin America and the Caribbean,Upper Middle,48,0.6041666666666666,24.997587728500392,20.46955006183306,95.28985507246377,10.326086956521738,79.18958333333333,64.00208333333333,0.5882898039072296,2.84805837960632,3.9826894415960927,6.340875972649257,0.2879346666666666,8.048812166,0.01975537,38.075,7.994,0.354900788
5480,Europe,High income,29,0.3793103448275862,15.907919801999961,13.54152468588238,93.85307346326836,9.89505247376312,40.16896551724138,86.05172413793103,0.328531260432029,,,-2.9716986036033,0.186851,6.416587746,0.028286337,0.683,26.663000000000004,0.544237759
5483,Europe,High income,26,0.7692307692307693,18.760538007257868,14.987606160055236,94.48160535117057,9.866220735785951,43.657692307692315,101.33076923076922,0.3071486482403409,,,-0.7661857344544342,0.2185177812041116,8.24441401,0.033194597,5.261000000000001,18.051,0.496791501
549,Europe,High income,22,0.7727272727272727,17.576305852326133,14.848801194582997,94.66403162055336,10.474308300395256,40.90909090909091,83.05909090909091,0.35486342145449234,,,1.1427518731392028,0.2628952105263158,9.417199536,0.017747094,3.806,13.089000000000002,0.431129308
5494,Central and Southern Asia,Lower Middle,34,0.17647058823529413,27.733904212145436,26.08582348231241,93.35038363171356,11.508951406649615,118.98235294117647,25.27058823529412,0.8525199978333281,0.6758829707725974,0.7193474754266018,-4.7097872312239515,0.0369730833333333,2.76348092,0.001491843,0.172,27.335,0.57516275
5497,Eastern and South-Eastern Asia,Upper Middle,42,0.21428571428571427,24.837040591759504,23.609983440469385,94.61697722567288,8.592132505175982,88.66190476190476,50.357142857142854,0.6585227279612917,,,-5.272533340280277,0.0817300754716981,3.775218559,0.006997611,1.163,29.68,0.613605576
5500,Eastern and South-Eastern Asia,High income,14,0.42857142857142855,23.65790837619869,22.89686557923226,94.09937888198758,8.385093167701863,97.67142857142858,24.021428571428572,0.812911013219055,,,5.456981842117948,0.2742530704697986,12.12449578,0.024563723,20.375,15.153,0.29309465
5502,Latin America and the Caribbean,Upper Middle,26,0.5384615384615384,17.78061174020262,13.264659526115379,94.98327759197325,8.862876254180602,35.550000000000004,125.12307692307694,0.23150673219819348,,,-0.1453149685823355,0.2054693636363636,6.642892227,0.013990786,8.877,9.656,0.32671552
5504,Latin America and the Caribbean,Upper Middle,48,0.5,24.774356185472953,19.991778562208356,94.83695652173913,9.148550724637682,76.56041666666667,69.13541666666667,0.567810073659823,2.0835305195696963,2.953481578545814,6.953926296412615,0.3089113076923077,7.090547783,0.018185266,34.872,9.592,0.32769798
5505,Europe,High income,30,0.5,15.8655247363338,13.55798052915394,93.76811594202898,10.0,41.57000000000001,82.78333333333333,0.3441116823713798,,,-1.4005002321331217,0.241943,7.203167946,0.037906887,0.909,15.836,0.508239705
5508,Europe,High income,26,0.2692307692307692,18.9117701310378,15.2098997610705,93.31103678929766,10.535117056856187,43.75,95.67307692307692,0.3222334520105195,,,-3.4679519733825726,0.178514,6.217072035,0.017703819,0.256,31.793,0.502633039
552,Europe,High income,24,0.75,18.602126133519842,15.17685053124419,95.10869565217392,9.96376811594203,45.041666666666664,81.47083333333333,0.37615010312067126,,,-0.007024764899542291,0.2684961666666666,7.727314326,0.027066634,2.266,11.137999999999998,0.479151004
5528,Latin America and the Caribbean,Upper Middle,46,0.6956521739130435,24.684490174164292,19.79727152791366,95.17958412098298,9.168241965973534,75.48260869565217,72.37173913043478,0.5497056755962404,2.9563829265278105,4.189909154497597,6.952848565647775,0.3026318210526316,7.857000864,0.019912894,34.872,9.586,0.338433065
5529,Europe,High income,25,0.6,16.038396271593015,13.743867911188657,93.91304347826087,9.739130434782608,47.74400000000001,72.69200000000001,0.4064884949700081,,,-3.1653257020098167,0.1860597027027027,6.722984587,0.020065084,0.912,26.71599999999999,0.572214701
553,Europe,High income,27,0.2222222222222222,16.58647712017015,14.588969535237037,93.55877616747182,10.305958132045088,73.73703703703704,69.81111111111112,0.5263353791884181,,,-3.8781239033599997,0.1283490769230769,7.553327213,0.016388016,1.51,39.221999999999994,0.534830054
5532,Europe,High income,25,0.84,18.24282032004352,14.771168250936672,95.82608695652173,9.91304347826087,57.808,81.196,0.43894215414009513,,,-2.073785426945288,0.1981778695652173,7.193089046,0.02776616,1.158,23.447999999999997,0.501701895
5536,Europe,Upper Middle,18,0.7777777777777778,23.589553952491123,17.418877558076943,94.92753623188406,10.628019323671497,31.783333333333335,150.08333333333334,0.19070531619781284,,,-0.23019280363655303,0.3050552727272727,7.23909474,0.010679142,1.863,6.503,0.476027322
5543,Eastern and South-Eastern Asia,Upper Middle,26,0.7692307692307693,20.60203745181747,18.906799380568938,95.15050167224081,9.531772575250836,84.38076923076923,48.85000000000001,0.683175904011443,,,7.3531149321347975,0.298052947368421,11.51803979,0.013692465,34.808,1.945,0.299861475
555,Europe,High income,24,0.8333333333333334,22.550306254520773,18.349880085476862,94.3840579710145,9.057971014492752,40.24166666666667,115.52499999999999,0.2650741049042793,,,3.3937792892850758,0.2454624285714285,8.983569901,0.020574981,12.439,15.638,0.338584516
5552,Latin America and the Caribbean,Upper Middle,41,0.4634146341463415,24.181564258748235,20.574626883599464,95.33404029692471,9.862142099681867,89.04878048780488,52.52926829268292,0.6454880764044582,2.582789040283819,3.539621871252003,4.431529195484308,0.2827836666666666,6.941657281,0.016848061,31.951,10.816,0.383914918
5553,Europe,High income,25,0.48,15.87659667205813,13.630912687116435,94.43478260869566,10.26086956521739,49.55200000000001,70.468,0.42240681597232765,,,-2.941712983299572,0.1986349375,6.218045549,0.022396711,1.761,22.785,0.552575458
5556,Europe,High income,24,0.75,19.216096194585187,15.113045269641932,95.47101449275362,10.144927536231885,47.94583333333333,90.43333333333334,0.36429046868986387,,,-1.7890269460582373,0.2162696153846154,7.221341475,0.035873261,0.976,14.279,0.502296348
5562,Sub-Saharan Africa,Low income,25,0.32,15.895535640171591,10.817662501220823,93.7391304347826,9.91304347826087,35.236000000000004,120.47200000000001,0.25039715429599946,,,-3.9082944981304113,0.1688125555555555,4.706097147,0.009049734,2.585,59.468,0.348150649
5563,Central and Southern Asia,Lower Middle,13,0.15384615384615385,25.569358802442252,23.488497436493446,93.97993311036788,9.698996655518394,11.123076923076923,149.65384615384616,0.06941246297631781,,,3.4381779739576674,0.2692075217391304,7.83800283,0.019614805,14.057,10.817,0.326645477
5564,Central and Southern Asia,Lower Middle,28,0.5714285714285714,28.79914618180722,23.815206848959658,94.09937888198758,10.403726708074533,44.885714285714286,148.13214285714284,0.24079431277752653,0.0514128890160483,0.0672827469026316,-2.1959018934917287,0.1468687899159663,5.391823372,0.004873802,11.289,43.929,0.29806496
5565,Central and Southern Asia,Lower Middle,17,0.6470588235294118,28.69755228988266,22.66906813438892,92.83887468030692,10.23017902813299,46.33529411764706,170.6764705882353,0.26278912767106277,,,2.4793692787465798,0.2262451481481481,5.823360164,0.014943694,26.559,11.029,0.286583052
5572,Eastern and South-Eastern Asia,High income,16,0.5625,20.636720507878554,19.87072559884674,95.3804347826087,10.869565217391303,113.55000000000001,30.26875,0.7936466355657446,,,6.014160319834668,0.294242923076923,10.48432552,0.026832529,26.59,3.122,0.327254972
5577,Europe,High income,28,0.5714285714285714,15.684583164066508,13.323337473732598,93.94409937888199,9.937888198757763,45.50357142857143,76.92857142857143,0.38191184606454504,,,-3.913519212060797,0.1625153513513513,5.749842837,0.01715131,1.074,35.428,0.588901813
5588,Central and Southern Asia,Lower Middle,30,0.7,30.20002216923697,23.451417249075398,93.18840579710145,10.289855072463768,30.163333333333338,164.32666666666668,0.17031745896182027,3.056371245021746,3.300800724447497,2.633056073834215,0.2582419375,6.087197055,0.01242204,25.121,13.268999999999998,0.269287554
5589,Central and Southern Asia,Lower Middle,32,0.3125,27.401415090035933,25.676162499802476,93.75,10.190217391304348,119.996875,22.525000000000002,0.8694811208862931,0.3043807987907208,0.3280478794791598,-5.3903235222701325,0.040329474074074,2.625324251,0.000612725,0.02,39.892,0.600704824
5592,Eastern and South-Eastern Asia,Lower Middle,27,0.5555555555555556,23.07997604399445,21.426773875648692,93.88083735909822,10.305958132045088,99.33703703703704,49.27407407407408,0.6788574251442981,,,1.5004428801339507,0.2137742083333333,7.533009097,0.013781091,12.49,6.959,0.443155262
5599,Latin America and the Caribbean,Upper Middle,20,0.7,20.579991549616263,18.695116784148226,94.78260869565217,9.347826086956522,88.72999999999999,43.19500000000001,0.687239186270226,,,1.3916829565844973,0.2275487142857143,10.81239278,0.013421224,13.091,28.945,0.504576917
560,Europe,High income,26,0.5769230769230769,18.66843808823211,14.989752741191172,93.47826086956522,10.20066889632107,42.75,102.75,0.30548718399479036,,,-0.9392856114470863,0.2000780076045627,8.808981032,0.034294548,4.807,22.311,0.475571465
5600,Europe,High income,26,0.5,16.081315427763887,13.761590488519122,93.64548494983276,9.698996655518394,49.98846153846154,70.22692307692309,0.4286664088874967,,,-2.192334341566108,0.2018658636363636,7.430896853,0.027130603,0.369,21.845,0.56072288
5601,Sub-Saharan Africa,Lower Middle,19,0.631578947368421,24.698336893414346,22.954187369598266,94.05034324942793,8.924485125858123,71.71578947368421,69.1421052631579,0.5108629634155294,,,-0.2315475606360609,0.2287371495327103,6.747577756,0.009013598,11.662,15.769,0.486310882
561,Europe,High income,25,0.68,18.824786439989456,15.78062886439151,94.60869565217392,9.043478260869565,69.608,59.724000000000004,0.5453965867858926,,,0.9169783581509102,0.251052,8.393922734,0.023082662,2.732,12.971,0.440972178
5610,Central and Southern Asia,Lower Middle,14,0.7142857142857143,19.474933310146298,17.424701558267788,92.54658385093168,9.006211180124224,72.52142857142857,112.59285714285714,0.40210626076182365,0.3206342390071469,0.4004732444018475,-3.7426988623634028,0.09676188,4.139591285,0.002234788,4.17,32.423,0.439558246
5618,Eastern and South-Eastern Asia,High income,23,0.6956521739130435,22.712878168991303,22.021949823782926,94.51795841209831,10.207939508506616,97.0,28.6,0.789110375584524,,,3.180557672392101,0.2710483970588235,8.073788682,0.020928916,18.726,7.901999999999999,0.353240182
562,Europe,High income,21,0.6190476190476191,19.43146942119274,14.985786594558718,95.65217391304347,9.730848861283643,53.400000000000006,85.71904761904763,0.410305522892544,,,-3.360515783075883,0.181963064516129,5.50381839,0.038255735,1.749,27.551,0.501060724
5620,Latin America and the Caribbean,Upper Middle,29,0.41379310344827586,16.449517218875663,10.794269281145622,92.95352323838081,9.44527736131934,40.27241379310345,109.9793103448276,0.2841760484259467,2.829037952086671,2.4465254918745725,-1.6343889562200462,0.1824577333333333,5.23899069,0.010483124,1.26,7.772,0.370707258
5623,Europe,High income,26,0.5,15.922995850812972,13.559219230081943,94.14715719063545,9.531772575250836,44.44230769230769,78.82307692307693,0.370780713949422,,,-2.0009867186256627,0.2222767058823529,6.77873583,0.018883814,1.976,17.127,0.543678538
5628,Northern Africa and Western Asia,Upper Middle,4,0.25,26.07711746091043,23.84258328900382,92.3913043478261,13.043478260869565,9.025,191.625,0.045610089088016725,,,6.9322919352983625,0.2455381171875,9.908863006,0.025299026,34.55,11.113,0.228261192
5632,Central and Southern Asia,Lower Middle,13,0.8461538461538461,24.24497943193485,21.659826702511207,95.31772575250837,9.03010033444816,12.315384615384614,164.62307692307695,0.06969658680044291,,,5.661166019875243,0.2945343636363636,7.968829354,0.019138283,23.882,2.161,0.336508753
5635,Central and Southern Asia,Lower Middle,28,0.32142857142857145,27.864018211916626,26.231221800243624,95.03105590062113,10.714285714285714,112.85714285714286,39.596428571428575,0.7702105313861916,0.7717430426807468,0.8210292770296578,-5.304240046605719,0.0718769375,2.982904906,0.005727103,1.578,42.814,0.60752053
5639,Eastern and South-Eastern Asia,Upper Middle,33,0.36363636363636365,21.052904379053217,19.439375186409727,93.54413702239789,10.276679841897232,101.47878787878788,17.2969696969697,0.8683435701736696,,,-3.0446614863946806,0.1308170769230769,6.035695136,0.009342718,2.047,19.389,0.597627448
5643,Latin America and the Caribbean,Upper Middle,26,0.4230769230769231,17.9865441988833,14.215918505071215,94.64882943143813,9.698996655518394,35.088461538461544,124.7423076923077,0.22831192620583157,,,-0.26494515870586055,0.2284229333333333,6.112844871,0.011684389,9.555,21.023,0.324936921
5651,Northern Africa and Western Asia,Upper Middle,10,0.6,22.4380725140842,20.65035787147755,92.17391304347827,9.130434782608695,45.94,106.07000000000001,0.3029315840246923,,,-2.8717431859448235,0.1458212,6.212145487,0.012990641,5.581,21.784,0.457757198
5657,Central and Southern Asia,Lower Middle,25,0.68,28.84540741046665,23.749538835663966,92.0,11.478260869565217,63.36,118.292,0.38409329692556393,,,3.79559829935073,0.3079857777777778,7.027725806,0.019304717,25.417,18.6,0.298014361
5666,Northern America,High income,27,0.37037037037037035,28.973144718158355,24.774584070397694,92.914653784219,9.66183574879227,36.65925925925926,175.7111111111111,0.18439166418992078,,,-0.7174579716956225,0.2082943195266272,6.268060785,0.017557708,1.108,9.056,0.384255891
5668,Europe,High income,29,0.41379310344827586,15.653281643814404,13.372967722616139,93.85307346326836,9.89505247376312,42.44137931034483,78.4241379310345,0.3642439718896166,,,-1.6354933201251614,0.2298585714285714,6.890834455,0.021796264,1.598,21.468,0.495329061
567,Europe,High income,24,0.2916666666666667,21.793398306920007,17.338366104468115,93.1159420289855,9.782608695652174,14.6,175.8375,0.07667044950584355,,,0.6808314293709736,0.1556155205479452,8.158076012,0.014811458,5.027,4.195999999999999,0.317855161
5674,Europe,Upper Middle,19,0.5789473684210527,21.962710866139386,16.695492033826795,93.13501144164759,10.297482837528603,34.09473684210527,142.85789473684213,0.20609184178523104,,,-0.7731664107043681,0.2857310416666667,6.179438107,0.016132559,3.045,10.345,0.428486828
5676,Sub-Saharan Africa,Low income,28,0.35714285714285715,13.161447776734649,8.670324727591263,94.87577639751554,9.316770186335404,34.167857142857144,108.43928571428572,0.2573881358916971,,,-3.106266684319393,0.1313515454545454,4.32865468,0.007903061,5.97,39.077,0.358962621
568,Europe,High income,19,0.631578947368421,17.03277563163781,14.746006724509856,93.82151029748285,9.610983981693364,63.6578947368421,70.52105263157895,0.4771116844063834,,,0.5725306952475908,0.2592300555555555,7.561316472,0.033131913,5.77,13.635,0.395627343
5681,Eastern and South-Eastern Asia,Upper Middle,18,0.3888888888888889,16.973354294605798,15.988606505093243,94.44444444444444,9.420289855072463,82.28888888888889,35.28333333333333,0.72695444061263,,,0.5468167388759799,0.1786892619047619,6.506700343,0.005515711,12.364,6.496,0.308717663
5685,Eastern and South-Eastern Asia,High income,18,0.3333333333333333,22.925558394801097,21.49713135589552,95.65217391304348,10.144927536231883,98.30000000000001,30.694444444444443,0.7782491103623076,,,3.9765322951957893,0.2874725746606335,9.173594692,0.023408067,19.334,7.256000000000001,0.293767763
5688,Northern America,High income,12,0.5,24.76451420781214,14.511110883927664,93.4782608695652,10.144927536231885,18.325,174.82500000000002,0.09550117017318926,,,-0.22112454619215094,0.2558566793478261,8.408537905,0.023054381,0.22,11.83,0.393639858
569,Europe,High income,19,0.9473684210526315,21.148412588963925,16.408397564705243,93.82151029748285,9.382151029748282,29.58421052631579,134.52105263157895,0.18740657542472003,,,0.07363340345757785,0.2511249615384615,8.262085613,0.018821519,2.901,11.119,0.415004774
5690,Europe,High income,27,0.4074074074074074,15.655816865529326,13.321891613302409,94.04186795491142,9.66183574879227,40.53333333333334,79.38888888888889,0.34790246509725925,,,-0.9085159735284698,0.235819125,7.460031851,0.017432917,0.406,20.085,0.474336634
5700,Central and Southern Asia,Lower Middle,30,0.4,27.234181862625448,22.48958637327561,93.91304347826086,9.71014492753623,53.79333333333333,139.79333333333335,0.2885392048873374,0.5325129105980269,0.6728165336493228,-3.012619387428359,0.1406445714285714,4.563768153,0.002848388,6.063,42.93299999999999,0.339527729
5701,Central and Southern Asia,Lower Middle,19,0.47368421052631576,29.59257056124301,23.846593270885418,94.05034324942793,11.212814645308924,56.078947368421055,152.45263157894738,0.31612526419841774,,,2.7370508162806244,0.199942243902439,6.332818428,0.012504996,28.452,9.958,0.266496021
5706,Eastern and South-Eastern Asia,Upper Middle,19,0.3684210526315789,18.55613620155738,18.179888344638368,91.30434782608695,10.755148741418763,98.20526315789475,0.0,1.0,,,-3.5976248560615187,0.1068597931034482,4.61649976,0.00686401,1.711,24.96,0.580719141
5707,Eastern and South-Eastern Asia,High income,18,0.3888888888888889,24.998695207943022,23.565974269857758,94.20289855072464,9.661835748792269,119.21111111111112,32.56111111111111,0.7977644143393888,,,3.5744439797121315,0.2488940873362445,7.988309108,0.019954118,18.09,9.278,0.288993722
571,Europe,Upper Middle,22,0.7727272727272727,19.347895151196113,15.796373917454888,95.45454545454545,9.486166007905139,57.91818181818182,92.28181818181818,0.40853372467915317,,,-2.4763741725320663,0.1696358125,6.352913355,0.018181927,3.074,17.653,0.57109095
5710,Northern America,High income,28,0.2857142857142857,28.92541370919025,24.802932415485284,92.08074534161491,9.937888198757763,38.65,175.03214285714284,0.19356205633976545,,,-1.372413436315707,0.189279,6.194034598,0.017412019,1.106,13.309,0.380758004
5712,Europe,High income,26,0.6538461538461539,15.475687667516315,13.401907929219213,93.1438127090301,9.19732441471572,42.65384615384615,74.45,0.3758960271404834,,,-0.052156532551299595,0.2497589459459459,8.150378252,0.016147202,1.981,18.461,0.436400896
5716,Northern Africa and Western Asia,Lower Middle,13,0.38461538461538464,24.94837480691768,21.535646393205568,90.96989966555185,12.709030100334447,0.038461538461538464,187.33076923076925,0.00022535785499326925,,,-3.9725934255289412,0.1145036481481481,5.41567497,0.009893561,9.137,47.428,0.483577864
5718,Europe,Upper Middle,20,0.7,23.16637734918512,16.628476515291403,95.0,11.086956521739129,21.07,167.195,0.11574047923396344,,,-0.42753722667161675,0.2707625348837209,7.318953021,0.016035984,3.907,9.945,0.441245027
5727,Eastern and South-Eastern Asia,Upper Middle,30,0.26666666666666666,22.50804769261679,21.332797261644124,92.89855072463769,9.130434782608695,99.06666666666666,38.79333333333333,0.7524300830223397,,,-4.144825172870845,0.1168670769230769,4.574315246,0.006143946,1.068,29.407,0.541317879
5728,Eastern and South-Eastern Asia,High income,17,0.7058823529411765,22.65632073022955,21.84031969743937,94.62915601023018,10.485933503836316,100.3529411764706,23.488235294117647,0.8300896203648317,,,7.776035958610463,0.3444113333333333,9.686144693,0.024213744,30.17,3.053,0.268842613
573,Europe,Upper Middle,23,0.8695652173913043,22.97232341053854,17.4111205243418,94.13988657844992,10.018903591682419,35.9304347826087,128.98260869565217,0.2312025683194223,8.534136160957251,18.79414079689392,-0.5209769421336876,0.2076526963350785,7.674723488,0.022263804,8.927,21.207,0.442724635
5731,Northern America,High income,25,0.4,28.31200614817842,25.42395140745808,92.17391304347827,10.26086956521739,53.0,139.71200000000002,0.28900290840379156,,,-1.7493809277651113,0.2087646388888888,6.74880091,0.016101907,0.85,11.557,0.405068685
5733,Europe,High income,29,0.6896551724137931,16.036625214861115,13.662897162244084,93.55322338830584,10.044977511244378,42.16896551724138,81.07241379310345,0.3509334530933338,,,-2.0450405561698375,0.2203161315789473,6.503901424,0.018228432,0.786,25.847,0.483568561
574,Europe,Upper Middle,20,0.65,23.868030872344992,20.681870340973674,91.95652173913044,10.0,23.06,142.32,0.1427250759047768,,,2.673342217194028,0.24140775,9.109861304,0.016450092,20.143,7.994,0.382251883
5741,Central and Southern Asia,Lower Middle,12,0.16666666666666666,24.45909776046501,21.67082281341665,93.84057971014494,10.144927536231885,7.800000000000001,164.30833333333334,0.045447091879383034,,,6.611753025012671,0.2867990638297872,8.304958962,0.018180779,31.751,3.655,0.318356486
5748,Eastern and South-Eastern Asia,Upper Middle,24,0.5833333333333334,21.122804217137006,20.103981101879246,92.21014492753623,9.420289855072463,108.8875,24.599999999999998,0.8389489203526136,,,-0.4275715679611571,0.1821102995951417,6.625233096,0.012962704,14.319,27.880999999999997,0.465858266
5749,Eastern and South-Eastern Asia,High income,21,0.6666666666666666,23.172204244499248,21.864702766759347,94.20289855072464,11.180124223602483,102.18571428571428,28.204761904761902,0.7973483662022364,,,2.678081116839494,0.2803019565217391,8.639238325,0.022137327,11.775,9.484000000000002,0.302013463
5751,Latin America and the Caribbean,Upper Middle,24,0.20833333333333334,17.021084455907722,11.790862397828784,95.28985507246377,10.144927536231883,69.1125,83.6875,0.47649893211232924,5.15656220401312,4.466877051651788,3.4434882041162127,0.2662665625,6.770606377,0.016980542,24.048,2.9200000000000004,0.316253207
5753,Latin America and the Caribbean,Upper Middle,24,0.5,22.377743781879797,16.972168767647094,93.29710144927536,10.326086956521738,70.72083333333333,76.30833333333334,0.5111933850175563,,,3.6119388749770005,0.20036075,5.153072042,0.015151129,35.849,5.898,0.304783782
5754,Europe,High income,25,0.36,16.326309159222767,14.059328130532714,94.08695652173914,9.91304347826087,42.968,76.66,0.36841535742564097,,,-4.03821379156998,0.1726744342105263,5.329627216,0.02019952,1.019,32.314,0.587850937
576,Europe,Upper Middle,23,0.6521739130434783,21.516994101482926,14.992624668042378,93.38374291115313,9.640831758034025,31.543478260869566,141.6086956521739,0.19061950758239443,3.73164942130159,7.7515224752930925,0.5563453056504701,0.2280581,5.369874581,0.017624207,18.32,17.009999999999998,0.390756455
5768,Eastern and South-Eastern Asia,Lower Middle,30,0.23333333333333334,25.194305426279723,23.725585466061762,93.6231884057971,10.289855072463768,91.44333333333334,55.71,0.6370198743925161,,,-2.441963419386977,0.1619146470588235,4.846419618,0.009583448,3.634,11.876,0.534682424
5769,Eastern and South-Eastern Asia,Upper Middle,31,0.22580645161290322,24.240463808285334,22.866799880388196,92.14586255259468,9.116409537166899,94.54516129032258,54.596774193548384,0.6665476457814967,,,-3.6021839920807213,0.1313238365384615,5.172152915,0.008520516,4.667,30.342999999999996,0.533977681
577,Europe,High income,23,0.9130434782608695,20.27474750085022,16.129154252363048,94.7069943289225,10.775047258979205,30.886956521739133,115.64347826086957,0.22090692121721442,,,-0.8822928385519073,0.2518711578947368,6.57803023,0.016797492,4.984,10.753,0.428374531
5770,Eastern and South-Eastern Asia,High income,17,0.8235294117647058,21.947142754009093,21.220827606941963,95.65217391304348,10.485933503836316,80.03529411764707,59.25294117647059,0.588847499655297,,,3.7291625977811984,0.2914760506329114,8.316488784,0.020767799,20.82,6.79,0.298011683
5773,Northern America,High income,23,0.5652173913043478,29.152510607211585,22.567804949229732,92.62759924385632,9.262759924385634,22.99130434782609,195.8869565217391,0.10834210847017199,,,-2.6619285257258527,0.18851375,5.503371619,0.016016328,0.342,12.642,0.413121344
5774,Latin America and the Caribbean,Upper Middle,23,0.21739130434782608,22.37116685712087,17.35738214105472,93.95085066162572,9.640831758034025,72.69130434782609,71.97826086956523,0.5356892152085698,,,1.8722372787150936,0.1725301764705882,4.95972662,0.012887107,30.763,8.557999999999998,0.367018929
5775,Europe,High income,25,0.32,15.978188156127949,13.730183875328366,93.91304347826087,10.08695652173913,46.92,72.7,0.40204603705114217,,,-3.0812434408308373,0.1946756363636363,5.865160291,0.022865339,1.281,23.946,0.57770646
5778,Sub-Saharan Africa,Low income,18,0.2777777777777778,20.824055269029444,14.241440604533336,92.7536231884058,9.903381642512077,18.072222222222223,155.36111111111111,0.10346339573888087,,,-2.0534338123129072,0.2268329615384615,5.803252496,0.01258908,9.148,68.646,0.276140366
578,Europe,High income,20,0.6,17.299743452561213,14.468297142268352,93.47826086956522,11.521739130434781,50.410000000000004,83.275,0.39570298109316027,,,-0.3959743044269077,0.1938976966292135,9.274901758,0.034226796,3.4349999999999996,26.993,0.488771718
5781,Europe,Upper Middle,19,0.5789473684210527,21.320676902065458,15.275391997661993,93.36384439359269,10.526315789473685,18.968421052631577,162.57894736842104,0.10808065755157562,,,-0.5913719507989528,0.208451404494382,8.854457675,0.019109238,5.2620000000000005,23.056,0.462112122
579,Europe,Upper Middle,19,0.3684210526315789,23.589545809152348,15.772306196982067,93.13501144164759,9.153318077803204,9.663157894736841,180.2578947368421,0.05405582561017448,0.0467037648839105,0.1022148798521623,-3.882041539959583,0.1418816,4.280980572,0.007717301,1.24,23.911,0.458439081
5791,Eastern and South-Eastern Asia,High income,20,0.55,23.999532828860854,22.578335032204343,94.34782608695653,9.347826086956522,96.225,37.02,0.7404629450540932,,,5.183436919003578,0.3055178275862069,9.312299289,0.021245127,18.066,6.954000000000001,0.27716184
5793,Latin America and the Caribbean,Upper Middle,24,0.75,15.052237241361965,12.08886395643033,94.3840579710145,8.514492753623188,43.762499999999996,103.40833333333335,0.31263042850772843,,,5.839672306701552,0.2706370945945946,8.324821256,0.022395102,28.868,8.211,0.167922321
5794,Northern America,High income,24,0.20833333333333334,28.92220471020406,22.4340126573591,92.7536231884058,10.144927536231883,21.49166666666667,200.2875,0.10071527402927345,,,-1.3563200662816908,0.2105677046875,6.963371694,0.018979101,1.943,7.891,0.421871856
5795,Latin America and the Caribbean,Upper Middle,18,0.2222222222222222,20.108812602792757,18.558303045172774,93.47826086956522,10.144927536231883,96.87222222222222,28.52777777777778,0.7890223881887747,,,2.7461736720206393,0.2496805287356321,10.64929927,0.015465587,15.26,21.364,0.446573941
5796,Europe,High income,26,0.5,15.737004323787112,13.466841229604714,94.48160535117057,9.03010033444816,38.38076923076923,80.28076923076924,0.32679369601618924,,,-2.30044801970644,0.2008999756097561,7.080746517,0.018558609,1.162,30.754,0.503794105
581,Europe,Lower Middle,19,0.5789473684210527,17.862882383246195,14.765500728431137,95.88100686498856,10.755148741418763,43.92631578947368,80.43157894736842,0.37809671672336265,,,-2.0817524044643037,0.19052025,6.993344707,0.014442252,0.202,21.664,0.532991484
5811,Eastern and South-Eastern Asia,High income,21,0.7142857142857143,24.00759666603151,22.693838429587895,95.03105590062111,9.730848861283643,98.88571428571429,33.08571428571428,0.7646788259886067,,,3.434827149787907,0.2827908161764705,8.858346486,0.022382805,14.823,14.991,0.278537047
5813,Latin America and the Caribbean,Upper Middle,37,0.4864864864864865,15.961507812981793,11.39247365005104,94.71210340775558,8.343125734430082,57.74594594594594,87.4918918918919,0.4190079780460465,1.1431475043869692,0.9734451711807948,-0.9159999543277213,0.1796218392857143,6.035987063,0.01370935,5.596,26.126,0.303101392
5816,Europe,High income,27,0.7037037037037037,16.489318501206267,14.092075204563784,94.04186795491142,9.983896940418678,38.87777777777778,88.84444444444445,0.3123470459141494,,,-1.4276178329029923,0.2313285100060642,7.262690558,0.022544445,4.633,24.674000000000003,0.479803654
5821,Europe,Upper Middle,19,0.5263157894736842,21.88873570557762,15.53152306537244,93.59267734553777,10.526315789473685,15.915789473684212,170.2947368421053,0.08901356851956342,,,-0.23469153855335523,0.2703036296296296,7.026539391,0.01218658,4.631,4.224,0.445901931
5822,Sub-Saharan Africa,Low income,21,0.3333333333333333,18.00529196690854,13.956445042769856,94.20289855072464,9.730848861283643,46.37619047619047,112.35238095238095,0.3114693124525257,,,-0.4015119073483552,0.2006701016949152,6.021568589,0.012202967,12.16,22.084999999999997,0.365267662
5826,Central and Southern Asia,Lower Middle,29,0.1724137931034483,27.004966731109015,25.64045341626867,93.7031484257871,10.344827586206897,128.43793103448277,5.596551724137932,0.9684796856956092,0.2833766386854339,0.3059366625022218,-4.113208517339367,0.0457338653846153,2.788250502,0.002052813,0.035,23.676,0.589964138
5827,Eastern and South-Eastern Asia,Upper Middle,19,0.6842105263157895,19.829743366644898,17.184487395516456,92.90617848970251,9.839816933638444,74.15263157894738,67.40526315789474,0.554491205923977,1.170342134012366,1.007021186643274,2.122096143908336,0.1996720416666666,11.43674696,0.010140765,9.412,24.616,0.25966939
5830,Eastern and South-Eastern Asia,Upper Middle,13,0.15384615384615385,20.056928164112364,19.711530877373097,89.96655518394648,13.377926421404682,107.86153846153846,2.430769230769231,0.981316147342281,,,-4.259039488184169,0.092682729032258,3.938832575,0.005738903,2.925,38.60900000000001,0.601143595
5831,Eastern and South-Eastern Asia,High income,19,0.6842105263157895,24.88651939385208,23.5357043209771,92.90617848970251,10.755148741418763,117.65263157894738,30.042105263157893,0.8094670139548802,,,4.458042585661839,0.2782095354330708,8.621662705,0.023226092,22.281,6.376000000000001,0.307928669
5834,Northern America,High income,25,0.56,28.734192348449017,22.26342136915912,94.08695652173914,10.434782608695652,25.896,192.87599999999998,0.12293485487970185,,,-2.3036063818765995,0.2019429354838709,6.512205742,0.014764785,1.434,8.600999999999999,0.473426593
5835,Latin America and the Caribbean,Upper Middle,23,0.13043478260869565,22.284193703588155,16.61780454270987,93.3837429111531,10.586011342155007,69.48260869565217,77.87391304347827,0.5014764048366708,,,0.6668940109781203,0.1866046666666666,5.896604807,0.015706184,14.02,23.581,0.342582324
5844,Central and Southern Asia,Lower Middle,27,0.25925925925925924,27.683877990195736,22.806150613851273,94.36392914653786,9.500805152979066,57.148148148148145,131.28518518518518,0.3136634029437558,0.2329903854715036,0.2961943517893323,-3.6056368714085636,0.1114346338028169,4.195673356,0.002867359,3.682,41.904,0.40263756
5849,Eastern and South-Eastern Asia,Lower Middle,26,0.2692307692307692,24.430504950855273,21.80795836656537,95.65217391304348,9.866220735785951,95.03461538461539,57.00769230769231,0.6411444020300233,,,-0.5756909667336092,0.1976886805555555,6.785247803,0.012108504,8.672,7.483,0.499772635
585,Europe,High income,16,0.375,24.997516342421097,21.010695855398925,92.11956521739131,8.152173913043478,10.006250000000001,178.7125,0.053258509833727825,25.61115380936394,57.833712423242886,6.981029678558167,0.2556087863247863,11.46367701,0.020429536,25.008,5.436999999999999,0.258581154
5850,Eastern and South-Eastern Asia,Upper Middle,11,0.09090909090909091,19.654074294672988,19.18708616930144,90.51383399209486,13.833992094861658,98.4,0.8545454545454546,0.9927825552825553,,,-3.9034451879202168,0.0811429756097561,3.580440447,0.005594304,0.508,27.877,0.665096078
5851,Eastern and South-Eastern Asia,High income,22,0.45454545454545453,24.446783361806524,23.01886077717165,93.47826086956523,10.67193675889328,97.90454545454546,34.28636363636364,0.7603555280322049,,,5.742484632726491,0.3143372173913043,10.27441557,0.020566103,19.493,7.132,0.277580761
5853,Latin America and the Caribbean,Upper Middle,28,0.75,17.7908589452883,12.221262827476723,95.03105590062113,10.559006211180122,51.18571428571429,97.08571428571429,0.3606456277311977,44.30939389059282,37.950282433305325,5.81650581826141,0.2956518666666666,8.92669796,0.020847481,25.838,3.29,0.235931061
5855,Latin America and the Caribbean,Upper Middle,25,0.48,21.963646239113906,16.52375200233209,93.39130434782608,9.565217391304348,72.18,72.788,0.5327378657503662,,,3.542789038060543,0.2256960600706714,7.768929873,0.019360857,22.55,11.456,0.330201131
5856,Europe,High income,31,0.6129032258064516,15.929899302346804,13.582669201562604,93.68863955119214,10.238429172510518,40.76774193548387,87.12903225806451,0.3282382261545442,,,-1.6510440886597952,0.2297468333333333,7.226219806,0.022028662,2.017,23.239,0.462972723
586,Europe,Upper Middle,21,0.8095238095238095,17.65410209400935,15.320289853728209,94.824016563147,9.937888198757763,69.15238095238095,57.37619047619048,0.5734522594134662,,,2.043473763201846,0.2146209909090909,11.45314542,0.034865927,8.329,15.249,0.329162918
5861,Europe,Upper Middle,21,0.6666666666666666,21.20705635780112,15.53937044352313,92.96066252587991,10.766045548654244,19.371428571428574,167.02857142857144,0.10707447434258656,,,-1.2181687474988856,0.2044197352941176,7.587975325,0.011582852,3.637,17.616,0.441025153
5862,Sub-Saharan Africa,Low income,30,0.7333333333333333,13.465721234393888,8.98204499244949,93.47826086956522,9.855072463768115,38.42666666666666,106.18666666666667,0.2967342129313931,,,5.232760904262799,0.2332135655913978,8.056659851,0.016890662,36.271,10.133,0.271132964
587,Europe,Upper Middle,26,0.5769230769230769,20.643956932654767,16.744319993776227,93.47826086956522,9.866220735785951,29.630769230769236,146.18846153846155,0.17212768792801453,,,1.8312441565811852,0.24539185,8.74008177,0.017935736,11.329,11.428,0.380457431
5871,Eastern and South-Eastern Asia,High income,17,0.7058823529411765,23.363584430199218,22.360690304320574,94.8849104859335,9.207161125319693,105.82941176470588,17.470588235294116,0.8668820642342676,,,5.333229114554065,0.3180347619047619,10.00814354,0.024487888,22.247,6.931999999999999,0.259565918
5875,Latin America and the Caribbean,Upper Middle,24,0.375,22.0534661314223,16.781326006811806,93.29710144927536,9.057971014492752,74.075,69.83333333333333,0.5499160999738765,,,1.939512168693531,0.1941051153846154,6.060170034,0.019844517,15.979,17.455,0.305052188
5876,Europe,High income,30,0.7,16.041333451833022,13.633021730117054,93.33333333333333,10.0,36.733333333333334,87.18333333333334,0.30558020145132175,,,-1.9528369349236216,0.2324668620689655,6.368904541,0.021089146,1.906,22.229,0.506678246
5880,Northern Africa and Western Asia,Upper Middle,9,0.5555555555555556,23.83378639221194,20.35543545654829,92.75362318840581,12.56038647342995,20.544444444444444,179.11111111111111,0.10581421663236194,,,2.94352149399141,0.2137113103448276,7.716293282,0.020168841,25.456,7.265000000000001,0.283027985
5890,Eastern and South-Eastern Asia,Upper Middle,18,0.2222222222222222,20.40969113971159,19.970996760449495,91.30434782608695,10.38647342995169,109.7,7.927777777777779,0.9366911863349466,,,-4.74932468140201,0.0801522580645161,3.572609637,0.00494498,1.056,37.955000000000005,0.594704279
5891,Eastern and South-Eastern Asia,High income,21,0.8095238095238095,24.7795320489905,23.335846181341637,93.99585921325053,9.937888198757763,98.0047619047619,35.542857142857144,0.7559204246535872,,,5.3215211061822965,0.2896883076923077,10.08192646,0.023545429,23.321,8.829,0.282719266
5894,Northern America,High income,27,0.5925925925925926,30.86413559872884,20.349898474470425,94.04186795491142,10.466988727858292,16.681481481481484,257.2740740740741,0.06418038020462959,12.95585139932384,10.945234904661326,-0.2238100325933452,0.2636982448979592,7.028209256,0.02182072,1.522,4.351000000000001,0.355506066
5895,Latin America and the Caribbean,Upper Middle,20,0.7,23.60126186370852,21.19834876636021,95.21739130434783,10.434782608695652,91.46000000000001,56.6,0.628766057365086,,,-2.7203831654563793,0.1861098846153846,6.442258014,0.010989864,4.557,39.386,0.411040154
5896,Europe,High income,31,0.22580645161290322,15.798341119873351,13.450659768814615,93.54838709677419,9.957924263674613,42.164516129032265,80.46774193548387,0.35420352610012,,,-2.981507212867392,0.20610624,5.904918153,0.018878718,0.5700000000000001,28.396,0.53753364
590,Europe,Upper Middle,19,0.6842105263157895,21.681887365910057,16.36628814925701,92.67734553775743,9.610983981693364,14.089473684210526,162.5,0.07907318139332813,,,-0.8283960430963115,0.2231224347826087,7.955791141,0.014669296,2.541,9.692,0.427915273
5901,Europe,Upper Middle,25,1.0,20.102164433356428,16.093222506704738,93.39130434782608,10.26086956521739,36.756,119.26799999999999,0.2507748984420186,,,-0.5833211871374387,0.1983245201612903,9.172922829,0.019913625,1.6050000000000002,19.790000000000003,0.436598859
5906,Central and Southern Asia,Lower Middle,29,0.3448275862068966,27.862638955130166,26.397529886314135,94.00299850074963,10.794602698650674,116.53103448275863,32.4,0.815796832715666,2.909640961095855,3.0751633212850717,-3.273193136494123,0.1394523333333333,4.999910122,0.007048368,2.721,29.321,0.458445907
591,Sub-Saharan Africa,Upper Middle,46,0.6304347826086957,23.612286952324922,16.46652756449438,93.76181474480153,9.546313799621927,35.65434782608696,179.16739130434783,0.1719690565444567,,,1.8068072513712106,0.2785897131147541,6.055483021,0.013903204,12.494,8.462,0.255822753
5910,Eastern and South-Eastern Asia,High income,23,0.2608695652173913,23.873792480290184,22.77046685798945,93.76181474480153,10.207939508506616,100.10000000000001,26.94347826086957,0.8059104526279595,,,4.523251820295229,0.3302197391304348,8.721142159,0.018750064,19.594,9.921,0.258966097
5911,Eastern and South-Eastern Asia,Lower Middle,26,0.15384615384615385,26.032043865111827,23.938054518302888,94.14715719063544,10.535117056856187,112.6576923076923,9.588461538461539,0.9255725404943663,,,-5.1901477254074635,0.0732828392857142,3.66508806,0.007660407,1.058,41.13199999999999,0.619025568
5912,Latin America and the Caribbean,Upper Middle,30,0.4666666666666667,16.76772829169365,11.614904174264527,95.36231884057972,8.550724637681158,49.276666666666664,94.36333333333333,0.35970039111019775,0.2637485108720521,0.2240023340199878,-0.8521414008842584,0.2110869056603773,6.270124265,0.012808337,2.841,11.578,0.308621349
5913,Northern America,High income,22,0.45454545454545453,18.684630124284652,11.992502604647182,94.46640316205534,9.288537549407113,29.963636363636365,179.63181818181818,0.14732113548637024,,,-0.4126515681920363,0.2314799868995633,7.273796067,0.025502849,1.52,11.271,0.278615957
5914,Latin America and the Caribbean,Upper Middle,54,0.5555555555555556,24.33068494726113,19.551529490946116,94.76650563607085,9.098228663446054,75.40370370370371,70.3037037037037,0.5523829947627845,2.384772040512703,3.3570862829785626,5.1498575379351825,0.2711035666666667,7.012369539,0.018669836,34.176,14.081,0.338079882
5917,Sub-Saharan Africa,Low income,11,0.36363636363636365,21.229153148124553,14.789168451420009,92.09486166007905,10.276679841897232,21.718181818181822,142.0,0.14846492304883913,,,-0.45410179074944934,0.231630923076923,6.37105107,0.013141013,6.868,31.351000000000003,0.295973072
5918,Northern Africa and Western Asia,Lower Middle,13,0.38461538461538464,24.786210138998413,21.628138102115834,90.63545150501673,10.702341137123746,0.04615384615384616,184.01538461538465,0.00026979142702430764,,,-2.099382559398993,0.1454793970588235,6.994637686,0.012893292,14.137,61.103,0.442052946
5920,Europe,Upper Middle,25,0.48,19.616470869914156,15.533817221989569,95.1304347826087,9.217391304347824,26.896,146.876,0.1582514397989404,,,1.555282974621183,0.2601246944444444,7.453856452,0.013022068,12.209,8.795,0.367731257
5928,Eastern and South-Eastern Asia,Upper Middle,34,0.3235294117647059,21.921280560502503,20.12358965822517,92.96675191815858,9.462915601023017,82.53823529411765,52.73529411764706,0.6443935024197526,,,-4.19416880094499,0.1143611311475409,4.978521963,0.008184197,3.362,38.852,0.58769143
5929,Eastern and South-Eastern Asia,High income,26,0.5769230769230769,24.93888002358426,23.60926983176923,92.80936454849498,10.535117056856187,92.52307692307691,54.22692307692308,0.6568047518666243,,,6.62969284950604,0.2810091539206195,12.38542722,0.025129737,28.654,9.94,0.29294844
5931,Latin America and the Caribbean,Upper Middle,30,0.5,15.479219868013892,10.782980211790038,94.78260869565217,8.26086956521739,50.89333333333333,89.26666666666667,0.3770436592768905,2.6198069584191654,2.231836814221407,0.21745290751274737,0.2189596129032258,7.011531008,0.016441071,7.761,3.5330000000000004,0.293717877
5932,Northern America,High income,19,0.47368421052631576,20.84705266184546,13.347874000371627,94.96567505720823,9.153318077803204,22.121052631578948,192.5421052631579,0.10438222226848833,,,-0.3416189427390595,0.234437877721943,7.824579293,0.026226021,2.115,16.001,0.315145533
5933,Latin America and the Caribbean,Upper Middle,21,0.6666666666666666,23.055001274436574,21.068219124181162,95.65217391304347,10.144927536231885,86.8047619047619,52.56666666666667,0.6346041020061604,,,-0.2994422320545912,0.2479225095541401,7.647711634,0.014936081,9.272,25.804,0.492781134
5934,Europe,High income,24,0.25,15.59604181380376,13.731975764350793,93.1159420289855,9.420289855072463,46.39166666666667,67.68333333333334,0.42066188477298055,,,-0.04096079417135323,0.24702758,7.932260602,0.017851443,2.897,16.138,0.410611611
5937,Northern Africa and Western Asia,Lower Middle,16,0.6875,24.541535515051642,22.440129077085633,92.3913043478261,10.597826086956522,0.1125,176.8625,0.0006427240611691751,,,-1.3261788796311158,0.1500905652173913,6.988788955,0.01320459,15.688,52.331,0.403012571
5943,Central and Southern Asia,Lower Middle,24,0.5416666666666666,28.275443251441175,23.267028627315312,92.7536231884058,10.507246376811594,84.56666666666668,94.22500000000001,0.5156199058507446,,,-0.36817524994988593,0.2022751951219512,5.54297305,0.016777905,12.89,16.497,0.355784681
5945,Eastern and South-Eastern Asia,Upper Middle,25,0.56,17.90061014782943,16.153114182767712,92.17391304347827,10.08695652173913,67.408,50.144,0.6162586296301882,,,2.3168037320803445,0.2456684166666666,7.342032244,0.017797605,22.073,3.401,0.340093201
5946,Eastern and South-Eastern Asia,Lower Middle,31,0.3548387096774194,25.062272637890256,22.742779143187654,94.24964936886396,9.81767180925666,93.87096774193549,60.45161290322581,0.6187952446097822,,,-2.0972765319288023,0.1664764736842105,5.116675627,0.008549893,0.562,12.355,0.496050062
5948,Eastern and South-Eastern Asia,High income,24,0.375,25.062453056971236,23.63449850435055,93.1159420289855,10.326086956521738,94.87916666666666,43.09583333333333,0.711142347114662,,,2.2537073839941617,0.2711753939393939,9.942040619,0.020505308,9.402,5.701,0.352593259
5951,Northern America,High income,26,0.5384615384615384,29.52410160688235,22.355052651435773,91.80602006688963,10.702341137123746,18.588461538461537,206.66153846153844,0.08750768025268206,15.00787058916992,12.786641699139777,-1.7810440576404005,0.1881487484076433,6.738853128,0.025528027,1.916,12.226,0.462990643
5952,Latin America and the Caribbean,Upper Middle,28,0.6785714285714286,22.670777521042616,16.960701293784435,93.47826086956522,9.937888198757763,69.58928571428571,74.89642857142857,0.5118018000940877,,,2.8313535846286024,0.2142238090909091,6.419080726,0.015311588,24.919,20.583,0.333314575
5953,Europe,High income,30,0.3333333333333333,15.989559123127174,13.570007877322691,93.76811594202898,9.71014492753623,39.27,86.64666666666668,0.3215897116194523,,,-3.7258976607537773,0.1919747037037037,5.260439367,0.018514683,1.147,27.651999999999997,0.561172965
5955,Sub-Saharan Africa,Low income,15,0.4666666666666667,21.411983831496496,15.498844287858473,93.04347826086956,10.434782608695652,28.90666666666667,149.42000000000002,0.19161281500606525,,,-6.512006904999357,0.1549578461538461,3.986277981,0.006004437,0.076,91.777,0.293559224
5963,Central and Southern Asia,Lower Middle,29,0.3448275862068966,26.97909935603791,25.74178513780501,93.25337331334333,10.194902548725636,128.58275862068965,5.5310344827586215,0.9688111489502781,4.939119272621501,5.216601581476819,-2.8489667077892924,0.1286702903225806,4.371082746,0.006080699,1.831,20.844,0.506619683
5967,Eastern and South-Eastern Asia,High income,21,0.23809523809523808,23.961458122414893,22.89748277568002,93.7888198757764,9.316770186335404,101.35714285714286,23.900000000000002,0.8236602912783771,,,4.175464774756043,0.3241678095238095,9.128158547,0.019091282,17.595,6.769,0.273534991
597,Sub-Saharan Africa,Low income,27,0.48148148148148145,19.61964694092363,15.507084043816182,93.55877616747182,10.950080515297905,37.77407407407407,87.25185185185185,0.31801721676261974,,,-0.9860258286254271,0.1748022552447552,6.936517035,0.010800059,4.958,28.409,0.480271347
5970,Northern America,High income,25,0.44,29.33199301382214,22.041995471850978,92.34782608695652,9.565217391304348,19.996000000000002,205.472,0.09411930734959267,5.513618650263233,4.696482477024057,-2.9807155018277007,0.1882996551724138,5.513715309,0.016620327,0.154,6.539000000000001,0.435844132
5971,Latin America and the Caribbean,Upper Middle,17,0.4117647058823529,23.647655260671996,21.52899340891907,93.60613810741688,9.974424552429667,96.18823529411765,48.800000000000004,0.6861202902950251,,,0.5259622148106294,0.2450161252086811,8.121523152,0.014383428,12.777,28.616000000000003,0.45735007
5972,Europe,High income,29,0.4482758620689655,16.19594274254297,13.753713028403173,93.7031484257871,9.89505247376312,37.47586206896552,84.19655172413795,0.32247051045781544,,,-2.3285407204225708,0.206701873015873,6.682103159,0.02210756,0.868,26.647,0.491231951
5975,Northern Africa and Western Asia,Lower Middle,18,0.7777777777777778,24.337842857476435,21.809538259252236,92.7536231884058,11.352657004830917,0.027777777777777776,182.85000000000002,0.0001683969146208389,,,-0.07446809081839056,0.17227012,7.286677085,0.018079981,20.889,54.179,0.393522534
5976,Northern Africa and Western Asia,Upper Middle,6,0.6666666666666666,24.257744961918036,22.311024549854512,92.02898550724638,10.144927536231883,18.683333333333334,195.03333333333333,0.08806014358146319,,,0.31699910142962573,0.1628628181818182,6.557141688,0.015777176,16.817,6.569,0.317735772
5978,Sub-Saharan Africa,Low income,20,0.45,15.648091015514002,12.01823854105859,93.26086956521739,9.782608695652174,42.08,110.82000000000001,0.2949754762036491,,,-1.0172925889728994,0.2332164390243902,6.073068926,0.012025531,6.872,42.07,0.35641528
5982,Central and Southern Asia,Lower Middle,26,0.15384615384615385,27.80086541395926,26.281435112331014,94.31438127090301,9.19732441471572,116.76923076923077,23.896153846153844,0.8580599537649944,0.3686544173278812,0.3951829810512514,-4.173618802224959,0.0406708589743589,2.854908371,0.002055347,0.059,23.903,0.559831576
5985,Eastern and South-Eastern Asia,Upper Middle,14,0.21428571428571427,22.414986152947268,22.05544852771782,91.61490683229815,11.801242236024844,116.54285714285713,1.3714285714285717,0.989094795494211,,,-5.4190469720128505,0.0962134725274725,4.150906579,0.005661803,1.371,41.851,0.617976274
5986,Eastern and South-Eastern Asia,High income,17,0.4117647058823529,24.927427387949507,23.80516628173364,92.32736572890025,8.695652173913043,122.12941176470589,14.458823529411765,0.897080912667041,,,4.013132000557973,0.2615705590551181,9.280498501,0.01901726,15.582,7.147,0.31028604
5988,Northern America,High income,16,0.625,19.1206760030575,13.13757153149762,95.1086956521739,9.51086956521739,22.075,184.75,0.10729783848812267,,,0.7143866493233405,0.2471087073170731,9.179245621,0.029395707,3.063,8.145999999999999,0.355032457
5989,Latin America and the Caribbean,Upper Middle,40,0.575,23.659896695889444,20.00179377542356,95.32608695652173,9.673913043478262,78.6225,57.89,0.6028993189333179,4.985989173838408,6.922412284008548,6.219617108227162,0.2718481444444444,7.379373677,0.018250303,42.567,10.284,0.366381911
599,Sub-Saharan Africa,Low income,19,0.5263157894736842,19.639274095874903,16.436066455160315,93.13501144164759,10.068649885583524,38.026315789473685,91.32631578947368,0.29863201576045195,,,0.1829001718193679,0.1725647777777778,6.445231949,0.007789638,2.778,8.182,0.524650161
5990,Europe,High income,24,0.5833333333333334,16.138694506734073,13.954200825638528,94.7463768115942,9.782608695652174,46.6875,71.0625,0.40881252108113353,,,-2.1029622261843857,0.2163311333333333,7.196682983,0.0283449,0.607,23.835,0.528257974
5993,Northern Africa and Western Asia,Lower Middle,13,0.3076923076923077,24.569796409482976,21.78267095884507,90.63545150501673,10.033444816053512,0.038461538461538464,177.58461538461538,0.00023060808569125383,,,-5.732275851246223,0.0936201525423728,4.724752026,0.008747024,8.465,77.64699999999999,0.507078218
5999,Central and Southern Asia,Lower Middle,27,0.4074074074074074,29.176408773134288,22.965528422686557,93.39774557165862,10.950080515297905,49.714814814814815,137.41851851851854,0.29240080415155373,,,0.4480435768748433,0.2327409259259259,6.216160392,0.007974393,17.851,29.699,0.314163522
600,Sub-Saharan Africa,Lower Middle,14,0.5,23.06190091621979,15.998467351300851,92.85714285714286,10.869565217391303,33.80714285714286,144.3,0.22886691730437933,,,1.3758358832091018,0.2495946666666666,6.086359513,0.016904121,4.449,23.155,0.369167131
6000,Central and Southern Asia,Lower Middle,29,0.27586206896551724,27.61078300974096,26.04965764882235,94.60269865067467,9.14542728635682,123.25172413793103,15.265517241379312,0.9087080642463403,0.3524928920233474,0.3787032114709695,-2.9930838046220414,0.1036752179054054,4.452688671,0.004831825,2.569,17.711000000000002,0.513638687
6001,Eastern and South-Eastern Asia,Upper Middle,24,0.75,17.406588243079682,15.75593778176259,93.1159420289855,9.601449275362318,70.96666666666667,51.775000000000006,0.61899976048423,,,3.6586736882006115,0.210729829787234,10.64258136,0.01278167,23.563,18.594,0.278801153
6002,Eastern and South-Eastern Asia,Lower Middle,31,0.3870967741935484,18.473170517131884,17.83945179439922,91.4446002805049,10.238429172510518,100.38709677419355,20.6,0.8501875532370206,,,1.6918342873604362,0.1967826818181818,8.678697441,0.011929862,22.48,9.765,0.413099902
6004,Eastern and South-Eastern Asia,High income,14,0.42857142857142855,22.041006758248603,21.453225408507283,92.54658385093168,10.248447204968944,119.75714285714285,18.114285714285717,0.8762469169576121,,,6.070266131114288,0.3144106274509804,11.30957702,0.019769056,19.316,5.936,0.307972443
6007,Latin America and the Caribbean,Upper Middle,28,0.39285714285714285,22.5434901599495,17.331496124942976,92.70186335403727,9.472049689440993,75.61071428571428,65.40357142857142,0.5687358837807894,,,2.5201417516581874,0.2096900975609756,5.542219308,0.015396507,28.647,12.970999999999998,0.358729857
6008,Europe,High income,30,0.2,16.10175483094887,13.709329398119202,93.33333333333333,9.855072463768115,37.71333333333334,88.31666666666666,0.3090225613138242,,,-3.007636215555661,0.1987435925925925,6.038214917,0.027330918,0.754,25.885,0.522025142
6012,Northern Africa and Western Asia,Upper Middle,8,0.375,24.039237548143426,21.211087508195718,90.21739130434783,9.239130434782608,12.9625,206.325,0.060671509196679685,,,2.4017647696764097,0.1903756666666666,7.447576728,0.015829372,27.708,10.052,0.241114384
6018,Central and Southern Asia,Lower Middle,29,0.2413793103448276,27.19854268114691,25.629888945498248,95.05247376311844,10.944527736131933,126.15172413793104,11.734482758620691,0.934310732284601,0.5416200943389047,0.578512016575115,-3.6837406956019763,0.0426570845070422,2.676975793,0.001226763,0.09,18.736,0.56934651
6020,Eastern and South-Eastern Asia,Lower Middle,31,0.3225806451612903,20.633306331019295,19.983263980542997,93.68863955119214,9.537166900420756,98.4258064516129,21.470967741935485,0.8405895120690828,,,-2.6764178339831686,0.1359097272727272,4.496555883,0.009165549,7.077999999999999,14.211,0.468355569
6022,Eastern and South-Eastern Asia,High income,22,0.5454545454545454,24.33277103066216,23.24120267547944,93.67588932806325,10.276679841897232,100.19090909090909,28.163636363636364,0.7991711429072417,,,4.365413132467963,0.3031742368421052,9.806794475,0.018012446,15.022,9.842,0.269432174
6024,Northern America,High income,24,0.375,30.12434703163487,22.057877227382118,94.0217391304348,9.96376811594203,14.529166666666667,218.38333333333333,0.06556444332404372,5.12774795059416,4.362901959949844,-1.571127462004104,0.2202311139240506,6.234652286,0.016239171,1.134,11.465,0.378639213
6026,Europe,High income,24,0.5,16.156137373868198,13.914296082100078,94.3840579710145,8.876811594202898,44.125,74.62083333333334,0.385106910361108,,,-3.672422315535543,0.174102,5.957295435,0.019033419,0.438,27.853999999999996,0.601506393
603,Sub-Saharan Africa,Low income,27,0.4074074074074074,25.45061012522382,22.67957697117676,93.71980676328502,11.11111111111111,73.42222222222223,81.77407407407408,0.48855598718930004,,,-1.1803075544786197,0.221184625,6.010575879,0.015042585,0.492,36.668,0.426391133
6043,Latin America and the Caribbean,Upper Middle,28,0.5714285714285714,22.19723802951373,17.196242599512836,94.09937888198758,9.937888198757763,79.92857142857143,61.28214285714286,0.6043734495288532,,,-1.5009478354998014,0.1666125777777777,8.155243247,0.016658626,5.43,23.641,0.37613367
6046,Sub-Saharan Africa,Low income,21,0.47619047619047616,24.96465998748183,21.54313109369365,93.7888198757764,10.766045548654244,37.923809523809524,116.72380952380952,0.2739061771911966,,,-6.112315140573282,0.1415274705882352,4.576259504,0.007837513,0.0,86.99600000000001,0.444522679
6054,Central and Southern Asia,Lower Middle,26,0.2692307692307692,27.777419921197993,26.167602155000118,95.31772575250837,9.19732441471572,118.23846153846155,22.70384615384615,0.8618352847610982,0.5462876854734162,0.5823418349418922,-4.088896356858359,0.0447245381165919,2.693320646,0.002209814,0.021,23.56,0.552325666
6057,Eastern and South-Eastern Asia,Upper Middle,32,0.34375,24.216273819858415,22.264100082368955,94.83695652173913,9.375,80.91562499999999,73.053125,0.5553814375880569,,,-4.323092960465749,0.1083781052631579,4.203102424,0.00657394,1.516,33.975,0.435608704
6059,Latin America and the Caribbean,Upper Middle,21,0.3333333333333333,17.36506533779943,16.228921171410153,94.824016563147,8.281573498964804,102.21904761904761,32.6,0.7809904716397172,,,-1.2494875501977278,0.1577056666666666,8.915417627,0.01337126,9.487,33.216,0.560765533
6061,Latin America and the Caribbean,Upper Middle,18,0.5,22.607738176250848,20.807172396652664,95.65217391304347,9.66183574879227,84.18333333333334,51.88333333333333,0.6286315379409052,,,-1.0191969253063222,0.2552356818181818,7.516251848,0.01595515,3.831,21.6,0.506563677
6062,Europe,High income,29,0.5172413793103449,16.457961279599626,13.978174208726186,93.7031484257871,10.044977511244378,36.57241379310344,85.06206896551724,0.3106864999076542,,,-2.265300461317509,0.2105009583333333,6.7138352,0.02905169,0.593,27.664,0.52271292
6066,Northern Africa and Western Asia,Upper Middle,9,0.6666666666666666,21.945311473838338,17.293951461701543,91.78743961352657,9.178743961352657,6.555555555555555,227.79999999999998,0.028868621593520192,,,4.165337593709111,0.1933105322580645,8.494763654,0.022627263,29.77,11.518,0.215091204
607,Sub-Saharan Africa,Low income,27,0.48148148148148145,20.8654258896428,18.228594515830263,93.55877616747182,10.144927536231885,52.0037037037037,93.18518518518519,0.401781719673989,,,0.9936972319374522,0.2141998695652174,7.648087831,0.012713169,1.747,7.842,0.385542931
6076,Eastern and South-Eastern Asia,High income,18,0.3333333333333333,23.17053191389251,22.5381321047635,93.23671497584542,9.178743961352657,118.52777777777777,24.922222222222224,0.8352624270476067,,,5.2480193821395655,0.2619667909090909,11.41318057,0.020017737,22.8,10.372,0.329542101
6079,Latin America and the Caribbean,Upper Middle,29,0.41379310344827586,22.79726612242845,17.585646502861472,92.80359820089956,9.595202398800598,75.1103448275862,62.91724137931034,0.5800833147941578,,,4.94721819625814,0.2462241785714285,6.328620346,0.017294004,39.478,6.019,0.322035361
6080,Europe,High income,29,0.6896551724137931,16.589657288367054,14.034848136892284,94.30284857571213,10.194902548725636,34.300000000000004,89.95172413793104,0.28714994710413355,,,-2.472418131908207,0.2140535,5.877441245,0.026816112,2.181,26.323,0.515723643
6087,Central and Southern Asia,Lower Middle,19,0.47368421052631576,25.070810128843362,20.571169817151286,91.99084668192219,10.526315789473685,8.552631578947368,192.97894736842105,0.04269114124633142,,,5.982486535298389,0.2510446428571428,9.647605299,0.016985618,25.003,12.953,0.275710342
6089,Central and Southern Asia,Lower Middle,8,0.625,15.91965324950943,14.239383665418552,96.19565217391305,11.956521739130434,124.98750000000001,15.0875,0.9181805856832972,,,-4.137862251572325,0.1221991851851851,4.964018333,0.008801523,0.966,22.988,0.530943238
609,Sub-Saharan Africa,Lower Middle,30,0.16666666666666666,17.975352680592618,15.539758896415206,93.47826086956522,9.27536231884058,85.48,71.71666666666667,0.5722549544552631,,,-1.976939527864034,0.0936727142857142,2.990166847,0.004049138,0.214,8.758000000000001,0.700365027
6090,Central and Southern Asia,Lower Middle,27,0.5185185185185185,27.276380195026906,25.688773167908412,95.49114331723028,9.178743961352657,120.67407407407408,20.692592592592593,0.8727873597393558,0.1466700752651283,0.1621090305561947,-4.709656737233263,0.0554868975949175,3.390689573,0.003100407,1.825,38.25,0.575019748
6095,Latin America and the Caribbean,Upper Middle,23,0.5652173913043478,18.130312577246137,14.556981717807453,92.43856332703213,10.964083175803403,45.91304347826087,99.66521739130435,0.33339785830718677,28.677697115892276,24.67082768220543,4.7915883619450375,0.2733997037037037,7.228986457,0.01802205,31.275,5.111999999999999,0.245089119
6096,Northern America,High income,23,0.4782608695652174,30.734243074244887,22.543342129076876,93.76181474480153,9.45179584120983,27.61304347826087,206.42608695652174,0.12841657622331362,6.69073749754903,5.67517686623879,0.02422523281741884,0.2142449677419355,7.793318658,0.020728931,4.777,3.4320000000000004,0.418025482
6097,Latin America and the Caribbean,Upper Middle,29,0.4482758620689655,22.045054363382263,16.685170434967013,93.7031484257871,10.494752623688155,72.76206896551724,68.04827586206896,0.5525489035519912,,,1.1369673520991501,0.1933525641025641,6.460294049,0.013185764,16.699,17.445,0.396218213
6098,Europe,High income,25,0.48,16.61295982360842,14.329309468888415,93.7391304347826,10.26086956521739,48.952,65.696,0.4400530723143947,,,-3.4783593106532478,0.1706936111111111,6.14528128,0.015975141,1.673,31.167,0.599791157
6103,Europe,Upper Middle,28,0.4642857142857143,19.469148279012,15.489888638994504,93.63354037267081,9.937888198757763,27.771428571428572,131.35,0.17787375596910962,,,-0.028285811476502443,0.24507946875,8.334557166,0.014499915,6.537,10.828,0.434447815
6106,Central and Southern Asia,Lower Middle,27,0.25925925925925924,28.195918306747814,23.337284320587287,94.04186795491142,9.178743961352657,65.78888888888889,128.1925925925926,0.3623716792776184,0.2934090922566821,0.3726818635705691,-3.2790946511503387,0.1212308666666666,4.26395307,0.002940062,4.465,40.206,0.373535505
6114,Northern America,High income,34,0.38235294117647056,28.659815921001424,23.929837502540156,93.86189258312021,10.61381074168798,43.694117647058825,155.02941176470588,0.23191813169345257,,,-2.102243981728212,0.2025567946428571,5.777318428,0.020041377,0.333,8.218,0.471667454
6116,Europe,High income,26,0.4230769230769231,17.065252780496852,14.616110115306695,93.47826086956522,10.033444816053512,38.55384615384615,85.63846153846154,0.31980405246457594,,,-2.01449314491985,0.2059392631578947,6.62074752,0.018934434,0.631,33.239,0.372114155
6121,Europe,Upper Middle,25,0.52,20.721027923584014,16.097088855374544,95.1304347826087,9.217391304347824,24.62,143.15200000000002,0.14880383096161098,,,0.3490451700281719,0.250928119047619,8.807241067,0.015721093,6.508,11.769,0.450546374
6130,Eastern and South-Eastern Asia,High income,23,0.43478260869565216,24.79611485307391,23.664232976656546,94.13988657844992,10.396975425330812,94.7304347826087,29.108695652173914,0.7832264324893086,,,3.5199290237974896,0.3007043428571428,10.45779164,0.019321729,12.474,6.597000000000001,0.293974949
6131,Latin America and the Caribbean,Upper Middle,28,0.5357142857142857,27.226630255484565,20.312407210281872,93.32298136645963,9.316770186335404,18.92142857142857,188.4,0.09660904784346809,,,5.373453413037405,0.2815577751824817,8.289203343,0.022306371,24.936,5.865,0.228625563
6143,Central and Southern Asia,Lower Middle,15,0.8,29.314857170209827,24.539682321705037,94.78260869565217,8.115942028985506,101.27333333333333,90.92,0.5808946010546915,,,8.736352672681644,0.3044640301369863,9.230934724,0.017600476,44.422,5.4479999999999995,0.214914421
6148,Eastern and South-Eastern Asia,High income,24,0.5,24.967329836826746,23.94287859415905,93.4782608695652,10.688405797101447,97.78750000000001,32.49166666666667,0.769780092994754,,,1.6229623737343706,0.263657,11.12378331,0.028252739,1.799,5.201999999999999,0.345064567
6150,Northern America,High income,32,0.4375,28.469083643345733,24.170173438518347,93.88586956521739,10.054347826086955,50.38125,144.75625,0.2721696783267086,,,-3.252978578245293,0.1817187916666666,5.345762539,0.015469181,0.0,16.762,0.53929287
6152,Europe,High income,26,0.38461538461538464,17.236388672179316,14.793923225000254,94.31438127090301,9.866220735785951,39.542307692307695,80.93846153846154,0.3397727143171964,,,-1.5924225326411612,0.2414134285714285,6.668517133,0.029866208,0.622,19.813,0.480584494
6167,Northern America,High income,33,0.3333333333333333,28.358536813780507,24.159347603771693,93.41238471673255,9.881422924901186,61.378787878787875,133.0151515151515,0.33093138223908874,,,-0.6802822824955241,0.2078567278106509,7.286183203,0.019062618,2.372,8.393,0.442928809
6168,Latin America and the Caribbean,Upper Middle,34,0.6764705882352942,22.097924328972333,17.0787904741026,93.73401534526855,9.846547314578004,76.82058823529412,61.73235294117647,0.5913109167525858,,,7.300983746188127,0.3280225,6.548035373,0.02244856,43.623000000000005,8.329,0.281132555
6169,Europe,High income,27,0.48148148148148145,16.728411278244145,14.347950547386906,94.04186795491142,10.144927536231885,39.91851851851852,79.77037037037037,0.34352813062936804,,,-1.9161618009069734,0.2156063548387096,6.818026642,0.022347867,1.119,23.024,0.499834668
6182,Eastern and South-Eastern Asia,High income,24,0.5416666666666666,25.02471338711652,24.009174959220402,93.29710144927536,10.688405797101447,97.4375,31.283333333333335,0.7760525880480164,,,1.9695403839047456,0.2723238208955224,10.1164261,0.018760695,4.484999999999999,9.705,0.31565632
6183,Latin America and the Caribbean,Upper Middle,20,0.7,19.44458693875736,14.808375413449514,95.21739130434783,10.652173913043478,41.035000000000004,127.1,0.26944170152145663,9.755194865796904,8.40862998764019,4.833982324918305,0.2654079758064516,9.286984166,0.019348832,26.089,4.159999999999999,0.279109556
6184,Northern America,High income,25,0.48,30.76141894076579,21.949020632049496,95.1304347826087,12.34782608695652,24.451999999999998,206.484,0.11485324898928378,9.770354040898956,8.24362587562785,-2.0508132750273633,0.1905916666666666,6.117759255,0.017578107,0.475,16.071,0.394453037
6185,Latin America and the Caribbean,Upper Middle,48,0.5416666666666666,24.978078435262066,20.947443021219947,95.01811594202898,9.239130434782608,83.84583333333333,58.66458333333333,0.624999939477044,11.47845795376517,16.044726341802104,4.542669159296745,0.2760300666666667,6.233918483,0.016548059,31.04,11.675,0.347178357
6186,Europe,High income,25,0.52,17.1833539174398,14.813264245673867,93.04347826086956,10.08695652173913,43.88,75.696,0.37942800934562376,,,-2.449603721721822,0.1946481944444444,6.518654517,0.017645578,0.433,26.463,0.466880157
6199,Eastern and South-Eastern Asia,High income,25,0.52,25.03281388335532,23.94866717649049,93.21739130434781,10.956521739130435,94.464,36.688,0.7380816892500047,,,1.7080414848502403,0.2829305263157894,9.331440796,0.022027208,9.21,6.289,0.356277492
6200,Latin America and the Caribbean,Upper Middle,19,0.21052631578947367,16.834730680194244,15.492029051781708,94.50800915331808,10.297482837528603,91.8157894736842,37.2,0.7246465552732052,3.631554788586252,3.1282811830828288,-0.023881848407349526,0.2174489733333333,7.065739019,0.014078205,13.519,25.649,0.478202301
6201,Northern America,High income,26,0.8076923076923077,31.05999898420136,22.06831662576351,95.65217391304348,12.54180602006689,22.96153846153846,209.09230769230768,0.10923761348831457,9.583270715547998,8.08636216857565,-1.0000217842140593,0.2184962809917355,6.882789281,0.01925858,1.776,6.896,0.395771603
6202,Latin America and the Caribbean,Upper Middle,36,0.1111111111111111,22.08427948664107,17.486235235986943,93.47826086956522,10.990338164251206,83.46944444444445,54.3,0.6416414258711077,,,3.6112540779748863,0.2102368461538461,6.286923849,0.016467692,29.306,12.877,0.338682121
6203,Europe,High income,26,0.4230769230769231,16.635167720962844,14.359310265549095,92.3076923076923,10.702341137123746,44.55,74.42692307692309,0.38468231728081226,,,-2.631605427283515,0.2128046551724138,6.341001427,0.018444037,1.252,22.673,0.546954304
6215,Eastern and South-Eastern Asia,Upper Middle,22,0.13636363636363635,23.751267148323166,22.50417217889387,95.45454545454545,7.707509881422925,99.93636363636364,33.38181818181818,0.772030808256713,,,-5.219941160359948,0.0958054357541899,4.703319442,0.006948523,2.235,47.544,0.604393833
6216,Eastern and South-Eastern Asia,High income,21,0.47619047619047616,25.21865402766638,23.992704728628855,93.58178053830227,10.973084886128364,85.53809523809524,44.96666666666667,0.6755225666049126,,,2.2757915123018937,0.2860527647058823,11.42053417,0.030196325,5.3,9.45,0.375372596
6218,Northern America,High income,27,0.8148148148148148,30.920716250419353,22.079087060106673,95.81320450885669,12.077294685990339,21.607407407407408,210.09629629629632,0.10242551997794129,15.003787781390692,12.659500040592198,-0.4300429046449715,0.2196654166666666,7.210087768,0.018175962,2.407,11.141,0.370953672
6229,Central and Southern Asia,Lower Middle,26,0.7307692307692307,29.22286401550159,23.082291880443343,92.3076923076923,11.872909698996654,55.934615384615384,134.86153846153846,0.32660814993385817,,,6.0074770397842965,0.3185020840707964,8.563284461,0.020642081,31.73,19.245,0.243772275
6230,Central and Southern Asia,Lower Middle,35,0.3142857142857143,27.69494910685225,26.067380445352484,92.9192546583851,11.428571428571429,118.95714285714286,27.525714285714287,0.838704250728525,0.5764475051117716,0.614865370603495,-3.867409520989191,0.0457760714285714,2.763405198,0.001021047,0.328,22.638,0.585255627
6231,Eastern and South-Eastern Asia,Upper Middle,28,0.07142857142857142,17.983546549933322,15.901602310574441,93.16770186335404,9.782608695652174,65.91071428571429,65.11785714285715,0.549233139856859,,,-0.1990951985921926,0.1643818125,5.470140423,0.005191419,9.711,10.888000000000002,0.384173311
6234,Latin America and the Caribbean,Upper Middle,29,0.41379310344827586,26.65504056895129,20.242439408646455,94.15292353823088,10.194902548725636,46.56551724137931,154.63103448275862,0.24298044173890546,,,-1.6789515754538948,0.1785235882352941,6.198518516,0.014958383,5.901,7.496,0.415738559
6235,Northern America,High income,28,0.75,30.984007681915358,22.15112644973325,94.40993788819877,12.577639751552795,23.407142857142855,206.93571428571428,0.11131740985926365,7.295628152308896,6.155254575036256,-2.475177447339533,0.1946525849056603,6.008937457,0.015335429,1.179,5.0569999999999995,0.453939421
6236,Latin America and the Caribbean,Upper Middle,33,0.30303030303030304,22.016120462128633,17.144113278255976,94.20289855072464,10.671936758893281,77.85757575757576,62.28787878787879,0.5908681423940132,,,3.4194653624761258,0.2138077272727272,5.712858507,0.014644526,31.659,12.923,0.367493742
6237,Europe,High income,26,0.5769230769230769,17.619754207024222,15.179967663594057,93.97993311036788,10.033444816053512,39.74615384615385,77.9423076923077,0.34759876356569974,,,-2.376223537030836,0.1994810253164557,5.811781301,0.014899418,1.26,22.517999999999997,0.457104642
6247,Central and Southern Asia,Lower Middle,26,0.4230769230769231,27.971128765986553,26.373280853290137,95.31772575250837,10.367892976588628,116.28461538461539,25.676923076923078,0.8408991569868345,0.1550178824864569,0.1702773150415806,-4.318679349192709,0.0404621081081081,2.525030781,0.001761547,0.037,25.667,0.454714904
6248,Eastern and South-Eastern Asia,Upper Middle,28,0.6785714285714286,17.806498916625994,15.543765282010911,93.32298136645963,9.937888198757763,63.28928571428572,67.42857142857143,0.5315379346123494,,,1.5209785544626961,0.1893772272727272,6.365303094,0.01482454,19.182,6.727,0.285860593
6251,Latin America and the Caribbean,Upper Middle,22,0.22727272727272727,27.723005349715972,20.743697153659678,93.2806324110672,10.869565217391305,32.900000000000006,175.63181818181818,0.16451204767445568,,,-0.9966665965410347,0.1834221739130434,5.46727767,0.014744107,8.901,13.756,0.341926783
6252,Northern America,High income,28,0.39285714285714285,30.80738418116085,22.13059775955471,94.56521739130436,12.422360248447205,21.403571428571432,207.3857142857143,0.1028469433453195,35.7729402253233,30.182850543049508,-1.3310141993986684,0.2200789104477612,6.548546609,0.018929409,1.192,5.307999999999999,0.409582801
6253,Latin America and the Caribbean,Upper Middle,32,0.46875,23.118290639657232,17.863592222177566,93.47826086956522,10.46195652173913,74.034375,67.878125,0.5487739999788833,,,6.867024891793525,0.262953947368421,5.99626828,0.017399535,51.137,4.143000000000001,0.271019785
6254,Europe,High income,25,0.56,17.275341607989745,15.01250775388169,94.2608695652174,9.565217391304348,39.02,78.24,0.34163431827495144,,,-2.6131654105363538,0.19912195,6.061304599,0.021013343,1.663,27.311000000000003,0.524502774
6256,Sub-Saharan Africa,Low income,15,0.7333333333333333,20.906979026794453,15.01665250315665,94.4927536231884,10.434782608695652,50.38666666666667,129.94,0.3375943083802026,,,-1.270439807916951,0.2344318125,5.488881512,0.009899449,7.159,39.189,0.241077902
6257,Northern Africa and Western Asia,Lower Middle,15,0.3333333333333333,25.132853960940732,21.54295685164108,90.43478260869566,11.594202898550725,0.03333333333333333,186.66,0.00018934941618232,,,-7.053559732477127,0.0824420080645161,4.046195085,0.006971488,3.809,83.794,0.491306151
6268,Latin America and the Caribbean,Upper Middle,29,0.7586206896551724,28.47031922978053,21.590697581325987,93.40329835082458,10.794602698650674,35.3551724137931,173.9586206896552,0.17883744439125598,,,-2.0040866671983593,0.1402063125,4.75764974,0.013470853,3.148,31.56,0.285869573
6269,Northern America,High income,29,0.41379310344827586,31.037198963534458,22.301358306922722,94.15292353823088,11.99400299850075,22.731034482758623,205.44827586206895,0.10999508658312222,11.929342794561125,10.080980105347663,-1.6569222712600729,0.2029292216066482,6.532640757,0.017863246,0.827,12.778,0.402643258
6270,Latin America and the Caribbean,Upper Middle,17,0.35294117647058826,19.711325809254394,18.943114500199567,93.86189258312021,8.695652173913043,109.07058823529412,7.4,0.9381428552007506,,,-0.5552005320330244,0.2264525,7.941859348,0.012258362,8.97,27.581,0.4785972
6271,Europe,High income,25,0.48,16.867349239573798,14.726540197039235,93.7391304347826,10.434782608695652,46.336000000000006,67.348,0.4256549442119597,,,-2.4842992001378184,0.19983436,6.451245829,0.027696336,0.05,27.279,0.52516586
6280,Central and Southern Asia,Lower Middle,17,0.29411764705882354,29.445596714696684,23.857157880454604,94.37340153452685,9.462915601023017,73.98235294117647,129.91764705882352,0.4162646588889575,,,0.7465610937082614,0.1926921851851852,6.921224771,0.019351342,16.821,2.786,0.31038174
6284,Latin America and the Caribbean,Upper Middle,17,0.4117647058823529,17.798470641261325,16.35212482220166,94.37340153452685,10.485933503836316,74.05882352941177,45.95882352941176,0.6361009753564241,1.751145364919509,1.5041258419165335,-0.7524766854915605,0.157932037037037,8.869179258,0.010915775,5.664,31.001,0.547239408
6285,Northern America,High income,32,0.625,28.344374920195175,23.615180771991973,93.75,10.869565217391303,61.206250000000004,133.6,0.32840844260225843,1.356957414749763,1.1558110848258671,-3.1523084876212253,0.1652593,6.61196281,0.016127697,0.949,22.093,0.566306618
6286,Latin America and the Caribbean,Upper Middle,46,0.6304347826086957,24.25724782244763,19.283084604151753,95.17958412098298,8.695652173913043,76.48695652173913,66.7695652173913,0.5714884606609953,4.117556789196613,5.794739923819329,2.9027402475747532,0.22845488,6.118036939,0.016281988,28.131,21.51,0.374148352
6297,Central and Southern Asia,Lower Middle,28,0.32142857142857145,27.26442571182496,25.713145457828094,94.25465838509317,10.248447204968944,125.94285714285715,10.982142857142858,0.9364560500048574,0.3638028243877335,0.3909107575150696,-4.4871876927482415,0.0302677592592592,2.65185439,0.001830051,0.014,27.342,0.573953653
6303,Europe,High income,24,0.5,17.023099057251518,14.838734272743972,94.7463768115942,9.96376811594203,46.30416666666667,69.14166666666667,0.41037891965260204,,,-1.6747723749932228,0.2229975510204081,6.723461819,0.022619652,1.468,18.82,0.483818375
631,Central and Southern Asia,Lower Middle,26,0.2692307692307692,26.9586549054084,22.920322645879065,94.14715719063544,10.20066889632107,114.11923076923078,52.915384615384625,0.717275356980084,,,-4.845783520251663,0.088945,3.153286095,0.009809305,0.042,48.46,0.458641861
6311,Central and Southern Asia,Lower Middle,23,0.6956521739130435,28.076354315200316,23.039219231969724,94.32892249527411,8.506616257088847,54.03478260869565,143.0086956521739,0.28497492652279705,1.211213322760104,1.5313804364006092,-3.534221165760057,0.1371064246575342,4.800827206,0.005257239,6.092,53.631,0.333801732
6313,Central and Southern Asia,Lower Middle,30,0.06666666666666667,27.149901667791067,25.702245922347554,93.6231884057971,9.855072463768115,124.87666666666668,10.846666666666668,0.9396503645425618,0.4604758176928349,0.4929694328984489,-5.293922602561983,0.0290448470588235,2.556060825,0.001668218,0.0,38.176,0.551561255
6316,Latin America and the Caribbean,Upper Middle,17,0.5882352941176471,19.309853483111414,17.517484989922625,95.65217391304348,9.718670076726342,94.39411764705882,39.300000000000004,0.7250030442945902,6.55586491981384,5.702350376796114,1.2748308537512523,0.2398475306122449,7.662208407,0.014888423,16.585,18.654,0.492564623
6317,Northern America,High income,33,0.7575757575757576,27.986916642397883,24.39566651053403,92.88537549407116,10.144927536231883,65.45151515151515,130.330303030303,0.3456463140830718,,,-1.4695890927352548,0.1987859493670886,6.656621622,0.013919975,0.863,12.943,0.436145768
632,Central and Southern Asia,Lower Middle,36,0.3611111111111111,26.239979138367744,24.5444931470751,92.8743961352657,9.903381642512077,125.10833333333335,22.31388888888889,0.855399562476173,,,-1.6297003615454717,0.1730095281923714,6.040452336,0.009737332,2.5269999999999997,16.726,0.61627089
6321,Sub-Saharan Africa,Low income,11,0.5454545454545454,21.345191347626916,16.241827360912758,93.2806324110672,10.67193675889328,63.972727272727276,105.78181818181817,0.4338824868520963,,,0.8415027081701958,0.2788559350282485,5.861421212,0.012866538,16.433,41.825,0.250844111
6333,Northern America,High income,28,0.6428571428571429,31.075521727276584,22.35862859113966,93.94409937888199,10.559006211180122,23.83214285714286,202.18214285714288,0.11559325167897447,12.69237420397022,10.726638351858758,-0.37512706925004724,0.2204078064516129,6.876431487,0.021969547,0.913,7.921999999999999,0.381767718
6335,Europe,High income,25,0.56,16.76365193117584,14.485522054758462,94.2608695652174,10.956521739130435,50.276,62.976000000000006,0.4589180592644213,,,-2.003489101928455,0.2264364545454545,6.376309757,0.025243734,2.836,21.872,0.531882079
6340,Europe,Upper Middle,17,0.5882352941176471,19.802760966251984,16.594940234400816,92.83887468030692,8.184143222506393,33.80588235294118,116.76470588235294,0.22596747362304742,,,-0.1300106724613549,0.24750568,6.360148438,0.013813031,7.488,12.537,0.401027336
6348,Latin America and the Caribbean,Upper Middle,49,0.5918367346938775,26.776226056875974,24.799776513932372,94.76486246672582,9.5829636202307,70.87755102040816,86.57551020408162,0.45989758845400697,,,1.272239130207641,0.259451875,8.543505939,0.015931096,9.998,8.747,0.497846761
6349,Northern America,High income,32,0.34375,27.998200616174003,24.03660744049901,93.47826086956522,9.646739130434781,73.109375,120.596875,0.39380710432954613,,,-2.4469289512259307,0.2106884074074074,6.435460121,0.014950894,0.321,9.291,0.509929851
635,Eastern and South-Eastern Asia,Upper Middle,33,0.45454545454545453,27.29898346952255,22.583927227450776,93.0171277997365,11.067193675889328,48.233333333333334,111.93333333333334,0.3137958357541907,,,-1.5341892348274848,0.192986976744186,5.858562867,0.016021968,7.994,3.767,0.489809934
6350,Latin America and the Caribbean,Upper Middle,17,0.7058823529411765,19.957681657097623,19.40294699637561,95.90792838874681,9.974424552429667,111.28235294117647,3.3823529411764706,0.9716123708745189,,,4.01486038246595,0.2851200335689046,9.33014717,0.016626555,25.991999999999997,21.287,0.414977802
6359,Central and Southern Asia,Lower Middle,27,0.5555555555555556,28.09935572473082,23.214423531143645,94.04186795491142,8.695652173913043,75.14814814814815,114.10740740740741,0.4195990186720116,1.5933295055663652,2.0119448311493864,-3.2361821257794894,0.1289677692307692,4.785720313,0.004890216,4.46,40.891000000000005,0.357533088
6365,Northern America,High income,31,0.45161290322580644,30.95094691858009,22.55065647892335,93.8288920056101,11.921458625525945,22.225806451612904,203.7225806451613,0.1076098493275456,6.95149282104983,5.8739944835774835,-0.03934494927690202,0.2393916478873239,7.259027905,0.020553536,3.061,4.892999999999999,0.375399299
6366,Latin America and the Caribbean,Upper Middle,17,0.4117647058823529,19.786821109789955,19.100841160019044,92.58312020460359,10.230179028132993,107.90588235294118,7.011764705882353,0.9421047334105532,,,0.6332506265057469,0.2312894166666666,8.193351849,0.012559101,12.378,28.813,0.455872503
6377,Central and Southern Asia,Lower Middle,27,0.37037037037037035,27.65584160133649,25.9965217591803,93.55877616747182,10.305958132045088,121.20740740740742,26.814814814814813,0.8465576303737774,7.118615048332953,7.51188952187127,-3.594299568706437,0.0650007692307692,3.287185269,0.002157138,0.601,16.792,0.508361252
6378,Eastern and South-Eastern Asia,Upper Middle,25,0.44,25.213732738044328,22.427874098315534,94.08695652173914,10.608695652173912,105.28,17.036,0.8611469479499072,,,2.9396324711820148,0.2393192479815455,10.96914966,0.011722303,9.449,1.97,0.383701883
6380,Latin America and the Caribbean,Upper Middle,48,0.4791666666666667,26.751944634853288,24.601055230269694,94.56521739130436,9.8731884057971,79.72708333333334,75.5625,0.5239953126901116,,,2.909907408746026,0.23483825,14.74546283,0.016879987,3.592,10.335,0.567992351
6381,Northern America,High income,32,0.625,27.99398317337039,23.8550827038629,93.20652173913044,9.646739130434781,72.375,121.690625,0.3889228067178432,4.863544922746445,4.144275164126686,-1.7738971058323219,0.2057195,7.707740299,0.018143078,0.75,9.069,0.581220936
6382,Latin America and the Caribbean,Upper Middle,42,0.4523809523809524,23.93986916142896,20.34952379108859,95.34161490683229,10.351966873706003,88.22619047619048,48.161904761904765,0.6738526863770253,2.9055186697184703,4.062521844663158,4.348896382030831,0.2518955151515151,7.163377411,0.016297054,27.577,17.103,0.329263659
6396,Latin America and the Caribbean,Upper Middle,19,0.5789473684210527,18.283221525412895,16.55274402718335,95.19450800915331,9.839816933638442,71.6842105263158,57.526315789473685,0.5752154750463709,32.98428436179141,28.72252526660054,5.10026166980592,0.2579073209876543,11.21897094,0.019741819,30.292,18.248,0.429919514
6397,Northern America,High income,31,0.6774193548387096,30.841173608283423,22.60840787751362,92.56661991584853,11.640953716690042,25.716129032258067,198.33225806451614,0.12718639638142626,5.744433383382933,4.853927642199788,-0.20991636545093606,0.234459696847211,7.573661141,0.025019363,2.272,9.02,0.396804096
6398,Latin America and the Caribbean,Upper Middle,43,0.3488372093023256,23.664876055413224,19.120878336459423,94.74216380182003,8.594539939332659,81.91162790697675,60.54418604651163,0.6031917965504274,3.253204425154499,4.5472282919050855,6.8215600851978975,0.3138070555555555,7.095687822,0.016772871,40.415,7.399,0.329543613
6407,Central and Southern Asia,Lower Middle,20,0.6,28.939696008081352,22.83430879619163,93.69565217391305,10.0,51.260000000000005,159.065,0.2824093849492895,,,0.6349400579430862,0.1985675172413793,5.979558817,0.011324121,18.454,13.769,0.274473321
6408,Central and Southern Asia,Lower Middle,28,0.32142857142857145,27.662347330915736,26.064039165498365,94.25465838509317,10.869565217391303,121.01785714285714,25.667857142857144,0.8487118541321693,0.8593753369573479,0.9133817600200894,-5.16449497015669,0.0291029591836734,2.527547004,0.000989768,0.028,35.619,0.635328516
6412,Northern America,High income,30,0.36666666666666664,30.87423013133031,22.49941776520926,93.47826086956522,12.17391304347826,24.366666666666667,200.33,0.12087655238368629,2.9805539749609085,2.514085625427581,-1.1323421090170762,0.2124026835443038,6.700104066,0.02321743,0.926,9.371,0.381260358
6422,Central and Southern Asia,Lower Middle,22,0.5909090909090909,27.770557420904012,22.9484452426374,94.26877470355731,11.067193675889326,75.64545454545454,108.87727272727274,0.45281363142653325,,,-0.28624383240895224,0.2123338461538461,5.584963427,0.002930079,13.565,25.72,0.3306364
6426,Latin America and the Caribbean,Upper Middle,35,0.45714285714285713,25.72810092800268,23.94805141012631,93.7888198757764,8.695652173913043,91.41714285714285,62.75714285714286,0.604086744261622,,,-0.27163441781097986,0.2194803809523809,6.825186228,0.014315269,6.351,8.257,0.491494594
6427,Northern America,High income,27,0.5555555555555556,30.548966499260604,22.12251660829915,93.0756843800322,10.950080515297905,29.21851851851852,193.11481481481482,0.14658798204793155,27.540275890201812,23.231522504156523,-2.2512903146064223,0.18446459375,5.958351607,0.025747751,1.83,7.848,0.431872398
6428,Latin America and the Caribbean,Upper Middle,15,0.13333333333333333,19.755497902295303,19.0361605771091,93.6231884057971,10.434782608695652,108.65333333333334,5.3,0.9560551313783237,,,3.912932157596484,0.2814205652173913,8.76778504,0.015512861,26.965,17.672,0.390709589
6431,Northern Africa and Western Asia,Lower Middle,11,0.5454545454545454,25.09461318428969,22.749652885828873,93.67588932806325,10.276679841897232,0.15454545454545457,172.33636363636364,0.0008853216721237,,,-6.077791014919578,0.0991075,3.865603117,0.008401971,2.693,70.16499999999999,0.528413442
6442,Northern America,High income,30,0.5,30.55720139834658,22.503848030410534,92.46376811594203,11.44927536231884,28.343333333333337,192.41333333333333,0.1430069476625933,10.953914651569784,9.239710001680088,-1.1924668987166407,0.2340457096774193,6.171873672,0.022163812,1.377,7.199,0.356958868
6443,Latin America and the Caribbean,Upper Middle,49,0.40816326530612246,23.74838852292999,19.26555842276684,94.321206743567,9.494232475598935,80.99183673469388,58.34285714285715,0.6138339136506294,1.6660084115358218,2.313213012550545,3.5916144507743524,0.2607924782608695,6.561598558,0.015749346,25.349,18.891,0.372598344
645,Eastern and South-Eastern Asia,Lower Middle,23,0.17391304347826086,26.230216482582286,23.959919551803477,94.32892249527411,9.262759924385634,109.9391304347826,50.073913043478264,0.7056938716801883,,,-5.286395271074637,0.0598330055710306,3.051288395,0.005114977,0.3909999999999999,38.709,0.501921011
6458,Latin America and the Caribbean,Upper Middle,43,0.3488372093023256,23.719388296437813,20.45044319610495,94.9443882709808,10.111223458038422,91.71395348837208,42.234883720930235,0.7045861309505166,5.6117283331425964,7.790754001525902,3.955914473420242,0.2415027222222222,7.635669726,0.017088277,33.163,19.746,0.357363179
6463,Europe,Upper Middle,25,0.52,18.270792868918623,16.26950480712589,93.39130434782608,10.08695652173913,63.04,92.656,0.40682587786561136,,,0.9074418825622201,0.2423411343283582,8.071384396,0.019363443,11.684,10.788,0.355492369
6472,Northern America,High income,28,0.5714285714285714,30.294576334107628,22.231082266160104,92.54658385093168,11.490683229813664,31.32857142857143,182.7642857142857,0.16210334851097333,10.937764878576344,9.19815609139361,-2.163275463505496,0.2081064769230769,5.923637553,0.021195278,0.538,11.761,0.40409452
6474,Sub-Saharan Africa,Lower Middle,20,0.45,26.59680742132261,23.795326676781606,90.65217391304347,9.347826086956522,47.540000000000006,101.72999999999999,0.3214804628257648,,,-2.935290568161079,0.1534741018518518,6.259793407,0.005117052,11.225,50.184000000000005,0.503987029
6478,Europe,Upper Middle,23,0.5652173913043478,20.270315565540262,17.071538988851188,93.38374291115313,9.073724007561436,38.88695652173913,125.8913043478261,0.23856904060939338,,,-2.4192893629216328,0.2071239375,6.208494527,0.00950509,1.837,16.325,0.439589771
648,Northern America,High income,11,0.6363636363636364,18.647579586144676,15.282103342581685,93.67588932806323,9.486166007905139,3.0454545454545454,131.9909090909091,0.022791252144580675,,,2.5578402419563044,0.2911221875,6.95546875,0.018837372,15.164,12.660000000000002,0.262683808
6487,Northern America,High income,29,0.6206896551724138,30.442931241655536,22.261155768947916,92.80359820089956,11.244377811094452,27.67241379310345,189.0413793103448,0.1420367980254984,7.150280195367938,6.031409405732633,-0.8773692883308923,0.2342257307692307,6.572897472,0.029634839,0.467,6.966,0.372438995
6490,Sub-Saharan Africa,Low income,13,0.23076923076923078,21.65159537056407,15.266855345851495,94.98327759197325,11.036789297658864,60.823076923076925,117.4076923076923,0.41071515004263015,,,-0.3644777436636084,0.269970075,5.126545944,0.012387974,14.61,61.249,0.2336553
6498,Central and Southern Asia,Lower Middle,25,0.36,27.822738975497614,26.261401956626056,94.78260869565219,10.08695652173913,114.96,31.232,0.8155836961139186,0.3750229953841473,0.4031183035591699,-4.73205186005237,0.0267229193548387,2.55133324,0.001560117,0.007,29.493,0.531302905
650,Northern America,High income,16,0.3125,19.7144547898,15.772586910666393,94.02173913043478,9.239130434782608,28.625,100.45,0.23297963883780243,,,-0.4528149528662747,0.2346495365853658,8.738949859,0.026881753,0.986,15.144,0.497287678
6502,Northern America,High income,24,0.5,30.14119510190062,21.321965766054873,94.7463768115942,8.514492753623188,28.912499999999998,203.45416666666668,0.13717207398924172,,,-1.1768451129753308,0.2417898536585365,7.013552296,0.020267626,1.254,10.46,0.426946383
6503,Latin America and the Caribbean,Upper Middle,31,0.5483870967741935,21.313163861649112,19.042151002921514,95.09116409537168,9.81767180925666,101.70322580645161,24.9741935483871,0.8212371451524814,2.456852404440375,3.388389107690551,5.879603505064749,0.2604612424242424,8.600720587,0.016270106,36.867,12.588,0.364501774
6508,Europe,Upper Middle,25,0.48,22.265770008722967,18.00790336360986,93.21739130434781,9.391304347826086,29.78,141.976,0.17501080490893886,,,-4.564874994215517,0.1690050416666666,5.047049182,0.007715646,1.061,38.74400000000001,0.415093939
651,Latin America and the Caribbean,Upper Middle,12,0.5,13.950874691601308,12.408651773293563,96.73913043478261,11.594202898550725,71.89166666666667,49.31666666666666,0.638567564355314,,,0.8404927470301814,0.1980527558139534,7.357372086,0.011308783,10.678,11.686,0.339788704
6515,Eastern and South-Eastern Asia,Upper Middle,28,0.10714285714285714,24.505899123006436,23.50212548189009,93.7888198757764,9.472049689440993,129.18214285714285,1.85,0.9876453511929884,,,-3.974335777447792,0.1169605304878048,4.948740172,0.007879983,2.545,31.422,0.62170217
6516,Latin America and the Caribbean,Upper Middle,25,0.28,26.263997981144847,22.570764804836276,94.95652173913044,9.91304347826087,64.732,113.68400000000001,0.3800387244414345,4.297985461356526,3.761985526156508,0.8567596478807341,0.2459493846153846,7.921454247,0.01812468,11.057,8.814,0.357684511
6517,Northern America,High income,24,0.4583333333333333,30.240786895951555,21.353728777461797,93.65942028985508,10.688405797101447,28.058333333333334,205.73749999999998,0.12987084391712786,,,-1.2622835551660834,0.2324182396166134,6.881363535,0.018509649,0.951,12.48,0.370447554
6518,Latin America and the Caribbean,Upper Middle,47,0.6382978723404256,23.412234946840794,19.368686915528667,94.63459759481961,9.528214616096205,85.86382978723405,52.75744680851064,0.6498237957415144,4.724051851338979,6.558474446517129,4.927999239718293,0.2733700769230769,7.277118761,0.01801622,34.083000000000006,17.875,0.373112739
652,Latin America and the Caribbean,Upper Middle,24,0.125,24.07550813886856,20.389575924328902,94.7463768115942,9.601449275362318,115.0,34.324999999999996,0.7861117541091088,,,-2.117229888060026,0.1286868571428571,6.511419511,0.008784384,1.792,16.701,0.59660329
6526,Central and Southern Asia,Lower Middle,19,0.631578947368421,20.6295784937581,17.32747672612205,93.13501144164759,10.983981693363845,112.83684210526316,49.015789473684215,0.7097881509192255,0.8188590156277818,1.0193364874833648,-4.1623397268628395,0.0785926829268292,3.389392771,0.000785562,0.523,35.729,0.516631946
653,Latin America and the Caribbean,Lower Middle,35,0.17142857142857143,26.084685227297477,24.288404353146195,95.03105590062111,8.944099378881987,82.20857142857143,83.22857142857143,0.5238760750659992,,,-1.8668247612404745,0.1822749444444444,5.891909874,0.014785456,1.983,16.338,0.533190489
6532,Northern America,High income,24,0.4166666666666667,30.48307821824996,21.445931016163087,94.3840579710145,9.420289855072463,29.375,204.04583333333335,0.13666678272042723,,,-1.6650116267399246,0.2291505409836065,6.456495628,0.018669572,0.833,10.437,0.40054778
6533,Latin America and the Caribbean,Upper Middle,47,0.425531914893617,24.092607404213787,19.416349029446373,95.00462534690102,9.250693802035151,86.22765957446808,57.693617021276594,0.6259541284480032,8.758920223048747,12.285327360914014,6.664849600339941,0.3108378695652174,6.689622235,0.019744675,40.077000000000005,15.003,0.32502738
654,Latin America and the Caribbean,Lower Middle,15,0.4666666666666667,26.1863577270508,22.534847607192262,92.46376811594203,10.724637681159418,66.05333333333333,101.10666666666667,0.42033229428364965,,,-1.673950948975757,0.2007580952380952,5.561446747,0.011184163,9.456,23.487,0.529822776
6544,Eastern and South-Eastern Asia,Upper Middle,22,0.7727272727272727,18.767090137376996,16.5356102650312,93.87351778656127,8.49802371541502,108.9090909090909,10.227272727272727,0.9217494518155313,,,2.082222202221132,0.1725227346938775,8.870480469,0.007480354,20.45,5.4430000000000005,0.293165886
6547,Northern America,High income,25,0.52,28.17267843822934,20.524390756622132,93.7391304347826,9.043478260869565,44.868,183.65600000000003,0.21197351422630706,,,-0.34990579973974134,0.2472296466666666,7.623692738,0.019674126,0.712,9.844,0.416260486
6551,Northern Africa and Western Asia,Lower Middle,13,0.6153846153846154,24.713214978890694,21.596180727592966,91.63879598662207,9.364548494983277,0.038461538461538464,180.73076923076923,0.00021840384101291539,,,-5.636470569725371,0.1050423191489361,4.444749578,0.00987994,6.022,73.192,0.480279676
6562,Northern America,High income,35,0.7428571428571429,27.70633049562434,23.872852311906968,93.41614906832298,9.813664596273291,99.65714285714286,75.83714285714287,0.5889170875811744,,,-1.3240894089699091,0.2145811304347826,7.37496621,0.014372525,0.808,14.342,0.517767332
6563,Latin America and the Caribbean,Upper Middle,12,0.75,22.80241616226144,21.957351979807623,91.66666666666667,10.869565217391305,114.16666666666667,1.2333333333333332,0.9892593943441016,,,-0.4490357583901165,0.2212327111111111,9.059095242,0.011415864,5.670999999999999,21.195,0.498096112
6569,Sub-Saharan Africa,Low income,34,0.6470588235294118,19.609125659045077,13.451108055511865,95.65217391304348,9.207161125319693,57.438235294117646,77.48529411764706,0.4588082684102746,,,-4.127752133862431,0.1472334705882353,5.529865107,0.008439153,1.612,58.397000000000006,0.365946839
6571,Central and Southern Asia,Lower Middle,27,0.37037037037037035,27.214888708266884,22.126227571828444,95.00805152979066,9.66183574879227,65.34814814814816,122.4148148148148,0.3679704084546279,0.768907987525752,0.9722931479044286,-1.413104603387452,0.1667644357142857,6.022703846,0.013595706,7.203,26.263,0.360217545
6577,Northern America,High income,23,0.5217391304347826,29.901858572703354,22.033008731868588,95.46313799621929,9.45179584120983,40.61304347826087,174.9217391304348,0.20150403678480533,,,-0.6452615198082815,0.2226390252707581,7.867015152,0.02371216,1.209,11.109000000000002,0.424541065
6589,Eastern and South-Eastern Asia,Upper Middle,24,0.5833333333333334,24.3214584103337,21.736684612197447,94.7463768115942,9.601449275362318,97.71666666666665,32.362500000000004,0.7569118829425173,,,0.36029646047033026,0.2237546444444444,7.709153748,0.005727273,3.268,6.877000000000001,0.355829287
6591,Latin America and the Caribbean,Upper Middle,27,0.4074074074074074,30.860421569226567,22.945792533542992,93.2367149758454,10.628019323671497,13.837037037037037,228.24444444444447,0.06004962170728657,,,3.5947473087865114,0.2527076923076923,6.269328914,0.018973326,25.329,13.494,0.238830157
6592,Northern America,High income,34,0.7352941176470589,27.37895593781311,23.895104124159197,94.24552429667519,9.846547314578004,111.0264705882353,58.28529411764706,0.6684075837197773,,,-0.45358507524787606,0.2169321240875912,8.635498047,0.018562295,2.16,10.368,0.483523225
6593,Latin America and the Caribbean,Upper Middle,45,0.4888888888888889,23.651994278836256,19.203051294035692,94.78260869565217,8.502415458937197,90.34666666666666,51.826666666666675,0.6633062447964575,7.517029952849619,10.526113145456629,6.087992866910168,0.298738648,8.136550839,0.018919729,34.419000000000004,16.26,0.348289881
6595,Sub-Saharan Africa,Low income,12,0.4166666666666667,20.932804107666048,14.853402342892378,94.56521739130436,13.043478260869565,69.46666666666667,105.04166666666667,0.4531165723784331,,,-0.4306513897697738,0.2164814444444444,5.121367772,0.014230356,5.852,26.540999999999997,0.293190928
6598,Europe,Upper Middle,20,0.7,23.9260414527299,18.9057498372567,94.34782608695653,8.478260869565217,20.294999999999998,156.38500000000002,0.11673881508121173,,,2.0039596577298444,0.2780858888888889,7.0217317,0.018644084,8.214,6.058,0.3525698
6602,Central and Southern Asia,Lower Middle,19,0.47368421052631576,29.40849075138618,24.186055599559044,93.59267734553777,10.983981693363845,53.6,148.7263157894737,0.31443070512054094,,,1.5057708851412457,0.1933080303030303,5.801340819,0.015300527,27.086,4.138,0.321840906
6604,Eastern and South-Eastern Asia,Upper Middle,23,0.5217391304347826,25.263557854078073,21.864929807683566,94.51795841209831,9.45179584120983,97.4,30.73478260869565,0.7680387742898441,,,1.3728303423019599,0.2208602857142857,8.723396883,0.00593792,3.2369999999999997,8.119,0.395811677
6607,Northern America,High income,24,0.75,27.82707301862736,24.96167452156337,93.65942028985506,9.420289855072463,88.32916666666667,78.57083333333334,0.5425176466247916,,,-0.5835931217522444,0.2343480623501199,7.394014276,0.018040241,3.2790000000000004,16.816000000000003,0.406753892
6614,Sub-Saharan Africa,Low income,35,0.3142857142857143,20.003181283133394,13.179460931220847,94.40993788819875,9.565217391304346,62.30857142857143,89.13142857142857,0.4419762553632395,,,-4.7030312830798096,0.1515871111111111,4.049750297,0.006727006,0.979,57.746,0.388908706
6617,Central and Southern Asia,Lower Middle,16,0.25,29.239139698346474,24.32131903572611,93.20652173913044,10.869565217391305,49.60625,154.2625,0.2827841786170786,,,-1.4299164806478926,0.1267044615384615,4.438552466,0.005540931,9.525,8.655999999999999,0.398274942
6621,Latin America and the Caribbean,Upper Middle,26,0.7307692307692307,28.83153560747476,24.673631978837857,93.64548494983276,10.367892976588628,28.98846153846154,188.40000000000003,0.13974810275036184,,,2.5695302776588385,0.2382441548387096,6.586959214,0.017498154,18.293,14.253,0.290994466
6622,Northern America,High income,26,0.5384615384615384,28.05892606020249,22.349977717559334,93.81270903010032,11.036789297658864,82.80384615384615,91.08461538461538,0.48328305278371225,,,0.1462683889725812,0.2162992333333333,10.30667165,0.028658454,1.43,11.754,0.490385603
6623,Latin America and the Caribbean,Upper Middle,15,0.4666666666666667,22.18946746994784,21.418285559852507,92.7536231884058,10.72463768115942,118.69333333333334,2.246666666666667,0.9808082624424838,,,-1.8333060517007478,0.178460125,9.644124744,0.011824873,3.442,37.465,0.578663859
6625,Sub-Saharan Africa,Low income,18,0.4444444444444444,22.494975591084334,16.804015518002245,94.44444444444444,10.869565217391305,31.799999999999997,160.9888888888889,0.18270980860053668,,,-5.387194614564054,0.1577488461538461,4.425017374,0.005732192,0.151,79.81899999999999,0.389049964
6636,Latin America and the Caribbean,Upper Middle,25,0.52,27.84423250699763,23.598245054937074,94.2608695652174,8.695652173913043,86.956,81.596,0.5374981068744337,,,-0.039523280635480385,0.2056550588235294,6.446327886,0.012439938,10.615,16.356,0.559434954
6637,Northern America,High income,20,0.65,27.77611627174847,21.479732720493267,95.8695652173913,10.217391304347824,74.495,113.3,0.42514212076054597,,,-1.2659875884656846,0.2077627894736842,8.061354438,0.030580188,1.739,9.886,0.464301669
6644,Sub-Saharan Africa,Low income,28,0.5,15.235620341982186,9.814328886965637,94.09937888198758,8.850931677018632,46.16428571428571,82.80714285714285,0.4016590562670093,,,-1.4808830063650453,0.1841428214285714,8.808169768,0.008757979,5.046,51.099,0.393785735
6648,Central and Southern Asia,Lower Middle,25,0.28,27.37857547685217,25.843586593862724,95.30434782608695,9.91304347826087,125.06800000000001,11.235999999999999,0.9344116598687952,0.3379515504119919,0.364012267579663,-5.408994029913889,0.0240981243243243,2.543806312,0.001306214,0.015,37.92699999999999,0.571637363
6649,Eastern and South-Eastern Asia,Upper Middle,31,0.45161290322580644,21.31254762341901,16.703544933271786,93.96914446002805,9.957924263674613,68.16451612903225,81.60967741935484,0.5102672608690231,,,-3.3532470355154005,0.1053621176470588,8.86375614,0.004307575,4.026,33.03,0.370183467
6650,Eastern and South-Eastern Asia,Upper Middle,17,0.17647058823529413,23.145455474853534,22.441975473208867,93.35038363171356,9.207161125319693,121.55882352941177,0.0,1.0,,,-5.115442386976473,0.10302975,4.494178425,0.008359492,1.463,41.95,0.649768193
6656,Northern Africa and Western Asia,Lower Middle,14,0.8571428571428571,25.071849896567223,22.605431183346205,93.47826086956522,9.937888198757763,0.15,166.61428571428573,0.0008850457851861,,,-2.349763394032209,0.1445886,5.496540091,0.012791425,17.703,57.355999999999995,0.426692656
666,Latin America and the Caribbean,Lower Middle,24,0.875,14.904368688523709,12.053476672556172,92.93478260869564,10.144927536231883,78.2625,54.166666666666664,0.6252400000153561,,,4.367765906860438,0.2459181023890785,7.22888907,0.018695329,30.391,9.276,0.250113902
6661,Central and Southern Asia,Lower Middle,25,0.56,26.776549746673435,23.038272627638705,95.1304347826087,9.043478260869565,89.052,95.604,0.5040125150645253,9.968069293411924,12.53594084990104,-1.402033817447764,0.169183131147541,5.909591195,0.005749274,6.38,30.793000000000003,0.385153877
6662,Central and Southern Asia,Lower Middle,16,0.5,29.242242157225526,24.085883993648377,93.75,10.597826086956522,52.91875,154.275,0.2959262018386491,,,0.9688646302945131,0.1721351369863013,6.32736072,0.015411484,19.968,4.658,0.35782741
6663,Central and Southern Asia,Lower Middle,26,0.23076923076923078,27.226033624630585,25.66154498350483,95.48494983277592,9.531772575250836,127.31923076923077,8.896153846153847,0.9458056437981084,0.046855434081029,0.0530788889270424,-5.799756879116769,0.0381547612208258,2.913737644,0.001377671,0.146,45.848000000000006,0.557473093
6664,Eastern and South-Eastern Asia,Upper Middle,23,0.5652173913043478,24.982818081497477,22.05571870897459,94.13988657844992,10.207939508506616,95.89565217391304,37.3304347826087,0.7231543204308771,,,2.341546941735571,0.2251215046728971,11.05390017,0.008235696,4.958,7.11,0.371879518
6666,Latin America and the Caribbean,Upper Middle,29,0.41379310344827586,27.940416468912563,24.90154285865268,91.904047976012,11.244377811094452,118.32758620689657,50.11379310344827,0.7239551324751673,,,2.4875632833503554,0.2961911025641026,7.695266236,0.015664802,15.311,8.488,0.436040645
6667,Northern America,High income,22,0.2727272727272727,26.95881343536669,20.877049203402517,93.67588932806325,10.276679841897232,70.64090909090909,110.47727272727273,0.4167482038150326,,,-1.5705979333989788,0.2036233932584269,7.910116301,0.022200815,0.201,13.1,0.477970508
6668,Latin America and the Caribbean,Upper Middle,13,0.7692307692307693,23.816439133272045,22.87503770359727,92.64214046822742,10.033444816053512,119.26923076923077,2.5,0.9797849061990649,,,0.1342357513466031,0.2305024765100671,8.603927282,0.012100866,11.063,25.875000000000004,0.483011416
668,Latin America and the Caribbean,Upper Middle,23,0.43478260869565216,18.64379985945029,16.822507485011887,95.27410207939509,10.586011342155007,79.38695652173914,77.0608695652174,0.5159414057226871,,,-0.651554993275389,0.2121665789473684,5.41415062,0.017383471,7.869,18.449,0.307313274
6682,Northern America,High income,19,0.42105263157894735,26.0623803912983,20.592948061259552,94.05034324942793,10.755148741418763,76.6842105263158,101.40526315789474,0.44370963209422076,,,-0.5618532188315711,0.2343791931818181,7.833391579,0.019906797,0.961,7.813999999999999,0.465471936
6683,Latin America and the Caribbean,Upper Middle,42,0.35714285714285715,22.34937817415387,18.012411625228822,93.58178053830227,8.592132505175984,85.25714285714287,47.74761904761905,0.6732727089518461,3.082931565461205,4.279057604600597,5.096983736602827,0.2781372666666666,7.067282295,0.017522271,29.724,11.473,0.362986764
6686,Northern Africa and Western Asia,Lower Middle,14,0.7857142857142857,24.51693021972457,21.734172604199323,91.92546583850933,10.248447204968944,0.03571428571428571,183.05714285714288,0.00019885643102656432,,,-2.2069399733120854,0.1567242857142857,5.896432791,0.012774346,15.351,54.479,0.384017999
669,Latin America and the Caribbean,Upper Middle,27,0.7037037037037037,26.20743078726312,21.432484937751674,95.97423510466989,9.178743961352657,59.25555555555556,118.34444444444445,0.33810275463047473,,,-1.7839157564895456,0.2307770714285714,6.352765929,0.014307503,3.511,14.298000000000002,0.560212125
6691,Central and Southern Asia,Lower Middle,17,0.47058823529411764,21.3689225365134,18.397167190298106,92.83887468030692,10.485933503836316,126.84117647058825,39.99411764705883,0.7742431422572195,0.8707842112007587,1.0800459631208523,-2.561909402279976,0.0953016976744186,4.26680941,0.003080454,1.745,22.711,0.451919074
6696,Latin America and the Caribbean,Upper Middle,25,0.52,28.321645742041493,25.41971551278591,91.65217391304348,9.739130434782608,52.992,140.58,0.2866047699000559,,,1.6426782360478405,0.2572994949494949,6.719830611,0.019979085,13.171,10.287,0.290945444
6697,Northern America,High income,23,0.43478260869565216,26.882452309449707,20.8877579032318,92.81663516068052,10.775047258979205,74.8913043478261,105.07826086956523,0.4443490059215092,,,-0.12303350474607067,0.2147495122950819,9.466915582,0.030539632,1.368,8.034999999999998,0.448872713
6698,Latin America and the Caribbean,Upper Middle,11,0.6363636363636364,23.399176511345058,21.907276591665227,97.62845849802373,8.300395256916996,98.57272727272726,35.45454545454545,0.7543608706987611,,,-0.8138456726535529,0.232538033898305,7.616313327,0.015023127,2.808,18.566000000000003,0.494874351
67,Europe,High income,24,0.625,17.708565643282203,14.451846585458055,95.47101449275362,10.326086956521738,53.895833333333336,71.45,0.4454693230679123,,,-0.8745357832265734,0.2035315333333333,8.407870547,0.023224646,4.764,26.456,0.535607248
670,Latin America and the Caribbean,High income,20,0.65,22.394530656411632,19.019301397722046,95.0,7.391304347826086,47.955,119.475,0.29974131342975824,,,-1.371114435613304,0.2713552142857143,5.677315109,0.013091828,6.428,29.859,0.457309899
6706,Central and Southern Asia,Lower Middle,17,0.5882352941176471,22.37940566478494,18.94880364151335,93.35038363171356,9.718670076726342,126.45882352941177,38.08235294117647,0.7781603347975122,0.3585566187978439,0.4475624948522,-0.8287292836655524,0.1351706666666666,5.229610633,0.002836745,6.193,15.608,0.410468354
6715,Sub-Saharan Africa,Low income,27,0.2222222222222222,16.537201132597772,13.633942842935346,93.0756843800322,8.856682769726248,66.86666666666667,44.25555555555556,0.6164354786112943,,,-1.9047463340942046,0.090288375,4.223876169,0.004293728,0.0,17.474999999999998,0.569932038
6725,Eastern and South-Eastern Asia,Upper Middle,12,0.08333333333333333,19.773674873905367,19.43844736449042,91.30434782608695,9.057971014492752,104.43333333333334,0.0,1.0,,,-4.706836699228012,0.0933812615384615,4.415041401,0.008110057,3.146,43.234,0.620182007
6726,Latin America and the Caribbean,Upper Middle,23,0.391304347826087,23.086912152695923,19.656143044684512,94.51795841209831,8.884688090737239,86.35652173913044,67.08260869565218,0.5837721837760826,,,6.478656606136013,0.3393701649484536,8.502830956,0.020711831,35.019,6.839999999999999,0.319865655
6727,Northern America,High income,18,0.7777777777777778,25.058567986668052,19.5626902601547,94.20289855072464,9.903381642512077,53.31111111111111,121.59444444444443,0.3217088927887727,,,0.04769351181899373,0.2350358010471204,9.539401181,0.022420912,1.102,9.609000000000002,0.458476228
673,Sub-Saharan Africa,Lower Middle,8,0.375,25.761665081977917,23.874807053534116,94.56521739130434,11.41304347826087,69.5875,103.11250000000001,0.44908200882998517,,,5.395065037653275,0.2721738524590164,6.810169512,0.012172719,37.56,6.146000000000001,0.275719783
6733,Europe,Upper Middle,18,0.2777777777777778,25.272179673210033,20.90392734429607,93.71980676328502,10.144927536231883,11.7,163.74444444444444,0.06733904471657004,,,-1.4883852785998875,0.22744365,5.845265906,0.010776262,3.498,13.682,0.389089974
6737,Central and Southern Asia,Lower Middle,22,0.6363636363636364,28.904630322296075,22.493673894209614,93.47826086956523,10.474308300395256,62.89545454545455,125.77272727272727,0.37887854318930714,,,0.482200746636692,0.2229672333333333,6.464251759,0.009187292,6.021,33.332,0.283099884
6741,Latin America and the Caribbean,Upper Middle,39,0.5897435897435898,28.98134677795897,24.61886313293391,94.09141583054627,9.47603121516165,101.53846153846153,73.27948717948718,0.596163427079372,,,-1.0880887979849385,0.1957565357142857,5.880534706,0.012258298,8.855,12.148,0.552149392
6742,Northern America,High income,26,0.6538461538461539,26.960947026749242,24.59516472763572,91.97324414715719,10.869565217391303,99.32307692307693,68.08461538461539,0.6060854649385844,,,-1.9274558827821258,0.189051506849315,7.172266713,0.020480999,1.066,14.84,0.522068244
6745,Sub-Saharan Africa,Low income,29,0.4827586206896552,18.455111428434623,14.879267879349614,95.952023988006,8.695652173913043,77.65862068965517,30.727586206896554,0.7376434725614849,,,0.8534797749564653,0.2052117692307692,11.53312123,0.009732117,9.042,55.59,0.390010772
6751,Central and Southern Asia,Lower Middle,15,0.8666666666666667,22.774646393747105,20.647743137978452,92.17391304347827,10.434782608695652,128.03333333333333,38.906666666666666,0.7762502329803803,1.1793970888679075,1.477664716842357,-2.815809048804968,0.11186928,4.267954911,0.00289534,1.939,30.637999999999995,0.404372003
6756,Latin America and the Caribbean,Upper Middle,38,0.2631578947368421,25.04579836578991,22.843645177647648,95.30892448512586,8.009153318077802,128.55263157894737,23.45,0.8524737628783999,,,2.5361867006031873,0.2499076111111111,8.03692124,0.016706964,21.565,13.257,0.466456645
6757,Northern America,High income,30,0.6333333333333333,27.671194991075247,22.382795932615263,93.91304347826086,10.289855072463768,64.85,112.41333333333334,0.3728315473753076,,,-0.13457744417945766,0.1941638284671532,10.06024603,0.01701696,1.49,13.557,0.478680762
6761,Northern Africa and Western Asia,Lower Middle,15,0.4,24.887754645950494,21.531356589982465,94.20289855072464,10.144927536231883,0.03333333333333333,185.98666666666668,0.00017690374360529332,,,-4.466887429504794,0.1203049042553191,4.551275161,0.0091014,7.016,51.043000000000006,0.419114578
6766,Central and Southern Asia,Lower Middle,26,0.5384615384615384,26.737141862646833,21.51758751083303,93.1438127090301,9.19732441471572,74.2,118.35000000000001,0.4051530260808507,14.27446312148407,17.99693187962326,1.0191082160595197,0.2341805363636363,7.067047184,0.01425921,16.702,24.497,0.312746364
6770,Eastern and South-Eastern Asia,Upper Middle,22,0.36363636363636365,20.721771121222154,20.112834827868085,91.50197628458498,10.67193675889328,97.25454545454545,12.713636363636363,0.909280574893481,0.7329557981231396,0.7001750785839634,-2.7548789925693695,0.085365953488372,3.992518055,0.006916431,3.276,16.573,0.56983758
6771,Latin America and the Caribbean,Upper Middle,33,0.6060606060606061,28.993385336282397,24.9062037180733,94.72990777338603,9.22266139657444,86.4060606060606,94.60000000000001,0.4917083255316399,,,-1.403596919280171,0.1849142,5.304720161,0.013540877,9.18,12.682000000000002,0.538253445
6773,Latin America and the Caribbean,Upper Middle,16,0.5,22.340885246276883,21.546488786309485,93.47826086956522,8.695652173913043,117.9625,3.04375,0.9757834999254396,,,-1.7412509902950646,0.1809844285714285,8.118385572,0.011626873,4.543,31.353,0.522685342
6778,Europe,Upper Middle,24,0.5833333333333334,23.589860229265174,19.19765624644703,94.56521739130436,9.420289855072463,17.791666666666668,153.50833333333335,0.10456135688418211,,,2.686085705779745,0.2731974390243902,7.177437691,0.012936641,20.166,8.341,0.319675953
6784,Eastern and South-Eastern Asia,Upper Middle,34,0.5588235294117647,23.830273715952536,18.298969197065553,93.35038363171356,10.230179028132993,66.70882352941176,84.17647058823529,0.4916425262319713,,,-0.18805733878575015,0.1528718421052631,11.24402598,0.007983705,6.253,15.254,0.345914133
6785,Eastern and South-Eastern Asia,Upper Middle,24,0.5833333333333334,25.031550371494962,22.8879801042491,95.65217391304348,8.514492753623188,83.89999999999999,64.87916666666666,0.5885234046983051,0.0634266413366901,0.0610474992751962,-1.5947485822782888,0.1650254759535655,6.365371991,0.013328447,8.339,29.264,0.461130643
6786,Latin America and the Caribbean,Upper Middle,13,0.5384615384615384,15.15290065065646,12.801022023625176,94.314381270903,10.702341137123746,90.55384615384615,30.01538461538462,0.7661529543010482,,,2.2535646480121945,0.2478551944444444,8.59971933,0.015197922,16.545,20.077,0.369325239
6791,Northern Africa and Western Asia,Lower Middle,16,0.4375,24.502619482920725,21.687675005500143,93.75,10.597826086956522,0.025,184.925,0.0001313025210084,,,-4.213274451462702,0.1221862,5.677836535,0.008510258,9.072,67.20800000000001,0.41704916
6793,Europe,Upper Middle,23,0.4782608695652174,23.82144223377252,19.826092921546632,92.62759924385632,10.018903591682419,16.147826086956524,153.89565217391305,0.09513097528680071,,,-0.7400120523850846,0.2215397647058823,6.542085378,0.009820732,6.39,19.816999999999997,0.283633962
6796,Central and Southern Asia,Lower Middle,11,0.45454545454545453,20.090164355338448,17.569083033776618,94.86166007905139,10.276679841897232,115.30909090909091,54.14545454545455,0.6947162002907604,0.0326353426063675,0.0422307147325871,-5.643782601929045,0.0736541428571428,3.263196393,0.000760008,0.55,51.931,0.507591287
68,Europe,High income,24,0.5416666666666666,17.04881299365759,13.747418192052692,93.1159420289855,9.782608695652174,42.041666666666664,94.575,0.32566132001399734,,,0.28074386706734056,0.21749705,9.712558632,0.027973779,6.3180000000000005,20.805,0.490468995
6800,Eastern and South-Eastern Asia,Upper Middle,21,0.19047619047619047,21.565926551963052,21.177874591642375,91.92546583850933,8.902691511387165,108.26190476190476,16.46666666666667,0.885548515253831,4.650283933623256,4.440057796978714,-2.4982550091261277,0.1125783823529411,4.543314503,0.008592861,2.567,12.449,0.568321163
6801,Latin America and the Caribbean,Upper Middle,40,0.55,29.23745970910108,24.674067466150177,94.23913043478261,9.239130434782608,100.75750000000001,74.375,0.5835032903904755,,,1.1601666007991147,0.2285004270833333,6.866138816,0.014659612,12.44,14.902,0.428852827
6803,Latin America and the Caribbean,Upper Middle,30,0.6,22.051803970336938,20.187140678085296,95.79710144927536,10.0,95.04,27.966666666666665,0.7912877624757046,1.907613631380179,2.579207688868542,6.134822578453025,0.2646724545454545,7.972344321,0.015646579,38.998,10.719,0.35293596
6806,Northern Africa and Western Asia,Lower Middle,14,0.9285714285714286,25.424732535226024,23.007029749852823,92.85714285714286,9.006211180124224,0.1142857142857143,169.01428571428573,0.0006746291824857143,,,-4.102279428315682,0.1336453448275862,4.540918023,0.010105623,10.492,63.444,0.497707272
6811,Central and Southern Asia,Lower Middle,11,0.5454545454545454,19.293437489596297,17.26749255279411,92.88537549407114,10.276679841897232,119.67272727272729,42.52727272727273,0.7535064620365421,6.292399016870757,7.836274497268215,-1.6147321035985984,0.1518883271028037,5.936613431,0.010692945,8.588,22.055000000000003,0.447382763
6815,Eastern and South-Eastern Asia,Upper Middle,16,0.125,21.878401587118663,21.531789841752328,92.3913043478261,9.239130434782608,118.03125,1.6,0.9858281665190434,2.757168444724192,2.6325914222934292,-3.5372838794453405,0.1509112307692307,5.579183126,0.012796932,4.988,37.931,0.586682039
6816,Latin America and the Caribbean,Upper Middle,28,0.7142857142857143,18.416621076143734,15.12853399866009,94.25465838509317,9.316770186335404,66.425,73.375,0.4863657372581144,,,5.100472889777231,0.2998638636363636,8.750320398,0.017024567,28.131,4.962999999999999,0.332368849
6817,Northern America,High income,22,0.5454545454545454,24.57982100272744,19.90120856707935,93.2806324110672,10.67193675889328,58.49545454545455,106.19545454545455,0.3779552281624635,,,-0.22250803243643535,0.2017677272727272,10.53589831,0.022891116,1.154,12.704,0.494259737
6818,Latin America and the Caribbean,Upper Middle,41,0.5609756097560976,23.316491871004544,20.096350113284046,95.65217391304347,9.331919406150583,94.05853658536586,37.58048780487805,0.7380801111116574,6.585425249256125,9.14303149572747,4.659419137666254,0.2680348152173913,7.704979472,0.016009629,28.992,17.015,0.383421544
6826,Central and Southern Asia,Lower Middle,17,0.4117647058823529,32.31806499746258,24.986506375192054,93.09462915601023,12.531969309462916,17.811764705882354,186.88823529411764,0.09314852449600386,2.652309665678009,3.356965023814673,-2.6117206971065743,0.110370564516129,3.686297395,0.002432415,7.635,26.218,0.387190223
683,Europe,High income,18,0.5555555555555556,13.032763383881502,11.843801899466722,95.41062801932367,7.971014492753623,61.272222222222226,29.988888888888894,0.6869835115246192,,,-2.2585508710701663,0.2119715728155339,6.793963376,0.021415739,1.269,25.498,0.512294065
6830,Eastern and South-Eastern Asia,Upper Middle,17,0.11764705882352941,22.548541281235458,22.064197062976078,91.81585677749361,8.184143222506393,116.82352941176471,7.782352941176471,0.9439949163877133,13.358715492332346,12.753564633707184,-5.092905309689588,0.1113700519480519,4.469840218,0.00707658,0.657,47.984,0.642442715
6832,Northern America,High income,27,0.5185185185185185,27.28519739938312,22.32385680069191,95.65217391304348,10.305958132045088,71.56296296296297,93.9074074074074,0.4318749381331113,,,-1.029441128503741,0.1983460657894737,9.150894288,0.013865908,1.13,14.175,0.531537157
6844,Eastern and South-Eastern Asia,Upper Middle,27,0.5555555555555556,25.32129223361756,22.892393626821505,93.88083735909822,9.983896940418678,112.24074074074075,21.28518518518519,0.8419328486700498,,,-2.203303632362434,0.1418212252252252,6.751346589,0.0054937,2.274,16.849,0.417413129
6845,Eastern and South-Eastern Asia,Upper Middle,25,0.16,24.12038509172337,23.387493959484623,92.34782608695652,10.26086956521739,113.36399999999999,19.528,0.8670290666476466,0.496340474937055,0.474298045242999,-1.846345028357983,0.1885826833073323,6.169867148,0.016107771,5.476,21.086,0.561300305
6847,Northern America,High income,23,0.43478260869565216,26.092853937855317,21.26346651395115,93.38374291115313,9.640831758034025,66.3913043478261,98.76956521739132,0.4181866573999763,,,-2.5638164327154422,0.1768643272727272,7.786174024,0.015933082,0.166,11.553,0.536930222
6848,Latin America and the Caribbean,Upper Middle,35,0.4857142857142857,22.82053498186387,19.814758281213546,95.65217391304348,9.937888198757765,92.38857142857142,37.96857142857143,0.732316466687863,5.239426453421838,7.273928725452048,7.2122939645757445,0.3025419069767442,7.496856228,0.017233516,42.619,13.511,0.347250225
685,Europe,High income,21,0.6666666666666666,17.037902299575283,14.809361610780732,93.58178053830227,10.559006211180124,46.300000000000004,98.0904761904762,0.33192395839281347,,,0.5404903259659397,0.262833350877193,8.814606717,0.032919202,2.914,13.053,0.482821944
6858,Central and Southern Asia,Lower Middle,27,0.14814814814814814,27.151628805697236,25.462465219155497,95.81320450885669,9.822866344605474,129.15555555555557,8.888888888888888,0.9439654912541997,0.3901029052033244,0.4185273383942412,-5.692985342071196,0.0349296530612244,2.505336822,0.001997506,0.0,44.172,0.58023935
6859,Eastern and South-Eastern Asia,Upper Middle,37,0.3783783783783784,24.165896621729445,18.537073683824293,93.30199764982373,10.575793184488836,64.97297297297297,86.5972972972973,0.4781980375839849,,,-1.0343091840132939,0.1422191666666666,10.33547122,0.006674658,3.469,11.892,0.380993214
6860,Eastern and South-Eastern Asia,Upper Middle,20,0.1,23.657580642700218,23.13700669005386,91.73913043478261,9.565217391304348,115.75,5.930000000000001,0.9578769348552509,1.0455364843213557,0.9987123965056844,-6.563708952188214,0.1032092857142857,4.580944806,0.007746451,0.106,76.088,0.670436627
6862,Northern America,High income,31,0.5806451612903226,26.078982038844597,21.81415795764061,93.96914446002805,10.098176718092567,86.3225806451613,68.0741935483871,0.5561314880454319,,,0.8217447070523182,0.2215568021978022,10.38971296,0.024542996,4.073,7.81,0.46476641
6865,Northern Africa and Western Asia,Lower Middle,17,0.5294117647058824,24.50029735667184,21.794198761679418,92.58312020460359,10.997442455242966,0.023529411764705882,187.00588235294117,0.00012060180299695294,,,-5.381190523134775,0.1245055555555555,4.113078218,0.00740978,0.669,39.83200000000001,0.412408612
6875,Latin America and the Caribbean,Upper Middle,37,0.40540540540540543,28.193860461049724,23.764967265469828,94.94712103407755,9.518213866039952,55.17567567567568,115.06216216216217,0.35104005285651985,,,4.803046102826029,0.3326553296703297,7.365092518,0.021538744,28.658,1.472,0.317885776
6876,Northern America,High income,25,0.44,26.326281999467277,21.200226296916284,93.39130434782608,10.782608695652172,69.77600000000001,92.244,0.4480675629621424,,,0.11880699740851075,0.2089256605922551,10.07603997,0.021042869,2.807,9.806,0.46163369
6886,Central and Southern Asia,Lower Middle,26,0.07692307692307693,27.160453361537485,25.536313305710145,95.81939799331104,9.866220735785951,128.84615384615384,9.053846153846154,0.9429858803543857,0.2680274447623413,0.2897197753554061,-5.725830117899745,0.0440626964285714,2.537751678,0.002081323,0.0,47.428,0.551627671
6888,Eastern and South-Eastern Asia,Upper Middle,25,0.2,21.382879430330753,20.662030242644008,93.7391304347826,8.521739130434783,107.616,13.392000000000001,0.9103338066414534,8.023778774547953,7.6605545130083215,-2.3036474485254326,0.1746117884615384,6.717621933,0.011973507,6.510999999999999,34.478,0.603305675
689,Europe,High income,25,0.84,17.721627136702388,15.134001824952527,94.78260869565219,11.304347826086955,46.9,76.112,0.4058433261462391,,,1.4231125424329214,0.2485033936170212,8.145236354,0.020701526,9.396,14.334,0.406142559
6890,Northern America,High income,25,0.52,25.91594535866268,23.504985050209257,91.47826086956522,10.608695652173912,125.89200000000001,38.072,0.7700322004760077,,,-0.6038068382135782,0.1901344411764705,10.04666151,0.026088214,2.15,16.43,0.579613132
6891,Latin America and the Caribbean,Upper Middle,39,0.4358974358974359,22.74974024889478,19.329430976082833,94.42586399108139,10.479375696767,95.2948717948718,40.49487179487179,0.7274216700477868,2.1332387705424587,2.9623896235217826,5.706912377938663,0.2716828823529412,6.654728017,0.017823787,42.153,9.351,0.358125455
6898,Central and Southern Asia,Lower Middle,14,0.21428571428571427,19.604257501874677,17.416165767748463,93.16770186335404,9.627329192546583,112.60714285714286,56.08571428571429,0.6796456106997188,1.879996986696041,2.3189049174455145,-0.08671050011004722,0.1847005,10.13883211,0.004607636,6.348999999999999,16.083000000000002,0.405778853
6899,Central and Southern Asia,Lower Middle,25,0.52,27.968538467407253,23.38764205116792,93.39130434782608,10.608695652173912,88.75200000000001,88.068,0.5590309897707751,,,-1.0412837969481847,0.1983834375,5.450603138,0.010815574,11.361,14.934,0.361932413
69,Europe,High income,27,0.5185185185185185,19.38872787552883,16.15809180956897,94.52495974235106,9.822866344605474,47.63703703703704,101.04814814814816,0.3368484616703442,,,0.6911696709099433,0.2054177297297297,10.7421875,0.035364682,6.701,21.668,0.450638769
6901,Eastern and South-Eastern Asia,Upper Middle,27,0.5185185185185185,25.508528360437452,22.41677151446679,95.65217391304348,9.983896940418678,95.96666666666667,32.51481481481481,0.7596240091527642,,,-2.378358891329735,0.1176413870967742,5.373795617,0.004605787,1.039,10.063,0.498173338
6905,Latin America and the Caribbean,Upper Middle,21,0.6190476190476191,23.56426727348747,21.380958218485024,96.48033126293996,10.559006211180124,83.87619047619049,52.60476190476191,0.6393573291790473,,,1.6676188132204897,0.2630470869565217,7.100779759,0.016667764,16.019,13.363,0.387277107
6910,Sub-Saharan Africa,Low income,15,0.6,14.313523254394552,10.594292465548316,95.36231884057972,11.014492753623188,52.32000000000001,76.63333333333334,0.4346936028541518,,,-2.002583888048274,0.1794321818181818,5.044214272,0.008967726,0.632,31.623,0.508176746
6912,Central and Southern Asia,Lower Middle,15,0.6666666666666666,32.251458051029395,25.12657573950365,95.07246376811595,11.304347826086957,20.32,184.04666666666665,0.10580121248623413,5.602037243368687,7.087590613442354,3.431152845611114,0.2342262723880597,5.643596777,0.0116995,31.539,16.63,0.265401304
692,Europe,High income,26,0.6538461538461539,17.763659124292893,14.997633245011905,94.14715719063544,10.367892976588628,46.776923076923076,76.12692307692308,0.40192585880745735,,,0.5246762123912903,0.272259,8.145039586,0.024876303,2.016,13.366,0.452455164
6924,Sub-Saharan Africa,Low income,19,0.5789473684210527,13.423133840548713,10.166261063045383,95.19450800915331,7.551487414187643,56.857894736842105,67.1842105263158,0.4922680522915279,,,-1.730231313549265,0.2159012,5.453632364,0.012914565,5.358,42.432,0.330925219
6926,Central and Southern Asia,Lower Middle,14,0.2857142857142857,32.607188147590286,26.02705002053438,94.40993788819875,12.732919254658384,17.685714285714287,183.29285714285714,0.09275370239366658,,,-3.806615884995204,0.1021267105263157,3.356774546,0.003243167,7.347,44.022,0.357105585
693,Europe,High income,30,0.6,18.34034174703961,15.028811659218524,94.05797101449275,11.15942028985507,53.18,77.25,0.4219448562231846,,,-1.6027721173294978,0.1987510795454545,8.42560725,0.022870447,1.984,21.946000000000005,0.508414139
694,Europe,High income,28,0.6785714285714286,16.61882563685325,14.352844711071892,92.85714285714286,9.161490683229813,64.73214285714286,74.33571428571429,0.47535735007801033,,,-2.671259584615581,0.1617036111111111,8.27964288,0.028419311,2.624,36.38699999999999,0.540401283
6940,Central and Southern Asia,Lower Middle,24,0.4166666666666667,24.62245803446999,20.802804697710865,94.56521739130436,8.876811594202898,91.7625,90.83333333333333,0.5308877642774251,0.8395648186369874,1.057886315850097,0.9770162467427463,0.2177501666666666,6.927295348,0.009425728,14.552,13.139,0.360699162
6943,Eastern and South-Eastern Asia,Upper Middle,20,0.7,23.951261353517985,20.455310106985795,95.43478260869566,9.565217391304348,59.38000000000001,91.81,0.4168920409263702,1.6683623133821657,1.433164801861606,2.273961580863775,0.2366802,12.1649081,0.007291244,3.381,15.067,0.34998277
6944,Eastern and South-Eastern Asia,Upper Middle,28,0.14285714285714285,22.08695571081981,21.379162065047815,93.47826086956522,10.248447204968944,109.60000000000001,17.682142857142857,0.8850248699115183,2.515460471503776,2.4019175241474024,-4.477795146780413,0.1149691052631579,4.933787007,0.007800726,0.626,43.325,0.703401599
6947,Latin America and the Caribbean,Upper Middle,41,0.3902439024390244,22.72683410486836,19.52350981754736,93.84941675503713,10.498409331919406,97.0,36.104878048780485,0.7547018351915704,4.258589501258869,5.912743186274508,4.950748691072027,0.2613231153846154,6.540354111,0.01694685,37.155,14.406,0.34923675
6949,Sub-Saharan Africa,Low income,24,0.5833333333333334,19.534579706192073,16.810326993406115,95.47101449275362,9.601449275362318,70.1875,32.71666666666667,0.7023114436942842,,,-0.00018787496461092346,0.2624086428571429,6.228633216,0.014035751,14.441999999999998,46.289,0.410754564
6958,Eastern and South-Eastern Asia,Upper Middle,35,0.2857142857142857,24.394983978326177,23.227888892727805,93.91304347826087,9.19254658385093,91.00571428571428,49.82571428571429,0.6724405535846983,5.116801541313802,4.885471771572442,-1.4213536466310437,0.1803947792553191,5.966358298,0.01667666,9.597,21.462,0.509385877
696,Europe,High income,25,0.56,21.4483503665689,17.835997013040465,92.8695652173913,9.391304347826086,55.496,94.84,0.3851218368579771,,,-0.5789036205731394,0.2310883214285714,8.184758511,0.016538965,6.3580000000000005,20.562,0.47301137
6960,Northern America,High income,27,0.6296296296296297,25.751694364629277,21.381004772104045,94.20289855072463,10.466988727858292,77.92222222222223,78.73333333333333,0.5039511111474904,,,-0.578317991285018,0.2241499848484848,8.351497898,0.017858454,1.594,11.541,0.49976102
6961,Latin America and the Caribbean,Upper Middle,8,0.5,23.92298107525616,22.646351687814153,95.65217391304348,7.608695652173912,118.98750000000001,11.8125,0.9075101179869065,,,1.0098427667773635,0.1999347967032967,7.668952454,0.014193025,13.083,21.882,0.400370557
6973,Northern America,High income,28,0.39285714285714285,26.965911578454286,24.404610265827692,93.01242236024845,9.161490683229813,132.86785714285716,28.317857142857147,0.8282583355537556,,,-2.2448450558548703,0.2211113185185185,6.920638215,0.015737333,0.453,27.74,0.425157818
6974,Latin America and the Caribbean,Upper Middle,42,0.30952380952380953,23.1453499367828,19.89836084980815,94.09937888198758,9.937888198757763,92.87857142857143,38.00714285714285,0.7369842500883367,6.71027387960632,9.31622837018387,6.7012376955767285,0.3047530491803278,7.899071318,0.018384379,35.441,8.988,0.340513534
6985,Eastern and South-Eastern Asia,Upper Middle,36,0.16666666666666666,24.177424371507406,23.40365397225666,93.59903381642512,9.782608695652174,97.53611111111111,37.080555555555556,0.7469665340546859,0.4517412064545662,0.4317949938200958,-4.624666281672198,0.132175,4.251894209,0.014127033,0.086,26.119,0.557550105
6987,Latin America and the Caribbean,Upper Middle,35,0.2571428571428571,22.686641753492346,19.60153240728876,94.28571428571429,9.68944099378882,96.50857142857143,36.92,0.7468652054343452,4.4046542387274,6.115633543984131,5.152377991309205,0.2791666923076923,7.693972363,0.017870961,29.921,13.53,0.378510498
6995,Central and Southern Asia,Lower Middle,11,0.6363636363636364,22.301377560504044,19.745247265248576,94.0711462450593,9.881422924901186,101.46363636363638,58.654545454545456,0.6965780457569696,,,-4.506269960323065,0.0997588571428571,4.1751268,0.002938567,0.667,23.025,0.547486639
70,Europe,High income,21,0.5238095238095238,21.056315958949813,16.926328012351043,93.99585921325053,8.695652173913043,39.709523809523816,119.77142857142856,0.25697301473017503,,,4.001270849043107,0.2535394245283018,11.98004833,0.021661814,13.82,17.683,0.359542886
701,Europe,High income,24,0.625,18.05667735563944,15.269488964675068,94.20289855072464,9.782608695652174,60.112500000000004,73.57083333333334,0.45276409424213954,,,1.2412335254808826,0.2500904925373134,8.988971532,0.03811422,6.765000000000001,14.239999999999998,0.417461504
7011,Eastern and South-Eastern Asia,Upper Middle,36,0.08333333333333333,24.49359997113548,23.60826697945417,94.08212560386474,9.541062801932366,91.96111111111111,46.53055555555556,0.69664757563479,3.4886195962462803,3.3310946713206695,-3.083560617133842,0.1826380555555555,5.642151848,0.016214393,4.9,32.07,0.485388165
7012,Northern America,High income,27,0.5185185185185185,26.962000650951957,24.41571253989692,93.55877616747182,9.822866344605474,131.51481481481483,25.881481481481483,0.8365378019587246,,,-0.6374170315574055,0.2250385986078886,8.102706912,0.018736561,1.864,15.813,0.458276798
7013,Latin America and the Caribbean,Upper Middle,41,0.2926829268292683,23.039989747846757,20.022336285278065,95.01590668080594,9.75609756097561,95.73902439024391,33.28536585365854,0.7673526753489665,7.392589324559398,10.440591380331126,5.120157789691543,0.2745785,7.423551249,0.01694793,31.907,17.109,0.349347191
7015,Sub-Saharan Africa,Low income,20,0.15,16.10368199301933,14.643894901636703,93.47826086956522,10.217391304347824,77.64500000000001,22.655,0.7842281159682131,,,3.505384124565467,0.2972834358974359,12.17674182,0.023669179,2.167,15.965,0.489936594
702,Europe,High income,18,0.7222222222222222,17.70054478418262,14.939617523100765,92.27053140096618,10.386473429951689,49.394444444444446,78.39444444444445,0.38695879647557996,,,0.12866119808016882,0.2385598076923077,8.464503851,0.029553112,4.569,21.610000000000003,0.431259401
7021,Central and Southern Asia,Lower Middle,15,0.4666666666666667,28.832213572238967,24.2407014565635,92.46376811594203,11.014492753623188,59.56000000000001,147.05333333333334,0.33612185771995867,,,4.873274337477377,0.232943214953271,7.692178658,0.019358733,34.888,2.0679999999999996,0.277558805
7022,Central and Southern Asia,Lower Middle,26,0.34615384615384615,27.073696875379692,25.621869354993784,93.47826086956522,10.869565217391303,130.06538461538463,4.9,0.9719153169877983,0.2471130460250303,0.2679077629383809,-6.225896931869257,0.0602135897435897,2.841301187,0.001616458,0.023,49.471,0.565049146
7024,Eastern and South-Eastern Asia,Upper Middle,37,0.10810810810810811,24.170502776893386,23.231164020889246,93.53701527614571,9.518213866039952,91.24054054054054,47.002702702702706,0.6884300341982492,0.6418282270542462,0.6132270814068816,-4.600343009984481,0.1388598076923076,4.68224933,0.014075239,0.496,33.023,0.540678476
7033,Central and Southern Asia,Lower Middle,9,0.5555555555555556,19.9754807021267,18.023791517998294,94.20289855072464,8.695652173913043,95.14444444444445,69.14444444444445,0.5930578283559643,0.911048045433739,1.1363939059736954,-6.488699091210876,0.094644375,4.282390264,0.002496711,0.0,73.20799999999998,0.613812148
7037,Eastern and South-Eastern Asia,Upper Middle,26,0.23076923076923078,24.12216460621443,23.59450712569346,93.64548494983276,9.19732441471572,113.57692307692308,17.911538461538463,0.8766401023233072,2.759830511787593,2.6353177904936285,-2.7130911748464728,0.16717355,5.814272187,0.01383067,3.269,15.46,0.551947883
7041,Sub-Saharan Africa,Low income,20,0.55,16.534624748229998,14.898129582091112,94.56521739130434,8.695652173913043,76.53,9.91,0.8913242893102785,,,-2.0696690949784453,0.0940055,4.587707899,0.006896993,0.0,23.565,0.548584602
7047,Central and Southern Asia,Lower Middle,22,0.8181818181818182,28.827266056322994,22.796494200495367,92.09486166007905,10.474308300395258,68.38181818181819,116.34545454545454,0.4212120321248888,,,1.3896264052283835,0.2468899565217391,6.775675112,0.017652387,19.23,18.159999999999997,0.329074332
7050,Eastern and South-Eastern Asia,Upper Middle,34,0.4411764705882353,25.41171278374314,23.64111944756915,94.62915601023018,9.07928388746803,77.71764705882353,73.97941176470589,0.5331009894232102,4.073464155870909,3.889099936446173,-3.110802639861967,0.1488371949685534,4.985845995,0.010364104,4.002,17.145,0.528083218
7052,Latin America and the Caribbean,Upper Middle,34,0.7352941176470589,21.931884518521315,20.09059427770081,95.14066496163683,10.102301790281329,95.47058823529412,29.16470588235294,0.7865990653489243,12.48261902368963,16.94967491081102,5.913240330046163,0.262344537414966,7.703294079,0.017668243,41.259,13.326,0.367543464
7054,Sub-Saharan Africa,Low income,17,0.17647058823529413,19.139503206946113,17.029760923116545,93.60613810741688,8.43989769820972,54.95882352941176,69.21176470588235,0.4598304815329285,,,-1.3826366197150015,0.1959134,6.524973106,0.013002635,0.457,43.278,0.577000081
7057,Europe,Upper Middle,26,0.8076923076923077,17.408668586905847,14.035909857071822,93.31103678929766,10.20066889632107,49.50384615384616,81.75,0.3863429581547532,,,1.2846532529093688,0.2205029033816425,11.47156413,0.02504308,6.751,21.053,0.389832113
7059,Central and Southern Asia,Lower Middle,23,0.391304347826087,25.440634421269603,20.928186930431885,93.76181474480153,9.262759924385634,91.19565217391305,89.33043478260869,0.5305460091360364,6.094569071933573,7.662425330834678,-1.6211268369114156,0.144871294117647,5.134916303,0.012271751,7.382,12.789,0.412420517
7063,Eastern and South-Eastern Asia,Upper Middle,39,0.358974358974359,25.284003351130103,23.156037089869802,93.86845039018952,8.361204013377927,84.40256410256411,62.52820512820512,0.6106811119081046,1.684856967040513,1.6089687653925393,-4.0535129830727,0.128958303030303,4.494265814,0.009378628,1.293,21.176,0.5134812
7064,Northern America,High income,26,0.34615384615384615,26.755767650402863,24.243927355544862,94.81605351170569,8.361204013377925,128.0653846153846,31.815384615384616,0.8019942528882986,,,-2.693232398771211,0.194739947368421,6.325218127,0.02055613,0.607,20.969,0.529922495
7067,Sub-Saharan Africa,Low income,22,0.3181818181818182,17.691672749952858,15.85251634316637,93.87351778656127,9.090909090909092,49.09545454545455,66.72272727272728,0.4312600874336799,,,-2.9050705067527276,0.1690991904761905,6.313572096,0.007628557,1.095,44.918,0.598656337
7073,Central and Southern Asia,Lower Middle,19,0.3684210526315789,24.923366405765574,21.287801522919466,93.59267734553777,10.068649885583524,103.97894736842105,65.39999999999999,0.6660754288263879,,,-4.330086557219234,0.1260982857142857,4.660395309,0.001980685,2.754,28.543999999999997,0.388405435
7077,Northern America,High income,30,0.4,26.822191471523713,24.084552866454057,93.04347826086956,9.565217391304348,122.58666666666666,36.92333333333333,0.7745691389267669,,,-1.9546599780433205,0.2308852833333333,7.41196025,0.013022486,0.366,12.094,0.529818077
7078,Latin America and the Caribbean,Upper Middle,43,0.4418604651162791,22.55527123011957,19.918550088218925,94.84327603640041,10.212335692618806,99.25813953488372,27.834883720930236,0.8056982710735555,0.5633148441290908,0.7776292595178145,4.060499178895189,0.2558143686635944,7.433183901,0.016530355,28.018,17.325,0.38479089
708,Europe,High income,19,0.7368421052631579,21.523970192649532,16.51272847508243,91.99084668192219,10.526315789473685,32.17894736842105,126.97894736842105,0.2050525594731912,,,-1.0403118178748607,0.2089730810810811,7.996164097,0.026496347,4.473,9.785,0.488418868
7085,Central and Southern Asia,Lower Middle,25,0.6,30.364187300400545,25.379736005132457,93.91304347826087,9.217391304347824,33.172000000000004,151.836,0.18206436513412982,6.381879305263091,8.072241072729385,1.8865449765291422,0.2235557195121951,5.979370365,0.012124711,28.64,31.94,0.294649859
7089,Eastern and South-Eastern Asia,Upper Middle,38,0.10526315789473684,23.885656092103144,21.84273152689045,92.79176201372998,9.496567505720824,83.58947368421053,61.28157894736843,0.613038917550275,4.618995000457772,4.410132047913326,-2.5725418023962776,0.1876038571428571,5.857494537,0.015269613,5.015,17.242,0.544598057
709,Europe,High income,21,0.6666666666666666,15.85976218268987,13.48542948567601,94.40993788819875,11.180124223602483,46.56190476190476,90.52857142857142,0.3554543726041451,,,-1.7159719026153164,0.1794217647058823,8.126474322,0.031588293,2.464,25.182,0.493539929
7090,Northern America,High income,22,0.5909090909090909,26.33405310822224,21.43569307215727,94.86166007905139,10.474308300395256,79.23636363636363,84.40454545454546,0.497775302010581,,,0.1905533382402611,0.21525756875,9.540634061,0.02436097,3.257,8.761,0.449156109
7091,Latin America and the Caribbean,Upper Middle,37,0.3783783783783784,22.961331507227467,19.919073091371484,95.18213866039953,10.105757931844888,94.2,34.29189189189189,0.7597245386678404,4.727723869878691,6.563325137674523,5.166533941147138,0.266938,6.102321088,0.014115211,41.453,19.328,0.368964508
7092,Sub-Saharan Africa,Lower Middle,25,0.4,26.115813709485955,24.143231209801,94.43478260869566,9.91304347826087,74.756,65.028,0.5390491695985085,,,-2.213395865379492,0.1728074027522936,6.219202065,0.007002188,3.822,13.622999999999998,0.571281664
710,Europe,High income,24,0.7083333333333334,22.657645731912556,17.724502808342706,93.29710144927536,9.420289855072463,33.233333333333334,128.45000000000002,0.2103877154848912,,,1.3975635955885342,0.2331838333333333,8.456724091,0.026497627,8.738,14.045000000000002,0.393076905
7100,Central and Southern Asia,Lower Middle,24,0.20833333333333334,26.969617757898714,25.364037090315847,95.65217391304348,10.144927536231885,127.60416666666667,9.695833333333335,0.9403286800764512,0.4823775914778387,0.5157089794511841,-6.485491593121857,0.0453099682539682,2.688306764,0.002596265,0.015,51.459,0.555599704
7101,Eastern and South-Eastern Asia,Upper Middle,28,0.35714285714285715,26.160694928704988,22.895236523292105,94.87577639751554,10.093167701863353,98.43214285714285,39.03928571428571,0.7377818204118631,,,-2.283714059666379,0.1033370681818181,6.49709768,0.005440308,2.128,10.198,0.429440886
7103,Northern America,High income,29,0.5172413793103449,26.054796351247568,23.507479706795294,96.10194902548726,9.29535232383808,135.18275862068967,18.599999999999998,0.8793910862710838,,,-2.7763382688075433,0.1959342471910112,6.612273868,0.020095816,0.728,21.435,0.501893914
7104,Latin America and the Caribbean,Upper Middle,40,0.45,22.46484807762268,20.130275326800547,94.34782608695653,9.782608695652174,99.30250000000001,26.810000000000002,0.8082355917579139,7.108075888075075,9.713191707751584,3.6451711973509413,0.2504143928571428,6.810742188,0.014071474,28.351,14.428999999999998,0.383097326
7111,Central and Southern Asia,Lower Middle,19,0.47368421052631576,32.10361024354634,24.959589631805365,92.90617848970251,12.356979405034323,20.48421052631579,179.3842105263158,0.10769065902443725,1.8564906205303773,2.350705847713901,-1.2406494323778308,0.1570538666666666,4.269540019,0.004205497,18.054,35.503,0.297667224
7117,Latin America and the Caribbean,Upper Middle,40,0.325,22.330935905456563,20.058642456156594,94.34782608695653,10.108695652173912,99.03999999999999,25.619999999999997,0.8152375800002607,3.242528371252003,4.382667461051344,4.95443493066897,0.2698415714285714,7.503020153,0.015846208,32.453,10.973999999999998,0.380128226
712,Europe,Upper Middle,25,0.72,22.132481693952503,17.759324684512407,92.69565217391305,9.565217391304348,48.772,107.632,0.3305351090885554,,,-3.4150565522629894,0.1716767333333333,4.93353157,0.011665101,1.497,20.182,0.489209633
7126,Central and Southern Asia,Lower Middle,25,0.2,26.882733719870338,25.50827755102894,92.34782608695652,10.782608695652172,130.488,4.436,0.9744175317185697,0.1161512101548781,0.129824858542508,-5.533563842355893,0.0310236808510638,2.511196791,0.00076974,0.0,40.367,0.53780381
7129,Northern America,High income,24,0.75,26.801613506031657,20.934902070293944,95.65217391304348,9.239130434782608,63.68333333333334,102.81666666666666,0.4042516647767957,,,0.8842464097094622,0.2428125116279069,9.874681551,0.020446646,2.564,7.286,0.390360007
7130,Latin America and the Caribbean,Upper Middle,40,0.575,22.466940083711073,20.128023287549908,94.67391304347827,9.673913043478262,99.5725,27.097500000000004,0.811942058007643,5.647428513389792,7.730823032272832,6.6247561330724,0.3053482926829268,7.439064182,0.018674239,36.603,11.024,0.336832843
7131,Sub-Saharan Africa,Lower Middle,25,0.4,25.647764458560147,24.112806983859,93.7391304347826,8.869565217391305,77.536,57.75200000000001,0.578809076587525,,,-3.7211065699519192,0.1368968863636363,5.184288899,0.005872156,2.219,31.098999999999997,0.666845686
714,Europe,Upper Middle,24,0.75,20.542485120711337,17.010660649829042,92.57246376811594,9.96376811594203,38.00833333333333,124.76666666666667,0.2507337118533534,,,1.2226205415172986,0.2018199652173913,7.695840673,0.018978963,14.793,9.986,0.426853185
715,Europe,Upper Middle,23,0.34782608695652173,22.934113049535195,17.447684101010314,94.7069943289225,10.396975425330812,34.53913043478261,131.37826086956522,0.2178147398116772,0.4642465871926002,1.0276068746301807,-3.4525748887210237,0.1976260434782608,4.815450639,0.014375436,2.588,21.175,0.474077201
7151,Central and Southern Asia,Lower Middle,22,0.5,27.8493907102825,22.07563081512187,93.47826086956523,10.276679841897232,80.32727272727273,95.19545454545455,0.5130388605938749,,,-0.7990720781895799,0.1952523808139535,6.59352783,0.015897174,11.509,22.005000000000003,0.354579027
7154,Eastern and South-Eastern Asia,Upper Middle,31,0.06451612903225806,24.463283151353654,23.894954703003823,92.42636746143059,10.37868162692847,112.71290322580644,25.299999999999997,0.837651495577383,1.1816105500114442,1.1286778542000446,-2.61243682420784,0.1595158333333333,5.69903277,0.008247704,2.862,23.548,0.562994783
7156,Latin America and the Caribbean,Upper Middle,34,0.47058823529411764,22.644163414450276,19.504449828360972,93.98976982097187,9.07928388746803,98.21176470588236,34.06470588235294,0.7647488519544434,1.651660339093613,2.2770141631189458,6.864620437451753,0.3159070294117647,7.670247815,0.018127899,37.891,9.429,0.347320631
7160,Sub-Saharan Africa,Low income,38,0.34210526315789475,15.83187696557298,12.225666451062335,93.02059496567506,11.212814645308924,39.300000000000004,98.65526315789474,0.29977257339817437,,,-1.2258098423295487,0.1542177777777778,4.628524557,0.004010961,12.827,32.059,0.388151605
7163,Central and Southern Asia,Lower Middle,27,0.5925925925925926,31.267376831962114,24.718808434476962,91.94847020933977,10.789049919484702,24.081481481481482,172.87037037037038,0.12660068843183347,5.975889469319828,7.561253073854726,0.9472421006814165,0.2065145892857142,4.754029145,0.008349958,24.939,36.624,0.267167663
7167,Eastern and South-Eastern Asia,Upper Middle,33,0.2727272727272727,24.36364739019911,23.307990240623315,92.35836627140975,9.486166007905139,86.78787878787878,61.11515151515152,0.6190402111308558,0.6176767200732435,0.5901043926146338,-2.1919241545979573,0.17865397,6.242723134,0.012195323,5.885,30.971,0.527045235
7168,Northern America,High income,23,0.782608695652174,26.581277386179153,24.39085504251852,96.59735349716446,8.31758034026465,136.03478260869565,22.98695652173913,0.8594644607900782,,,-0.539759957236682,0.2440370761494253,7.498864092,0.022499383,2.645,16.240000000000002,0.416200394
7169,Latin America and the Caribbean,Upper Middle,35,0.5714285714285714,22.572197727748343,19.576144824132754,94.16149068322981,10.062111801242235,93.71142857142857,35.69714285714286,0.7518597527300644,2.308543655642024,3.1828240698100267,4.353113879829536,0.279836125,7.047414282,0.015505746,31.306,13.205,0.386911011
717,Europe,Upper Middle,19,0.8421052631578947,20.30596429280945,14.561134071808349,92.67734553775743,10.068649885583524,30.48947368421053,148.4,0.17343745616298323,0.8892322405584778,1.8706935626340444,-0.9933773602036811,0.1910797916666666,5.384158283,0.01944697,8.916,21.022,0.376138476
7172,Sub-Saharan Africa,Low income,31,0.3870967741935484,23.506774998150686,15.812524879074772,92.84712482468443,11.50070126227209,28.106451612903225,127.62903225806451,0.18224339227645178,,,-3.601036459968151,0.2010121428571428,4.880215643,0.012909236,0.0,69.604,0.441032016
7173,Sub-Saharan Africa,Low income,29,0.4482758620689655,16.574156073059644,12.814322236453322,92.95352323838081,10.344827586206897,38.06551724137931,102.1448275862069,0.2817130920713714,,,-0.700598839262877,0.1911408461538461,6.252203086,0.008800642,12.449,29.98,0.352517527
7174,Europe,Upper Middle,26,0.9230769230769231,19.25006750342994,14.718813796549297,94.64882943143813,8.862876254180602,31.465384615384615,117.73846153846154,0.21909765770950804,,,0.5732245632432795,0.2174111710526315,10.72829457,0.022397862,3.389,22.129,0.398686857
7178,Central and Southern Asia,Lower Middle,30,0.2,26.18722326489583,25.262509859066718,93.47826086956522,10.869565217391305,131.07333333333332,0.0,1.0,7.65799110847257,8.067811594173596,-2.0668908335957683,0.1596194367816092,6.375809751,0.009502253,0.646,15.733,0.557939495
7180,Eastern and South-Eastern Asia,Upper Middle,25,0.04,23.426093935186238,22.8490800770752,92.52173913043478,11.130434782608695,114.92800000000001,21.824,0.8586925475345162,0.1031647438773172,0.0989080086213467,-3.900578632996677,0.1294913333333333,6.433088973,0.007730435,0.248,48.806,0.621491296
7181,Northern America,High income,16,0.625,23.304422600095776,18.405661552596086,94.83695652173913,9.782608695652174,52.1375,105.76875,0.3401455595254135,,,-0.8498847065212676,0.2246103649754501,8.564231566,0.028390541,0.947,13.794000000000002,0.500574598
7185,Sub-Saharan Africa,Low income,27,0.37037037037037035,23.027240859137663,15.650534941154614,93.55877616747182,10.144927536231885,25.03333333333333,128.74814814814815,0.1640002106638988,,,-1.4619728802248564,0.179007,5.418934645,0.013942167,0.266,39.279,0.485392153
7189,Central and Southern Asia,Lower Middle,17,0.47058823529411764,31.999904416316138,25.122486470697602,93.86189258312021,12.020460358056265,21.405882352941177,179.88235294117646,0.1128577934688409,4.988162981647849,6.311115348785217,-2.6357011878652052,0.1384707608695652,4.424497473,0.00858664,13.702,46.42,0.266327057
7195,Latin America and the Caribbean,Upper Middle,25,0.44,20.785426184082052,19.392867795355777,95.82608695652173,9.91304347826087,105.008,10.828,0.9168366204589858,7.136568031929503,9.64269801850156,-0.5080128401879193,0.17511015,6.843563037,0.012751022,17.604,27.803,0.525765404
72,Europe,High income,18,0.6666666666666666,16.141412969983595,14.39277763536761,94.20289855072464,8.21256038647343,58.861111111111114,56.650000000000006,0.5560056016492687,,,-1.371000598807864,0.1871717073170731,7.393515933,0.022848017,1.778,18.982999999999997,0.442238783
720,Europe,Lower Middle,19,0.6842105263157895,18.178253144798276,15.249384094272147,95.88100686498856,9.839816933638444,54.231578947368426,69.55789473684212,0.45599250761478816,,,-0.44803067623227955,0.2129110102040816,8.505285587,0.029331644,7.175,16.296000000000003,0.487052786
7206,Eastern and South-Eastern Asia,Upper Middle,31,0.22580645161290322,25.57204501438629,23.24348380698944,94.3899018232819,9.957924263674613,85.31290322580647,63.25161290322581,0.6084284536429563,1.8453140238040744,1.7621855141527427,-3.0420505779758833,0.1648015,5.745493097,0.010616412,2.34,18.296999999999997,0.570973407
7207,Northern America,High income,30,0.5,25.14024812041655,21.03609418357337,94.63768115942028,10.0,72.89333333333335,82.06666666666666,0.470427091132932,,,-1.8209635162600573,0.1534242903225806,8.819117547,0.01580544,2.217,18.798,0.582211689
7208,Latin America and the Caribbean,Upper Middle,34,0.5,22.047427914298183,18.856001978021908,94.50127877237851,8.567774936061381,95.74705882352941,33.95294117647059,0.7587293824352175,3.138691846990158,4.296692360303654,4.490038744437008,0.25356904,7.816515966,0.015842582,33.55,13.462,0.400396957
7214,Central and Southern Asia,Lower Middle,30,0.5333333333333333,29.729410401688188,24.430099133151284,92.60869565217392,10.289855072463768,29.783333333333335,156.52,0.1640775825836152,5.066441017414359,6.39054115633716,-0.9820027824347193,0.1589934761904761,4.902587716,0.00961889,20.057,47.264,0.31648375
7218,Eastern and South-Eastern Asia,Upper Middle,31,0.12903225806451613,22.95500422623516,22.331143297523184,90.3225806451613,10.37868162692847,102.06451612903226,39.225806451612904,0.7472614303508329,2.5394190750743872,2.424898750438698,-4.446959588926081,0.1369167636363636,5.073988438,0.007429257,0.36,43.735,0.610614789
7219,Northern America,High income,32,0.78125,25.465856279267207,20.89799147805353,94.02173913043478,9.103260869565217,71.95,86.06875000000001,0.4565699093384645,,,0.7307471041770255,0.1815851369863013,11.94224163,0.022021728,4.927,20.822000000000003,0.555233508
722,Sub-Saharan Africa,Low income,24,0.4583333333333333,26.57153043658648,21.71640355826976,95.47101449275362,9.057971014492752,21.2625,126.26666666666667,0.1425137323845387,,,-2.3618517853251912,0.1856220769230769,5.256357641,0.005976397,0.69,28.058000000000003,0.411433279
7220,Latin America and the Caribbean,Upper Middle,34,0.47058823529411764,21.14646028072499,19.206980362261532,94.24552429667519,9.207161125319693,101.98235294117647,21.49705882352941,0.8447440165631129,0.1664648404669254,0.2261238083466848,0.21376023154892665,0.184807825,6.958339741,0.010669789,8.477,27.701,0.402790703
7231,Northern America,High income,32,0.5,25.23265061136608,21.00349560422674,93.20652173913044,9.918478260869565,69.546875,86.403125,0.44751176163887835,,,0.0532681283453994,0.1868752058823529,10.89599056,0.023887407,1.633,20.954000000000004,0.503174748
7232,Latin America and the Caribbean,Upper Middle,41,0.3170731707317073,21.661467051325435,19.65663243332284,94.48568398727465,10.392364793213149,99.42439024390244,22.04390243902439,0.8396118601369149,0.8089320842298019,1.094306858396279,2.888203190412287,0.26379355,9.286598218,0.015083973,19.977,15.046,0.443079661
724,Europe,Upper Middle,19,0.8421052631578947,17.20226272245432,14.372254024205601,94.279176201373,10.068649885583524,52.05789473684211,78.82105263157895,0.41431023265487993,,,0.9488269560387186,0.2161635306122449,11.83949231,0.036676149,1.255,21.92,0.405303202
7242,Eastern and South-Eastern Asia,Upper Middle,25,0.08,24.352383412315746,23.556796360384634,91.65217391304348,9.391304347826086,116.316,21.616,0.8578895397699051,0.5208392080567639,0.4978708419928291,-4.748287636936023,0.1050759183673469,4.556822917,0.006174473,0.202,48.046,0.645223209
7243,Northern America,High income,24,0.5416666666666666,26.312153119488375,24.156753465249523,95.65217391304348,9.420289855072463,136.97916666666666,20.491666666666667,0.8724371719436218,,,-1.6939195114388375,0.2056255373333333,7.442888517,0.018223031,0.952,21.024,0.477841751
7244,Latin America and the Caribbean,Upper Middle,32,0.3125,22.636266179084803,19.657473819874877,95.24456521739131,10.054347826086955,95.109375,33.800000000000004,0.7614242829741131,7.672614738384072,10.659461818722828,5.23902191784602,0.284998625,7.792142322,0.015128824,33.069,13.146,0.378993505
7248,Europe,Upper Middle,21,0.8571428571428571,18.223934908252268,14.630142546296142,93.99585921325053,9.730848861283643,46.75714285714285,90.15238095238095,0.3532334346767472,,,0.5811330362755808,0.1799425986842105,8.400044832,0.021751365,7.224,21.955,0.407284259
7249,Central and Southern Asia,Lower Middle,14,0.2857142857142857,18.368704414367695,16.736913418872273,92.85714285714286,11.180124223602485,52.34285714285715,101.52857142857144,0.3591429342499873,0.7033472631418342,0.8763241230184471,-3.849823356779879,0.1085612083333333,4.229094798,0.001033586,1.661,34.988,0.544847321
7253,Eastern and South-Eastern Asia,Upper Middle,24,0.08333333333333333,24.961683519837123,23.945075954984947,91.84782608695652,9.601449275362318,119.19583333333334,16.941666666666666,0.8877982965909572,1.092527755092699,1.0435688695353629,-3.7562117020281116,0.0953359259259259,4.304227909,0.007120719,0.037,33.938,0.692749189
7254,Northern America,High income,31,0.45161290322580644,25.237354137610826,20.95442809434118,94.109396914446,9.957924263674613,73.28064516129032,83.88064516129033,0.4686018639947078,,,-0.30108907123936757,0.1769172307692307,10.85578547,0.019950828,3.715,27.031,0.550979811
7255,Latin America and the Caribbean,Upper Middle,28,0.5714285714285714,20.919667299664297,19.24610926985567,95.65217391304348,10.093167701863353,104.20714285714287,16.79642857142857,0.8764232847073729,12.812012686770428,17.30975939551385,3.643821018256551,0.2358405603448276,9.565287039,0.015345275,24.156,20.604,0.421108174
726,Europe,Upper Middle,15,0.6,22.244788754781105,19.898358685688738,91.8840579710145,11.304347826086957,20.44,149.96,0.12459925174412648,,,1.7835595916471703,0.1612686666666666,11.22778035,0.013589983,7.306,24.311,0.236108483
7263,Eastern and South-Eastern Asia,Upper Middle,19,0.47368421052631576,23.28425790579827,19.845265388240477,93.59267734553777,9.839816933638444,53.90526315789474,96.33157894736841,0.37282965083153113,8.05837888075075,6.914675484016176,0.3637274312631645,0.2095176,7.684119305,0.003554315,2.271,16.825,0.357554557
7264,Eastern and South-Eastern Asia,Upper Middle,33,0.3333333333333333,25.701601392572602,23.431310138133597,93.2806324110672,9.881422924901186,74.25757575757575,79.56060606060606,0.5209266471395757,1.021230654612039,0.97503671793698,-3.0651339202545853,0.1391591851851852,5.002734568,0.009124641,1.837,20.026,0.536481977
7266,Latin America and the Caribbean,Upper Middle,29,0.3103448275862069,21.56727119708886,19.11893423830673,94.75262368815594,10.494752623688155,101.17586206896551,18.848275862068967,0.8597276933510526,3.3143367338063645,4.479499949950408,3.0238636957999465,0.2365483125,8.516187108,0.014458661,23.384,21.45,0.441012172
727,Northern Africa and Western Asia,Upper Middle,12,0.75,22.240640989939383,18.435287227159865,94.20289855072464,9.782608695652174,18.116666666666667,179.67499999999998,0.0927361543305999,,,5.7458361276078405,0.2677337,8.322629034,0.022606018,34.206,15.155,0.292838309
7273,Central and Southern Asia,Lower Middle,25,0.16,26.535210432989807,25.51126240770537,93.91304347826087,9.73913043478261,129.136,0.09600000000000002,0.9991549295774648,0.7979785612649698,0.8488433364487152,-5.3967196187353,0.0314138066666666,2.556976671,0.004847554,0.0,37.498,0.581160568
7274,Eastern and South-Eastern Asia,Upper Middle,17,0.5294117647058824,22.22122362631341,20.347480649054805,93.86189258312021,9.462915601023017,86.25882352941177,52.800000000000004,0.622299136102016,1.2230162912184392,1.048586815378557,-2.15396309685989,0.16185746875,6.308345793,0.00517738,2.355,5.234,0.338898216
7275,Eastern and South-Eastern Asia,Upper Middle,31,0.06451612903225806,24.34635314954067,23.283072916277916,92.42636746143059,9.81767180925666,114.20322580645161,21.103225806451615,0.8571699337452174,0.7270915344472414,0.6946451808194093,-3.066894879616157,0.1458223276595744,5.300318983,0.007960588,1.416,22.95,0.609434595
7276,Northern America,High income,31,0.5483870967741935,25.299374918696625,20.968555580928356,94.67040673211781,9.81767180925666,72.8225806451613,83.70322580645161,0.4670095061558022,,,-0.017893112877920836,0.1865133260869565,10.45170382,0.020166134,3.995,23.989000000000004,0.517989657
7277,Latin America and the Caribbean,Upper Middle,28,0.6428571428571429,21.19116214878204,20.286637639550325,93.01242236024845,10.248447204968944,112.175,3.692857142857143,0.9679733085615737,14.818974819752809,20.02601044296939,8.679861008740453,0.3033633855992421,12.04622128,0.017737416,43.19,16.026000000000003,0.355729955
7284,Central and Southern Asia,Lower Middle,19,0.3684210526315789,26.86214432719628,25.549947894389213,94.279176201373,10.068649885583524,133.99473684210525,4.305263157894737,0.9746151936444886,1.2438232759784829,1.319581870546272,-3.374964643412343,0.0768451428571428,3.492402264,0.002201242,0.234,19.14,0.563517521
7286,Eastern and South-Eastern Asia,Upper Middle,32,0.125,24.887676495608698,23.732771417587223,93.61413043478261,9.782608695652174,103.696875,36.240625,0.7642370302174072,2.031157169375142,1.9395280494392295,-5.567384805089288,0.1128164255319149,4.183093593,0.007423255,0.401,49.184000000000005,0.572399104
7287,Northern America,High income,31,0.3548387096774194,25.30548950679046,21.206778342458264,94.9509116409537,10.238429172510518,73.99354838709678,84.14516129032258,0.47061776145152506,,,-1.7828357689081686,0.1641519722222222,8.461838987,0.019257706,1.406,27.431,0.540769361
7288,Latin America and the Caribbean,Upper Middle,29,0.41379310344827586,21.47682043484953,19.588671711729305,95.50224887556223,9.89505247376312,101.21379310344827,18.558620689655175,0.8638501749105799,2.738645827191577,3.701258687342641,3.572289409548362,0.2361945909090909,8.950914178,0.014567379,25.979000000000003,16.04,0.415339553
729,Europe,Upper Middle,21,0.7619047619047619,21.803671882266116,16.364519090907677,92.33954451345755,9.937888198757763,18.4,157.1904761904762,0.10358837858186197,,,0.9758193370013516,0.27792071875,9.177224557,0.018903998,4.026,6.9190000000000005,0.377019395
7297,Eastern and South-Eastern Asia,Upper Middle,31,0.22580645161290322,25.73260414013436,23.983803133637643,92.98737727910239,8.835904628330995,86.25483870967743,61.75483870967742,0.6179052717584855,0.1714139704737918,0.1641222215609971,-4.434586980187291,0.1200068987341772,4.662368181,0.007563666,1.193,39.297999999999995,0.528537299
7298,Northern America,High income,21,0.38095238095238093,26.267600757224418,24.181741964788205,94.824016563147,10.559006211180124,140.74761904761905,15.238095238095237,0.9037565994621365,,,-2.366854546342522,0.1883687045454545,6.771577873,0.018325175,0.1,28.291,0.528910145
7299,Latin America and the Caribbean,Upper Middle,31,0.6451612903225806,19.111600006150415,16.15539173391025,94.81065918653576,8.976157082748948,100.47096774193548,26.783870967741933,0.8035928233308512,3.2661924907301465,4.469911901541159,5.021663216535482,0.2522061785714286,10.96974178,0.014870239,29.7,19.036000000000005,0.386591463
7308,Eastern and South-Eastern Asia,Upper Middle,30,0.03333333333333333,23.83483146388786,22.988174289758522,93.04347826086956,9.71014492753623,114.24666666666667,19.77,0.8683338725434511,6.371098096360723,6.082733218280308,-2.8124048145870417,0.1627502894736842,5.556715472,0.010595869,4.593999999999999,28.407000000000004,0.545908752
7309,Northern America,High income,30,0.3333333333333333,25.239163249353705,21.255664759033724,93.6231884057971,11.014492753623188,77.05333333333333,80.29666666666667,0.4959383474095451,,,-1.7070907728564375,0.1695894375,8.704645484,0.01852689,0.873,24.242,0.545977571
7310,Latin America and the Caribbean,Upper Middle,28,0.25,21.046353614889398,19.781204693942442,94.25465838509317,10.714285714285714,107.33571428571429,7.4678571428571425,0.9422764948862489,12.935297309224074,17.476360236667443,0.8538960122863756,0.1892088461538461,9.777290681,0.011849111,13.341,27.272,0.47655146
7315,Central and Southern Asia,Lower Middle,25,0.6,30.83728217824305,24.098918479013868,94.2608695652174,9.043478260869565,25.508000000000003,164.8,0.13729609660843908,2.554244044330638,3.232592473145179,-0.9994769891770711,0.1728975,6.11598889,0.008675555,10.417,32.152,0.315023467
7319,Eastern and South-Eastern Asia,Upper Middle,28,0.03571428571428571,23.512081632427158,22.64757907339929,93.63354037267081,9.472049689440993,111.55,22.475,0.847767255875878,1.8468572510872057,1.7637030209811548,-2.630609731317076,0.10871725,5.638601425,0.005559142,0.206,16.784,0.660550997
7328,Central and Southern Asia,Lower Middle,27,0.2962962962962963,26.45179162803274,25.352771774822802,93.2367149758454,9.822866344605474,130.35555555555555,0.04444444444444445,0.9996080736821478,2.0021273126001393,2.1183982045789813,-6.078657455604782,0.0528191818181818,2.685309384,0.004954527,0.103,48.325,0.637220336
7330,Eastern and South-Eastern Asia,Upper Middle,38,0.05263157894736842,24.168853569030787,23.290526670007583,93.47826086956522,9.610983981693364,102.62894736842105,35.19736842105263,0.768603040880351,0.0907031835660339,0.0873723846799428,-5.640330594185436,0.1045106451612903,3.85872964,0.006988314,0.16,46.415,0.615259963
7331,Northern America,High income,24,0.5416666666666666,26.48149638136179,24.416147407195798,93.1159420289855,11.41304347826087,131.275,25.541666666666668,0.8406203458897399,,,-1.406461015156132,0.2544416944444444,7.736677632,0.01278957,0.008,8.371,0.546075333
7332,Latin America and the Caribbean,Upper Middle,28,0.25,20.947361031289443,19.758702865201062,94.25465838509317,10.714285714285714,107.90357142857144,6.857142857142857,0.9456578268282263,3.251504416571297,4.393955518043793,0.33921009723066575,0.1704329166666666,9.304599978,0.012888077,17.585,39.984,0.504362526
734,Sub-Saharan Africa,Low income,21,0.19047619047619047,18.611308533804774,14.155191565882298,94.61697722567288,9.730848861283643,53.828571428571436,66.73333333333333,0.4716775692200447,,,-1.9135892240372048,0.11831425,8.175204443,0.004590714,0.832,40.587,0.506246891
7341,Eastern and South-Eastern Asia,Upper Middle,23,0.13043478260869565,23.650411138570412,22.710378412879823,94.32892249527411,10.586011342155007,115.07391304347826,17.660869565217393,0.8799282366424926,0.0943683483634707,0.0904073983367664,-2.7377543092909615,0.117285125,5.441226875,0.006117515,0.025,24.814,0.687672971
7342,Northern America,High income,18,0.5,26.715450928331776,24.479515866651813,95.16908212560386,8.695652173913043,114.4388888888889,43.355555555555554,0.7281116837883836,,,-3.012904756695882,0.1958657142857142,6.442193826,0.018009142,0.245,24.635,0.493581007
7343,Latin America and the Caribbean,Upper Middle,25,0.24,20.87841733021347,19.553409503182476,94.78260869565219,10.26086956521739,106.85600000000001,7.9239999999999995,0.9385890167898614,5.779757181506067,7.808366090447851,2.56728141459098,0.2059408,12.35752841,0.012679681,17.626,25.294000000000004,0.482478617
735,Sub-Saharan Africa,Low income,34,0.5294117647058824,20.266764956829615,16.7001168322156,93.47826086956522,10.230179028132993,34.35588235294117,89.69411764705882,0.2880749815751392,,,-3.8714319667172217,0.1154409090909091,3.952829406,0.007692128,0.636,46.445,0.584594937
7350,Central and Southern Asia,Lower Middle,19,0.3157894736842105,26.87262588938429,25.785125667893407,94.279176201373,10.068649885583524,125.93157894736841,0.0,1.0,0.345940312161438,0.3723600748009961,-4.394972430202316,0.0514636153846153,2.761386638,0.001153497,0.014,30.549,0.507557474
7352,Eastern and South-Eastern Asia,Upper Middle,15,0.3333333333333333,24.236420120321306,23.178987007572086,93.04347826086956,11.884057971014492,118.44000000000001,14.766666666666667,0.8993559231279284,1.3033711826504917,1.244818567483023,-3.274157614385926,0.1390281733333333,5.698100134,0.008357041,1.247,36.455,0.636276825
7353,Northern America,High income,20,0.65,26.418651177225854,24.135132095494875,93.69565217391305,11.304347826086957,122.06500000000001,41.160000000000004,0.7570787287887908,,,-0.978697468988917,0.2012047869415807,9.341565252,0.021387615,2.5349999999999997,22.669,0.481996399
7359,Central and Southern Asia,Lower Middle,22,0.5,31.574058636752067,24.67760618541157,93.87351778656127,11.067193675889326,20.445454545454545,174.13181818181818,0.10750679286241543,4.304182819272783,5.443767165969417,1.7736637588405821,0.2220593529411764,5.11577604,0.013727995,26.219,27.169,0.273234293
736,Sub-Saharan Africa,Low income,26,0.5,24.254664683771217,16.551484696169563,93.81270903010032,10.033444816053512,24.361538461538462,134.4653846153846,0.15343566167540715,,,-1.036096533588688,0.1740324565217391,5.413589748,0.01109463,1.845,28.676,0.506679726
7361,Central and Southern Asia,Lower Middle,30,0.2,27.066428763071727,25.353082759590645,95.07246376811595,9.71014492753623,120.14333333333335,25.283333333333335,0.8476257429027403,10.40899751405738,10.984218280473542,-3.155024375422313,0.0948843720930232,4.416521784,0.004456658,1.156,16.207,0.621054839
7362,Eastern and South-Eastern Asia,Upper Middle,25,0.56,23.1275448150635,19.439225691872792,93.21739130434781,10.08695652173913,46.34,108.31200000000001,0.31453183017849257,0.9245111297779848,0.7925242717631844,-1.020195446992583,0.1803527333333333,7.741476103,0.004068974,0.715,19.002,0.397730148
7369,Central and Southern Asia,Lower Middle,20,0.7,23.777667498704904,19.525456043122677,93.69565217391305,10.217391304347824,80.765,94.075,0.48887809765707074,1.094324244131636,1.3701414559830205,-2.633777230317391,0.1394266,6.149867053,0.002734961,2.001,15.701,0.4312098
7373,Eastern and South-Eastern Asia,Upper Middle,37,0.21621621621621623,24.374169996106982,23.34926389779564,92.94947121034077,9.400705052878966,102.04054054054055,32.391891891891895,0.780101057148397,1.817188706569009,1.7352690582894643,-3.9169842469602516,0.1270267058823529,3.873657726,0.008164147,1.166,22.171999999999997,0.566772039
7375,Latin America and the Caribbean,Upper Middle,24,0.3333333333333333,21.19359179178875,19.462625676625823,96.19565217391305,9.96376811594203,105.08749999999999,13.299999999999999,0.8968674852466602,9.176578331769283,12.394513245517658,3.938239404553912,0.2569671578947368,8.649256901,0.014482876,27.515,20.146,0.401605745
7380,Central and Southern Asia,Lower Middle,22,0.5909090909090909,23.87680216158852,19.447293183027192,93.2806324110672,9.683794466403162,90.66363636363637,77.91818181818182,0.612598225159974,,,-1.860776602983578,0.1500200833333333,6.23867128,0.005193544,7.51,22.088,0.407819639
7383,Eastern and South-Eastern Asia,Upper Middle,17,0.058823529411764705,23.191433666329775,22.47496918619418,93.86189258312021,7.672634271099745,117.20588235294117,15.647058823529411,0.8903147017902514,1.7901436484321362,1.709510022888534,-3.4145750686830985,0.1325859375,5.257463629,0.007357836,1.486,26.871,0.600229206
7385,Latin America and the Caribbean,Upper Middle,26,0.6538461538461539,20.43340671832747,19.11303606867079,94.81605351170569,9.698996655518394,104.6576923076923,9.319230769230769,0.9252815053345294,1.423791188601511,1.9241377148088812,2.9124799426316352,0.2528303666666666,7.953325664,0.014534088,25.817,18.415999999999997,0.434379817
7389,Central and Southern Asia,Lower Middle,23,0.5217391304347826,27.27958057237711,23.296345126877338,94.32892249527411,10.207939508506616,86.35217391304349,94.3695652173913,0.50085402612608,0.1520036082913728,0.1937825012811221,2.799022650690255,0.2419704,10.20735353,0.010665404,15.908,7.643,0.325279741
7391,Central and Southern Asia,Lower Middle,23,0.21739130434782608,26.765531619353506,25.677655660692498,93.38374291115313,9.640831758034025,126.85217391304347,0.0,1.0,0.635061678397042,0.6773692031675197,-4.991854801764574,0.0439751714285714,2.638972168,0.000739522,0.026,35.973,0.601825755
7394,Northern America,High income,22,0.45454545454545453,26.549972053118836,24.19655396483302,94.0711462450593,9.288537549407113,107.58636363636364,57.25454545454546,0.65646560133896,,,-2.422051414369906,0.1932905762711864,6.803445283,0.016244259,0.865,25.906,0.397985599
7395,Latin America and the Caribbean,Upper Middle,19,0.47368421052631576,24.358286434326192,23.270184788979766,92.67734553775743,10.755148741418763,123.49473684210527,0.0,1.0,0.0,0.0,2.0056068652470564,0.2061813970588235,7.687043012,0.013164689,20.25,22.144,0.366367986
7399,Central and Southern Asia,Lower Middle,28,0.6071428571428571,29.453231390196567,24.70720255247837,93.94409937888199,10.093167701863353,45.31785714285714,140.33928571428572,0.2528843048247852,6.129644977696397,7.7555937925641905,-0.2770383542820025,0.1849749411764706,5.377000678,0.008864825,19.058,37.977,0.342502016
7401,Central and Southern Asia,Lower Middle,31,0.3225806451612903,26.960416786056722,25.30396063288246,94.3899018232819,9.537166900420756,118.43548387096774,26.906451612903226,0.8367190065552896,0.20842589642939,0.2272159427913873,-4.805835187013978,0.0402353333333333,2.56975954,0.001100608,0.068,29.677000000000003,0.595476466
7409,Central and Southern Asia,Lower Middle,15,0.6,32.28854534996883,24.872785876699893,94.4927536231884,12.753623188405795,12.54,183.22666666666666,0.06756790765460413,,,-0.6930217719816132,0.1728781176470588,4.470908413,0.003363402,14.65,27.975,0.3020955
7413,Eastern and South-Eastern Asia,Upper Middle,33,0.21212121212121213,24.61024052730836,23.64362351319872,93.54413702239789,9.486166007905139,97.17575757575759,40.478787878787884,0.7313597555971193,0.1211433417257964,0.1161664337376982,-4.662436044654821,0.1275261538461538,4.400951455,0.008314716,2.28,37.682,0.569798067
7415,Latin America and the Caribbean,Upper Middle,28,0.35714285714285715,21.06837884485156,19.995428400539605,93.16770186335404,10.869565217391303,108.91071428571429,3.9678571428571425,0.9637714221355914,2.964066965323872,4.005356222705425,2.2777911401294664,0.2161632857142857,9.007032702,0.013777672,23.272,18.855,0.493578479
7419,Central and Southern Asia,Lower Middle,21,0.3333333333333333,28.646471907337297,23.971073805417788,94.61697722567288,9.523809523809524,78.60000000000001,103.71428571428571,0.4515471269127877,4.8402381539412795,6.124640692711913,-1.0891174756174524,0.1912825576923077,5.980877732,0.006130756,11.363,36.92399999999999,0.351385588
7420,Central and Southern Asia,Lower Middle,8,0.375,28.027382334073437,25.271684769866752,89.67391304347827,12.5,83.1125,100.25,0.4930912448845841,,,2.4622268524670288,0.179194,6.581953987,0.012286283,29.428,0.6970000000000001,0.313596573
7424,Northern America,High income,22,0.6818181818181818,24.858602399492394,20.545971415302667,93.67588932806325,8.695652173913043,86.55454545454546,73.47727272727273,0.5566987489058303,,,-0.01834696421226023,0.2199229943181818,9.327289725,0.018512808,2.079,13.413,0.476135648
7428,Central and Southern Asia,Lower Middle,26,0.6538461538461539,30.640647391919988,24.654182508012898,92.14046822742475,9.866220735785951,34.0,152.57307692307694,0.1890970547475501,17.10840348146029,21.634542043759502,2.660484987125058,0.2394864417177914,6.098075023,0.015503834,28.693,35.613,0.240918141
7432,Eastern and South-Eastern Asia,Upper Middle,31,0.22580645161290322,24.289865087693762,23.05821926123446,93.40813464235625,9.396914446002805,88.17096774193548,55.89032258064517,0.6396809878600151,1.7799197676813918,1.6997233898680093,-4.235737588703954,0.1192921739130434,4.160913467,0.008499812,2.026,24.361,0.546016496
7437,Central and Southern Asia,Lower Middle,24,0.5,31.319613989194256,24.88306011432348,92.7536231884058,11.050724637681158,27.520833333333332,164.425,0.14776289680511884,6.358327028226015,8.04068500044187,-0.1364337861718663,0.191183,4.332480074,0.005833112,24.531,44.323,0.340815024
7439,Central and Southern Asia,Lower Middle,32,0.4375,27.209110521001584,25.686665026204334,93.75,9.51086956521739,121.05312500000001,21.556250000000002,0.8687096631657146,0.647089701705197,0.6898161128595418,-2.972222487354019,0.1117945260115606,5.469242548,0.006238398,5.071000000000001,28.681,0.507313213
7442,Northern America,High income,23,0.6521739130434783,23.04545776853065,18.508087295200607,95.27410207939509,9.829867674858223,70.97391304347826,83.7304347826087,0.46178480549311074,,,-1.467608034589855,0.23144538,7.337751916,0.017132851,0.481,17.831,0.505053245
7446,Central and Southern Asia,Lower Middle,18,0.5,31.991245079040546,24.785794543235866,92.99516908212561,9.903381642512077,14.105555555555556,189.71666666666667,0.07164671168008795,5.939711702642991,7.514225037899597,-1.6874526464862214,0.1787111,4.981619913,0.009113754,13.619,44.075,0.280984386
7447,Central and Southern Asia,Lower Middle,21,0.8095238095238095,28.65586819091405,22.147073956317215,93.16770186335404,11.180124223602483,68.42380952380952,116.08571428571429,0.4291599867061811,,,0.05521550892986472,0.2157063125,5.722280145,0.014170896,18.137,19.441999999999997,0.363975972
7449,Eastern and South-Eastern Asia,Upper Middle,16,0.6875,23.406732457213927,21.47300581821501,94.56521739130434,10.869565217391305,82.63125000000001,59.79375,0.5842443437526397,12.149149301937896,10.424458903817314,1.554254118878511,0.2418778148148148,9.192982512,0.007121127,7.254,3.708,0.316325964
7451,Northern America,High income,18,0.6111111111111112,22.78518317834282,18.379075717775677,95.89371980676329,9.420289855072463,66.36111111111111,80.6,0.4688392702249934,,,-1.9971748531100164,0.1926373589743589,7.44341598,0.029612889,0.019,20.169,0.510462954
7457,Central and Southern Asia,Lower Middle,34,0.17647058823529413,26.971854298571742,25.38821057433594,94.75703324808184,9.07928388746803,119.68529411764706,26.132352941176475,0.8444512191547522,0.5457491172655858,0.5829701645176892,-4.579838045823555,0.047347216,2.632686157,0.002989605,0.037,27.549,0.561461243
7459,Eastern and South-Eastern Asia,Upper Middle,28,0.39285714285714285,25.349518284722063,23.54605353116457,93.01242236024845,9.161490683229813,92.26071428571429,54.98571428571429,0.653529275354548,0.0651241913481334,0.0628865117875934,-0.7147857483894664,0.1803954424846625,6.056570013,0.012931238,11.791,22.006,0.406053726
746,Sub-Saharan Africa,Lower Middle,31,0.0967741935483871,16.800607984778203,14.29269834643563,95.93267882187939,8.835904628330995,81.95806451612904,68.20645161290322,0.5662495660663167,,,-3.0774128243906653,0.1390656769230769,4.893782416,0.004965049,0.785,14.123,0.658973786
7460,Northern America,High income,23,0.30434782608695654,23.05398887292113,18.943241003280864,94.32892249527411,10.207939508506616,69.73913043478261,81.16521739130435,0.46880714096017756,,,-2.236788234615296,0.2057862222222222,7.372693124,0.026429837,0.465,21.492,0.493885715
7461,Latin America and the Caribbean,Upper Middle,42,0.23809523809523808,21.9750143723261,18.556107674935156,94.51345755693582,9.213250517598343,93.9857142857143,34.91428571428572,0.7466330622793629,3.600822180247196,4.96121438208591,5.331716258923416,0.2738236,7.957427234,0.015172405,34.972,10.242,0.35092271
7466,Central and Southern Asia,Lower Middle,38,0.18421052631578946,26.124900875266157,24.725930541447966,95.19450800915331,9.954233409610984,120.06315789473686,20.692105263157895,0.8741799788820754,1.4404904332036292,1.5260629373362815,-3.725240914167514,0.114161,4.529894331,0.001712643,0.585,12.12,0.575723429
7468,Eastern and South-Eastern Asia,Upper Middle,31,0.41935483870967744,22.697560460635046,21.95756002361569,93.40813464235625,10.37868162692847,111.92580645161291,18.812903225806455,0.8743241728606016,4.9590837129777965,4.734814208056762,-1.401990918080947,0.1702956840490797,6.086935052,0.014324197,13.097,30.398,0.519475677
7469,Northern America,High income,21,0.42857142857142855,23.38097474705399,19.238746307460914,93.7888198757764,9.316770186335404,71.8047619047619,82.38095238095238,0.4769386418879129,,,-0.6802253039578189,0.2513481428571428,7.627563321,0.018134426,1.381,9.574000000000002,0.449293619
7470,Latin America and the Caribbean,Upper Middle,26,0.38461538461538464,21.878523379829236,20.515377673268702,93.31103678929766,10.033444816053512,110.32307692307693,12.36153846153846,0.9034699589834443,6.810778387045091,9.199290446440834,2.603413344346019,0.21436575,8.074204264,0.014511387,21.573,21.631,0.434010125
7471,Sub-Saharan Africa,Lower Middle,12,0.5,27.24163293107115,20.984855290334345,93.84057971014494,7.246376811594203,38.75,134.775,0.2280696264562216,,,3.2601806673996787,0.2231758056426332,7.349618678,0.013344446,29.442,3.500999999999999,0.280736053
7473,Central and Southern Asia,Lower Middle,31,0.5161290322580645,29.60751925086095,24.226078182648422,93.54838709677419,9.81767180925666,44.222580645161294,140.1225806451613,0.24935326019920348,2.628619656026681,3.327168868264839,-3.229191862333926,0.129004,4.218588756,0.005169351,13.654,59.13,0.359619294
7474,Central and Southern Asia,Lower Middle,13,0.5384615384615384,19.621351369222037,16.75923889012433,95.31772575250837,9.364548494983277,90.17692307692307,62.84615384615385,0.6509942831131285,,,-6.672893212580915,0.0613579444444444,4.36367242,0.004993217,7.71,74.685,0.581716143
7478,Northern America,High income,22,0.45454545454545453,22.43238147461357,18.15845237832492,95.25691699604744,9.683794466403162,65.06363636363636,81.72727272727273,0.45817912190252624,,,-2.4406513414860496,0.1664711688311688,8.290823307,0.025145318,1.356,34.323,0.436462305
7479,Latin America and the Caribbean,Upper Middle,32,0.625,21.176810579299953,18.282364370809514,94.29347826086956,9.646739130434781,107.378125,22.990625,0.8305498371015011,3.435921347676814,4.668744905432213,5.098680913682533,0.2560438333333333,8.58829174,0.017012037,30.962,13.118999999999998,0.370847709
7484,Central and Southern Asia,Lower Middle,34,0.20588235294117646,26.666693300656227,25.224901830154618,95.01278772378517,8.951406649616368,119.65588235294118,28.07352941176471,0.8356067986081969,0.2195563060578299,0.2393636479235014,-5.30141841351968,0.0454511111111111,2.717890545,0.002437755,0.031,36.034,0.560564988
7487,Northern America,High income,23,0.43478260869565216,23.108457557877934,18.945312354259077,94.8960302457467,9.640831758034025,71.90869565217392,79.67826086956521,0.4799888830867798,,,-1.398451585590189,0.2309065243243243,7.574035966,0.018336895,0.534,17.483,0.470935419
7488,Latin America and the Caribbean,Upper Middle,30,0.26666666666666666,21.827876097067826,20.110290612127475,94.4927536231884,11.15942028985507,111.55,10.323333333333332,0.9202246005746753,3.9089997362096582,5.244254477798124,3.745417204939625,0.2426743571428571,6.567877381,0.014882458,25.076,14.226,0.40416354
7491,Central and Southern Asia,Lower Middle,23,0.6521739130434783,31.35579951715671,24.66479778859884,92.81663516068052,10.586011342155007,22.36086956521739,171.1782608695652,0.11924913419060187,4.58469824363254,5.798336825925292,-2.3545121673920315,0.146362,4.694553817,0.008272832,16.341,50.245999999999995,0.319923652
7493,Central and Southern Asia,Lower Middle,30,0.16666666666666666,26.821356330823317,25.190880789703453,94.63768115942028,8.405797101449275,120.11666666666666,28.25,0.8319196059459286,0.817636300850691,0.8694884510821189,-6.631161018249092,0.0369689285714285,2.582577501,0.001968728,0.013,53.27199999999999,0.625870491
7495,Eastern and South-Eastern Asia,Upper Middle,17,0.058823529411764705,22.649978143358783,22.01654488012429,95.39641943734014,8.43989769820972,116.97647058823529,12.335294117647058,0.9153400293974453,2.836953295262074,2.708762548943313,-5.446574637670962,0.1062224285714285,4.963942817,0.006930261,1.477,57.243,0.649099893
7496,Northern America,High income,18,0.5,23.063204518285012,19.032037772424705,94.68599033816425,9.903381642512077,66.36666666666667,82.8388888888889,0.4563276907989613,,,-1.4541422050801585,0.2291052682926829,7.91624363,0.023218113,0.453,16.267,0.49478122
7497,Latin America and the Caribbean,Upper Middle,51,0.5882352941176471,22.617839551882717,18.71815751967941,95.05541346973573,9.121909633418584,85.40980392156862,45.20392156862745,0.6679926022019168,,,3.7807990779861935,0.2426702222222222,7.683338105,0.019803128,16.891,8.358,0.293738673
75,Europe,High income,27,0.7777777777777778,16.097339102238678,14.272740893294122,93.71980676328502,9.178743961352657,68.67407407407407,44.01111111111111,0.6470099294799333,,,-2.2954707255955134,0.1498292198952879,7.497133622,0.028178674,2.168,25.920999999999996,0.424026071
7505,Northern America,High income,19,0.6842105263157895,23.177522493312484,19.005823976833152,96.33867276887872,9.382151029748282,69.73157894736842,80.35263157894737,0.4743247026702272,,,-0.9247660852039261,0.2365438198198198,8.568259149,0.018310118,0.611,13.214,0.497768908
7506,Latin America and the Caribbean,Upper Middle,32,0.46875,21.661704121178538,19.799667179678984,93.75,10.869565217391303,113.0625,9.615625,0.9231721040761386,10.65442979331655,14.4796077729839,4.208181090044594,0.2604991578947368,7.032205065,0.015750411,29.368,14.127000000000002,0.400796285
7510,Central and Southern Asia,Lower Middle,19,0.15789473684210525,21.43180981016998,17.45291880693289,92.90617848970251,10.297482837528603,88.03684210526316,78.65789473684211,0.5930848954412159,,,-3.279586961781665,0.0999957,7.352543378,0.002125695,7.979,34.965,0.469567641
7511,Central and Southern Asia,Lower Middle,31,0.25806451612903225,26.684967310058067,25.225519336596424,94.24964936886396,9.81767180925666,121.56129032258065,23.27741935483871,0.8656132669561581,0.192627895666441,0.21049040789273,-7.2850054084632765,0.0536874516129032,4.560420741,0.001227665,0.06,72.392,0.383314193
7523,Northern America,High income,21,0.3333333333333333,22.865237719419778,18.780639679770537,94.824016563147,9.730848861283643,69.66190476190476,75.25714285714287,0.489505369536688,,,-3.1723093809562397,0.1919267619047619,6.418582559,0.015628037,0.082,26.19,0.527792731
7527,Central and Southern Asia,Lower Middle,24,0.4166666666666667,28.61828762979223,23.476165157199503,93.84057971014494,9.420289855072463,78.37916666666668,99.62916666666666,0.46016466441061604,6.600093677109563,8.350996580351465,-4.595609026189536,0.0916337213114754,3.803159297,0.004065828,3.669,43.37,0.402048209
7532,Northern America,High income,24,0.6666666666666666,23.584217035074044,19.223285499594052,94.92753623188406,9.782608695652174,69.89166666666667,81.50833333333334,0.46833370054842455,,,0.7149038115096329,0.2554601153470185,8.356757548,0.025071316,6.569,12.461,0.393180327
7538,Central and Southern Asia,Lower Middle,31,0.12903225806451613,26.456326737269137,24.890915092741444,93.8288920056101,8.976157082748948,123.21290322580646,23.99677419354839,0.8570992016337907,0.4428825895704615,0.4744187501843814,-4.932525214963421,0.0447225121951219,2.561469368,0.002166079,0.023,31.042,0.601619921
7541,Northern America,High income,21,0.5238095238095238,23.4692249731784,19.508917319634342,93.37474120082815,10.973084886128364,86.72857142857143,59.68095238095239,0.6085696059014749,,,-2.003350711458528,0.2112987272727272,7.225858822,0.016579183,0.715,17.989000000000004,0.519509075
7542,Latin America and the Caribbean,Upper Middle,30,0.3,20.74197794087731,18.11144239265239,94.34782608695652,8.840579710144928,106.18666666666667,22.12,0.8354811674336414,1.1052775804531931,1.4934915405127032,1.035415232035588,0.1939512222222222,7.207188104,0.015451476,19.364,23.862,0.451314537
7544,Central and Southern Asia,Lower Middle,28,0.25,30.33825062921873,24.591658121030616,91.92546583850933,9.627329192546583,31.428571428571427,154.42857142857142,0.1774205406008821,0.777217855252282,0.9853930498821664,-4.130996060867561,0.131430205479452,4.346338161,0.007506686,6.925,63.992,0.269397389
7546,Central and Southern Asia,Lower Middle,11,0.18181818181818182,27.060647679450003,24.595283086757544,91.699604743083,11.857707509881424,87.82727272727274,82.91818181818182,0.552508901437593,,,-3.0852780493779366,0.1081613793103448,4.998529539,0.004773022,7.800000000000001,6.924000000000001,0.35154904
7548,Eastern and South-Eastern Asia,Upper Middle,21,0.47619047619047616,24.106189064752513,19.952037617871138,93.7888198757764,8.695652173913043,51.87619047619048,102.91904761904763,0.35180868464617765,1.9747055648127,1.6933930436535232,4.310824698417234,0.2497529333333333,7.576471626,0.006556437,22.877,11.212,0.300155037
7550,Northern America,High income,17,0.4117647058823529,26.303803857806685,24.040854453760957,93.86189258312021,10.230179028132993,102.2529411764706,61.4,0.6369278315423803,,,0.4240281333801281,0.2038598181818181,10.63438327,0.023328823,4.4399999999999995,11.949999999999998,0.492584707
7551,Latin America and the Caribbean,Upper Middle,29,0.4482758620689655,22.042991201466545,20.04216451460238,94.30284857571213,9.89505247376312,113.86206896551724,9.944827586206898,0.9194124512466162,4.4394024141680015,5.915259198977645,1.97211370004498,0.2221974782608695,6.121790479,0.013724418,26.466,19.559999999999995,0.440190796
7553,Central and Southern Asia,Lower Middle,25,0.48,28.691833160400435,23.532965079343352,94.08695652173914,8.869565217391305,72.9,106.888,0.4309322208267207,3.491239019086495,4.418699836211356,-4.068038432682261,0.1066944047619047,4.061943167,0.003723343,6.826,50.155,0.372047847
7559,Northern America,High income,21,0.7142857142857143,23.951075100440214,19.6307401640696,94.824016563147,10.351966873706003,71.31428571428572,81.21904761904763,0.497294914959952,,,-0.011645181849058828,0.2220431299212598,9.411881075,0.028468326,2.258,8.062,0.457498384
7562,Central and Southern Asia,Lower Middle,19,0.3684210526315789,31.65314307554509,24.53184058124659,94.50800915331808,9.610983981693364,18.910526315789475,180.0842105263158,0.09815278917067159,3.2129732274261857,4.064267908869734,-0.5912568912164724,0.180965225,4.622603808,0.009490724,19.865,38.462999999999994,0.289430119
7566,Eastern and South-Eastern Asia,Upper Middle,20,0.6,23.429031419754047,19.817446895232223,95.0,9.130434782608695,42.775,109.63000000000002,0.29681705104372413,7.28810840081636,6.2534622515195455,1.7901618659706782,0.2664031578947368,9.127102111,0.005839518,2.5660000000000003,4.19,0.353915388
7568,Northern America,High income,23,0.5652173913043478,23.96090472273814,19.83419377217126,94.32892249527411,10.586011342155007,76.2,72.15217391304348,0.5430615572091534,,,-1.3242166360855672,0.2016540888888889,8.024799279,0.017844596,0.495,7.837000000000001,0.474653971
7569,Latin America and the Caribbean,Upper Middle,34,0.4117647058823529,20.755396499374516,18.099830462049567,94.24552429667519,10.230179028132993,105.08235294117648,19.28235294117647,0.8540570283770478,4.799260231059736,6.520666255626771,5.430174919325474,0.2509930952380952,8.955800049,0.015432317,36.859,14.531999999999998,0.404429086
7577,Northern America,High income,23,0.6956521739130435,24.02721704760801,19.68661309291177,93.95085066162572,9.640831758034025,84.86086956521739,61.46956521739131,0.5901643381648819,,,-0.5922188344582715,0.2374096265060241,8.486361606,0.022598181,2.0069999999999997,15.303,0.509010275
7590,Central and Southern Asia,Lower Middle,21,0.6666666666666666,29.24048759245042,21.997911228071143,93.16770186335404,9.316770186335404,54.904761904761905,130.3095238095238,0.347900471122755,1.9527128043173283,2.110746626173015,-0.1835876015029907,0.2050488260869565,5.848665464,0.017120027,17.923,23.337,0.313455519
7596,Latin America and the Caribbean,Upper Middle,34,0.47058823529411764,22.09922071889671,20.03338049753457,94.24552429667519,10.485933503836316,117.52941176470588,8.911764705882353,0.9340997398469398,2.7605419377431892,3.678319904859999,1.7121825655767051,0.212770074074074,7.131712553,0.014043139,18.897,18.472999999999995,0.431335461
7599,Central and Southern Asia,Lower Middle,11,0.7272727272727273,27.68736572129704,25.316350661689118,90.11857707509881,10.276679841897232,115.41818181818184,40.62727272727273,0.7814689978538027,,,5.609289042033277,0.1809898590785907,13.26370468,0.012480753,28.428,13.131,0.279310583
7611,Northern America,High income,21,0.5238095238095238,22.633785438923343,18.672955561466928,94.824016563147,8.488612836438923,63.39523809523809,84.31428571428572,0.4435281150579223,,,-0.7066197802783418,0.2383606854219948,7.79766626,0.036601492,1.502,15.166,0.417380662
7612,Latin America and the Caribbean,Upper Middle,49,0.6122448979591837,22.178756037549505,18.1900421240236,94.76486246672582,8.96184560780834,87.23673469387757,41.92040816326531,0.6902032445370583,,,5.022071212423737,0.2466928095238095,7.850551807,0.015207538,35.745000000000005,13.278,0.358888787
7619,Northern America,High income,24,0.3333333333333333,23.839995543162036,19.791752196641053,93.1159420289855,9.96376811594203,83.04166666666667,64.97916666666667,0.5779436116297948,,,-1.4419374781066783,0.2025372830188679,7.293986956,0.015797293,0.792,16.466,0.519166716
7620,Latin America and the Caribbean,Upper Middle,33,0.30303030303030304,22.133968225093383,19.923551209391597,93.41238471673255,9.881422924901186,118.7969696969697,11.945454545454545,0.911286191319846,3.8200552871366433,5.055825526436258,3.0792853638256155,0.235093,6.53020482,0.013845282,29.625,22.59,0.424599711
7626,Eastern and South-Eastern Asia,Upper Middle,13,0.46153846153846156,24.25574899182271,23.146043789277147,93.97993311036791,9.364548494983278,128.36153846153846,4.6923076923076925,0.9655642513199884,5.547747760128175,5.296896165255205,-5.140737481773009,0.0960554765100671,5.024307736,0.005728338,0.471,53.038,0.627182709
7627,Northern America,High income,22,0.7272727272727273,24.205598062553644,19.827258942838107,93.87351778656127,10.67193675889328,75.00454545454546,74.5409090909091,0.5157113185760437,,,0.09692279953635197,0.2150256606334841,9.981889411,0.020490373,3.464,17.708,0.479180047
7628,Latin America and the Caribbean,Upper Middle,45,0.6,21.55010379668815,18.014056737173462,94.68599033816425,9.855072463768115,88.96888888888888,39.91111111111111,0.7062427946922154,,,3.5938428525178616,0.2358826086956521,7.779120283,0.015579093,29.093,12.909000000000002,0.387366726
7632,Eastern and South-Eastern Asia,Upper Middle,18,0.6111111111111112,23.995210933382552,21.796537282534242,95.16908212560386,10.144927536231883,79.12222222222222,66.38333333333334,0.5500770337201817,2.689944979362179,2.3076508186338147,2.0383652918097255,0.25942,8.748389255,0.008600278,12.991,2.007,0.34041468
7635,Northern America,High income,22,0.4090909090909091,24.153813044298133,19.83884112197471,93.87351778656127,10.869565217391305,74.66363636363637,74.12727272727273,0.516659399465528,,,-1.7965005283481117,0.2080047272727272,7.639145247,0.014757996,1.284,15.001,0.572224484
7638,Central and Southern Asia,Lower Middle,28,0.5714285714285714,31.127383579597986,24.62030518339653,90.99378881987577,10.869565217391303,29.164285714285715,163.71785714285716,0.15898083704102708,7.492922393561964,9.475078356132856,-0.831318770054704,0.1687316233766233,4.923765888,0.008979692,19.796,36.705000000000005,0.292138054
764,Central and Southern Asia,Lower Middle,25,0.64,19.17575828951496,12.916674087286374,94.60869565217392,10.26086956521739,14.108000000000002,166.056,0.08073845876148711,,,3.183299505260024,0.3328573585858586,8.481985049,0.017459065,15.138000000000002,7.154999999999999,0.3046234
7643,Northern America,High income,29,0.5862068965517241,26.50269370307013,22.116594196211,94.00299850074963,9.745127436281859,69.56551724137931,100.60344827586206,0.413451528533677,,,0.737984189240216,0.2163478070175438,11.00297032,0.023342639,2.1710000000000003,9.316999999999998,0.487509249
7644,Latin America and the Caribbean,Upper Middle,29,0.5862068965517241,23.055410561981805,20.46155585644996,93.85307346326836,9.14542728635682,116.7448275862069,9.255172413793103,0.926781647283262,,,2.5174584426465776,0.2097705714285714,7.384339785,0.012379469,22.68,12.997,0.433466804
7646,Central and Southern Asia,Lower Middle,25,0.52,28.828922033804464,23.43366267034824,95.1304347826087,9.217391304347824,66.46,109.676,0.40137262573474586,9.752334108621987,12.337039651297442,0.4063838982259562,0.186424544117647,5.792989317,0.009686311,20.228,32.827999999999996,0.336121718
7648,Eastern and South-Eastern Asia,Upper Middle,22,0.13636363636363635,23.59759283932775,19.629879704865207,94.66403162055336,9.486166007905139,44.78181818181818,108.20454545454545,0.30727349033612095,1.5673989444190184,1.3442417622771607,-1.3578875590794768,0.1891169130434782,6.512376343,0.004319164,2.515,32.162,0.391688217
7649,Europe,Upper Middle,17,0.8823529411764706,20.091643394373023,18.31468864696671,93.35038363171356,9.718670076726342,77.30588235294118,50.54117647058824,0.6209045716749739,,,-0.5516000178859612,0.200594891566265,9.542287335,0.013345826,3.263,16.586,0.341212154
7651,Northern America,High income,20,0.3,24.087722779497685,19.696050941634706,94.1304347826087,9.782608695652174,71.47999999999999,76.71000000000001,0.4977436460795942,,,0.09233180692993165,0.2300482289156626,8.384606299,0.019967245,0.838,14.128,0.419313103
7652,Latin America and the Caribbean,Upper Middle,21,0.6190476190476191,28.197522068605185,20.87663542155426,94.20289855072464,9.730848861283643,23.476190476190474,136.18571428571428,0.1526692366625373,,,4.538281292207734,0.2645304314720812,7.105283084,0.017466779,33.224,10.139,0.366009776
7654,Central and Southern Asia,Lower Middle,30,0.4666666666666667,30.46613017804695,24.534246879395347,91.44927536231883,10.869565217391305,32.13333333333334,155.18333333333334,0.17904980056013017,18.817894778683787,23.79400579174403,-0.3538211668067577,0.1788391666666666,4.714875072,0.012200021,17.727,34.816,0.296805727
7658,Eastern and South-Eastern Asia,Upper Middle,19,0.10526315789473684,24.31859893450063,23.59257105824749,92.90617848970251,8.924485125858123,126.2421052631579,8.663157894736843,0.9420453444520115,3.2721048084229793,3.124225054016936,-3.1058107183612806,0.1488828020833333,5.412930824,0.009572685,5.31,26.814,0.56271709
7659,Northern America,High income,25,0.56,22.578204689436042,18.822092315354112,94.95652173913044,10.08695652173913,84.016,66.58800000000001,0.5799325500451531,,,-0.9593216283642321,0.2255935555555555,8.0178154,0.026949183,0.498,11.066,0.489709956
7668,Latin America and the Caribbean,Upper Middle,51,0.7058823529411765,22.511422214094058,18.067248950030258,94.7144075021313,9.974424552429667,80.7843137254902,49.41764705882353,0.6339433402722016,,,5.889281706284605,0.2670443469387755,7.296122424,0.015881981,39.64,8.782,0.32500853
767,Central and Southern Asia,Lower Middle,21,0.2857142857142857,27.77125820886523,23.362816965979654,95.44513457556936,11.387163561076605,101.51428571428572,71.8952380952381,0.623282982521692,,,-2.0975885641663856,0.1776691666666666,5.353000162,0.011381377,7.01,34.448,0.352130581
7670,Central and Southern Asia,Lower Middle,24,0.4583333333333333,29.150514972000824,24.011747381333464,94.92753623188406,10.144927536231883,68.07083333333334,109.21249999999999,0.40925113874357844,1.0139343082799277,1.285298165603833,-3.8482787020058895,0.1185254222222222,4.17216994,0.00465107,11.267,58.837,0.368741326
7672,Eastern and South-Eastern Asia,Upper Middle,32,0.53125,26.93432084494296,23.662733985731414,93.75,10.190217391304348,104.37812500000001,40.525000000000006,0.746544913553274,,,0.04880967442605455,0.1799363493975903,10.10622386,0.009440337,0.7569999999999999,7.674,0.49195052
7675,Northern America,High income,23,0.4782608695652174,23.833793291349835,19.62117650903692,95.27410207939509,10.775047258979205,70.82173913043479,76.92173913043479,0.4975461021318246,,,-0.592346719254637,0.2233744130434782,8.871179626,0.021686874,1.075,9.904999999999998,0.472125696
7676,Latin America and the Caribbean,Upper Middle,43,0.5581395348837209,21.232195452677637,17.764003855849946,94.84327603640041,9.504550050556116,92.37441860465115,40.72558139534884,0.7080228569496526,,,9.07128223517825,0.3229756781609195,11.66125155,0.017161774,44.08,12.49,0.341404219
7682,Eastern and South-Eastern Asia,Upper Middle,21,0.19047619047619047,22.473277613869787,22.163254078527093,92.54658385093168,11.180124223602483,117.08571428571429,18.361904761904764,0.8816888798003378,6.583446170519572,6.285551863965821,-4.179232095045336,0.1170092121212121,4.2923932,0.006369058,2.041,32.388,0.583273254
7683,Northern America,High income,26,0.6923076923076923,23.177322821166477,19.024252944153737,93.31103678929766,9.866220735785951,62.09615384615385,93.70000000000002,0.41406221429459983,,,-0.61986967605573,0.2342065921052631,7.765226196,0.027469826,1.496,10.767,0.466334868
7684,Latin America and the Caribbean,Upper Middle,50,0.28,21.847878516303194,17.836473446717495,95.04347826086956,9.739130434782608,86.31200000000001,43.15,0.6827644436803604,,,3.4542947137030553,0.2556032142857143,9.425713819,0.014754695,23.582,8.628,0.389468837
7687,Central and Southern Asia,Lower Middle,12,0.6666666666666666,30.813626356251124,21.05089645666106,96.73913043478261,6.159420289855071,40.44166666666667,170.65833333333333,0.2135608254444393,5.776320281686292,6.23173445340751,3.453645591081077,0.263528635371179,7.099140922,0.018758455,27.934,13.247,0.239158514
769,Central and Southern Asia,Lower Middle,30,0.4,28.35180797357673,25.520847606563233,92.89855072463769,10.0,107.52666666666667,55.730000000000004,0.7041005628843428,0.4642167871493481,0.496203222461691,-6.273713066842182,0.0731284352331606,3.522024892,0.00139035,0.141,49.635,0.569544693
7691,Northern America,High income,25,0.52,25.527412066889795,21.15915805390149,93.56521739130434,9.91304347826087,69.85600000000001,87.584,0.4513391819478427,,,-1.8889119511845394,0.1817969642857143,8.135885629,0.021925281,1.604,16.404999999999998,0.513239676
7692,Latin America and the Caribbean,Upper Middle,45,0.28888888888888886,21.796699343080896,18.23193444340736,94.29951690821255,9.565217391304348,87.72666666666666,42.166666666666664,0.6930675215572902,,,0.8704739321211297,0.2051501428571428,8.558400968,0.011737421,12.565,16.938,0.458069804
7700,Latin America and the Caribbean,Upper Middle,47,0.23404255319148937,21.72507772242771,17.663795574456483,95.09713228492136,9.528214616096205,86.9,43.53191489361702,0.6811425863316425,,,3.715910344284895,0.2470499411764705,9.748477732,0.012846809,22.065,10.355,0.42507989
7704,Eastern and South-Eastern Asia,Upper Middle,20,0.5,23.578217797646147,21.041448354415532,94.56521739130434,9.565217391304348,53.995000000000005,94.73,0.38008624098255056,6.3848644501411504,5.478240437349012,2.9183158654898733,0.26713575,8.277336135,0.007013779,18.188,17.735000000000003,0.378252082
7707,Northern America,High income,22,0.5454545454545454,25.56060127379486,21.171056936920845,94.0711462450593,9.486166007905139,71.25454545454546,83.30909090909091,0.4663679326890308,,,-0.429023970494244,0.1868980381679389,9.782413892,0.027612849,3.463,17.192,0.521775973
7714,Northern America,High income,26,0.6923076923076923,21.703053853785335,18.171079637533698,94.98327759197325,11.20401337792642,87.5,60.6576923076923,0.6139628614648067,,,-0.7319660214592029,0.2180590588235294,8.543048421,0.026744951,0.736,13.221,0.521674425
7715,Latin America and the Caribbean,Upper Middle,37,0.6756756756756757,23.22675639266674,20.832701723851343,93.06698002350176,10.693301997649822,116.75405405405404,7.554054054054054,0.9393881100506586,,,0.6072693003654541,0.2018904642857142,7.783206654,0.013177702,15.199,25.298,0.460233365
7717,Central and Southern Asia,Lower Middle,26,0.46153846153846156,30.93504045193015,24.6799070459659,91.63879598662207,11.371237458193978,27.542307692307695,163.39999999999998,0.15041868417698911,2.4117366994513127,3.051290441918232,-4.959870992378211,0.0907625416666666,3.38551771,0.004684183,2.256,42.919999999999995,0.355859064
7721,Northern America,High income,25,0.72,22.069909885248894,18.316818642384007,94.2608695652174,11.652173913043477,84.072,64.956,0.5740800000865953,,,-0.500707770609252,0.2157146242774566,9.107861424,0.025052389,1.538,13.906,0.487599688
7725,Central and Southern Asia,Lower Middle,20,0.75,29.2805807731678,22.545489967119217,94.56521739130434,9.565217391304348,54.660000000000004,130.075,0.3524635950525767,4.124238734707579,4.45074177164395,0.43907661882526927,0.1997679523809523,5.880548167,0.017543773,20.663,33.081,0.288463427
7728,Northern America,High income,22,0.45454545454545453,23.06181933537976,18.962739185788816,93.2806324110672,9.288537549407113,69.82272727272726,76.7,0.4942810550562047,,,-1.7304690422145381,0.2093568194444444,6.768152368,0.019963851,0.584,14.079,0.479894373
7729,Latin America and the Caribbean,Upper Middle,49,0.1836734693877551,22.226191237399934,18.348539243098255,93.43389529724932,9.5829636202307,89.3061224489796,38.59183673469388,0.718350933507956,,,-0.7861629611455614,0.1798869,8.12236057,0.011117616,11.397,26.991,0.501990042
7735,Northern America,High income,21,0.5714285714285714,23.55401908095913,19.545144973806494,93.16770186335404,9.523809523809524,70.7,77.28571428571429,0.49214209586430935,,,-2.0095117228728863,0.1927159570135746,7.257299709,0.021766645,1.223,15.63,0.522581406
7736,Latin America and the Caribbean,Upper Middle,35,0.17142857142857143,20.174559241621033,17.42707944145523,94.16149068322981,8.819875776397515,94.70857142857143,31.714285714285715,0.765502685792424,,,2.447005943740103,0.2043056,11.64144562,0.014586161,20.93,32.328,0.504664529
7738,Central and Southern Asia,Lower Middle,28,0.6428571428571429,29.348045986821663,23.17416648212087,93.94409937888199,10.869565217391303,58.982142857142854,117.76785714285714,0.3632383135348424,16.883164746286976,21.353827672290244,3.196369383868913,0.2495133982683982,6.012355253,0.012037547,31.976000000000003,31.024000000000004,0.299406025
7739,Central and Southern Asia,Lower Middle,9,0.3333333333333333,26.908027974109377,24.653325209972408,91.30434782608695,8.695652173913043,121.43333333333334,47.91111111111111,0.7612135770160307,,,3.1954665940404734,0.1585461942857143,8.404502988,0.009664139,33.882,8.475,0.292967008
7742,Northern America,High income,21,0.42857142857142855,24.777671678608254,20.535622658312352,92.96066252587991,10.766045548654244,78.54285714285714,70.30952380952381,0.5346990315285439,8.933949514203606,8.254576295279026,-0.22586527631379516,0.2157075754716981,9.449848128,0.019531977,1.147,10.866,0.50571263
7749,Northern America,High income,19,0.7894736842105263,22.22558691888793,18.272585207634403,95.42334096109839,10.297482837528603,69.5,73.72105263157896,0.4986047940759551,,,-0.28120591743688916,0.224568,9.120132916,0.038776734,0.971,12.684,0.493375015
7750,Latin America and the Caribbean,Upper Middle,33,0.6666666666666666,22.98120788598453,20.81667091819367,94.59815546772069,9.354413702239787,109.66666666666667,16.736363636363635,0.8710335403044502,,,1.6681820983539117,0.2146937115384615,11.51000702,0.011725998,9.384,25.426,0.467900985
7754,Eastern and South-Eastern Asia,Upper Middle,20,0.55,23.239986143112212,21.56133651134364,94.78260869565217,10.434782608695652,72.96000000000001,73.615,0.5021249141251907,4.792526322156102,4.113627143015186,0.6669402298830505,0.1854481,8.001621964,0.003883027,6.606,14.882,0.353234888
7756,Northern America,High income,21,0.7619047619047619,23.10125482008852,19.40881052948666,93.7888198757764,9.109730848861282,73.5,80.01904761904763,0.48974184427778183,,,-1.0177680896716805,0.2211208666666666,7.246103123,0.023022134,1.45,11.956999999999995,0.459558632
7757,Latin America and the Caribbean,Upper Middle,30,0.23333333333333334,19.904348941926052,17.80244196383784,95.07246376811595,10.724637681159418,103.31,18.816666666666666,0.8557949585871145,,,4.050761553094574,0.2432339629629629,9.827497813,0.015153069,25.946,12.58,0.391349122
7763,Northern America,High income,21,0.6666666666666666,22.085727788531614,18.363482686435972,93.7888198757764,9.937888198757763,75.5,72.37142857142858,0.519443239545153,,,-0.7511692618622021,0.206559375,9.07677815,0.037002894,2.719,11.018,0.508878551
777,Eastern and South-Eastern Asia,High income,9,0.8888888888888888,23.726662981951662,22.233444830662105,95.16908212560386,9.66183574879227,112.85555555555555,3.5888888888888886,0.9687154363440916,4.6841732538338166,3.659006297720469,1.1651963055595191,0.1777700576923077,8.771229005,0.009158757,8.293,9.303,0.300304188
7771,Latin America and the Caribbean,Upper Middle,27,0.6296296296296297,19.255300909599676,17.42874260480264,95.00805152979066,9.017713365539452,106.64074074074075,13.733333333333334,0.892906707743994,,,5.766461750122988,0.2652105789473684,10.23303529,0.015457497,35.152,14.625,0.391034066
7773,Central and Southern Asia,Lower Middle,25,0.64,30.838900661336982,24.63745065264082,92.34782608695652,10.782608695652172,34.260000000000005,153.4,0.19340904021178976,9.073587785588492,11.472782800490409,3.111390936651754,0.2489198333333333,5.851561119,0.01637522,32.868,28.230999999999995,0.259487651
7774,Central and Southern Asia,Lower Middle,26,0.8076923076923077,28.061369675900316,22.225583645293966,92.64214046822742,11.20401337792642,75.98076923076923,104.55000000000001,0.4967204552294283,,,1.6026528650795107,0.2291113888888888,5.981222612,0.015059884,21.151,21.443,0.308509114
7775,Eastern and South-Eastern Asia,Upper Middle,24,0.5,24.565279185981126,20.198010880559895,93.84057971014494,11.050724637681158,45.916666666666664,107.67083333333333,0.3098476799613696,1.2277849193942227,1.052606348706804,-1.30468419393159,0.1716970769230769,6.810070598,0.003164804,3.368,37.901,0.401487328
7777,Northern America,High income,23,0.391304347826087,25.419450404847975,21.48247403742402,95.46313799621929,8.31758034026465,71.70869565217392,83.3,0.46792720575771474,5.628436619719744,5.1869045596331045,-3.2244333555410143,0.1491641016949152,8.217367788,0.023189743,0.825,33.83,0.609340684
7784,Northern America,High income,17,0.7647058823529411,23.077774068780307,19.543766058607257,95.65217391304348,9.207161125319693,79.37647058823529,68.87058823529412,0.539219458033162,,,-0.2540513434767967,0.2362076367521367,8.43373718,0.031109368,2.242,9.701,0.421699947
7785,Latin America and the Caribbean,Upper Middle,43,0.46511627906976744,21.43962988643991,18.523035672920734,94.74216380182003,10.515672396359959,95.03720930232558,32.09534883720931,0.7608543844040491,,,4.338746782460832,0.2220462,10.95276747,0.01536218,25.44,13.591,0.429476168
7787,Central and Southern Asia,Lower Middle,23,0.2608695652173913,28.70501713960069,23.108619938311485,94.32892249527411,10.396975425330812,79.13478260869566,98.4608695652174,0.48272570852206975,5.274830462777525,6.6731684807821114,-2.9243001909357846,0.1296823043478261,4.308021754,0.006127828,12.654,49.905,0.366694398
7788,Central and Southern Asia,Lower Middle,24,0.5416666666666666,29.90192197033855,23.180161175408955,93.65942028985506,10.507246376811594,57.27916666666667,129.01250000000002,0.358380208992017,4.661377915326712,5.029594168116252,2.520528016150748,0.2174328,7.20453328,0.016087816,26.608,32.059,0.262915869
7790,Eastern and South-Eastern Asia,Upper Middle,23,0.2608695652173913,25.558907443499862,24.048340391316536,93.95085066162572,11.153119092627598,100.02608695652174,36.81739130434782,0.7719341484464095,,,-0.25410121758878423,0.1948149380530973,6.5588568,0.014687415,15.972,28.211,0.445962927
7791,Northern America,High income,27,0.2962962962962963,25.277844811584757,21.361114510100283,93.0756843800322,9.178743961352657,74.85185185185185,77.98518518518519,0.49439251817625923,16.520905928842094,15.224961663369024,-1.8223650094508965,0.1715601805555555,9.171931621,0.026009865,2.042,26.991,0.577722392
7794,Central and Southern Asia,Lower Middle,25,0.84,29.48779155417058,23.771978913496756,94.43478260869566,9.739130434782608,42.856,136.704,0.2618882039837306,6.019917995009032,7.611755032413764,3.6065691900596533,0.2538821525612472,7.326892581,0.016865437,30.076,30.189000000000004,0.266237263
7798,Northern America,High income,25,0.56,25.263330338112915,21.400791401211162,94.2608695652174,8.869565217391305,74.884,78.62,0.4920965056599519,20.81899580793977,19.18432335973144,-2.0982522330592497,0.1710446020408163,9.003426159,0.025217075,1.169,30.330999999999996,0.600592999
7799,Latin America and the Caribbean,Upper Middle,32,0.59375,25.556713418371068,23.312215877739575,94.42934782608695,10.190217391304348,98.134375,46.45,0.6964564499313485,,,4.137581974538625,0.2517329276264591,9.811012056,0.014313637,27.746,23.716,0.429776324
781,Australia and New Zealand,High income,19,0.5263157894736842,13.678606485065682,11.091011745333295,94.05034324942793,10.983981693363845,33.05263157894737,117.91578947368421,0.2310676637013299,,,1.1867955142227538,0.2482141956521739,11.59546509,0.017366583,2.315,25.85,0.366137085
7813,Latin America and the Caribbean,Upper Middle,33,0.30303030303030304,25.16483623007669,23.130747165541965,93.67588932806325,10.144927536231883,110.89696969696969,28.3969696969697,0.807106635108373,,,-2.176909273464503,0.1968694375,7.107782886,0.013947986,2.595,13.598,0.573447059
7819,Northern America,High income,21,0.8095238095238095,22.079486054285702,18.669569560395423,93.99585921325053,11.180124223602483,80.37619047619049,65.36190476190477,0.562792126750101,,,-0.6613001830939329,0.2103558717948718,8.87550933,0.021390866,0.754,8.727,0.453594624
7820,Latin America and the Caribbean,Upper Middle,29,0.20689655172413793,25.89624725507667,23.686109159690584,93.7031484257871,10.494752623688155,100.98275862068965,40.93793103448276,0.7259029136900375,,,-1.3572800887843883,0.2293791904761905,5.85144403,0.01525732,7.622,17.431,0.5181022
7824,Eastern and South-Eastern Asia,Upper Middle,20,0.7,23.634946821259337,18.90257920778296,94.78260869565217,9.34782608695652,44.805,110.78500000000001,0.3042931248310979,1.1399215749599492,0.977240098802172,2.2291288159955327,0.2182745757575757,8.121287515,0.004560491,6.667,4.837,0.282294159
7826,Northern America,High income,18,0.6666666666666666,22.00493342385034,18.687286071382076,94.20289855072464,9.66183574879227,83.47222222222223,66.94444444444444,0.5672678438270675,,,-0.8619339539996858,0.2147929206349206,9.016595698,0.023222384,0.8919999999999999,8.559,0.511781321
7829,Central and Southern Asia,Lower Middle,21,0.8095238095238095,28.306822465390567,22.701071834301125,93.7888198757764,10.766045548654244,77.5,100.61428571428571,0.47324233175210656,8.07488859964777,10.212437558342453,-1.085078575866794,0.1660074055555555,5.519955522,0.008745806,13.456,31.532,0.385582651
783,Australia and New Zealand,High income,18,0.3888888888888889,14.993974802229161,13.745891788790983,92.9951690821256,9.903381642512077,74.50555555555556,58.683333333333344,0.5576546799591747,,,1.589339156894396,0.3822574594594594,7.181277512,0.011115328,0.351,16.930999999999997,0.49463396
7833,Northern America,High income,19,0.6842105263157895,23.65551203275276,20.462842664792806,93.36384439359269,10.526315789473685,88.96315789473684,63.45789473684211,0.5936119487473267,,,-0.6506732803151591,0.2188349007263922,8.618196412,0.018655063,2.4690000000000003,14.614,0.459099273
7836,Central and Southern Asia,Lower Middle,26,0.4230769230769231,29.076610135981845,23.00062650818716,94.14715719063545,10.702341137123746,71.51923076923077,107.07692307692308,0.43407643065241125,5.732515939936675,7.252869750544661,-0.502276159139722,0.1644175806451613,5.334603743,0.006377991,20.033,40.883,0.360753836
7840,Northern America,High income,18,0.8333333333333334,21.98404263834007,18.804552461481915,93.96135265700484,9.420289855072463,86.38888888888889,64.37777777777778,0.5847648549073737,,,-1.4422814569961002,0.2253238709677419,8.01466971,0.024252573,0.867,13.4,0.523208379
7845,Eastern and South-Eastern Asia,Upper Middle,29,0.3448275862068966,17.806247077152673,15.237206864595619,92.95352323838081,11.54422788605697,75.60000000000001,51.45517241379311,0.6620655956506242,,,-1.3925305490992494,0.1522073076923077,6.503872274,0.004210238,10.099,10.312,0.333078844
7847,Northern America,High income,20,0.7,21.88891826841575,18.790388675396503,95.8695652173913,10.0,75.935,69.635,0.5299285561807822,,,-0.7919643195649748,0.2015038489795918,9.79456634,0.021110259,3.379,21.083,0.50401146
7848,Latin America and the Caribbean,Upper Middle,37,0.4864864864864865,23.303206629705503,20.826954406059613,94.00705052878966,10.45828437132785,108.43243243243244,20.35675675675676,0.8502301311987752,,,2.3921504803520235,0.2020975238095238,9.916649102,0.012855435,13.868,15.477,0.443013676
7852,Eastern and South-Eastern Asia,Upper Middle,21,0.6190476190476191,16.605892741999195,15.641622670349282,94.20289855072464,9.937888198757763,105.73333333333333,10.771428571428572,0.9154393348836524,,,0.8334831616032832,0.1655973333333333,7.464317045,0.005020564,16.388,11.629,0.307486413
7854,Northern America,High income,15,0.6,24.542119454277934,20.651246443331353,95.07246376811594,10.144927536231883,87.50666666666666,59.03333333333333,0.6065996520735203,4.1564444975458406,3.8375406150064015,-1.4999604408611096,0.1796084666666666,9.03606909,0.016775254,0.717,17.02,0.582942735
7855,Latin America and the Caribbean,Upper Middle,31,0.25806451612903225,23.005597327678,21.476319800596666,93.26788218793828,10.378681626928472,115.86129032258064,10.85483870967742,0.9176907847582937,,,-3.5033691937579374,0.1196415666666666,8.766110078,0.009407695,4.035,50.882000000000005,0.670428489
7857,Central and Southern Asia,Lower Middle,25,0.28,29.498954541160984,23.314215437718463,93.56521739130434,10.26086956521739,53.12,127.16799999999999,0.32114614114088175,10.241468532701994,12.951740308703798,-2.7069038285541613,0.1225643658536585,4.521917636,0.004857674,17.183,54.889,0.315557897
786,Northern America,High income,17,0.6470588235294118,19.254836238642273,15.572479392784437,93.60613810741688,9.207161125319693,37.1,90.68823529411765,0.29971378377564467,,,-2.0666196543782984,0.1855001081081081,8.472390714,0.013470192,1.495,27.976999999999997,0.530983193
7861,Northern America,High income,14,0.6428571428571429,24.677857109554257,20.665578842695094,96.27329192546584,10.248447204968944,82.88571428571429,66.64285714285714,0.5674875401478356,8.375993828539452,7.734957678695865,0.7562511750722734,0.2268994305555555,9.447081485,0.029585692,6.011,9.9,0.474461159
787,Latin America and the Caribbean,Upper Middle,30,0.3,23.1533452386895,21.48074586344495,95.21739130434783,9.420289855072463,118.17333333333335,38.830000000000005,0.7665916177433345,,,-2.4441592530240728,0.1588996842105263,5.999634917,0.010909202,5.452,25.618,0.613515893
788,Latin America and the Caribbean,Upper Middle,23,0.2608695652173913,24.843880606388726,21.54006357926997,95.0850661625709,8.506616257088847,109.70869565217392,42.995652173913044,0.7410959142479135,,,-1.0230495126333976,0.1926516923076923,6.47616429,0.013975513,9.07,19.717,0.537267622
7882,Northern America,High income,15,0.4666666666666667,25.34711699750277,22.55281579701292,92.7536231884058,9.855072463768115,80.66000000000001,76.6,0.5125794127495815,6.384937968413827,5.920151449318863,-1.2753142034048408,0.195731947368421,7.512045667,0.01830991,1.877,15.562,0.429570123
7888,Eastern and South-Eastern Asia,Upper Middle,34,0.29411764705882354,25.511854109243192,24.605304023636858,91.94373401534527,10.741687979539641,113.01470588235294,28.397058823529413,0.8091927206380234,,,-4.00619097951552,0.1285623333333333,4.385920041,0.007236547,0.899,29.032,0.595542577
7890,Latin America and the Caribbean,Upper Middle,31,0.3225806451612903,25.485715017126605,23.30649158412267,93.96914446002805,10.518934081346423,79.53870967741935,64.54193548387097,0.5741098641625143,,,1.9103194916396806,0.2279210337837837,9.533869509,0.012776282,16.056,17.569000000000003,0.497594012
7895,Eastern and South-Eastern Asia,Upper Middle,33,0.21212121212121213,25.075577619695586,24.2358609127502,94.59815546772069,9.22266139657444,109.96666666666667,27.106060606060606,0.8135565734753651,,,-4.096415035912735,0.0922205714285714,3.161833326,0.006303739,0.565,12.696000000000002,0.628095595
7896,Northern America,High income,18,0.6666666666666666,24.16085285829859,19.70628004968223,95.41062801932367,9.66183574879227,71.3388888888889,74.61111111111111,0.5108560463468861,9.37401871244373,8.624327237862722,-1.4381901658836616,0.1933450714285714,7.899219043,0.020466448,0.139,12.173999999999998,0.4929797
7899,Central and Southern Asia,Lower Middle,24,0.5416666666666666,31.006463249524458,24.625178231074496,92.93478260869564,9.96376811594203,26.875,163.27916666666667,0.1479495445724134,6.4007027625441895,8.093436591700364,-2.3581065557265477,0.1315275555555555,4.397845241,0.005664055,16.041,44.888000000000005,0.323911888
79,Europe,High income,23,0.782608695652174,17.84731016349307,14.507564846094152,94.7069943289225,9.640831758034025,47.48260869565217,82.63913043478261,0.37596288552690876,,,-1.604441219082203,0.2026654509803921,6.606272011,0.032201239,2.6740000000000004,26.543000000000003,0.472586399
7903,Northern America,High income,17,0.5294117647058824,24.466446363110872,20.448050634149062,95.65217391304348,10.230179028132993,69.0764705882353,82.71764705882353,0.4657136363805541,25.231188911065335,23.218946775921253,-3.6174329600545256,0.1401574158415841,7.252996569,0.016627239,0.523,32.583999999999996,0.573414337
7904,Latin America and the Caribbean,Upper Middle,27,0.2962962962962963,22.218774221531653,20.629758437862353,93.55877616747182,9.178743961352657,113.07037037037037,9.85925925925926,0.9219705451925626,,,0.3948552297957264,0.17866532,12.00146797,0.010487964,9.614,33.926,0.582433066
7906,Central and Southern Asia,Lower Middle,28,0.5714285714285714,30.17368860244753,24.21679327083066,91.61490683229815,10.559006211180122,31.046428571428574,154.70357142857142,0.1771133272469482,10.341646054134564,13.075133427449712,-2.156993025024174,0.1167364,4.147121108,0.008746627,17.173,37.24900000000001,0.31001874
7910,Northern America,High income,17,0.5882352941176471,24.200418724057428,20.009346950316605,95.39641943734014,9.718670076726342,81.28823529411765,72.0529411764706,0.5447876832259118,4.14146277449709,3.8095949093868384,-1.7306083883395726,0.1752111737125288,8.751080516,0.023811973,2.888,24.485,0.543105511
7915,Eastern and South-Eastern Asia,Upper Middle,25,0.52,25.526238093195747,20.435687207711297,94.43478260869566,10.608695652173912,44.452,111.36,0.2951485169879044,6.6475226825360565,5.702840997367829,2.6868271976011493,0.2432875132743363,9.895204329,0.004824643,8.84,10.409,0.3207345
7917,Northern America,High income,21,0.5238095238095238,23.91518289032478,19.908249816364627,93.37474120082815,9.316770186335404,85.6952380952381,58.290476190476184,0.6207719088269928,13.304980711579043,12.237545555233416,-2.855457203568494,0.1620574242424242,7.334444641,0.022952741,0.024,19.147,0.554645431
7924,Northern America,High income,20,0.65,23.734153282458987,19.756395033950056,94.78260869565217,8.91304347826087,84.70500000000001,58.46,0.6182296475297642,15.290286011342545,14.06193605188067,-4.065716133225289,0.1422475,5.790804898,0.023948979,0.345,31.821999999999996,0.560482727
7927,Central and Southern Asia,Lower Middle,28,0.4642857142857143,30.136628841218517,24.192011357225226,93.94409937888199,10.869565217391303,32.53928571428572,152.19642857142858,0.18448570586249916,0.3384476571170642,0.4305601688039913,-3.8383334554611626,0.1248263333333333,4.450942303,0.002746764,7.259,49.627,0.331571392
793,Latin America and the Caribbean,Upper Middle,30,0.36666666666666664,27.3816316562229,24.6135711447192,94.20289855072464,9.71014492753623,106.85333333333332,44.50333333333334,0.7168347028709039,,,-2.400636311319113,0.1475454375,5.626259715,0.010459441,3.081,9.675,0.558259049
7931,Northern America,High income,19,0.5263157894736842,24.066034968415227,20.071695765861392,94.279176201373,8.924485125858123,82.73684210526316,63.857894736842105,0.5851550119632842,10.462690587319758,9.623613209565717,-2.8741251165598727,0.17101695,7.013890633,0.021987328,0.0,19.699,0.594253219
7936,Eastern and South-Eastern Asia,Upper Middle,27,0.2962962962962963,18.1623357141262,15.769886824620913,93.2367149758454,10.628019323671497,77.82962962962964,46.77407407407408,0.6849799949716358,,,2.6420291843361903,0.2336496363636363,11.432759,0.006349931,13.008,7.882,0.31657558
7938,Northern America,High income,19,0.42105263157894735,24.130684264673565,20.061381668157704,95.65217391304347,9.382151029748282,90.26315789473684,59.54210526315789,0.6178461241032518,7.443495066656496,6.84664743327993,-2.993436541291593,0.1567990833333333,7.167410463,0.019554697,0.265,26.552999999999997,0.573336535
7943,Eastern and South-Eastern Asia,Upper Middle,21,0.8095238095238095,28.211920210914585,23.541065043987402,95.65217391304347,7.867494824016562,81.4857142857143,72.73809523809524,0.5575837992866834,20.54275706858931,17.55240697843395,1.235120565240719,0.174718617977528,9.885979239,0.007555835,5.169999999999999,9.525,0.364594494
7945,Northern America,High income,18,0.3888888888888889,24.433692179944973,20.30702653667727,96.1352657004831,9.420289855072463,93.35,58.87777777777777,0.6304289193490311,6.996313333231612,6.435179706314694,-1.445738372700555,0.1957831162790697,7.933034065,0.017681164,1.18,22.072000000000003,0.505841483
795,Latin America and the Caribbean,Upper Middle,37,0.43243243243243246,25.09847227623956,23.01163327786959,93.88954171562868,10.45828437132785,54.82702702702702,110.20810810810812,0.35033221567706674,,,0.67785950547969,0.2571030169491525,7.590031646,0.013182296,7.43,10.82,0.43137107
7952,Northern America,High income,18,0.4444444444444444,24.14949097888463,20.216564410525468,95.89371980676329,9.66183574879227,93.01111111111112,58.44444444444444,0.6329380265245423,8.988731168179855,8.227336798826752,-3.04898144054423,0.1518545818181818,7.200435938,0.020671583,0.529,29.092,0.549956329
7959,Northern America,High income,19,0.6842105263157895,24.07321383461763,20.35958037700642,94.279176201373,9.839816933638444,86.47894736842106,72.67368421052632,0.5644010784280357,149.12262332799267,135.91474637691488,-0.0592628702559726,0.20401255233853,8.953781998,0.022531512,5.545,16.408,0.462081622
7963,Central and Southern Asia,Lower Middle,27,0.5555555555555556,30.199773213488225,23.261939543012954,93.55877616747182,10.144927536231885,61.351851851851855,126.97777777777777,0.36733194236372885,6.099930899848345,6.57814413720243,3.8460784251412665,0.2430262258064516,8.302712291,0.018757882,27.645999999999997,16.697000000000003,0.278459494
7966,Northern America,High income,17,0.5882352941176471,24.87110985688314,20.799875574687174,93.86189258312021,10.485933503836316,82.10588235294118,80.48235294117647,0.519407538118963,8.101782897586533,7.395069295185782,-2.1532755279609805,0.1952367586206896,7.564968728,0.020891606,0.89,16.718,0.508466243
7973,Northern America,High income,15,0.5333333333333333,23.51386723185694,19.48643886708466,95.65217391304348,8.695652173913043,78.93333333333334,64.4,0.555006243959849,20.44596603707942,18.647654836109655,0.8382308323253718,0.2374729090909091,8.764550005,0.021251653,5.38,9.281,0.422123705
7976,Central and Southern Asia,Lower Middle,31,0.5161290322580645,29.858766825803404,24.089612101238565,93.68863955119214,11.220196353436185,33.74193548387097,148.80967741935484,0.19917969338930866,0.8162420959569957,1.0342422170701842,-3.0911685204111077,0.140283609375,5.330607618,0.004357941,5.398,51.96500000000001,0.286148209
798,Latin America and the Caribbean,Upper Middle,19,0.6842105263157895,24.3800286049161,21.860717115403045,95.19450800915331,10.755148741418763,55.784210526315796,105.36842105263158,0.3559608259892631,,,2.1334901930545485,0.2451546837606837,7.190397937,0.01670764,21.541,8.229000000000001,0.431574234
7980,Northern America,High income,17,0.5294117647058824,22.05632649094543,18.722135352624655,93.35038363171356,9.974424552429667,71.41176470588235,73.60000000000001,0.4943453072434613,,,-0.3356058379046924,0.2483152894736842,7.998483804,0.019185778,1.56,13.286,0.442902092
7987,Northern America,High income,13,0.46153846153846156,23.604108441613217,19.588364929889845,93.64548494983276,10.367892976588628,80.63846153846154,64.1923076923077,0.5577380792254896,,,-1.330540873307088,0.1934777674418604,8.77409525,0.021317414,2.144,22.686,0.461630308
7991,Central and Southern Asia,Lower Middle,24,0.7916666666666666,28.294650474487025,22.537915107135547,92.7536231884058,10.144927536231883,77.95833333333333,104.06666666666666,0.5089870066384506,5.036201360022295,5.4338805844443625,-0.23194665991777585,0.1744961875,5.506957624,0.013470163,19.386000000000003,29.846,0.34618212
7994,Northern America,High income,16,0.75,23.648805860737674,20.137403972671084,93.20652173913044,10.869565217391305,88.6125,50.925000000000004,0.6474220701389048,,,0.19669180250855672,0.2282279310344827,8.6228722,0.02191544,3.247,15.46,0.474519325
8,Latin America and the Caribbean,Upper Middle,21,0.38095238095238093,23.824596308148124,20.790785709820447,95.03105590062111,11.387163561076605,102.51428571428572,55.30476190476191,0.669272315416442,,,-1.7212928520043116,0.1725464736842105,5.761643477,0.011473877,6.641,26.133,0.537972078
80,Europe,High income,27,0.8148148148148148,18.00505222252991,15.001491907388731,93.2367149758454,10.789049919484702,46.2962962962963,80.41111111111111,0.3801022095165024,,,-2.386669429444186,0.1761417564102564,7.046248943,0.032218432,2.307,25.856,0.442386288
8001,Northern America,High income,16,0.5,24.231572343995275,21.109435876881776,93.75,10.326086956521738,89.18125,66.525,0.5885034480180781,4.414614391699094,4.028217090172344,-3.5048808159086153,0.1476880769230769,5.974026932,0.012524061,0.114,25.035000000000004,0.508718858
8006,Eastern and South-Eastern Asia,Upper Middle,24,0.5833333333333334,25.009512701819688,20.685722458127508,94.0217391304348,10.326086956521738,36.71666666666667,119.67083333333333,0.2426387934400035,22.400768078965445,19.220696015716825,6.0224828506474015,0.2918649261939218,13.69310599,0.010860763,11.452000000000002,3.665,0.287462018
8008,Northern America,High income,14,0.5,24.04996329474071,20.6902561988179,94.09937888198758,9.006211180124224,85.42142857142858,71.49285714285715,0.5514940701427721,24.56245927316193,22.41366655117283,-0.4974020653041876,0.1960518214285714,8.590832755,0.018941505,4.016,17.277,0.403355416
8009,Latin America and the Caribbean,Upper Middle,27,0.48148148148148145,25.045893936610792,23.1390572097246,93.39774557165862,9.33977455716586,77.01481481481481,73.3851851851852,0.538228366757032,,,-0.3266502239643472,0.2007214242424242,6.469782522,0.0131843,6.662,9.441,0.336600401
8012,Central and Southern Asia,Lower Middle,6,0.3333333333333333,24.322317265520393,21.967770857791574,94.20289855072464,11.594202898550725,69.85000000000001,119.93333333333334,0.42277535173240327,,,1.6512835427568344,0.2199639010416666,7.243497618,0.012959442,18.084,4.475,0.313437791
8013,Eastern and South-Eastern Asia,Upper Middle,28,0.7857142857142857,17.931725827125856,15.58611581891462,93.94409937888199,10.248447204968944,76.12142857142858,51.364285714285714,0.6697902214007755,,,6.539966558162419,0.2482917375690607,13.36645943,0.011535748,25.671,6.452,0.279060726
8015,Northern America,High income,20,0.75,22.93879665221455,19.330512986560286,93.69565217391305,9.130434782608695,85.85,58.480000000000004,0.6052957272354943,,,-0.9502435117716639,0.2068266666666666,7.489109597,0.023846441,7.103999999999999,19.346000000000004,0.490524559
8019,Central and Southern Asia,Lower Middle,22,0.5454545454545454,29.396826876126827,22.689894347583536,92.09486166007906,9.881422924901186,54.13636363636363,133.15,0.35084714312699267,3.75052121483747,4.047731422422157,-1.0566938812994429,0.1462541363636363,5.476032502,0.006475236,15.99,24.682,0.362566193
8022,Northern America,High income,15,0.4666666666666667,23.734032135401073,20.145123632627083,94.78260869565219,8.695652173913043,87.12666666666668,67.64,0.5687966029774529,15.792552059815378,14.40974406676671,0.11331502422206385,0.1877707916666666,8.513456625,0.014377159,0.731,10.237,0.350225862
8029,Northern America,High income,18,0.6666666666666666,23.82359523116528,20.13552779064776,92.27053140096618,10.628019323671497,88.88888888888889,61.80555555555556,0.5929740511969108,47.65897964558377,43.48417370968862,1.1283382108255646,0.2312716605504587,8.756221889,0.023094148,12.312,15.303,0.386457316
8030,Latin America and the Caribbean,Upper Middle,20,0.4,24.399976740180144,22.62949563811452,97.17391304347827,11.739130434782608,47.510000000000005,98.50500000000001,0.3397089006696913,,,-0.5672634931220247,0.2078958333333333,5.97665625,0.015263452,11.894,11.088,0.440798467
8039,Central and Southern Asia,Lower Middle,29,0.5517241379310345,29.67186806821279,24.0181308938104,93.85307346326836,10.044977511244378,42.08275862068966,140.70344827586206,0.25551020314242884,9.557809746426845,12.082173100436163,2.59674667193981,0.2071623611111111,5.972028074,0.008393523,32.276,30.004,0.267565908
8043,Northern America,High income,20,0.4,23.57918753485394,19.840467956176077,93.04347826086956,10.0,79.14500000000001,70.49000000000001,0.529006418082619,,,-0.46841816098213157,0.200654,8.335619001,0.019620796,2.651,13.556,0.380969179
8050,Northern America,High income,21,0.6666666666666666,22.343785584776658,18.782696268451343,92.96066252587991,9.730848861283643,82.00952380952381,64.33809523809525,0.5632757493185185,,,-0.5151958025255605,0.2139944390243902,8.073267057,0.022482276,6.699,15.907000000000002,0.455271233
8057,Northern America,High income,21,0.42857142857142855,21.149475755683586,18.10138928136012,94.40993788819875,9.937888198757763,76.68095238095238,70.5904761904762,0.521587377979991,,,-1.0297760857477674,0.228386303030303,8.18622102,0.01957889,0.365,20.098000000000003,0.467850938
8063,Northern America,High income,20,0.75,22.38430376464248,18.837928419164683,92.6086956521739,9.130434782608695,78.93,69.86,0.5294215665828682,,,-1.8606016118646242,0.1984189607843137,7.828745771,0.02089913,1.25,17.410000000000004,0.487165653
8064,Latin America and the Caribbean,Upper Middle,26,0.5384615384615384,24.12059656778974,18.36916248500829,93.31103678929766,10.869565217391303,54.15384615384615,102.06153846153848,0.3758386934629373,,,1.212047072849296,0.1769246363636363,6.539041023,0.013033224,23.396,13.705999999999998,0.427665651
8066,Central and Southern Asia,Lower Middle,21,0.19047619047619047,24.631680670238705,20.95724040034645,93.58178053830227,9.109730848861282,73.9047619047619,96.2904761904762,0.5310255673177247,,,-1.4870627376693013,0.1696637,5.860440572,0.00750352,3.413,21.19,0.357785939
8069,Northern America,High income,16,0.5625,23.991384269912533,20.245030038313384,92.3913043478261,9.782608695652174,87.5625,65.29375,0.5738403615314064,6.052018399099718,5.521733751574652,-1.5452945646591199,0.2152224827586207,7.195135212,0.016200049,1.293,16.087,0.458782472
8075,Northern America,High income,16,0.5625,23.805557711695286,19.88005521151931,92.66304347826087,8.695652173913043,80.9875,70.59375,0.5335515484798012,7.132168664555834,6.507076155218166,-2.6827372638269553,0.2061423269230769,6.535140306,0.014969384,0.3949999999999999,15.188000000000002,0.532557174
8081,Northern America,High income,21,0.6190476190476191,22.246320125396387,18.764052584065357,92.33954451345755,8.902691511387165,79.95714285714287,67.27619047619048,0.5445541558276042,,,-2.622520841593336,0.1792067391304347,7.629975621,0.024062108,0.8899999999999999,23.386000000000003,0.457632542
8082,Latin America and the Caribbean,Upper Middle,27,0.4074074074074074,25.404889484510726,19.32622706183682,93.88083735909822,10.789049919484702,54.92962962962964,102.30370370370372,0.38420083272500566,,,7.750480922125491,0.30130690625,6.969323328,0.018434425,46.044,2.401,0.323663262
8085,Eastern and South-Eastern Asia,Upper Middle,19,0.3157894736842105,24.50521967884016,22.287116459541693,94.50800915331808,9.610983981693364,45.91052631578947,105.48947368421052,0.3143001959218677,1.455308776379038,1.2478643154294184,-1.7204363663169198,0.1899927647058823,6.718154083,0.003265718,2.534,22.582,0.461031303
8087,Northern America,High income,22,0.5909090909090909,20.715784749674885,17.555678984791253,92.88537549407114,9.486166007905139,80.68181818181819,65.75,0.5464172766139633,,,-0.4450675662433362,0.2452121515151515,8.675209408,0.020676049,1.083,14.233,0.471724889
8093,Northern America,High income,17,0.7058823529411765,23.756538331225443,19.861893719492272,91.81585677749361,9.462915601023017,84.75294117647059,65.66470588235293,0.5628277972628395,31.571617401057964,28.805305816662877,-0.9101289059202591,0.2165730169491525,8.581727589,0.023203128,2.649,13.425,0.441929283
8099,Northern America,High income,18,0.6666666666666666,23.706924402269454,20.14723594676624,92.27053140096618,9.661835748792269,74.40555555555555,80.03333333333333,0.47946434679600625,21.929687825589383,19.955606319354352,1.5964153444241056,0.2264962675684592,9.544541661,0.024282285,12.029,14.247,0.382400475
8100,Latin America and the Caribbean,Upper Middle,21,0.7619047619047619,24.63068739918031,22.827673174495718,95.65217391304347,9.109730848861282,81.91904761904763,57.01428571428571,0.6033592979234758,,,3.6711953638139723,0.2204705221674877,11.37101123,0.015909353,18.476,19.730999999999995,0.391360039
8111,Northern America,High income,17,0.6470588235294118,24.428021431075862,20.892511667244055,91.30434782608695,9.462915601023017,88.33529411764707,65.03529411764706,0.5815225685687503,10.052230827801942,9.17498337303222,-3.4704165189869576,0.15773148,6.296970949,0.013488338,2.0540000000000003,22.318,0.474206929
8120,Central and Southern Asia,Lower Middle,24,0.7916666666666666,23.30090594529104,19.665690982142426,92.93478260869564,10.688405797101447,82.71666666666667,85.72500000000001,0.5804091257379455,,,-0.7700111748789877,0.2098469349112426,6.343952729,0.014453768,11.138,12.265,0.420769845
8123,Northern America,High income,17,0.6470588235294118,21.015942205651402,18.446475200871067,93.09462915601023,10.485933503836316,94.84117647058824,51.28823529411765,0.651272894380037,,,-1.2359107481897231,0.215791895522388,7.808816561,0.020654675,0.6859999999999999,11.288000000000002,0.51381619
8135,Northern America,High income,22,0.5909090909090909,22.201821022979512,18.732864618574073,91.699604743083,9.683794466403162,91.01818181818182,57.00454545454546,0.6144177142919086,25.939191224943414,23.590873416969735,-1.323902627064382,0.2075830434782608,8.500659115,0.01565646,1.4620000000000002,7.630999999999999,0.520859702
8145,Eastern and South-Eastern Asia,Upper Middle,33,0.3333333333333333,18.522900594666947,15.939720070232932,93.67588932806325,10.144927536231883,76.77878787878787,50.630303030303025,0.6588926549333387,,,-1.5102293331303849,0.1354645555555555,6.543575449,0.006562991,11.31,16.027,0.306096734
8147,Northern America,High income,17,0.47058823529411764,23.618284905485645,20.334622646860396,93.86189258312021,10.741687979539641,84.21764705882353,70.34705882352942,0.5434398207002414,13.589992685028356,12.363584558988835,0.6748792004724926,0.18803675,10.37950192,0.014088663,3.807,8.213,0.446567498
8162,Central and Southern Asia,Lower Middle,23,0.5652173913043478,28.896628528868465,22.11358114438393,93.38374291115313,10.396975425330812,66.54347826086956,119.19565217391305,0.42791422540133967,5.369169803630673,5.79225694199186,-0.008316439917854801,0.1532002666666666,5.319194773,0.002360713,14.71,8.227,0.376979057
8169,Eastern and South-Eastern Asia,Upper Middle,33,0.5454545454545454,18.46088310125063,15.921907348911649,93.41238471673255,11.067193675889328,70.67272727272727,62.24545454545454,0.58772023574142,,,0.739114049005115,0.17728158,6.742726074,0.005998183,15.274,5.219,0.305385169
8178,Latin America and the Caribbean,Upper Middle,26,0.5769230769230769,23.830742482047796,22.92494079877398,92.80936454849498,9.19732441471572,103.60384615384615,26.946153846153848,0.8008292735096129,,,0.997894543297335,0.1849367878787878,7.137860915,0.014798258,19.191,13.346,0.533849588
818,Europe,High income,18,0.8888888888888888,18.416799920499567,15.315212712477457,94.44444444444444,9.903381642512077,37.71666666666667,118.55555555555556,0.2500106074603041,,,0.1735081786207779,0.2639367638888888,8.22368602,0.022474181,2.4059999999999997,18.43,0.45695836
8181,Eastern and South-Eastern Asia,Upper Middle,24,0.4583333333333333,17.016847602526372,14.87258511394601,95.10869565217392,8.876811594202898,82.04166666666667,45.612500000000004,0.7128878200784742,,,2.273022090926047,0.2260543333333333,8.209792024,0.007006393,15.6,0.744,0.30170486
8189,Northern America,High income,21,0.47619047619047616,20.62376914641581,17.928380688835972,93.37474120082815,11.594202898550725,87.96666666666667,52.2952380952381,0.6328672836071528,12.456793974237693,11.209705945779609,-1.7444812509670873,0.2230442222222222,7.701926209,0.020928924,0.724,17.895,0.475005001
8190,Latin America and the Caribbean,Upper Middle,35,0.2857142857142857,24.64945077078686,22.27190152264691,94.03726708074534,11.428571428571429,52.82857142857143,82.82285714285715,0.4088267327869399,,,7.044332838801143,0.285376025,7.084424892,0.019149258,48.15,2.986,0.360397909
8193,Eastern and South-Eastern Asia,Upper Middle,20,0.8,24.160492604297133,21.719336339100586,93.69565217391305,10.652173913043478,43.614999999999995,108.17,0.29563664143954216,1.3515500046921554,1.1589230052389352,-2.99243591615306,0.1434269736842105,5.316232816,0.004534272,5.403,15.178,0.458123403
8195,Northern America,High income,19,0.5789473684210527,21.57059907703618,18.329426975051565,92.44851258581235,10.983981693363845,91.83684210526316,51.38421052631579,0.6422484012744593,48.093660598560554,43.31260702346499,-1.5225072736334337,0.1920344186046511,8.93639126,0.015959524,1.4200000000000002,14.306,0.492066533
82,Europe,High income,27,0.7777777777777778,19.600430296353093,16.65925899129743,95.16908212560386,9.822866344605474,88.52222222222223,47.592592592592595,0.6643633162293411,,,-1.5544867915617344,0.2030006307692307,6.907258923,0.031113274,3.021,23.984,0.461363602
8201,Northern America,High income,22,0.6363636363636364,21.402741083823,18.65744403253458,92.88537549407114,10.869565217391305,87.95909090909092,55.368181818181824,0.6140543557298775,78.88453675613546,70.98761131373396,-0.504568802419429,0.2208782972972973,8.477725495,0.022078185,1.65,16.811,0.391755101
8207,Northern America,High income,20,0.5,21.13536310646752,18.302821221240745,92.3913043478261,10.434782608695652,90.885,50.165000000000006,0.6440819140245233,20.150017382670836,18.13137917847122,-3.0782229385071753,0.1722136071428571,6.38178027,0.018710106,0.518,24.776,0.419529283
8213,Northern America,High income,17,0.7058823529411765,22.147034179275234,18.98106085353654,94.62915601023018,8.951406649616368,84.50588235294117,58.347058823529416,0.5928195115348535,22.466466162279698,20.232037671973416,-0.76815328595184,0.2210344615384615,9.415380097,0.017078513,0.823,8.094,0.510581744
8219,Northern America,High income,17,0.5882352941176471,22.01725714579611,18.876794633418033,94.8849104859335,9.207161125319693,83.29411764705883,59.07058823529412,0.5863546414121557,17.351636964090435,15.623016908301755,-1.022726756321879,0.1965081369863013,9.178846348,0.020495647,1.2970000000000002,13.696,0.510028295
822,Europe,High income,24,0.4583333333333333,17.657771138539406,14.75642451733453,93.84057971014494,10.326086956521738,44.1,85.68333333333334,0.36149284953426913,,,-2.8793105056264197,0.194018448275862,6.566216712,0.014262257,1.142,23.424999999999997,0.53614252
8225,Northern America,High income,20,0.7,21.98156007869587,18.58595708574895,93.04347826086956,9.347826086956522,85.23,58.05500000000001,0.5989551558095798,37.78427967981485,34.011646080626996,-0.27844777095212214,0.2092653902439024,9.249254525,0.020545445,1.285,11.834,0.439586492
8231,Northern America,High income,16,0.625,21.528074423164657,18.146192874767937,93.47826086956522,8.967391304347826,90.8625,47.95,0.6645943669414275,81.82168231703159,73.65751658975277,-2.0464412178480202,0.1840000416666666,7.717091194,0.024143534,1.149,17.641000000000002,0.416959288
8237,Northern America,High income,15,0.8,22.05123876409945,19.360124067153112,93.33333333333333,9.855072463768115,78.6,76.2,0.5176993577281905,128.30530761425197,115.55519869556557,0.5655378620998593,0.220447395480226,10.03278573,0.020429224,4.944,10.568,0.320850891
8240,Central and Southern Asia,Lower Middle,23,0.5652173913043478,28.18185013480809,22.182712968509886,92.81663516068052,10.775047258979205,75.02173913043478,102.55652173913045,0.49308984020130375,2.829200764076424,3.054724357332893,-0.8807118532092614,0.1571691538461538,5.749432712,0.009299319,14.54,18.184,0.386075389
8242,Eastern and South-Eastern Asia,Upper Middle,32,0.34375,24.09871713280682,22.834270600885183,95.1086956521739,9.918478260869565,73.08125,69.015625,0.5575574201516569,,,-2.7438535710159737,0.1471592795698924,5.499712437,0.009878485,5.729,28.147,0.499931569
8243,Northern America,High income,11,0.45454545454545453,22.38202158101184,20.28837658947098,91.30434782608695,9.881422924901186,82.62727272727274,61.21818181818182,0.5859842041718013,32.67244756893265,29.64878608777328,0.6337282831503493,0.181106738095238,11.71237842,0.015830603,2.624,19.786,0.300967259
8252,Central and Southern Asia,Lower Middle,22,0.8636363636363636,29.005241860818956,21.63626292667924,92.29249011857708,10.474308300395256,57.83181818181818,133.96363636363637,0.3524149535032071,3.433971501330374,3.707078219129069,0.34877524202643684,0.1796852957746479,5.41694188,0.014779578,23.146,29.175,0.337769208
8253,Eastern and South-Eastern Asia,Upper Middle,25,0.44,17.31182395935061,15.506613432924715,94.60869565217392,9.217391304347824,89.632,36.224000000000004,0.76890921911806,,,1.1348897293320221,0.2097514,7.204618352,0.0044707,16.596,9.772,0.344278485
8255,Northern America,High income,15,0.6,22.28176004812525,19.255063567238906,93.04347826086956,9.27536231884058,71.84666666666666,86.06666666666666,0.4647152247402718,199.1666416494495,179.39165979179927,0.09275055031943163,0.2041193976377952,9.702539757,0.02560527,4.242,17.131,0.36028029
8256,Latin America and the Caribbean,Upper Middle,23,0.6086956521739131,25.90469388207681,23.49167342128621,93.76181474480153,9.262759924385634,67.55652173913045,78.84347826086957,0.4731676036291237,,,-1.5100148045135409,0.202436,5.628614252,0.014070829,7.413,5.252000000000001,0.512161837
8258,Central and Southern Asia,Lower Middle,8,0.375,24.22693958415251,21.61169541967149,93.47826086956522,11.41304347826087,55.462500000000006,142.6875,0.35237263768176325,,,3.0117850903728423,0.2202148810344827,9.075916284,0.017430534,18.421,7.952999999999999,0.287327313
826,Europe,High income,29,0.5172413793103449,18.407696811158782,14.98290711020107,94.00299850074963,10.494752623688155,45.51379310344828,87.95172413793104,0.3546708876412936,,,-0.414259815452791,0.207729662601626,9.480177434,0.024805101,4.023,25.344,0.45414333
8261,Northern America,High income,16,0.8125,21.98422838461524,19.23385246363911,93.47826086956522,9.51086956521739,75.025,70.3875,0.5278862872685108,12.62582969835456,11.424397299873682,-0.5043174638955783,0.2331433846153846,8.749105658,0.016533429,3.837,4.199,0.401354519
8263,Sub-Saharan Africa,Lower Middle,17,0.47058823529411764,22.019956647994935,16.641203977342126,91.81585677749361,11.25319693094629,36.688235294117646,134.24117647058824,0.22057965878070254,,,4.443164268963779,0.2469963267326732,7.497029748,0.008849322,34.22,13.424,0.241805579
8267,Northern America,High income,17,0.5294117647058824,21.986586439610452,18.441037058100026,92.07161125319692,10.741687979539641,76.85882352941178,69.52352941176471,0.5314392174126018,25.48033715823607,22.941004985893876,-0.5653622269200375,0.2224190333333333,8.752698002,0.022307753,3.162,11.396,0.328755694
827,Europe,High income,28,0.6071428571428571,17.836100625991843,15.024329758249909,93.16770186335404,11.024844720496892,62.50714285714286,76.00714285714287,0.4687737080513012,,,-0.8985965584276752,0.2081697777777778,8.51281698,0.02444129,3.401,25.114000000000004,0.502436928
8273,Northern America,High income,22,0.5,21.18302845881539,17.566304492631783,92.49011857707511,11.067193675889326,82.10454545454546,57.98181818181819,0.5909036157408449,29.80543385102108,26.828027417300344,0.6844050621454643,0.2686794761904761,9.113327094,0.041483073,1.602,5.2620000000000005,0.369311455
8279,Northern America,High income,16,0.5,22.081438751220727,18.643534190122576,93.20652173913044,10.054347826086957,71.8,72.41250000000001,0.5036176233000903,12.99716881569644,11.705723895094222,-0.1910076999231184,0.22524203125,9.1261514,0.022232869,3.605,12.437,0.336903801
828,Europe,High income,22,0.8181818181818182,15.412974408763262,13.010982090423973,94.66403162055336,7.905138339920949,59.51818181818182,64.6590909090909,0.5141979811165642,,,-3.2380102063157747,0.1443477172131147,5.731157633,0.02988749,3.407,20.867,0.489680319
8286,Latin America and the Caribbean,Upper Middle,25,0.52,24.41261542117958,22.543997295232305,93.7391304347826,10.608695652173912,55.708,71.07600000000001,0.4535991767856614,,,3.1601742287080987,0.2200788461538461,5.559087291,0.017030105,31.386,11.395,0.41756017
829,Europe,High income,21,0.6190476190476191,20.15881908070425,17.07667866388106,94.20289855072464,8.281573498964804,61.20476190476192,84.61904761904762,0.43261365676473046,,,-2.18815383943106,0.186591081081081,7.562016477,0.015174908,5.557,28.205999999999996,0.519038183
8294,Central and Southern Asia,Lower Middle,21,0.5714285714285714,27.18592845810265,21.79679574567776,92.54658385093168,9.316770186335404,83.68571428571428,92.24285714285715,0.5403145476558397,3.229970906600458,3.486545466110645,-0.81082807730622,0.1666892653061224,6.213358988,0.013159195,11.006,18.935,0.380113408
8300,Central and Southern Asia,Lower Middle,25,0.44,29.207836001346013,21.959093855346264,92.52173913043478,10.782608695652172,61.828,129.364,0.3826207148986915,3.3365650455481597,3.601845218428111,-0.5269920509305461,0.1431179285714285,5.297619285,0.002304204,14.128,21.011000000000003,0.356725484
8301,Eastern and South-Eastern Asia,Upper Middle,35,0.45714285714285713,18.26740951652816,16.101086361470095,94.53416149068323,9.937888198757763,75.68,55.15428571428572,0.6309706708528129,,,0.10769281952993925,0.1327958846153846,5.889639112,0.004489231,13.608,19.028,0.311797912
8305,Central and Southern Asia,Lower Middle,23,0.782608695652174,29.63747755506692,22.31475263666497,93.57277882797733,9.45179584120983,59.01304347826087,131.83913043478262,0.3600576653776719,9.056493314044952,9.764455344629752,-0.2890312857862416,0.1758039442060086,5.596978581,0.01114198,19.563,31.317,0.315919006
8318,Latin America and the Caribbean,Upper Middle,28,0.5714285714285714,24.380372444031757,22.057523600328665,93.47826086956522,9.627329192546583,29.285714285714285,105.95714285714287,0.2226426148373665,,,3.649877379178837,0.2220874571428571,5.90007137,0.016589097,32.83,6.23,0.38050102
8326,Eastern and South-Eastern Asia,Upper Middle,21,0.5714285714285714,21.43129872344095,18.277936690946074,92.7536231884058,10.351966873706003,70.55714285714286,85.99047619047619,0.4728293196121327,,,5.857268442292195,0.2529017602179836,13.326314,0.010035207,19.902,8.281,0.201504646
8328,Latin America and the Caribbean,Upper Middle,15,0.4666666666666667,21.66240677445025,20.021509963193715,95.36231884057972,10.72463768115942,52.68666666666666,73.15333333333334,0.435177656853621,,,0.6869770888479979,0.1714101666666666,5.900829601,0.015526723,15.573,9.373,0.366143853
833,Europe,High income,26,0.6153846153846154,16.514223069411084,13.445174991741853,94.31438127090301,11.20401337792642,56.57692307692308,76.28846153846155,0.44343792180947855,,,-1.155865944982744,0.2321632142857143,7.632350703,0.023169837,2.779,16.809,0.520928193
8331,Eastern and South-Eastern Asia,Upper Middle,18,0.4444444444444444,25.86779556470648,21.541602514035016,94.44444444444444,9.178743961352657,40.238888888888894,115.8111111111111,0.2723393961374817,6.566017509002826,5.632590517153691,6.334374878920125,0.2996774042553191,12.26078985,0.00709279,13.74,1.711,0.293091527
834,Europe,High income,20,0.85,18.612003265180114,16.004684150091794,93.47826086956522,9.565217391304348,81.35,49.735,0.6322433036156566,,,-0.4199716269303996,0.25457168,6.835677567,0.026719026,3.878,11.573999999999998,0.431721158
8341,Eastern and South-Eastern Asia,Upper Middle,38,0.39473684210526316,18.03961263957779,15.97437736955983,93.24942791762014,10.983981693363845,80.02368421052631,45.23157894736842,0.6938682887015757,,,1.5105376784964513,0.17975556,7.153349656,0.005688705,19.412,10.211,0.364124916
8343,Latin America and the Caribbean,Upper Middle,14,0.35714285714285715,21.769235050119512,20.425072164278696,95.03105590062111,11.490683229813666,50.314285714285724,71.01428571428572,0.42668512171890854,,,7.481245167779162,0.274009875,8.910660959,0.021665203,45.04,4.949,0.290567643
8348,Latin America and the Caribbean,Upper Middle,16,0.8125,22.674006748818282,21.046057614010792,93.75,8.42391304347826,51.0,71.97500000000001,0.43386356979587054,,,6.652958122006462,0.253300984375,8.463600007,0.01873083,38.595,5.917,0.306415025
835,Europe,High income,25,0.44,19.053665295918808,15.06619825295995,94.78260869565219,10.956521739130435,41.896,94.072,0.328016436362212,,,-3.2745956224480377,0.1733895333333333,5.154478843,0.032167849,0.25,24.52,0.474194523
8350,Central and Southern Asia,Lower Middle,23,0.21739130434782608,25.3054903049533,20.538032958550808,92.24952741020793,9.45179584120983,73.28695652173913,108.49565217391304,0.48844408170377246,,,-2.7540155024273036,0.1418224,5.206545147,0.012455299,5.921,21.022,0.409095503
8361,Eastern and South-Eastern Asia,Upper Middle,31,0.45161290322580644,18.87583262535836,16.27934928762171,94.9509116409537,9.537166900420756,75.63225806451612,55.08709677419355,0.634216710249232,,,1.0454087530843066,0.18576475,8.329744187,0.00627507,17.08,8.869000000000002,0.362660473
8388,Latin America and the Caribbean,Upper Middle,24,0.6666666666666666,25.502638341510092,22.95095595960362,92.39130434782608,9.96376811594203,66.85416666666667,74.40833333333333,0.48532261617164724,,,2.0377009944664453,0.1879984378818737,7.963186165,0.015740955,24.274,17.117,0.44498806
840,Europe,High income,18,0.3333333333333333,21.095357139329415,16.16511691077322,95.16908212560386,8.93719806763285,27.644444444444446,137.78333333333336,0.17434091109877559,,,-1.633444823489488,0.241441,6.863396815,0.017607446,0.895,5.258,0.454478282
8400,Central and Southern Asia,Lower Middle,27,0.5555555555555556,29.545997082370512,21.903295255439257,93.55877616747182,9.500805152979066,52.644444444444446,134.04444444444445,0.321457105924149,5.721449396114655,6.17036980411705,-1.9215432017122633,0.145108387755102,4.560065578,0.012659231,14.321,40.504999999999995,0.302771078
8415,Eastern and South-Eastern Asia,Upper Middle,19,0.47368421052631576,22.68517118420517,19.543229454021755,94.05034324942793,8.695652173913043,43.66842105263158,110.01578947368422,0.2944328778994181,6.8874888222324016,5.909499822257828,1.5569282004698894,0.2074591875,8.992014735,0.004826158,14.238,17.485000000000003,0.368295835
8419,Eastern and South-Eastern Asia,Upper Middle,30,0.6,28.104004815419536,24.254497062345273,94.34782608695652,9.71014492753623,80.92666666666668,75.13000000000001,0.5510885880515892,1.4236823573281516,1.2154522603189202,-2.8948526779386987,0.0880321511627907,6.073696226,0.004920608,1.138,14.915,0.445492341
843,Europe,High income,15,0.6666666666666666,17.76171627005558,14.555349929481759,94.4927536231884,10.144927536231883,42.32,102.03333333333333,0.29341819329473445,,,-1.2083600215342742,0.2044718636363636,8.031067627,0.037140563,2.058,21.016,0.497268015
844,Europe,Upper Middle,25,0.64,19.92905293568397,16.236023507266996,91.47826086956522,10.608695652173912,44.06,119.28399999999999,0.2765035203006938,3.204696982452122,6.991981565906261,-2.304764665132339,0.2035573636363636,4.915250651,0.014374136,5.405,11.578,0.464020164
8448,Central and Southern Asia,Lower Middle,22,0.5909090909090909,28.48218992406674,22.726230272346967,92.68774703557312,10.474308300395258,78.31363636363636,101.18181818181819,0.505894162021914,2.1890404324072796,2.366073475623691,-0.4568940282043347,0.1811466666666666,5.316194149,0.005793541,16.838,23.092999999999996,0.402130659
846,Europe,Upper Middle,22,0.5454545454545454,20.502607709711267,16.61240088528966,91.50197628458498,11.264822134387352,38.50909090909091,124.77272727272727,0.2429772077251577,10.520999911675691,22.615414308842603,0.6465309930371272,0.2237282142857143,5.874466261,0.016079469,18.564,6.299,0.433103875
8464,Eastern and South-Eastern Asia,Upper Middle,28,0.42857142857142855,18.755567502975484,16.37764689776444,94.87577639751554,9.782608695652174,77.10714285714286,51.089285714285715,0.6529959932032351,,,1.1693445890199077,0.1935976,8.443284885,0.005683324,11.406,2.8589999999999995,0.33334392
8466,Central and Southern Asia,Lower Middle,11,0.45454545454545453,24.144223504499998,21.117356251516423,95.65217391304348,11.067193675889326,51.78181818181818,130.47272727272727,0.3137880336472191,,,1.7505276599014938,0.2127420512820513,7.385174214,0.015381648,16.660999999999998,6.042,0.316220723
8467,Eastern and South-Eastern Asia,Upper Middle,16,0.5625,16.736826601122875,15.676739659440765,95.1086956521739,9.239130434782608,108.9375,8.856250000000001,0.9327414759252842,,,1.375428353687128,0.1723245777777777,7.894592529,0.005614357,19.04,5.962,0.292481481
847,Europe,Upper Middle,24,0.7916666666666666,21.57778364817304,15.780304717242247,94.20289855072464,10.507246376811594,30.25,146.46666666666667,0.1783954229065626,3.584467437145546,7.50572297962921,-0.5023855620492736,0.2109691538461538,4.994333676,0.015954519,12.332,9.71,0.373725683
8473,Eastern and South-Eastern Asia,Upper Middle,18,0.6666666666666666,23.785396799009458,20.615806152020554,95.16908212560386,9.66183574879227,55.11666666666667,99.03333333333335,0.3699601534417868,1.5496399153505802,1.3286934765392595,0.0034026166562810545,0.19446775,6.933793289,0.003586949,10.495,15.575,0.356778769
8475,Central and Southern Asia,Lower Middle,20,0.2,27.85428720043552,22.105252199786026,93.47826086956522,9.782608695652174,90.57000000000001,85.94,0.5731636985373786,4.025896496380731,4.3441476326962505,-1.961272853498299,0.1284544074074074,4.862523645,0.005329079,11.704,20.181,0.416398326
8478,Central and Southern Asia,Lower Middle,23,0.7391304347826086,24.574855863677804,19.720032517951033,93.57277882797733,9.45179584120983,81.66956521739131,103.27391304347827,0.512593692236309,0.3323627927157074,0.364122685139602,-2.7675904086652143,0.168199625,5.160884422,0.001850373,3.327,24.105,0.424794086
848,Europe,Upper Middle,16,0.75,20.88735487169153,14.951383273324216,92.11956521739131,11.141304347826086,24.25625,148.5625,0.16061251437486693,1.7269228760458797,3.673905457016181,-0.7263676503983096,0.1962555,5.187106569,0.013910092,15.145,21.044,0.385621775
8485,Eastern and South-Eastern Asia,Upper Middle,22,0.5,17.535340289759496,15.826457114142903,95.0592885375494,9.090909090909092,89.26363636363637,38.04090909090909,0.7593625144126327,,,3.0545147437689995,0.2049403486238532,9.808885877,0.004665156,19.455999999999996,9.145,0.283135812
849,Europe,Lower Middle,18,0.7222222222222222,17.725436740451407,15.243085824595157,96.3768115942029,8.21256038647343,59.9388888888889,66.02777777777777,0.49100757972992665,,,-2.8926394689363,0.1910722666666666,6.193254067,0.011495617,2.437,25.601999999999997,0.502484018
8494,Eastern and South-Eastern Asia,Upper Middle,24,0.5,17.314467720792816,15.654478981831835,94.7463768115942,9.601449275362318,90.60000000000001,34.275,0.7811220570221987,,,1.4562757147409604,0.2058768333333333,8.142046897,0.005888525,14.851,4.744,0.277216888
850,Europe,High income,19,0.8947368421052632,17.123963145205867,14.770667870352273,94.05034324942793,11.670480549199084,39.43157894736842,98.08947368421053,0.29046391452080644,,,0.8625307912356994,0.2592587368421052,8.731416526,0.017406839,8.044,6.623,0.448276233
8533,Eastern and South-Eastern Asia,Upper Middle,23,0.5217391304347826,17.79793354531996,15.847381588795894,95.27410207939509,8.884688090737239,83.5695652173913,45.3304347826087,0.7048542976552019,,,4.0001752901433605,0.2258043809523809,8.274356131,0.004951572,19.332,1.48,0.271384839
854,Europe,High income,17,0.9411764705882353,24.303700346201015,18.592356164119643,92.58312020460357,10.741687979539641,6.51764705882353,225.0705882352941,0.02841190440052182,,,8.747538731408138,0.2793175145631068,11.40937243,0.025064325,42.971,2.262,0.241149516
8553,Central and Southern Asia,Lower Middle,22,0.5454545454545454,29.096305248954103,22.938201751057193,93.28063241106719,9.683794466403162,65.11363636363636,116.6,0.41320922439652397,2.1020126557564462,2.2721832936455506,-0.6433710998590001,0.1728516428571428,5.295960096,0.004523564,11.687,24.025999999999996,0.365707552
8557,Eastern and South-Eastern Asia,Upper Middle,29,0.7586206896551724,28.5479118282507,23.88766915216406,93.55322338830584,10.194902548725636,83.34482758620689,80.96206896551725,0.5401681900894245,,,1.863928565364203,0.1864204931087289,13.63028094,0.009378158,3.464,15.023,0.417614431
8565,Central and Southern Asia,Lower Middle,11,0.36363636363636365,29.492934229931056,19.61799158840984,92.49011857707511,11.067193675889328,32.763636363636365,185.6,0.16253835538363753,,,0.9482330882730741,0.2078685765124555,6.454761571,0.017465776,19.46,25.292,0.270756293
8580,Central and Southern Asia,Lower Middle,21,0.42857142857142855,28.10891154429436,23.153128139997175,93.16770186335404,10.144927536231885,79.4047619047619,92.93809523809524,0.5417954979734184,3.004192099922731,3.243327075646583,-0.7050545684798626,0.1596124615384615,4.791833342,0.003198395,15.109,7.800000000000001,0.401378814
8584,Eastern and South-Eastern Asia,Upper Middle,17,0.5294117647058824,24.229546636079654,20.10170423470457,94.37340153452685,8.43989769820972,52.529411764705884,110.84705882352942,0.33035350817850784,,,-0.46885783901713385,0.1923640318471337,7.828043434,0.003022833,4.212,36.602,0.284359203
8616,Central and Southern Asia,Lower Middle,13,0.46153846153846156,24.73625321743527,21.41364626222191,94.64882943143813,9.698996655518394,45.107692307692304,124.92307692307692,0.2838182417375196,,,-0.6413565607115345,0.1470946162790697,6.26386561,0.014546414,15.46,8.254999999999999,0.323983514
8618,Central and Southern Asia,Lower Middle,18,0.7777777777777778,28.997020582719294,22.791558012142406,93.23671497584542,10.144927536231883,65.73888888888888,117.6222222222222,0.42107614110378017,2.371943384312751,2.563296736166719,-1.0845273223496532,0.14905732,4.590329813,0.005930893,17.564,24.569,0.422455442
8621,Eastern and South-Eastern Asia,Upper Middle,32,0.53125,20.656597036123316,18.625269239211406,94.42934782608695,9.782608695652174,87.1875,50.225,0.6686553964996828,,,2.745750598618077,0.22719324,11.11646252,0.00326466,13.314,3.4109999999999996,0.386169768
8626,Central and Southern Asia,Lower Middle,19,0.631578947368421,30.539125670331853,23.536090185006717,93.59267734553777,10.297482837528603,67.4421052631579,122.92105263157895,0.40611224754063513,4.884604587791807,5.270770851210208,3.695816195145813,0.230093179245283,7.1212675,0.020081877,34.688,27.940999999999995,0.256962997
863,Sub-Saharan Africa,Low income,17,0.5882352941176471,18.243580572945756,13.683631806168755,93.86189258312021,9.974424552429667,42.0,85.18235294117648,0.33607728920365965,,,-1.6115823440254204,0.1667836,5.599760555,0.007394907,2.33,23.671000000000003,0.533714183
8637,Eastern and South-Eastern Asia,Upper Middle,27,0.5185185185185185,18.22130436367461,16.841946899269505,93.2367149758454,9.017713365539452,91.67037037037036,28.91111111111111,0.782259054449501,,,2.1263283816585963,0.1504770714285714,11.42171733,0.00456045,22.160000000000004,32.737,0.314619533
864,Sub-Saharan Africa,Low income,20,0.5,24.725348582518745,16.215123430817243,94.34782608695653,9.782608695652174,23.285,143.68,0.1399247169999311,,,-2.469657186979376,0.1688346111111111,4.941572973,0.006883836,0.166,47.05199999999999,0.49487423
8660,Central and Southern Asia,Lower Middle,16,0.5625,31.100854348984218,23.67777629344259,94.29347826086956,10.054347826086955,77.4375,114.31875,0.4317604889477934,5.417830495951567,5.845256262474226,3.433524565348904,0.2273394162679425,7.447480051,0.016536419,32.668,20.540000000000003,0.261274833
8666,Central and Southern Asia,Lower Middle,17,0.7647058823529411,29.43342613893398,22.846936279346224,93.35038363171356,10.741687979539641,61.64117647058824,127.42941176470589,0.37589066612834904,6.724778426241684,7.256076055218567,0.4954379982529242,0.1797470648148148,6.435828062,0.015518556,19.061,26.374999999999996,0.322073855
8674,Central and Southern Asia,Lower Middle,18,0.16666666666666666,29.322200595007992,22.79311935711613,92.27053140096618,9.178743961352657,59.655555555555566,124.76111111111112,0.37598252305438484,0.668649010800508,0.7268943849421847,-0.6183956758033871,0.1644985769230769,5.643528739,0.004027608,16.26,29.875,0.344977453
8675,Eastern and South-Eastern Asia,Upper Middle,13,0.46153846153846156,17.39707306948581,16.641588429976068,94.31438127090301,7.6923076923076925,110.86153846153846,6.6692307692307695,0.94905402823349,,,3.0542295379169717,0.1647910625,11.73869292,0.005891573,19.952,5.630000000000001,0.349001284
8680,Central and Southern Asia,Lower Middle,15,0.3333333333333333,24.961307276176715,21.10223350946039,95.36231884057972,9.27536231884058,29.586666666666666,149.98000000000002,0.17458287209854753,,,0.3472345098188708,0.1538530185185185,5.632928018,0.012370216,18.046999999999997,9.055,0.312877555
8685,Eastern and South-Eastern Asia,Upper Middle,18,0.5555555555555556,25.567770826298734,22.097660228415968,94.20289855072464,8.454106280193237,44.36666666666667,119.88888888888889,0.2793479079797556,,,3.472547341110433,0.2877617959183673,8.444189215,0.005994355,8.001999999999999,13.763999999999998,0.253576801
8686,Central and Southern Asia,Lower Middle,20,0.45,27.50514924475292,22.30873468314431,93.47826086956522,8.695652173913043,88.27000000000001,80.66499999999999,0.589163297407984,1.0834558914940295,1.1736029432936383,-2.043872777529318,0.1532088536585366,5.044367669,0.014243724,11.42,28.291000000000004,0.380134033
869,Sub-Saharan Africa,Low income,32,0.53125,21.289122003316905,19.583766167074096,94.29347826086956,9.918478260869565,98.44375000000001,53.28125,0.6636238583217127,,,-1.1456515458173384,0.191558,5.761899151,0.00771125,0.445,22.749,0.458441006
8694,Central and Southern Asia,Lower Middle,14,0.5714285714285714,25.330750272495695,20.858459136671218,94.09937888198758,9.006211180124224,23.207142857142856,158.28571428571428,0.13589417152838015,,,-2.1177851451734844,0.1519736853932584,5.862397933,0.013234696,6.795999999999999,14.932,0.344339698
8695,Eastern and South-Eastern Asia,Upper Middle,23,0.391304347826087,19.879415234584936,19.16983461872967,95.46313799621929,8.695652173913043,99.87391304347825,26.708695652173915,0.8108421485418901,,,4.158094498999389,0.2454932068965517,9.66026893,0.006875249,19.595,1.185,0.313710957
8728,Central and Southern Asia,Lower Middle,16,0.6875,23.29784531687087,21.16547321742306,94.83695652173913,10.326086956521738,65.53125,99.09375,0.4225679581547288,,,-1.3231365576335261,0.1435175568181818,6.524788183,0.013992474,11.437,14.429,0.349649872
873,Sub-Saharan Africa,Low income,24,0.5,21.578911299402787,18.08455849270098,94.92753623188406,9.782608695652174,82.325,62.35833333333333,0.6055916025141123,,,-1.1324256387921185,0.1781431570680628,6.682939359,0.009913082,5.602,11.813,0.402207503
874,Sub-Saharan Africa,Lower Middle,28,0.4642857142857143,18.517940806723306,15.976250904802578,92.54658385093168,9.316770186335404,92.22857142857143,69.42142857142856,0.6010014816793748,,,-1.268248053458027,0.1396140322580645,5.259748246,0.008435798,1.258,4.375,0.631984422
8745,Eastern and South-Eastern Asia,Upper Middle,19,0.7368421052631579,24.14926314640207,20.895146046123738,92.90617848970251,10.297482837528603,76.65789473684211,74.86315789473684,0.5182845839892988,26.574464997647578,22.819793146550175,4.307468733907347,0.2516933510784763,12.82363194,0.011219213,14.033,8.469,0.2989368
8758,Central and Southern Asia,Lower Middle,21,0.5714285714285714,28.727418252898474,22.597364469772106,93.99585921325053,10.144927536231885,59.17142857142858,127.53333333333333,0.38620490069040414,2.750595030327283,2.9717232813286567,1.0006563298737756,0.2007955263157894,5.368179972,0.013914232,23.682,9.526000000000002,0.35101088
8765,Eastern and South-Eastern Asia,Upper Middle,27,0.6666666666666666,27.5137196106165,22.978773370842518,94.36392914653786,9.33977455716586,62.407407407407405,98.37407407407409,0.39801571307589256,18.243565734225992,15.6413198575189,0.20579181444590222,0.1606387826086956,11.22897384,0.011619432,5.2090000000000005,28.364000000000004,0.387572422
8775,Eastern and South-Eastern Asia,Upper Middle,18,0.3888888888888889,21.764426969906,19.315367927391822,92.7536231884058,8.93719806763285,56.638888888888886,95.98333333333333,0.3845517787903742,,,0.974624885776937,0.2026939444444444,8.315272717,0.003329344,10.05,8.083,0.278923536
8789,Eastern and South-Eastern Asia,Upper Middle,16,0.6875,25.209260424239382,21.744102025108447,92.93478260869566,10.597826086956522,94.0875,70.23750000000001,0.6009642433013629,,,5.833939736422954,0.2900368600405679,11.79044271,0.006883773,18.494999999999997,10.310000000000002,0.20203184
88,Europe,High income,21,0.6190476190476191,20.628326989517774,16.595216368037388,94.824016563147,8.695652173913043,52.36666666666667,94.18095238095238,0.3653393363492305,,,-1.0580804999881799,0.2318497857142857,6.098106169,0.02627526,5.523,11.438,0.474612697
8812,Central and Southern Asia,Lower Middle,25,0.8,24.205448101178956,19.858739621656472,93.39130434782608,9.91304347826087,87.5,91.62,0.5462345233000615,2.4816000843156107,2.6788800589522577,-1.2923047616812335,0.193190619047619,6.409973381,0.019689847,8.288,23.446999999999996,0.38395864
8814,Central and Southern Asia,Lower Middle,19,0.3157894736842105,27.667905013107106,22.42812299025417,93.82151029748285,8.924485125858123,97.78947368421052,74.57368421052632,0.6239827014624973,3.3134256953536068,3.575898520599659,-0.2892467425454884,0.1955147608695652,6.451670294,0.015308641,8.443,16.825,0.350744482
8836,Central and Southern Asia,Lower Middle,24,0.3333333333333333,27.45375572166059,22.157825057475062,93.29710144927536,9.782608695652174,88.08333333333333,91.46249999999999,0.5419057035112372,0.3159440626144274,0.3466547443064617,-6.211819593208463,0.0786936785714285,3.195751193,0.009223401,2.341,54.864,0.413652595
8853,Eastern and South-Eastern Asia,Upper Middle,15,0.5333333333333333,25.193312667733853,21.9087681071081,93.91304347826086,8.98550724637681,92.24666666666667,69.47333333333334,0.5904542779672425,21.320281525457126,18.276171523689623,4.4242312349234325,0.2887393560975609,9.677586339,0.00472826,13.06,11.935,0.235086604
8860,Central and Southern Asia,Lower Middle,20,0.7,29.383934603440185,22.037015324250778,93.91304347826087,10.869565217391303,55.63000000000001,136.54000000000002,0.3422890217541251,8.359845745136168,9.017332232404415,-0.9263364673157585,0.1580484121212121,5.186712853,0.008925404,19.885,30.403999999999996,0.329949425
8879,Eastern and South-Eastern Asia,Upper Middle,19,0.5263157894736842,24.45451163281987,21.010957449251475,92.44851258581235,9.839816933638442,86.4,68.38421052631578,0.5777374779122676,2.167590505467816,1.8586068764824544,2.5722645214068534,0.2246895878787878,10.29432158,0.005265885,14.678,22.937999999999995,0.304722948
8886,Central and Southern Asia,Lower Middle,16,0.5625,30.566638699972557,20.176087535778912,93.47826086956522,9.239130434782608,45.33125,170.375,0.22840293822869373,,,0.06450131391595909,0.1934792329317269,6.638922849,0.018129767,16.272,21.364,0.294823004
89,Europe,High income,20,0.65,20.48389728228256,16.445887391051848,93.26086956521739,10.869565217391303,44.535000000000004,110.67,0.2935931781023992,,,-0.2034120548919059,0.2203876547619047,7.829868551,0.039051712,5.604,13.883,0.413361078
8903,Eastern and South-Eastern Asia,Upper Middle,14,0.42857142857142855,20.22908619794803,17.903089972781878,92.85714285714286,9.627329192546583,76.59285714285714,73.92142857142858,0.5373691134844566,,,-2.4722879017623347,0.1014699615384615,9.080385264,0.004091491,7.443999999999999,45.278000000000006,0.317901297
893,Central and Southern Asia,Lower Middle,20,0.8,18.43087120923135,16.0045971174801,93.26086956521739,10.434782608695652,33.74,118.65,0.2257191592515626,6.895071025965769,7.323189901932177,-3.965346303444409,0.1353281304347826,5.663178795,0.00458073,1.258,31.827,0.483817775
8940,Central and Southern Asia,Lower Middle,22,0.4090909090909091,26.43989419070161,22.761558328412356,94.86166007905139,9.486166007905139,81.60454545454546,97.18181818181819,0.5169593811915337,0.966227859993684,1.0473290138618458,-4.827158577172655,0.1255115555555555,4.013890174,0.001738277,3.987,47.602,0.380748573
8947,Eastern and South-Eastern Asia,Upper Middle,18,0.3333333333333333,24.144655430544187,21.32434282590172,92.7536231884058,9.661835748792269,86.6888888888889,66.47222222222223,0.5858050718868646,0.5354224002568552,0.4586332990853046,1.0990692876462829,0.1805946153846153,6.974032632,0.008294007,17.855999999999998,27.891,0.297119264
895,Central and Southern Asia,Lower Middle,20,0.25,23.53419635785422,21.048062015917672,93.04347826086956,11.304347826086957,115.845,33.84,0.8090196970799728,,,-5.825523390208035,0.07509075,3.22259547,0.008779524,2.205,59.378,0.433346568
8961,Eastern and South-Eastern Asia,Upper Middle,13,0.46153846153846156,20.4514596939087,18.254368210752503,93.64548494983276,10.367892976588628,83.05384615384615,64.46153846153847,0.580328738478493,,,2.195317636153739,0.1924361538461538,9.836019613,0.002994347,15.83,18.737,0.275465843
8975,Eastern and South-Eastern Asia,Upper Middle,19,0.5789473684210527,25.35256041460878,21.533880386317396,92.90617848970251,9.610983981693364,86.5842105263158,75.3,0.5556630650044234,7.444111794715294,6.38135246172529,2.9773842786806326,0.2570114305555555,10.61193454,0.006102847,10.777,13.446,0.309607825
8981,Eastern and South-Eastern Asia,Upper Middle,16,0.75,22.316496870828743,20.01522266715768,92.93478260869566,8.967391304347826,62.5375,102.56875000000001,0.3859908644967676,,,1.661307010186949,0.2083775319148936,8.806806093,0.005141165,12.229,14.966,0.245261336
8999,Eastern and South-Eastern Asia,Upper Middle,17,0.8235294117647058,25.52448630601374,22.333184348637808,94.62915601023018,8.951406649616368,40.94705882352941,127.81176470588237,0.2464510332465803,,,2.1663876854156268,0.2410144109589041,9.221236676,0.005977636,4.982,14.067,0.301567879
900,Eastern and South-Eastern Asia,Upper Middle,34,0.2647058823529412,26.93189007815195,23.664021020513793,92.45524296675191,10.230179028132993,63.120588235294115,94.56764705882354,0.41636350331122185,,,-1.0190263461335394,0.1975524,6.000682604,0.015376326,8.407,2.1420000000000003,0.479248739
9019,Eastern and South-Eastern Asia,Upper Middle,23,0.4782608695652174,21.124529698247965,19.736266868282502,94.51795841209831,9.829867674858223,98.70869565217392,33.243478260869566,0.7586630764877043,,,2.2562277012917105,0.1625397986577181,12.66098556,0.007169734,14.835,17.599999999999998,0.398793399
9023,Eastern and South-Eastern Asia,Upper Middle,19,0.6842105263157895,25.55396700871803,22.022755416877914,93.36384439359267,9.153318077803203,71.8736842105263,93.2578947368421,0.45824588703694025,,,4.625955202533605,0.2806820882352941,10.37504106,0.008021403,14.499,12.881,0.193603748
9025,Eastern and South-Eastern Asia,Upper Middle,21,0.7142857142857143,25.578849952889406,22.185548205086747,93.37474120082815,9.730848861283643,47.17142857142857,124.9904761904762,0.27804667342255296,6.943631156137961,5.945249253323098,2.7170633089540606,0.2337911205882352,10.38283212,0.010394646,7.199,10.329,0.305873484
9028,Central and Southern Asia,Lower Middle,21,0.7142857142857143,29.966635982510606,22.6234497574236,93.7888198757764,10.351966873706003,63.44285714285715,130.21428571428572,0.3766448364742313,3.551880101954088,3.834032717684227,-2.9012302222577633,0.1151693333333333,4.278425994,0.011278548,11.06,34.413000000000004,0.30668227
9029,Eastern and South-Eastern Asia,Upper Middle,20,0.55,26.284655071081183,23.765839838601465,94.34782608695653,10.434782608695652,73.47,84.41499999999999,0.4708240244946481,0.4958806853208427,0.4248560481634275,1.8347720130310947,0.1652416293706293,12.94171578,0.004181928,8.19,22.289,0.430355596
9033,Eastern and South-Eastern Asia,Upper Middle,19,0.5263157894736842,25.3193878368456,22.932041919040074,94.279176201373,9.839816933638444,65.77368421052631,96.93684210526315,0.4089505583152089,1.0012912156290767,0.8565177985766935,-0.15888764335005578,0.1265654545454545,9.803401795,0.002871429,6.225,30.375,0.314858189
905,Eastern and South-Eastern Asia,High income,10,0.5,23.677316666627586,22.20646312631889,95.65217391304347,9.565217391304348,112.05,2.91,0.9747005686660037,5.895756588947376,4.606602369573505,2.2890995147960513,0.1708466,10.2485232,0.013402214,5.1610000000000005,5.052,0.273214687
9051,Eastern and South-Eastern Asia,Upper Middle,25,0.68,24.996212011163944,21.034275437540263,93.04347826086956,9.043478260869565,44.6,129.008,0.2646399711970371,,,1.6027353605684178,0.2289642956521739,6.804302953,0.002882263,11.221,18.891,0.293467474
906,Eastern and South-Eastern Asia,High income,29,0.3793103448275862,24.582385241285188,23.078332775097728,94.60269865067467,8.845577211394302,114.89310344827587,39.6,0.7568172830655713,,,5.923569541000139,0.2659511980830671,11.74981731,0.018570167,12.241,5.65,0.314897104
9064,Central and Southern Asia,Lower Middle,17,0.4117647058823529,24.641659182241472,22.64899658945459,94.11764705882354,10.485933503836316,40.1,124.78823529411765,0.25724439386405357,6.481960573078002,7.016013274357215,-0.7468625020120246,0.1881818775510204,5.917023832,0.01824417,10.755,11.779,0.374865673
907,Eastern and South-Eastern Asia,High income,22,0.5454545454545454,25.464257696330524,24.031997089771327,94.66403162055336,9.881422924901186,121.37272727272729,30.19090909090909,0.8089265068428869,4.4745143124539055,3.4816718218424336,7.438352741391139,0.27172158,13.1730257,0.021813967,31.316,11.55,0.312093206
9073,Eastern and South-Eastern Asia,Upper Middle,21,0.5238095238095238,25.865991557834697,22.13368072863434,94.40993788819875,9.523809523809524,40.576190476190476,129.01904761904763,0.24484762298082763,2.611456499504104,2.2355904437154237,1.4263097379211918,0.2264778157894736,7.938609507,0.00418998,6.777,25.591,0.281917191
908,Eastern and South-Eastern Asia,Lower Middle,19,0.3684210526315789,26.82067266224854,24.228049794847294,96.10983981693364,8.924485125858123,104.74736842105263,58.173684210526325,0.6614387119965877,,,-3.0726495391201962,0.0707595454545454,3.059849142,0.004420375,1.574,10.522,0.592255233
9095,Eastern and South-Eastern Asia,Upper Middle,17,0.47058823529411764,24.85125532543796,22.63952779879502,95.65217391304348,9.462915601023019,65.95882352941176,91.18235294117648,0.42118264043020587,11.174192006561393,9.586377821533045,3.594168383410092,0.23018324,9.312390554,0.004867872,18.755,6.196,0.335535391
91,Europe,Upper Middle,23,0.782608695652174,19.884830675898357,16.670754292849033,92.81663516068052,9.073724007561436,62.10434782608696,96.37826086956521,0.39696124526142484,,,-1.2709908239800656,0.21591725,6.690035101,0.020302834,3.801,13.692,0.476142819
9100,Central and Southern Asia,Lower Middle,16,0.375,24.433546817770193,22.184016692628525,95.1086956521739,9.239130434782608,33.6375,132.9375,0.2147054536187813,0.5042242981358557,0.5523433123733711,-3.608996494340391,0.1321937083333333,4.920273848,0.004774969,3.398,16.643,0.49784569
9105,Eastern and South-Eastern Asia,Upper Middle,21,0.5714285714285714,25.692577475062393,22.438259918332687,93.99585921325053,9.937888198757763,53.61904761904762,113.33333333333333,0.3309046821536005,1.9526406299750956,1.6711349400956437,3.2791901956420095,0.23476921875,8.315039432,0.003838734,14.919,17.052999999999997,0.27735009
9107,Eastern and South-Eastern Asia,Upper Middle,20,0.6,25.7000774073529,21.72314649243934,92.82608695652173,10.217391304347824,62.995000000000005,102.595,0.4064035389856758,,,3.999731773041966,0.2519239322709163,10.33053074,0.004352519,13.466,21.89,0.219596689
9109,Eastern and South-Eastern Asia,Upper Middle,22,0.36363636363636365,25.908207738023545,22.436305320315704,94.46640316205534,9.881422924901186,45.627272727272725,124.7090909090909,0.2733007354431641,1.1143267287391172,0.9530771712740632,1.093976142683987,0.2080933552631579,8.493474061,0.003404024,3.688,26.601999999999997,0.303633683
9113,Eastern and South-Eastern Asia,Upper Middle,24,0.5833333333333334,25.01155232836962,21.251830002721597,92.93478260869564,9.782608695652174,53.583333333333336,119.12916666666668,0.31897364508355913,,,4.597911280053244,0.2629572074074074,9.366656433,0.004301171,18.313,8.125,0.256434999
9127,Eastern and South-Eastern Asia,Upper Middle,15,0.5333333333333333,25.36041842509284,22.42640183522024,94.20289855072464,10.72463768115942,98.28666666666668,58.62,0.6347109744393195,43.2179202488365,37.011433152539354,3.570310234283746,0.2616070551415797,10.86064922,0.008855947,5.682,15.358,0.235660519
9131,Eastern and South-Eastern Asia,Upper Middle,16,0.5625,25.26926194751074,22.596411522496616,94.29347826086956,8.695652173913043,64.0625,93.8125,0.4080326509192417,1.4870091478345102,1.2723598285140458,3.764940858225543,0.2161644,9.2094183,0.00578019,20.835,9.36,0.332412041
9133,Eastern and South-Eastern Asia,Upper Middle,22,0.5909090909090909,25.714059141300183,22.806516938078378,93.2806324110672,10.079051383399209,51.940909090909095,114.32272727272726,0.3263113619903026,2.144249609515292,1.835141461295088,2.244361583077649,0.2265048412698412,7.682804878,0.002068435,8.584,17.762,0.322994718
914,Northern America,High income,14,0.7857142857142857,20.11485560452774,16.08121964389922,92.85714285714286,8.074534161490684,36.2,98.15714285714286,0.2841002319547587,,,-0.5276272547225762,0.2139984615384615,9.355416036,0.01898078,0.622,16.455000000000002,0.491168324
9141,Eastern and South-Eastern Asia,Upper Middle,18,0.6666666666666666,25.89582081234645,22.163808852889787,92.9951690821256,10.144927536231883,55.1888888888889,117.66111111111111,0.33385996281854485,6.997081369929557,5.992153686007478,2.173640343181362,0.2377139449541284,8.48185808,0.008434446,6.773,22.889,0.277313285
9149,Eastern and South-Eastern Asia,Upper Middle,21,0.47619047619047616,25.561650749305677,22.53863857147392,92.13250517598344,9.316770186335404,58.12857142857143,107.46666666666667,0.36696824958879537,9.065410138723609,7.76153039734071,2.1256837455132116,0.1910356964285714,10.17779874,0.004359506,6.521,15.314000000000002,0.280585885
915,Latin America and the Caribbean,Upper Middle,19,0.2631578947368421,13.80424961093622,11.827976729670056,95.88100686498855,10.526315789473685,76.92631578947369,50.80526315789474,0.6443045469669204,,,-3.3599602080910076,0.1372595897435897,6.308051989,0.004423542,2.478,36.903,0.430084061
916,Latin America and the Caribbean,Upper Middle,25,0.6,24.182747086242035,21.134013454327988,93.91304347826086,8.869565217391305,107.54,40.5,0.7467605632209161,,,2.500085830951451,0.2197475151515151,9.382626999,0.013551503,22.985000000000003,26.816000000000003,0.51159745
917,Latin America and the Caribbean,Lower Middle,33,0.3939393939393939,22.753604199187947,19.59496939459707,94.99341238471673,10.013175230566533,66.5939393939394,97.61818181818182,0.4322956472448683,,,1.6839802181619328,0.2254231176470588,7.276919099,0.016061237,15.437,6.423,0.412928522
9174,Central and Southern Asia,Lower Middle,15,0.4666666666666667,31.67303407782186,20.29006500244729,93.6231884057971,9.855072463768115,30.30666666666667,188.33333333333334,0.15204531848452302,,,-0.011548578207196621,0.1777571486486486,6.067130768,0.0144056,18.862,19.764999999999997,0.292310457
9191,Eastern and South-Eastern Asia,Upper Middle,25,0.44,25.66572612879389,21.79217247505304,92.17391304347827,10.956521739130435,63.532,102.98400000000001,0.39416742921070136,,,3.691468523159543,0.2581900143540669,9.633773946,0.006750191,12.278,18.008999999999993,0.23815793
9211,Eastern and South-Eastern Asia,Upper Middle,21,0.3333333333333333,25.43108180382138,22.267916603435886,91.7184265010352,9.316770186335404,61.18095238095238,101.32380952380953,0.39384890103308984,1.2918555006358148,1.1048414606529375,0.33827642287624937,0.1558173076923077,7.971927418,0.001255991,4.517,10.096,0.302116852
9223,Eastern and South-Eastern Asia,Upper Middle,17,0.5882352941176471,26.053344726562525,23.410540078337352,94.62915601023018,9.718670076726342,56.63529411764706,100.7235294117647,0.36473711580420476,1.2714736615994202,1.0878073632940195,2.9212525119978845,0.2326932,8.01819174,0.004659976,15.954,17.55,0.30237357
9229,Eastern and South-Eastern Asia,Upper Middle,15,0.5333333333333333,24.19971777963747,22.066718714555005,93.04347826086956,8.98550724637681,102.25333333333333,54.233333333333334,0.6623692292365048,10.593195832468654,9.09286196044099,2.519689653595065,0.2374929868131868,8.494289989,0.009331485,11.386,21.986,0.189030002
9230,Central and Southern Asia,Lower Middle,27,0.5185185185185185,26.35509835378544,24.500569971728602,93.0756843800322,9.983896940418678,98.17407407407407,67.33703703703704,0.6035641390452627,0.2391243651992563,0.2655970729889883,-6.585998518926871,0.055239533929903,3.271539116,0.005519534,0.098,59.889,0.703817531
9231,Eastern and South-Eastern Asia,Upper Middle,20,0.55,26.7734867956979,24.25550753564017,95.21739130434783,10.652173913043478,64.105,94.32000000000001,0.41010407294236206,14.638415401814564,12.532718707679544,-1.0226472325191105,0.1371661724137931,9.715605683,0.002586887,6.54,35.107,0.334834939
9233,Eastern and South-Eastern Asia,Upper Middle,18,0.3333333333333333,24.879891623339617,22.390941937377477,92.7536231884058,10.38647342995169,56.78888888888889,105.91666666666667,0.36104563093654135,0.9227177491989256,0.7894316810398379,-3.5880481621021887,0.0948421860465116,4.80147052,0.001675243,1.401,40.682,0.372529701
9241,Eastern and South-Eastern Asia,Upper Middle,21,0.5238095238095238,25.827666090737964,21.848031793288392,92.54658385093168,9.730848861283643,57.11904761904762,114.42380952380952,0.34822704777501784,,,5.53798570010989,0.2773429461538461,12.46868303,0.006007677,15.748,9.547,0.236966612
9244,Central and Southern Asia,Lower Middle,15,0.7333333333333333,30.372609053919827,23.521752059726705,91.8840579710145,10.144927536231883,68.7,124.61999999999999,0.40180437254420703,,,3.2811790429774152,0.2292350388349514,6.747256734,0.015673928,29.93,19.764,0.273673617
9255,Eastern and South-Eastern Asia,Upper Middle,18,0.5555555555555556,25.776875763174935,22.115913660581313,92.99516908212561,9.178743961352657,60.78333333333333,105.53888888888889,0.39109455521432424,,,1.3358774364812929,0.230003925,10.04136901,0.010384703,3.805,12.745,0.288996832
9277,Eastern and South-Eastern Asia,Upper Middle,18,0.7222222222222222,26.460941510710747,22.737242763057097,91.30434782608695,9.420289855072463,57.977777777777774,112.45555555555556,0.3624337191969655,31.97036330703698,27.374504761806676,4.620267901057734,0.2477853052959501,11.71399886,0.010100794,8.356,5.577999999999999,0.239317756
9290,Central and Southern Asia,Lower Middle,15,0.06666666666666667,22.37961454473661,22.125291659715035,96.81159420289855,8.695652173913043,72.95333333333333,76.8,0.5053522390209768,0.1498255832888307,0.1691933311631636,-5.454558221418525,0.0455146461538461,2.887390686,0.004796311,0.06,42.32200000000001,0.694811137
9291,Eastern and South-Eastern Asia,Upper Middle,20,0.5,25.274056806564325,22.154273790944693,91.08695652173913,9.782608695652174,59.425,105.57000000000001,0.37818289472765065,11.5807456943936,9.914948820878182,2.553985211350911,0.2124180769230769,9.425219352,0.003829513,14.901,5.596000000000001,0.273727974
9298,Central and Southern Asia,Lower Middle,25,0.4,27.52756409788952,25.188784762761852,93.91304347826087,10.08695652173913,90.792,72.792,0.5678739342512344,0.224458733653772,0.2498957330010254,-5.799723776121597,0.0543610265251989,3.019550893,0.005795394,0.031,46.508,0.643374542
930,Latin America and the Caribbean,Upper Middle,20,0.55,26.32398144683839,22.052981188046164,94.78260869565217,9.565217391304348,55.4,125.525,0.3209802939719858,,,-4.604414035038083,0.1449868695652174,5.352024883,0.012771852,3.572,46.157,0.443091391
9309,Eastern and South-Eastern Asia,Upper Middle,14,0.35714285714285715,26.22285220777835,23.585133856013673,95.03105590062113,10.559006211180122,60.199999999999996,98.46428571428571,0.38610221475175954,2.3481664628697327,2.0092896705174703,2.507410463065768,0.2195647297297297,7.064778748,0.003485223,18.908,19.355,0.352829299
9319,Eastern and South-Eastern Asia,Upper Middle,19,0.3684210526315789,27.303504797465532,24.466552919870836,95.42334096109839,9.839816933638444,70.9578947368421,87.0578947368421,0.45274239789592946,1.5780874140599412,1.349521992080166,4.351355567338313,0.2489052608695652,11.14881661,0.003715062,13.099,20.415,0.29941702
9323,Eastern and South-Eastern Asia,Upper Middle,21,0.42857142857142855,27.055020074872193,24.463964115991477,93.7888198757764,9.316770186335404,79.27619047619048,77.27619047619048,0.5097341685948839,2.3553542611772547,2.0154271969261757,5.2738506633656135,0.2568430952380952,10.55475474,0.003470813,17.087,8.49,0.371920595
9329,Eastern and South-Eastern Asia,Upper Middle,19,0.47368421052631576,26.86713472147129,23.579440344460195,94.50800915331808,10.526315789473685,57.468421052631584,101.27894736842104,0.36819143409468963,0.5592908512118449,0.4776650320757575,-6.400805120542091,0.0743189238410596,4.242623882,0.001344393,1.403,71.123,0.458500357
9333,Eastern and South-Eastern Asia,Upper Middle,21,0.42857142857142855,25.40769420442129,22.22112569542133,91.7184265010352,10.559006211180124,57.26190476190476,108.61428571428571,0.3638841126493682,1.0747446065524986,0.9192059025372556,-0.3153011129633092,0.1607426296296296,6.591203575,0.001824773,5.186,6.994,0.318129954
9336,Central and Southern Asia,Lower Middle,16,0.5,21.473389291763333,20.896447017977962,94.83695652173913,8.967391304347826,64.24375,82.8125,0.46863811499668934,0.4336304106965739,0.4760116001627631,-5.351686594886372,0.0491074,2.858469805,0.00485421,0.215,41.379000000000005,0.665113351
9341,Eastern and South-Eastern Asia,Upper Middle,14,0.6428571428571429,17.81947097972951,16.41542074755568,94.72049689440995,9.937888198757763,71.43571428571428,73.27142857142857,0.5206695628604395,,,1.7166467081649426,0.2057073529411764,10.42307915,0.004580777,10.078,28.357,0.291783234
9343,Eastern and South-Eastern Asia,Upper Middle,18,0.5555555555555556,26.072280473483328,22.333867103686288,92.27053140096618,9.178743961352657,57.74444444444445,111.55000000000001,0.3646042678281727,,,3.8945167035268353,0.2651734,7.29504649,0.010001757,21.236,10.368,0.275307608
9351,Eastern and South-Eastern Asia,Upper Middle,16,0.625,25.40702894253374,21.266183762786888,94.02173913043478,9.782608695652174,71.0375,108.01875,0.4270842265861162,9.81507236467791,8.40605402699999,3.3109283061025923,0.2742118620689655,9.18304732,0.005897638,6.244,13.598999999999998,0.280852776
9352,Central and Southern Asia,Lower Middle,28,0.5714285714285714,27.156085430323806,24.688848467449862,93.32298136645963,9.782608695652174,86.61428571428573,78.34642857142856,0.5359107533482386,3.340594724536507,3.6178538745877993,-2.877468282255575,0.1275076309963099,5.474281569,0.011318371,0.439,18.984,0.616884125
9358,Central and Southern Asia,Lower Middle,26,0.5769230769230769,26.46496251179627,24.396651248294575,92.80936454849498,10.20066889632107,92.11923076923078,75.23076923076923,0.5600110020860218,0.4223826170112665,0.4637280980349774,-3.468576662286087,0.1005941764705882,4.010055835,0.006786327,0.115,26.4,0.657757026
9359,Eastern and South-Eastern Asia,Upper Middle,18,0.5,26.165171707103024,22.00783175094034,93.23671497584542,8.454106280193237,48.733333333333334,124.9888888888889,0.30159710844520765,,,2.7627105924273367,0.2490193478260869,8.290254221,0.007706128,10.262,16.098000000000003,0.272869554
9365,Eastern and South-Eastern Asia,Upper Middle,18,0.3333333333333333,26.232158692677835,23.16017065885525,92.27053140096618,11.352657004830917,52.922222222222224,112.82222222222222,0.33253073658985577,0.928428602648736,0.7943220095686984,2.6896579937457212,0.24062415625,9.608644225,0.00325803,6.792,16.533,0.294175935
9369,Eastern and South-Eastern Asia,Upper Middle,18,0.3888888888888889,25.860837311061342,21.9147403529773,92.7536231884058,9.66183574879227,57.583333333333336,112.27777777777777,0.3630187133279395,,,2.773682819210268,0.2601666551724138,7.011181872,0.005902426,16.403,17.054,0.280496355
9379,Eastern and South-Eastern Asia,Upper Middle,20,0.45,26.22458111237511,23.07315889888331,92.17391304347827,11.086956521739129,49.535000000000004,118.64500000000001,0.3070471391775854,3.0371120074960136,2.599378372667719,3.34456583294579,0.2579228,8.883383522,0.003890829,11.901,12.73,0.271995198
9385,Eastern and South-Eastern Asia,Upper Middle,20,0.75,26.07972952448997,22.671441716638114,91.73913043478261,10.652173913043478,51.989999999999995,116.24000000000001,0.3231537973088995,6.747295953053097,5.776122656616924,0.6672750481331566,0.1973737294117647,8.495065789,0.003476411,6.776,23.649,0.338811041
9386,Central and Southern Asia,Lower Middle,22,0.3181818181818182,26.83640448742855,25.062857640179974,92.88537549407114,9.486166007905139,105.76363636363637,49.99545454545455,0.6907503138788021,,,-3.7219310543516255,0.1170050758293838,5.144979584,0.007471193,1.12,32.506,0.587705498
9387,Eastern and South-Eastern Asia,Upper Middle,18,0.3888888888888889,26.50587246956674,23.742736380011227,93.71980676328502,11.352657004830917,61.01111111111111,97.45555555555556,0.39304759021622093,1.098080335304309,0.9386687536621844,2.9535559196631684,0.2354623913043478,9.686533482,0.006143242,9.97,13.726000000000004,0.307124131
9388,Central and Southern Asia,Lower Middle,16,0.375,31.444547469427082,20.968897836893397,92.3913043478261,10.869565217391303,31.35625,182.48125,0.15571001279185764,,,-0.7970866569727726,0.18104828,5.867588961,0.017338168,12.77,26.055,0.298034925
9390,Central and Southern Asia,Lower Middle,18,0.3333333333333333,24.312581773647413,21.015506499090282,93.47826086956522,9.903381642512077,43.361111111111114,124.5388888888889,0.2664794469986008,4.119861756656747,4.4609619751023635,1.4167490643050948,0.2149544577464788,6.862145867,0.021742035,18.205,4.069999999999999,0.358045747
9395,Eastern and South-Eastern Asia,Upper Middle,22,0.6363636363636364,25.692477202664165,22.064485520299947,93.67588932806325,10.869565217391305,72.52727272727272,100.25,0.45803679349577214,1.4172865276315438,1.2127287673423026,-0.1855177183522243,0.2044929,6.662961667,0.005200004,7.874,36.51999999999999,0.270605127
9396,Central and Southern Asia,Lower Middle,23,0.43478260869565216,26.709715301257653,24.276144553165977,93.57277882797733,9.262759924385634,86.09565217391305,82.84782608695652,0.5237446983529438,0.3209660463238458,0.354150144820832,-2.5579062891328546,0.0891404117647058,3.675814295,0.005657615,0.029,10.637,0.622322374
9399,Eastern and South-Eastern Asia,Upper Middle,19,0.5263157894736842,26.42919173993563,22.824622045890614,92.90617848970251,9.382151029748282,61.636842105263156,105.48947368421054,0.3896782642472796,2.0444081371341203,1.7493473755605766,1.1733965855354827,0.1981090298507462,7.706953057,0.005597802,5.518,12.898,0.27690271
94,Europe,Upper Middle,23,0.6956521739130435,18.066004304105984,15.444223202591365,93.38374291115313,10.396975425330812,65.9391304347826,57.84347826086957,0.5526615464475165,,,-2.014899788862067,0.2030593039215686,6.675583789,0.018495857,1.751,18.308,0.442079559
9403,Eastern and South-Eastern Asia,Upper Middle,20,0.5,26.395864355215906,22.72184980324785,93.26086956521739,10.652173913043478,61.935,105.83,0.3931749646398301,0.5278811572378826,0.4508502776591169,-0.012254051796485504,0.1770792058823529,6.904448259,0.008148495,1.347,16.781,0.257721871
9404,Central and Southern Asia,Lower Middle,23,0.6086956521739131,24.190158517337967,22.475004935422724,94.32892249527411,8.884688090737239,88.8695652173913,79.59565217391305,0.5402908377693746,3.425667816001628,3.7097212134355666,-3.9163433564773835,0.0808133181818181,3.617871383,0.005934185,0.134,21.831,0.673412106
9405,Eastern and South-Eastern Asia,Upper Middle,18,0.6111111111111112,26.093663525079812,22.471082181511797,92.99516908212561,8.212560386473431,73.16666666666667,92.47222222222223,0.4701638251649734,7.93677714637217,6.7958126133787715,2.7742545615306504,0.2500989337748344,8.321504879,0.011645645,9.164,13.586000000000002,0.276837328
9409,Eastern and South-Eastern Asia,Upper Middle,19,0.631578947368421,26.609653470997724,23.246234683108316,91.76201372997711,11.670480549199084,54.53684210526316,112.43684210526317,0.3392215366233686,15.48539404621578,13.252286242355668,2.6304123671169863,0.2512739421487603,10.17751845,0.004375924,8.194,11.295,0.296850499
941,Europe,High income,18,0.5555555555555556,13.262690056229113,12.01319160916126,95.89371980676329,8.21256038647343,71.45,17.63888888888889,0.8173548896056351,,,-2.4607442516689533,0.2239845,6.555600238,0.029255704,0.102,21.878,0.557362513
9410,Central and Southern Asia,Lower Middle,16,0.3125,32.109469424331756,20.798338774278516,93.20652173913044,8.967391304347826,71.225,149.75,0.33085221103047097,,,3.565191143369814,0.2639533951048951,7.423533552,0.018924946,27.445,15.336999999999998,0.288806906
9427,Eastern and South-Eastern Asia,Upper Middle,16,0.375,25.373899526498786,21.344646530616373,94.29347826086956,9.51086956521739,74.04375,104.11875,0.4536811568172074,1.338213396086059,1.145349871311344,2.478469821308098,0.2569522162162162,7.791418269,0.003865808,10.598,20.478,0.310290576
9429,Eastern and South-Eastern Asia,Upper Middle,24,0.5416666666666666,26.868948178276923,23.21055991334781,93.1159420289855,10.326086956521738,63.237500000000004,106.32083333333333,0.3903159299451388,0.9211423413507008,0.7877578102010995,0.2162655138835881,0.1801059630681818,7.656664883,0.004113151,4.009,22.308,0.346021506
9431,Eastern and South-Eastern Asia,Upper Middle,20,0.7,26.33338111985406,22.97386621272542,92.82608695652173,8.478260869565217,70.11500000000001,97.81,0.4465977067899473,42.65349931481272,36.52142119158341,1.6579108626085262,0.2251692227979274,7.99265179,0.007504402,8.424,17.942,0.261105567
9433,Eastern and South-Eastern Asia,Upper Middle,20,0.5,27.538133745193523,23.96924763087143,95.0,9.565217391304348,60.025,103.73499999999999,0.37060116951714184,2.9064516190839687,2.484603346725263,3.501422649057679,0.2478267777777777,9.127936601,0.004021464,9.931,14.186,0.343528187
9441,Eastern and South-Eastern Asia,Upper Middle,20,0.7,25.73070146560671,21.97329438149412,94.34782608695653,10.652173913043478,77.41,95.285,0.4864385394959257,0.965185555415682,0.8257226607834666,0.958287984028076,0.2333093684210526,7.18750483,0.005727415,2.894,25.69,0.314221362
9448,Central and Southern Asia,Lower Middle,17,0.29411764705882354,24.924478880530415,21.06257354945833,90.53708439897699,10.230179028132993,46.89411764705883,121.1470588235294,0.2874443827086417,5.262041027021186,5.695857865237404,-1.4363290407709957,0.1642471666666666,5.704971433,0.015353211,8.857,18.339,0.416635719
9449,Eastern and South-Eastern Asia,Upper Middle,18,0.5,26.31924316710323,23.4718330374699,93.23671497584542,11.594202898550725,57.27777777777778,103.62222222222222,0.36293877244296563,2.5557264468731957,2.186358948458437,3.476223337059563,0.2601715,8.182753938,0.009846182,15.859,9.02,0.301432067
9450,Central and Southern Asia,Lower Middle,23,0.4782608695652174,18.691103249394782,16.09539037411883,92.62759924385632,9.640831758034025,65.82173913043479,56.6,0.5686675118793267,2.3501053126573597,2.547552770131314,-1.957549744256637,0.1437014615384615,8.175467385,0.012497924,2.413,28.401,0.490031937
9452,Central and Southern Asia,Lower Middle,23,0.30434782608695654,25.852496295849683,23.46721787964552,94.32892249527411,9.640831758034025,76.27391304347827,91.90434782608696,0.47707877542024135,1.9761317082475025,2.1429221958241156,-1.740958886172873,0.1955540172413793,6.65696399,0.012649408,1.44,4.145,0.516028058
9453,Eastern and South-Eastern Asia,Upper Middle,21,0.6666666666666666,26.301147182404055,22.737678166589276,93.16770186335404,8.902691511387165,66.6047619047619,101.9952380952381,0.4225027025246182,,,3.922347101429719,0.2572003902439024,8.654766164,0.007535247,17.386000000000003,9.046,0.300885107
9455,Eastern and South-Eastern Asia,Upper Middle,20,0.5,27.537827660279618,24.366859172721423,95.43478260869566,9.347826086956522,75.225,83.36,0.4776879531329845,2.609191850722284,2.2307329361834007,1.8876070936467102,0.2119547182320442,9.558817292,0.014504437,5.872,20.397,0.313548481
9459,Eastern and South-Eastern Asia,Upper Middle,21,0.7142857142857143,25.792485027560968,22.252286953358116,94.40993788819875,10.559006211180124,75.06190476190477,97.74285714285713,0.46461117870787255,4.766862751608555,4.0814252363919215,3.095792585363485,0.2737839268292683,8.323820336,0.004175313,7.403,17.038,0.280670045
9462,Central and Southern Asia,Lower Middle,18,0.7777777777777778,24.536477877344073,19.724164191378335,93.47826086956522,8.695652173913043,29.5,151.19444444444446,0.18024986894502862,8.154961134381123,8.824795212469162,0.25765726373342024,0.1886478775510204,5.956046111,0.018577798,15.833,6.191,0.355881555
9464,Central and Southern Asia,Lower Middle,26,0.34615384615384615,26.620849306847944,24.88284820221037,93.31103678929766,9.866220735785951,123.77692307692307,29.465384615384615,0.8199903478088154,,,-4.850059221438437,0.0912816802816901,3.930570175,0.008129989,0.075,40.126999999999995,0.631183597
9465,Eastern and South-Eastern Asia,Upper Middle,20,0.3,27.154609483572187,23.795763012146743,93.69565217391305,10.217391304347824,61.44500000000001,98.85,0.3861259192883676,2.221838446040304,1.8995034360943888,-1.1797679987212846,0.1928454285714285,7.303477374,0.0025334,2.004,20.098000000000003,0.444469828
9471,Eastern and South-Eastern Asia,Upper Middle,20,0.7,26.32529199479332,22.80664361251565,93.26086956521739,9.347826086956522,69.08500000000001,99.935,0.4360443341245442,,,2.357335862247516,0.2571257,7.629006903,0.00333621,4.083,17.999,0.313449453
9472,Central and Southern Asia,Lower Middle,26,0.6153846153846154,25.861640712896982,24.349780860630446,92.80936454849498,9.698996655518394,112.75769230769232,46.650000000000006,0.710711425705187,,,-2.190069512846133,0.1325050446428571,6.29333904,0.008430351,0.255,20.586,0.658327037
9476,Central and Southern Asia,Lower Middle,22,0.09090909090909091,18.624659462066372,16.155318915923978,94.46640316205534,10.869565217391305,66.96363636363637,57.10909090909092,0.565444522631585,3.194249121614406,3.4602190496426877,-3.8878297709118597,0.1066916666666666,5.703782328,0.00813523,1.58,33.407000000000004,0.613686832
9481,Eastern and South-Eastern Asia,Upper Middle,18,0.7222222222222222,25.940145846335096,22.59567317141135,94.44444444444444,10.144927536231883,74.72777777777779,94.41666666666667,0.46916823099270083,19.634255984028893,16.815168654701043,1.965411088102094,0.2500469921259842,8.728456021,0.006987824,5.326,16.958,0.293519178
949,Europe,High income,25,0.28,18.155110469024986,15.42435557552033,94.60869565217392,10.782608695652172,46.464000000000006,78.284,0.3949346217046649,,,0.1951690572950662,0.2386095517241379,7.745634689,0.015179436,4.541,21.373,0.448193836
9493,Eastern and South-Eastern Asia,Upper Middle,23,0.782608695652174,26.777877589589526,23.184275552856892,92.43856332703213,10.018903591682419,67.59130434782608,99.40434782608696,0.4255619847476676,10.921142120940486,9.349902539315316,2.8940519563264706,0.2414667878787879,7.315143545,0.004101938,15.205,15.574000000000002,0.295262629
9495,Eastern and South-Eastern Asia,Upper Middle,18,0.5,26.642872042973305,24.15529494442561,94.44444444444444,8.937198067632849,94.73333333333333,63.73888888888889,0.5998957752245655,1.299141761933847,1.1136374878055184,0.43035835009846435,0.1670769551282051,10.32449466,0.010323052,5.6739999999999995,18.857999999999997,0.382522428
9499,Eastern and South-Eastern Asia,Upper Middle,20,0.3,26.88800543629394,23.93740940224071,93.47826086956522,11.086956521739129,70.69,89.00500000000001,0.4466376946488605,1.503354004259829,1.285586690239756,1.798233354497137,0.2239744444444444,8.00895821,0.004964677,12.227,16.746,0.37830353
9501,Eastern and South-Eastern Asia,Upper Middle,19,0.631578947368421,25.990045954174185,23.114119951635846,95.19450800915331,10.068649885583524,90.03157894736843,75.07894736842105,0.5764215338216424,2.552952110157422,2.1858170678517843,4.399480171024132,0.3214719038461539,10.09919688,0.00283193,7.259,15.924,0.296272287
9503,Eastern and South-Eastern Asia,Upper Middle,22,0.6818181818181818,26.035257253046606,22.596842200587847,92.88537549407114,9.881422924901186,77.2090909090909,88.89090909090909,0.48883846925578,9.071620477963435,7.768489788420949,0.1866365780052035,0.2013732857142857,6.907643233,0.003734763,7.0440000000000005,28.729999999999997,0.337454142
9507,Eastern and South-Eastern Asia,Upper Middle,18,0.6666666666666666,25.63755718576981,21.64197269095042,95.16908212560386,9.661835748792269,77.70555555555556,97.9,0.47794373033999293,7.037234623903257,6.026642544653831,3.1381703108781993,0.2474175,7.972539275,0.004288011,13.981,9.89,0.283730028
9510,Central and Southern Asia,Lower Middle,16,0.375,25.782927444043782,22.433939567144673,92.3913043478261,9.51086956521739,42.337500000000006,122.23750000000001,0.2634367407334947,8.234503542763413,8.908004028737816,0.43833966444771594,0.2118279754299754,6.321380829,0.012313426,13.007,11.221,0.374119073
9513,Eastern and South-Eastern Asia,Upper Middle,21,0.5714285714285714,25.718719131227544,22.175587937853972,94.20289855072464,9.937888198757763,83.72857142857143,88.64285714285714,0.5186930094551768,6.149614739986269,5.266517236209659,4.5122448737151934,0.3000245675675675,9.067896424,0.004467148,8.89,9.192,0.281892401
952,Europe,High income,25,0.68,17.39135638062852,14.095417449405026,94.08695652173914,10.434782608695652,40.376000000000005,96.85600000000001,0.3119643310446982,,,-0.6112748111643282,0.2057496923076923,8.213566536,0.025872455,4.025,24.378,0.466556395
9524,Central and Southern Asia,Lower Middle,17,0.47058823529411764,28.83183144389364,20.28119978165182,93.60613810741688,9.462915601023017,24.98235294117647,175.64117647058825,0.13375179903235543,,,4.379900581818422,0.2554669606299212,8.024345897,0.021275102,32.59,6.711,0.273292755
9525,Eastern and South-Eastern Asia,Upper Middle,22,0.5909090909090909,27.091941763903698,23.314249645535348,93.67588932806325,10.474308300395256,66.30454545454546,103.5909090909091,0.4063889247592648,1.0961110754940322,0.9374543767791814,1.7530322247476837,0.2227178,6.997379429,0.00407982,13.448,6.226,0.321872289
9527,Eastern and South-Eastern Asia,Upper Middle,22,0.5,27.04553733363299,24.471114004427985,93.08300395256917,9.288537549407113,81.78636363636365,73.30454545454546,0.5336035512901705,1.7880105098357335,1.529216949768169,2.7350777221053626,0.2398734782608695,8.76689311,0.005369591,5.3629999999999995,15.942999999999998,0.337612322
9529,Eastern and South-Eastern Asia,Upper Middle,22,0.5909090909090909,26.983202762603785,23.344807727269902,93.87351778656127,11.067193675889326,72.31818181818181,91.55,0.45333781529342204,1.4131619049490294,1.2082604216894497,3.8097165817850884,0.2585362608695652,8.425088328,0.00517068,17.060000000000002,8.822000000000001,0.301642311
953,Europe,High income,32,0.65625,17.5461224576511,14.491485072801359,91.9836956521739,10.326086956521738,62.709375,75.2375,0.47261967040058384,,,-1.9072348372567243,0.1675227407407407,9.121392368,0.032466257,2.856,30.991999999999997,0.547663137
9531,Eastern and South-Eastern Asia,Upper Middle,23,0.5217391304347826,27.06535942996694,23.21072695555938,93.19470699432891,11.342155009451796,71.94347826086957,94.99565217391304,0.44881783948216364,2.1191415469342263,1.812626257464225,-0.02792290226453653,0.19284724,6.780061791,0.005953999,9.183,22.22,0.346698776
9535,Eastern and South-Eastern Asia,Upper Middle,20,0.35,26.691804014205957,23.43320835211201,94.78260869565217,12.173913043478262,69.075,97.225,0.4200375300734126,2.4417063038580102,2.088256988909677,-1.2143928264061719,0.1849002380952381,8.081376537,0.004646369,5.5200000000000005,21.185,0.311308273
9537,Eastern and South-Eastern Asia,Upper Middle,20,0.65,25.891965770252444,22.382521764329525,94.34782608695653,8.91304347826087,74.69000000000001,93.4,0.47253646174355496,1.087700944673329,0.9301942100870604,1.1591664101572314,0.21969664,6.200884354,0.00750058,12.905,17.700000000000003,0.322039149
9539,Eastern and South-Eastern Asia,Upper Middle,21,0.7619047619047619,26.27083278398839,22.84180013672837,92.54658385093168,9.523809523809524,80.07619047619048,86.33333333333333,0.5094838265336437,8.861493285369166,7.586922694162597,4.053197360959119,0.2662086857142857,7.275768404,0.00413064,15.441,5.621,0.300646749
954,Europe,High income,25,0.56,22.20117313515274,18.173112021012052,92.34782608695652,10.434782608695652,55.728,95.704,0.37996448972728103,,,0.7921451714550882,0.2486852264150943,8.790313529,0.017244095,8.172,19.47,0.433058635
9545,Eastern and South-Eastern Asia,Upper Middle,24,0.75,25.97363045880964,22.2971958491547,94.92753623188406,9.057971014492752,66.71666666666667,102.8125,0.41558920502261226,0.8408886224663655,0.7185102750311548,2.61089814777152,0.234199625,7.004697434,0.004843338,17.772,14.103,0.29054773
9556,Central and Southern Asia,Lower Middle,28,0.39285714285714285,25.59610003743855,23.91078669548329,93.47826086956522,9.161490683229813,124.20714285714287,30.875,0.8079459599564957,,,-6.2568373464388625,0.0593036111111111,3.148408079,0.005935828,0.055,55.797,0.73134928
9558,Central and Southern Asia,Lower Middle,13,0.5384615384615384,23.847830410350973,19.830254673225003,94.98327759197325,10.033444816053512,34.90769230769231,139.7,0.22484510371327676,10.177761865046666,11.0109064503446,4.331359224731869,0.2427843720238095,8.230081411,0.020367944,26.514,5.596,0.315467449
9563,Eastern and South-Eastern Asia,Upper Middle,22,0.6818181818181818,26.378412402759924,22.74999876018186,92.29249011857708,10.276679841897232,78.05909090909091,88.97272727272728,0.49008025169942543,3.5519749848935884,3.040492570170325,3.0096244551379496,0.2473378787878788,7.55916804,0.002906178,8.855,7.954,0.30099122
9565,Eastern and South-Eastern Asia,Upper Middle,17,0.6470588235294118,26.900850506950835,24.038110953791612,93.86189258312021,9.207161125319693,76.62941176470588,77.94117647058823,0.5008024712347555,7.274959119217489,6.221470762711633,3.2399621916164016,0.2262915789473684,9.942101843,0.006902859,8.379999999999999,12.857,0.347704456
9567,Eastern and South-Eastern Asia,Upper Middle,19,0.5263157894736842,27.66557249771924,25.2608397787069,94.05034324942793,10.068649885583524,90.90526315789474,70.3157894736842,0.5689083353862029,1.6764519415834005,1.432756040061311,2.6976066198389814,0.2509811578947368,8.929954438,0.005309738,10.966,4.806,0.366134095
9570,Central and Southern Asia,Lower Middle,11,0.18181818181818182,25.498870482759276,22.549667482252843,92.49011857707511,9.486166007905139,46.47272727272727,115.27272727272727,0.2935302448977417,3.408702911713843,3.69182417154955,-1.5986022713783536,0.1523750425531914,5.194367813,0.008475689,4.851,16.93,0.493048873
9571,Eastern and South-Eastern Asia,Upper Middle,22,0.6363636363636364,27.121419254917395,23.440112064818894,94.26877470355731,11.264822134387352,74.66818181818182,92.28181818181818,0.46016117415747676,7.48931304956641,6.408583265685028,0.3765336399782289,0.1901049790575916,7.621517344,0.009493358,5.601,19.738,0.339757285
9577,Eastern and South-Eastern Asia,Upper Middle,19,0.5789473684210527,27.044375741911093,24.260887363672783,95.19450800915331,7.551487414187643,71.89473684210526,85.6842105263158,0.4595731550357803,1.5263943440400976,1.305148004355199,1.1677703965727304,0.1738412352941176,6.877768453,0.002117231,8.358,12.349000000000002,0.398592368
9579,Eastern and South-Eastern Asia,Upper Middle,26,0.7307692307692307,26.109721311935644,22.91438272279208,93.31103678929766,9.364548494983277,75.96923076923078,88.52692307692307,0.4818696166957563,9.59758699247222,8.217758562973138,5.137048434553778,0.2884707569444444,8.176357497,0.006158875,23.117,3.355,0.276157548
958,Europe,High income,25,0.84,16.754401686290002,14.198058069040934,94.43478260869566,8.521739130434783,61.96,60.948,0.5355005928626979,,,-0.9710928748029599,0.19339971875,7.173195599,0.030330957,3.609,18.654,0.454333965
9581,Eastern and South-Eastern Asia,Upper Middle,23,0.7391304347826086,26.143142859034725,22.916289072085785,92.43856332703213,9.262759924385634,77.53478260869566,89.08695652173913,0.4890540453484875,1.0687891731771828,0.9140689556471092,1.1177858069305058,0.2395480476190476,6.304399937,0.003092591,6.989,22.731,0.312233402
9583,Eastern and South-Eastern Asia,Upper Middle,18,0.5,26.31446563978704,23.671876595054147,93.96135265700484,11.11111111111111,76.81666666666666,81.4,0.49193168518435354,3.3760216208451177,2.8881703238452077,1.6781256656638484,0.2370540833333333,7.472262016,0.0045472,12.648,7.652000000000001,0.304038744
9587,Eastern and South-Eastern Asia,Upper Middle,20,0.55,26.906083432800955,23.27032127364398,93.04347826086956,11.521739130434781,74.985,93.47,0.46405282592537606,1.138745550386583,0.9738856832693504,3.268320105345771,0.2527863,7.169300788,0.005894731,21.644,13.803,0.3057375
959,Europe,High income,26,0.5,18.46246258703628,14.9722874180781,92.64214046822742,9.698996655518394,42.83846153846154,96.55000000000001,0.3218032342230448,,,-1.8130833402338422,0.2157806956521739,6.161490043,0.030683195,3.488,21.17,0.435772473
960,Europe,High income,23,0.43478260869565216,18.79018061571845,14.953864621111245,94.13988657844992,10.396975425330812,41.5,91.85217391304347,0.33314850615865826,,,-2.1576622140064905,0.1955762,7.126643024,0.028986824,1.942,23.464999999999996,0.479787082
9602,Central and Southern Asia,Lower Middle,14,0.2857142857142857,33.163616247776616,21.23320704472355,92.2360248447205,7.763975155279502,46.91428571428572,175.35714285714286,0.21941744462666282,,,-0.29671618730837646,0.1826014464285714,6.529247912,0.012715287,13.86,13.293,0.363302171
9603,Eastern and South-Eastern Asia,Upper Middle,17,0.5882352941176471,25.666003213360582,22.637569380148058,95.14066496163683,8.695652173913043,100.99411764705883,68.52941176470588,0.627590732536525,23.012199865250125,19.71026851487332,4.583656001070497,0.2604611761565836,11.4603184,0.00917782,15.887,9.631,0.283872855
9604,Central and Southern Asia,Lower Middle,19,0.47368421052631576,31.770118826098898,21.57504882183136,93.59267734553777,10.755148741418763,30.28421052631579,185.1263157894737,0.15026206945408557,,,0.20643428134667535,0.211596375,6.061949779,0.007543361,15.916,25.153,0.34850302
961,Europe,High income,22,0.8636363636363636,17.832345632919168,15.046057214616075,93.67588932806325,9.090909090909092,89.83636363636364,47.26818181818182,0.663118319757682,,,0.4670049371022723,0.2392472105263157,8.959071998,0.031350823,6.662999999999999,10.417,0.437836482
9611,Eastern and South-Eastern Asia,Upper Middle,22,0.5454545454545454,26.909426340894946,23.31736397579653,94.66403162055336,10.869565217391305,74.78181818181818,93.00454545454546,0.45998182852869607,11.59364434615093,9.920758137318494,3.099740103951386,0.2436175454545454,7.432292942,0.004603294,15.718,7.657,0.305558163
9613,Eastern and South-Eastern Asia,Upper Middle,18,0.7777777777777778,27.758838293287518,25.057735307975165,94.92753623188406,9.420289855072463,79.1,79.66111111111111,0.5083416029191741,3.977532029894987,3.3994886335842804,3.579153811650131,0.2670595,9.945631621,0.012508909,6.09,8.235000000000001,0.336294843
9615,Eastern and South-Eastern Asia,Upper Middle,21,0.8571428571428571,27.324871148322202,24.46366114290467,93.99585921325053,10.144927536231885,63.333333333333336,98.02380952380952,0.39691326472177657,9.013815531694284,7.706423943649726,3.5152915948372723,0.2572253611111111,12.3380159,0.004966308,5.582,7.564,0.405633726
9617,Eastern and South-Eastern Asia,Upper Middle,26,0.5384615384615384,25.881083436430274,22.604005284301515,93.47826086956522,10.033444816053512,73.43846153846154,91.71538461538464,0.4706078647278634,0.4607346070293244,0.3934927528208006,4.527307396247378,0.2621991538461538,7.257652765,0.003792643,21.861,10.884,0.261150317
9620,Central and Southern Asia,Lower Middle,20,0.7,27.115261379080994,22.81518550045551,92.3913043478261,9.782608695652174,31.755000000000003,151.88500000000002,0.17541161888806628,6.579710735879048,7.119604832773835,1.9112109093512697,0.2272555828877005,6.348891221,0.01124853,18.471,11.855,0.314568156
9629,Eastern and South-Eastern Asia,Upper Middle,26,0.6153846153846154,25.779826738098766,22.590015183792577,92.47491638795987,9.866220735785951,73.45769230769231,93.0,0.4668548957091015,0.5181551306299426,0.4427364476827489,1.453491952276016,0.2223339428571428,6.295951705,0.002617593,4.113,17.455999999999996,0.320860163
9631,Eastern and South-Eastern Asia,Upper Middle,23,0.6521739130434783,26.20989347540816,22.987361689870514,92.06049149338374,9.829867674858223,79.92173913043479,85.51739130434783,0.5035031213717391,1.427727826237889,1.2213267303052642,2.257032444928577,0.2151372619047619,6.806228269,0.003852698,15.348,15.082,0.297794314
964,Europe,High income,16,0.8125,20.891652756982143,16.074565590669344,94.56521739130434,8.42391304347826,28.6625,133.5625,0.18511059588349071,,,-0.39240388748030675,0.2367170434782608,8.157339157,0.02295968,4.263,15.901000000000002,0.396479264
9643,Eastern and South-Eastern Asia,Upper Middle,21,0.5238095238095238,26.57776153201151,23.271977016869386,92.96066252587991,10.351966873706003,78.38095238095238,90.32380952380953,0.4860623769357923,3.863019284568043,3.3067758402719485,2.88511866222535,0.2268939545454545,7.721852567,0.003916894,18.94,17.058,0.256557767
9646,Central and Southern Asia,Lower Middle,20,0.3,28.047768071781558,22.92344178072666,92.6086956521739,10.434782608695652,35.05,144.95,0.1988531984884507,3.308529191157396,3.583737638492579,-0.9925338381965302,0.1813340454545454,5.398489883,0.004570039,7.418,18.698000000000004,0.431398101
9647,Eastern and South-Eastern Asia,Upper Middle,19,0.6842105263157895,27.117733552402125,23.05979452250115,95.19450800915331,10.755148741418763,67.47368421052632,102.44736842105263,0.4094052761992778,10.334499623458226,8.847380256728833,5.7656574773173235,0.2752202352941176,7.500154227,0.003802822,32.111,6.337999999999999,0.291011257
9651,Eastern and South-Eastern Asia,Upper Middle,22,0.5,27.486033554669287,24.786258795938455,93.67588932806325,9.881422924901186,77.46818181818182,79.04545454545455,0.5038192741371489,1.0968987794181462,0.9365682098645552,2.4181627734007285,0.21005765,9.271662091,0.002118289,7.662,14.18,0.345582615
9659,Eastern and South-Eastern Asia,Upper Middle,22,0.5909090909090909,27.285909699999625,24.469122903421024,94.26877470355731,10.079051383399209,77.68636363636364,81.56818181818181,0.4997467477140239,2.1099363825309623,1.8029202846676504,-0.07535676421012133,0.1949556,8.13237471,0.007096029,3.352,17.602,0.32306102
9664,Central and Southern Asia,Lower Middle,20,0.3,23.800628743875247,19.62405249517636,95.21739130434783,9.782608695652174,37.4,133.445,0.2275508269556461,3.205931912845554,3.473123976835956,0.42797025296925806,0.1834433827160493,5.799862034,0.014015602,7.347,5.799999999999999,0.324307955
9666,Central and Southern Asia,Lower Middle,18,0.3333333333333333,31.862248855278533,21.50678401555688,92.27053140096618,9.661835748792269,28.516666666666666,189.48333333333335,0.14303606528825974,,,1.922334764599093,0.2294043191489361,6.791545526,0.017778291,23.385,23.406999999999996,0.303168518
967,Europe,High income,14,0.7857142857142857,18.301929990256735,14.95663642846724,95.03105590062113,9.627329192546583,40.5,108.25,0.27309645716353154,,,-1.1690399435734284,0.2067740392156862,8.517137155,0.032044095,1.669,22.500000000000004,0.482826408
9672,Central and Southern Asia,Lower Middle,18,0.4444444444444444,30.130462754621803,19.43932952780979,93.96135265700484,10.38647342995169,56.55555555555556,155.99444444444444,0.2808344401154085,,,-1.5085093468249995,0.1696972857142857,5.272315343,0.007269747,12.555,24.877,0.360228613
9677,Eastern and South-Eastern Asia,Upper Middle,24,0.5416666666666666,26.2137180407842,23.241418820897575,91.84782608695652,8.695652173913043,84.05,78.95416666666667,0.5364729447737713,1.8014230619897795,1.5415443814925025,2.5535909743566814,0.230022304347826,6.746782175,0.005884357,17.654999999999998,9.728,0.314409802
9679,Eastern and South-Eastern Asia,Upper Middle,21,0.9523809523809523,26.87742681957429,23.374509712016685,93.99585921325053,11.594202898550723,81.01904761904763,85.05238095238094,0.5117481815160451,3.2243886154535946,2.759577658233957,2.629341096152629,0.2456250869565217,7.475519753,0.003195884,16.28,5.6659999999999995,0.31954093
968,Europe,Upper Middle,26,0.19230769230769232,22.923782143226063,17.271022201642843,93.81270903010032,9.531772575250836,31.77692307692308,134.6846153846154,0.20124740673778968,1.8294478738587532,4.034324550960895,-1.20452689023805,0.22676325,5.935201794,0.014745013,6.021,13.774,0.450107964
9685,Eastern and South-Eastern Asia,Upper Middle,18,0.6111111111111112,26.83494403577126,24.07052454185269,93.47826086956522,10.38647342995169,78.9388888888889,83.76111111111112,0.4965256924233514,40.71663382841232,34.84416979017152,2.604215683053874,0.2191674528301886,9.077342707,0.00508195,12.951,14.454,0.312230377
9687,Eastern and South-Eastern Asia,Upper Middle,17,0.5882352941176471,27.495538943027935,24.644001416453552,95.39641943734014,7.672634271099745,61.9,99.04117647058824,0.3909625252964455,9.788128489096175,8.367405998970039,3.068842727221502,0.2366814117647059,9.029169911,0.002972073,9.613,20.264,0.289227373
9689,Eastern and South-Eastern Asia,Upper Middle,22,0.6363636363636364,26.783325818941922,23.259796237003613,93.47826086956523,10.276679841897232,66.48181818181818,98.95454545454545,0.41338482862844705,18.4538562842311,15.791810872695274,-1.0133560164248603,0.1551262758620689,5.865856895,0.003127663,12.97,37.388,0.337371154
969,Sub-Saharan Africa,Upper Middle,8,0.75,18.150888353114496,16.46884412108904,88.58695652173913,10.869565217391303,21.3625,145.7375,0.12544348470024677,,,0.4453166951122684,0.243645649122807,6.857150777,0.018979994,5.04,10.775,0.347724507
9692,Central and Southern Asia,Lower Middle,15,0.3333333333333333,30.357152277369092,23.163365099574836,94.20289855072464,9.565217391304348,59.660000000000004,137.17999999999998,0.3357754573233748,,,-5.096109802302548,0.0851183372093023,3.607261124,0.007857533,4.411,50.011,0.312448519
9693,Eastern and South-Eastern Asia,Upper Middle,16,0.5625,25.272710523612773,22.126043509099024,93.75,9.51086956521739,84.05625,86.3375,0.5201547439391704,2.0397304851351694,1.748014125776726,2.9218622660568547,0.2531089512195122,9.636285513,0.005800243,8.626,17.911,0.27936917
97,Europe,Upper Middle,20,0.75,21.99261607383621,16.197911788115547,94.1304347826087,9.130434782608695,25.275,138.065,0.16697468392450274,,,-0.8610172654689644,0.24390772,7.435008567,0.01861646,4.787,10.955,0.459075563
9703,Eastern and South-Eastern Asia,Upper Middle,21,0.5714285714285714,27.024790599935447,23.4022563419419,94.20289855072464,10.973084886128364,77.11904761904762,90.57142857142858,0.47739916890582734,9.602722677958369,8.217184296442545,2.8825887549807767,0.2338638018867924,7.898615804,0.005153211,11.791,7.702,0.307354795
9705,Eastern and South-Eastern Asia,Upper Middle,24,0.5416666666666666,26.303586584272846,22.978688526073938,92.21014492753623,10.688405797101447,75.5875,92.52083333333333,0.4710918323916806,5.099482291561757,4.365755696290362,5.578430431588578,0.269869,7.664186957,0.004870828,30.421,7.988,0.257105161
9707,Eastern and South-Eastern Asia,Upper Middle,24,0.7083333333333334,25.65218054829531,22.920096401123747,94.0217391304348,9.96376811594203,75.83333333333333,93.03333333333335,0.4704361898210818,8.454932277002113,7.239599715033536,0.8054879222013762,0.2106682571428571,7.622991702,0.003980889,5.398,23.173,0.309048837
971,Europe,Lower Middle,15,0.8,18.411330110168482,15.118514492042975,96.23188405797102,8.695652173913043,42.93333333333333,80.38000000000001,0.3672004848993676,,,-3.0821493954881776,0.1546143846153846,6.259170045,0.022400359,1.177,25.715,0.561845602
9710,Central and Southern Asia,Lower Middle,17,0.47058823529411764,31.23886341998701,20.03879324888713,93.60613810741688,9.207161125319693,50.27058823529412,159.90588235294118,0.25017983176713027,,,-1.6210333666038164,0.17432815625,5.520514967,0.008603359,7.795,28.394,0.353888152
9714,Central and Southern Asia,Lower Middle,14,0.35714285714285715,30.590125876573687,24.109077011359428,91.61490683229815,10.248447204968944,69.15714285714286,123.52142857142857,0.39772181907727944,,,1.9048658056402277,0.2160051602564102,6.617202002,0.013181786,25.262,21.793,0.284692855
9715,Eastern and South-Eastern Asia,Upper Middle,20,0.55,27.856516073566592,25.201861758437897,94.34782608695653,9.782608695652174,73.095,81.34,0.4853485613858065,8.45169031885,7.221690641349432,2.4636695958215693,0.2334076640625,9.820055542,0.005907428,7.713,14.415,0.314306458
9716,Central and Southern Asia,Lower Middle,17,0.5294117647058824,28.645980718632252,23.243780544102094,92.58312020460359,12.020460358056265,46.20588235294118,142.45882352941177,0.24653956785441142,7.374575537143003,7.978766414146804,0.1958656476962895,0.1869690126582278,5.736307494,0.011354902,13.763,20.1,0.382108781
9720,Central and Southern Asia,Lower Middle,17,0.6470588235294118,26.402632694618404,21.821154542610067,92.83887468030692,11.764705882352942,44.85294117647059,124.89411764705883,0.2647080900467726,1.73483235531904,1.8821722383459212,-3.201868167643921,0.1087625106382978,4.248184107,0.003866011,5.008,32.484,0.407501255
9723,Eastern and South-Eastern Asia,Upper Middle,19,0.5263157894736842,25.884072768525566,22.65141469610299,94.05034324942793,9.153318077803204,106.86842105263158,62.77368421052632,0.6598709820572236,10.373380749281557,8.895704458563287,4.10154598729602,0.2720247904761905,10.94673732,0.00372416,5.242000000000001,18.427,0.272648415
9725,Eastern and South-Eastern Asia,Upper Middle,16,0.5625,25.172071245676808,22.238928970397602,95.3804347826087,8.42391304347826,111.41875,58.9125,0.6826345545672468,2.671630328386868,2.289968852903029,2.259050631349068,0.2285442470588235,9.589185129,0.005265849,7.942,17.610999999999997,0.27522539
9727,Eastern and South-Eastern Asia,Upper Middle,22,0.8181818181818182,26.063163560347153,23.15608098186216,92.29249011857708,9.288537549407113,82.72272727272728,80.71363636363637,0.525757966912587,0.9824739283207424,0.8402694922729983,3.7848341236029004,0.26053765625,6.88016898,0.007508549,19.551,6.578,0.31187321
9731,Eastern and South-Eastern Asia,Upper Middle,21,0.7142857142857143,24.22059333781763,22.26354126669151,94.824016563147,10.351966873706003,104.28571428571429,57.538095238095245,0.6746585031219241,11.406539048625424,9.778071072620223,3.602293554661448,0.2673091075949367,9.172155746,0.008110617,14.872,4.876,0.281702421
9733,Eastern and South-Eastern Asia,Upper Middle,21,0.5238095238095238,27.1310138911464,23.599521571812787,94.61697722567288,10.973084886128365,79.55238095238096,89.37619047619049,0.48754549607220843,1.0932556487691285,0.9352881909878732,0.5441363828814637,0.1959126363636363,6.458684336,0.008672735,8.389,16.831000000000003,0.292938613
9735,Eastern and South-Eastern Asia,Upper Middle,23,0.6086956521739131,27.98865315730243,24.864008023442324,94.7069943289225,9.45179584120983,76.90434782608696,83.15217391304348,0.49031236434939307,10.468146226850797,8.944660024463182,3.7057617122342688,0.2474869310344827,9.999305813,0.004500923,12.815,5.489999999999999,0.376571847
9736,Central and Southern Asia,Lower Middle,21,0.14285714285714285,32.00358496189406,21.85120252574962,93.37474120082815,9.316770186335404,30.738095238095237,191.62857142857143,0.14600310079485496,,,-2.208467776500601,0.174689,5.066680081,0.009999052,6.563,28.141,0.401510636
9739,Eastern and South-Eastern Asia,Upper Middle,24,0.4166666666666667,25.999930614895295,23.201915046453532,92.93478260869564,9.057971014492752,78.42916666666666,88.36666666666667,0.49028848846198386,0.9091354500394204,0.7773925780710912,1.3851366942503065,0.2009493636363636,6.685369447,0.003425349,12.62,14.877,0.320973239
9740,Central and Southern Asia,Lower Middle,25,0.44,27.84564784627724,22.6092089294329,94.2608695652174,10.956521739130435,43.111999999999995,141.304,0.24693605421481554,0.7298015969075049,0.7961283655637779,-2.938838901364235,0.14060559375,5.588357766,0.006250962,3.212,21.057,0.40888275
9747,Eastern and South-Eastern Asia,Upper Middle,20,0.45,26.793068499247227,23.78051448263559,94.34782608695653,10.652173913043478,70.42999999999999,92.8,0.442443016384643,10.543536552319395,9.02202078090378,1.2179038548631655,0.188737,6.788283365,0.003234298,9.553,11.114,0.333213939
9749,Eastern and South-Eastern Asia,Upper Middle,13,0.5384615384615384,26.483275123077988,24.2882852632772,91.97324414715719,9.03010033444816,74.23846153846154,80.95384615384616,0.4833745485256842,0.9041082439917788,0.7726273306587864,3.1782006063075188,0.226240044117647,9.229007052,0.00433155,9.213,10.321,0.320138287
9752,Central and Southern Asia,Lower Middle,21,0.42857142857142855,32.404634562423084,21.85241718857415,93.16770186335404,9.730848861283643,36.05714285714286,185.58095238095237,0.16920678834895148,,,-2.431793778618129,0.1373570465116279,5.51573746,0.009571212,6.112,15.651,0.402612489
9759,Eastern and South-Eastern Asia,Upper Middle,24,0.7083333333333334,26.493212043272493,23.11433322640892,92.21014492753623,10.688405797101447,78.30833333333334,91.325,0.48401278537192965,7.12609427930368,6.10080294572027,4.2064054055477555,0.2548848387096774,8.034885077,0.00312139,25.584,5.621,0.300507741
9760,Central and Southern Asia,Lower Middle,25,0.44,27.15126103406633,24.488855248565415,93.56521739130434,9.043478260869565,53.576,111.81200000000001,0.3372966360021065,,,-3.194452284523071,0.1219125,4.537052126,0.004184706,1.236,23.371,0.461540897
9761,Eastern and South-Eastern Asia,Upper Middle,23,0.782608695652174,26.337474649137288,23.083460692713082,93.00567107750472,10.775047258979205,83.01739130434783,83.48260869565217,0.5227653109283786,4.977479189771368,4.26112691988166,2.601718859680481,0.2294084569892473,7.923312298,0.006804159,13.755,12.509,0.285102801
9763,Eastern and South-Eastern Asia,Upper Middle,21,0.6666666666666666,25.451343840826127,22.813394472895205,95.44513457556936,9.730848861283643,83.21904761904763,87.11428571428571,0.5115471945074842,7.259790543539078,6.216673871764875,3.9915591965084136,0.2531968095238095,8.940400095,0.005483389,16.242,13.177,0.285843142
9769,Eastern and South-Eastern Asia,Upper Middle,19,0.42105263157894735,27.90037958037832,25.069645218493395,94.50800915331808,9.839816933638444,71.0842105263158,85.46842105263158,0.4652347198147708,2.2764854057755604,1.9444682017624375,2.067922048731468,0.2243917142857142,9.528127422,0.004494064,8.870999999999999,19.702,0.306309739
9774,Central and Southern Asia,Lower Middle,14,0.5,30.54366807141596,24.267284186717234,91.30434782608697,10.248447204968944,66.46428571428572,123.35000000000001,0.390107890619957,,,-7.8389682623495425,0.0519878102189781,2.798663207,0.003489057,0.918,76.62800000000001,0.318879823
9778,Central and Southern Asia,Lower Middle,20,0.4,27.81527223626232,23.985069904914535,93.04347826086956,9.130434782608695,49.769999999999996,124.455,0.2921728035389578,,,-1.8718219979150945,0.1463762,5.552700408,0.006833669,6.2,23.994,0.427332996
9779,Eastern and South-Eastern Asia,Upper Middle,22,0.5909090909090909,22.937002968880225,20.414340252159366,92.49011857707511,11.264822134387352,70.42272727272727,74.33181818181818,0.5225405599351172,,,5.002711800229502,0.2958712660427807,12.03343843,0.006383277,11.207,12.345,0.194406181
9781,Eastern and South-Eastern Asia,Upper Middle,24,0.625,25.927219031680693,23.351868664957916,92.93478260869564,9.057971014492752,83.7375,80.47500000000001,0.5327658975527416,7.784386639823507,6.665714243279676,3.5876485960131177,0.2551660882352941,9.460280924,0.00549685,10.532,7.633,0.284067419
9785,Eastern and South-Eastern Asia,Upper Middle,23,0.7391304347826086,26.084883169200072,23.342883834106615,91.87145557655954,9.073724007561436,80.22608695652174,85.18695652173913,0.504455292113151,7.299669713867911,6.2499750346167895,3.102987514882552,0.2450569772727272,7.129100893,0.00581333,6.929,3.3880000000000003,0.283231776
9786,Central and Southern Asia,Lower Middle,22,0.36363636363636365,28.635784796974892,22.944159374640204,91.89723320158103,11.660079051383399,41.12727272727273,154.29090909090908,0.2135397354507009,3.3980765430940214,3.680597092033098,-1.0561314744819483,0.1650585833333333,5.756102791,0.011886886,7.284,17.536,0.425834135
9787,Eastern and South-Eastern Asia,Upper Middle,23,0.5217391304347826,26.91653241677933,23.640242124208193,93.19470699432891,10.396975425330812,69.74347826086957,98.98695652173912,0.42895048425619153,1.216137460930567,1.039987170901068,-0.824115174342734,0.1518947323943662,6.668593594,0.002749382,10.058,33.931000000000004,0.398266029
9791,Eastern and South-Eastern Asia,Upper Middle,20,0.55,26.28993672098437,23.461142839382386,93.04347826086956,8.91304347826087,90.135,75.06,0.569525929012005,2.9301063555987894,2.508204728915,2.2918599482349262,0.2421081774193548,7.124262714,0.009073207,14.305,7.783,0.329663517
9793,Eastern and South-Eastern Asia,Upper Middle,21,0.5714285714285714,28.485965209872262,25.077999179535812,93.7888198757764,9.316770186335404,82.38571428571429,88.81428571428572,0.500910576979807,7.07221368620457,6.042538704381886,0.6737216930396583,0.198824735042735,9.017890139,0.005759805,5.662,15.874,0.338657344
9794,Central and Southern Asia,Lower Middle,17,0.4117647058823529,24.11339919146369,20.13282014376976,94.62915601023018,9.974424552429667,35.51176470588236,134.7705882352941,0.21581746029389923,0.6110472668930088,0.6680112312292841,-2.5888261072123675,0.1109184444444444,3.760249222,0.011891498,5.63,15.354,0.377554829
9795,Eastern and South-Eastern Asia,Upper Middle,23,0.5652173913043478,25.666632488084925,23.104772157916795,93.5727788279773,9.45179584120983,85.10869565217392,79.61739130434783,0.5400011440342235,11.628272717326624,9.958052666085978,3.499540414073028,0.2656231428571428,9.092182645,0.004280055,10.492,7.31,0.295036233
9800,Central and Southern Asia,Lower Middle,24,0.4166666666666667,27.028088367064242,21.868707964833913,94.56521739130436,10.326086956521738,43.6875,144.9375,0.2340323522305524,7.215987860430812,7.807688093618337,0.33286593172283785,0.1973089741935484,5.525937909,0.011997331,14.252,7.565,0.40830079
9801,Eastern and South-Eastern Asia,Upper Middle,19,0.631578947368421,25.289361782178943,22.385322786144258,95.19450800915331,9.839816933638444,105.72105263157896,59.26842105263159,0.6704943415971539,1.3824779047328402,1.185366083462612,3.3576161604442625,0.2586430256410256,10.14023689,0.005276732,7.842,15.272,0.272535148
9804,Central and Southern Asia,Lower Middle,18,0.2777777777777778,25.648433603999607,21.272780195970412,95.41062801932367,9.178743961352657,42.8,136.02777777777777,0.24349713694368225,3.5048995118511734,3.796327153395557,-1.0373203721735451,0.16306868,4.963541354,0.008337435,7.786,13.09,0.349896866
9805,Eastern and South-Eastern Asia,Upper Middle,23,0.6521739130434783,26.897749738932703,23.699558349957897,93.3837429111531,11.342155009451796,61.24347826086956,105.88260869565218,0.37485617989854125,8.243244167931918,7.0532204645800105,4.015071947323012,0.2583779259259259,8.746249783,0.003768923,15.877,7.144,0.295510171
9806,Central and Southern Asia,Lower Middle,23,0.30434782608695654,27.454042907332894,23.94403629107227,93.00567107750472,8.884688090737239,27.495652173913044,143.34782608695653,0.16698845966231965,,,-2.819179439969258,0.1543464871794871,5.498712459,0.012058103,4.73,30.407,0.396966855
9810,Central and Southern Asia,Lower Middle,28,0.35714285714285715,26.67519025262356,21.7294333192035,94.25465838509317,9.782608695652174,58.40714285714286,120.96785714285714,0.33191306951001304,1.7174945959919643,1.8641509114468104,-2.2408650441754405,0.1662031481481481,5.024395514,0.007919561,5.83,33.126000000000005,0.401298201
9813,Eastern and South-Eastern Asia,Upper Middle,23,0.7391304347826086,26.744323168289817,23.33373614862172,93.00567107750472,10.396975425330812,72.85217391304349,97.96521739130436,0.4448907643289572,13.86338649417614,11.868961180404032,3.475937699416104,0.2470018387096774,8.129827168,0.004034738,20.795,14.273,0.316038909
9814,Central and Southern Asia,Lower Middle,19,0.5263157894736842,30.840860267442963,22.252576715509605,92.21967963386727,9.839816933638444,33.00526315789474,176.83684210526317,0.16561844879916648,,,0.08787942042699165,0.2329182277227722,6.355131465,0.018514525,12.662,16.78,0.380327871
9817,Eastern and South-Eastern Asia,Upper Middle,22,0.4090909090909091,26.32805113358934,23.213878529780928,93.67588932806325,10.67193675889328,88.25,77.97727272727273,0.558673150586348,1.2605809264642307,1.078179957965634,5.020357699238361,0.2943703333333333,7.973750739,0.003964059,18.238999999999997,3.821,0.293375856
9828,Central and Southern Asia,Lower Middle,24,0.4166666666666667,28.27831373551882,23.779815154278037,95.47101449275362,9.96376811594203,31.02916666666667,160.9625,0.16843092192174522,,,-2.0951076270429425,0.16214094,5.293218579,0.008474712,4.865,27.814,0.359960582
9829,Eastern and South-Eastern Asia,Upper Middle,22,0.4090909090909091,25.487095824154984,23.181150348620534,93.67588932806325,9.683794466403162,84.45454545454545,81.26818181818182,0.5329802205879376,8.589233262989246,7.361886701253787,1.6526849748757064,0.2102544133333333,7.519446261,0.005168804,13.646,20.427999999999997,0.305780007
9831,Eastern and South-Eastern Asia,Upper Middle,17,0.7058823529411765,26.846164842129557,24.620997337291772,93.86189258312021,9.718670076726342,79.09411764705882,78.98823529411764,0.506196159526293,30.460925662457743,26.067900877686256,3.2884394574338724,0.246822024691358,11.27139856,0.006165479,8.035,8.741,0.333463529
9839,Eastern and South-Eastern Asia,Upper Middle,21,0.5238095238095238,27.14250799282748,23.83415327178048,93.58178053830227,10.766045548654244,64.14761904761905,108.38571428571429,0.3822242683656866,0.7500407923247122,0.6409064705204164,2.9041514774143242,0.231867075,7.199237304,0.004707245,19.097,10.628,0.303863853
984,Sub-Saharan Africa,Low income,20,0.45,26.30333753585818,16.789660065465988,94.1304347826087,9.782608695652174,16.185,157.49,0.09276844561483835,,,-6.229622653653638,0.1020751764705882,3.443942316,0.00444938,0.411,72.637,0.560811902
9843,Eastern and South-Eastern Asia,Upper Middle,23,0.391304347826087,26.34058849377564,25.074940720807973,94.8960302457467,8.506616257088847,130.08260869565217,11.130434782608695,0.9287432763973891,,,3.6815498296996108,0.24115233984375,10.87007752,0.009435899,9.329,7.049,0.317072619
9847,Eastern and South-Eastern Asia,Upper Middle,24,0.6666666666666666,26.562278612454747,23.306230407538795,92.39130434782608,10.507246376811594,81.91250000000001,89.09583333333335,0.5007939646296928,2.878248411535821,2.463443755050311,3.9497714116619695,0.2597119615384615,7.781906593,0.003661007,25.852,6.625000000000001,0.320556907
9848,Central and Southern Asia,Lower Middle,23,0.08695652173913043,27.662074502743543,22.633760536882164,93.38374291115313,10.964083175803403,38.64782608695652,149.27826086956523,0.20734098875485815,2.470288920322475,2.6773891804803167,-1.3134899854244622,0.1475025333333333,4.206968508,0.008291988,6.599,18.324,0.394357563
9850,Central and Southern Asia,Lower Middle,24,0.25,27.863081896468405,23.074812639950434,93.65942028985508,9.96376811594203,36.67916666666667,160.19583333333335,0.18942821448786684,2.3972714751277953,2.598281769643869,-0.16279642889916296,0.1806587428571428,5.484667246,0.008690966,8.242,16.383,0.343940191
9859,Eastern and South-Eastern Asia,Upper Middle,18,0.2222222222222222,25.392682308535125,22.478838572217253,94.44444444444444,9.661835748792269,110.85555555555555,52.91666666666667,0.6992499544410834,2.4803199442664208,2.12583843023236,2.7172486870836026,0.2505155978260869,10.05122017,0.003965131,6.86,11.262,0.323964688
9860,Central and Southern Asia,Lower Middle,13,0.23076923076923078,30.567232676558067,24.158214707057326,92.3076923076923,8.361204013377925,67.7,120.61538461538461,0.4012885733025066,,,-8.507790173200386,0.0402348256410256,2.579910179,0.002075691,0.218,82.143,0.338528035
9861,Eastern and South-Eastern Asia,Upper Middle,22,0.36363636363636365,25.62259284973771,23.27272535554573,93.2806324110672,9.486166007905139,82.18636363636364,82.19090909090909,0.5224112044220545,13.68019992465858,11.72543536943364,3.1169901026167137,0.2226869541284403,7.666880973,0.005328961,20.184,16.613999999999997,0.298686582
9865,Eastern and South-Eastern Asia,Upper Middle,22,0.4090909090909091,28.508752178546327,25.095430225022152,93.67588932806325,10.079051383399209,73.48636363636363,91.80909090909091,0.45707398667938715,7.457429219303932,6.3709918327568795,1.153337827413821,0.2215087142857142,7.395093926,0.004954363,9.926,12.646,0.313219858
9867,Eastern and South-Eastern Asia,Upper Middle,21,0.5714285714285714,27.659078255075602,24.87755845708469,93.99585921325053,9.937888198757763,65.87619047619049,91.10952380952382,0.4358387377604196,20.042753562155102,17.127100308052118,3.240114565597919,0.2387827857142857,9.880151877,0.007160371,9.507,8.194,0.356263462
9873,Eastern and South-Eastern Asia,Upper Middle,19,0.6842105263157895,27.630021946201396,24.76570771583754,94.05034324942793,9.153318077803204,61.978947368421046,96.39473684210526,0.40134047006298545,1.577004321164284,1.3465681023647442,0.22960502146264591,0.1642409137931034,7.439230893,0.012665681,3.307,17.646,0.382705166
9875,Eastern and South-Eastern Asia,Upper Middle,18,0.3888888888888889,28.360980601652784,25.23704614101125,95.16908212560386,8.695652173913043,64.07777777777778,95.95555555555556,0.4081116812145946,1.183679960053149,1.0102771687774954,0.6712587718748595,0.181546129032258,8.581249657,0.00198812,8.292,22.271,0.357156756
9880,Central and Southern Asia,Lower Middle,31,0.5161290322580645,28.437069162617995,23.36226823689114,94.109396914446,11.50070126227209,36.34193548387096,145.74193548387098,0.2048104443317147,,,-1.5908018536304687,0.1591908127853881,5.863462821,0.012786167,8.879,27.859,0.445295968
9883,Eastern and South-Eastern Asia,Upper Middle,16,0.3125,26.041209548361184,24.10816315012845,92.93478260869566,10.869565217391305,79.28750000000001,68.45,0.5487635140857473,1.6546916206798077,1.4148685967846062,2.3280849825733254,0.1819556875,8.391881146,0.003728598,10.51,8.439,0.365195441
9892,Central and Southern Asia,Lower Middle,26,0.3076923076923077,26.084530334891898,21.836792358817057,95.81939799331104,9.19732441471572,52.06153846153847,127.38846153846154,0.2972433421598269,4.862775422446021,5.264402442270034,-3.140690243363424,0.1278636206896551,4.160359501,0.005901419,5.521,34.721000000000004,0.391694852
9904,Central and Southern Asia,Lower Middle,27,0.4444444444444444,26.68062958829738,22.222662718094806,94.52495974235106,9.983896940418678,44.36666666666667,135.66666666666666,0.2518052606103569,3.8513439858599745,4.170777183688956,-0.7966599884772152,0.1590470952380952,5.134407691,0.005429255,10.174,4.5489999999999995,0.413650807
9909,Eastern and South-Eastern Asia,Upper Middle,23,0.6521739130434783,26.616297262470436,23.557572357517582,93.3837429111531,10.775047258979205,91.95652173913044,76.92608695652174,0.5680633975523702,6.4003480945042055,5.479214369183554,3.4354224901031323,0.2339295054945055,8.466342207,0.005266723,16.454,4.721,0.320912263
9918,Central and Southern Asia,Lower Middle,25,0.32,27.332561285440026,22.534864247201575,94.2608695652174,9.91304347826087,49.6,131.164,0.2830360629276408,5.869546171040916,6.353325584522264,-2.220252607664309,0.118692,4.329632905,0.006524067,6.724,12.772,0.477167916
9923,Eastern and South-Eastern Asia,Upper Middle,19,0.7894736842105263,26.423013888164736,23.176135596499364,94.279176201373,10.068649885583524,88.33684210526316,82.85263157894737,0.5399396550615644,0.9759364702957694,0.8348510585946417,4.669425434545841,0.2734364666666666,9.043429032,0.004465971,15.575,6.841999999999999,0.301001361
9925,Eastern and South-Eastern Asia,Upper Middle,15,0.5333333333333333,26.108941870189874,23.939808052440323,94.4927536231884,10.144927536231883,70.92,80.64,0.4711585181415882,0.8558613786399322,0.7312072326492403,1.57930002726156,0.2075184545454545,7.457637779,0.003051431,9.733,5.151999999999999,0.353354351
9927,Eastern and South-Eastern Asia,Upper Middle,20,0.4,26.256163264884368,23.20247975299759,93.69565217391305,10.217391304347824,103.6,64.135,0.6425013838214155,1.6654783833320603,1.42378090193747,1.3628431866563484,0.2090153846153846,8.898593503,0.004684387,7.118,12.746,0.386186272
993,Sub-Saharan Africa,Low income,27,0.4074074074074074,23.12884024160883,19.787831462950958,94.68599033816426,9.33977455716586,90.96296296296296,51.62222222222222,0.6839095774971676,,,-1.5599240560743686,0.1668626875,5.469944347,0.00932149,2.049,18.935,0.453410465
9933,Eastern and South-Eastern Asia,Upper Middle,20,0.6,26.438478293811624,23.34155877120349,94.56521739130434,9.565217391304348,82.47,88.89500000000001,0.5066051878193037,2.659685287836018,2.2765666891652483,2.4174079577865353,0.2403270666666666,6.750489362,0.005083629,10.078,6.553,0.284377232
9935,Eastern and South-Eastern Asia,Upper Middle,24,0.5416666666666666,26.83107887903851,23.726066196020067,94.7463768115942,10.869565217391305,63.699999999999996,104.6375,0.3971134144945458,11.255294118321002,9.631471999343011,2.216679552434575,0.2378886470588235,6.653815807,0.004502431,17.506999999999998,10.641000000000002,0.318942509
9937,Eastern and South-Eastern Asia,Upper Middle,22,0.7727272727272727,26.86255903244021,23.545932906680523,94.26877470355731,9.683794466403162,69.14999999999999,97.34545454545454,0.428476013990367,1.1381547724434975,0.972933874361049,3.3423457515167594,0.2385548,7.303239478,0.005256556,15.835,8.208,0.321051765
9939,Eastern and South-Eastern Asia,Upper Middle,25,0.36,26.792266541601965,24.416547667077648,93.21739130434781,9.391304347826086,114.1,36.196000000000005,0.765635318429373,,,2.629511116719083,0.2403601727272727,10.92057159,0.007280352,7.272,11.555,0.363553751
994,Sub-Saharan Africa,Lower Middle,33,0.696969696969697,22.176040371493137,18.584055518829445,94.46640316205533,9.749670619235836,62.63636363636363,105.13939393939395,0.389738124861334,,,-0.8957921562787191,0.1843941323529411,5.786804282,0.009892401,5.101,13.326,0.521430462
9943,Eastern and South-Eastern Asia,Upper Middle,18,0.7222222222222222,26.60305189391944,23.921545750280067,93.47826086956522,8.93719806763285,90.10555555555555,78.31666666666666,0.567534019539306,5.173867962602682,4.429363395992812,5.05297001590661,0.2820207894736842,7.972190861,0.003634242,23.613,4.212000000000001,0.279862749
9954,Central and Southern Asia,Lower Middle,18,0.3333333333333333,27.6062309265137,22.372737298329554,96.1352657004831,10.869565217391305,49.922222222222224,132.6277777777778,0.2814448455035003,3.564742745657535,3.861328215245456,-0.8443955122047544,0.15461225,4.760668547,0.009199421,10.428,15.165,0.45206015
9955,Eastern and South-Eastern Asia,Upper Middle,19,0.42105263157894735,27.249916428013876,24.56889387304183,93.82151029748285,10.068649885583524,61.93157894736842,91.86842105263158,0.41165419491342137,6.330108262245385,5.410792140813239,4.725189202846856,0.2693786875,10.95944965,0.005554671,14.328,1.866,0.362152153
9957,Eastern and South-Eastern Asia,Upper Middle,22,0.6363636363636364,28.540219176899324,25.11021938218182,94.66403162055336,9.288537549407113,64.53181818181818,96.8,0.41141680677337084,1.658549711865159,1.4159687086056625,1.4584548416850538,0.2094092,8.031365148,0.006882335,5.296,13.547,0.363149728
9959,Eastern and South-Eastern Asia,Upper Middle,16,0.4375,25.524132836659778,23.13614389016537,93.20652173913044,8.695652173913043,122.55000000000001,32.35625,0.8153117293454853,12.231119694221915,10.489363811669769,4.7438749532674365,0.2881815104166667,9.906312196,0.010576361,17.235,3.92,0.328674414
9963,Eastern and South-Eastern Asia,Upper Middle,22,0.4090909090909091,26.929291466379336,23.80537174755425,94.86166007905139,11.264822134387352,63.8909090909091,103.63181818181819,0.4029084804042784,0.9772616307062372,0.8354400187770723,2.332580618897663,0.2395026923076923,7.51550832,0.004124526,11.681,15.584,0.309913181
9971,Eastern and South-Eastern Asia,Upper Middle,14,0.5714285714285714,25.681988078928107,23.34175054104598,94.40993788819875,9.937888198757763,124.30714285714286,33.33571428571428,0.8055083655470937,2.2862687236972596,1.959698060832635,4.334159722817089,0.2703403846153846,10.30972414,0.010106805,12.933,3.264,0.288245243
9973,Eastern and South-Eastern Asia,Upper Middle,15,0.26666666666666666,26.521053663344613,24.33496180177896,94.20289855072464,9.855072463768115,70.60666666666665,81.55333333333333,0.46758576200949453,7.233703126192133,6.1892405438167275,3.8015006949388983,0.2255306428571428,10.04990598,0.004094733,9.49,6.774000000000001,0.328844593
9975,Eastern and South-Eastern Asia,Upper Middle,21,0.5238095238095238,26.775472622826005,24.140670079701504,93.16770186335404,9.730848861283643,79.35714285714286,81.4857142857143,0.5006923304409361,1.458356417594948,1.2468579139709275,4.864138753297937,0.2663608,7.922845864,0.004281545,25.805000000000003,1.985,0.299530994
9977,Eastern and South-Eastern Asia,Upper Middle,17,0.35294117647058826,26.228901460370057,24.162196557135765,93.86189258312021,8.43989769820972,78.12352941176471,90.9235294117647,0.4905863369579025,1.2787797961013194,1.095142011219619,0.05414534103332064,0.18608921875,5.153198699,0.001573911,10.44,25.529,0.298821912
9978,Central and Southern Asia,Lower Middle,18,0.5555555555555556,29.04571378732184,23.85397487208561,94.68599033816425,9.66183574879227,29.799999999999997,160.73333333333335,0.15861191780490003,1.7382501931792185,1.8858800745699944,-1.6705559097283698,0.1646891133333333,5.707764279,0.014644623,8.728,13.013999999999998,0.452093357
9979,Eastern and South-Eastern Asia,Upper Middle,19,0.3684210526315789,27.11804143002161,24.52514182102172,93.13501144164759,9.382151029748282,62.71052631578947,89.57894736842105,0.4204273508390028,10.248344506758492,8.761454887006963,3.053235626115648,0.2032088333333333,8.126652542,0.003119956,12.451,9.788,0.342922064
9981,Eastern and South-Eastern Asia,Upper Middle,17,0.8235294117647058,25.87888433952483,23.63673868116459,94.11764705882354,8.184143222506393,76.2764705882353,86.88235294117646,0.49057154576300555,12.267983944457166,10.515081993680218,1.582798653427263,0.2090742155688622,7.174442122,0.006272532,15.35,24.763,0.298723134
9983,Eastern and South-Eastern Asia,Upper Middle,20,0.4,28.344326803207434,25.09147622447407,94.56521739130434,8.91304347826087,60.68000000000001,98.3,0.3956709155460266,6.098572591077288,5.2100906034201335,2.6665220360632214,0.2141432222222222,8.256664713,0.003425785,12.757,16.344,0.353943978
9989,Eastern and South-Eastern Asia,Upper Middle,19,0.5263157894736842,26.81687079981755,24.579258114647498,92.44851258581235,9.610983981693364,72.71578947368421,78.79473684210527,0.4934141706005593,1.3818506739655845,1.180953352320237,0.7031599520822411,0.1976434,7.985045418,0.003890242,7.302,12.637,0.359268403
9995,Eastern and South-Eastern Asia,Upper Middle,16,0.5625,24.936819439584582,22.866806416780346,93.75,8.695652173913043,132.40625,25.75,0.8563611175538253,1.7467350687673242,1.4972732713266006,1.2450030356682802,0.2301614215686274,6.380310754,0.00454294,11.522,9.871,0.339386532
9996,Central and Southern Asia,Lower Middle,17,0.5294117647058824,31.829008631777842,19.500646005861366,95.14066496163683,8.695652173913043,41.21764705882353,172.11176470588236,0.2061199916019044,,,0.6244161554675111,0.1823380213903743,6.431028374,0.013781035,18.575000000000003,19.932,0.30541852
9999,Eastern and South-Eastern Asia,Upper Middle,19,0.47368421052631576,26.38707540025598,24.135475440610925,92.44851258581235,9.382151029748282,84.35263157894737,81.14736842105265,0.5446230705115721,9.992151215063195,8.563363260496935,2.095425839872764,0.2452302,7.469646805,0.002986645,7.253,12.411,0.289482123
