{"type": "FeatureCollection", "features": [{"type": "Feature", "geometry": {"type": "Polygon", "coordinates": [[[-123.24348433201541, 49.281275853605024], [-123.19862122526727, 49.252786665090426], [-123.21164181428779, 49.2527866473122], [-123.19669935077732, 49.243293235137884], [-123.20971992479717, 49.2432932349184], [-123.19478639555643, 49.23379982137161], [-123.20780258252799, 49.23379977787379], [-123.19287350448738, 49.224306339431664], [-123.17986181213699, 49.224306363635655], [-123.13513263066059, 49.195826086729106], [-123.14814429828134, 49.19582610034589], [-123.1332463382804, 49.186337127322936], [-123.14625809945623, 49.18633712130071], [-123.13136904300104, 49.176848162206724], [-123.20941229349671, 49.17684818392707], [-123.19452335575549, 49.16735923142573], [-123.20753050253468, 49.16735920773476], [-123.19264609660185, 49.15787020872652], [-123.21865597876128, 49.15787019072235], [-123.20377598069733, 49.148381222047846], [-123.21677871701998, 49.148381227280815], [-123.20190760764062, 49.13889227524362], [-123.21491033315442, 49.138892290430675], [-123.20004373975378, 49.129407802663195], [-123.21304198753803, 49.12940780246909], [-123.19818427805352, 49.119918829901806], [-123.17218778715207, 49.119918820068456], [-123.15733887834759, 49.11043429523452], [-123.14434061317823, 49.110434350153604], [-123.15918942732014, 49.11991885339837], [-123.14619117898783, 49.119918822706516], [-123.16104449632803, 49.12940779361762], [-123.10904236486759, 49.1294077979116], [-123.09419355584187, 49.119918789807734], [-123.0811952800329, 49.11991880127391], [-123.09604409787661, 49.12940775523985], [-123.08304134373603, 49.12940774732971], [-123.09789456109989, 49.138892289362445], [-123.08489190208536, 49.13889225882586], [-123.11462073802362, 49.15787019426782], [-123.10161347128204, 49.15787022357404], [-123.11648908981351, 49.16735920237666], [-123.103481916522, 49.167359210826774], [-123.11836195897119, 49.17684817952253], [-123.06632863663759, 49.17684819194207], [-123.08120871122772, 49.1863371217627], [-123.06820141846626, 49.18633710580362], [-123.08308600198954, 49.195826083332896], [-123.04405550047042, 49.19582607958295], [-123.05894440087418, 49.20531948940114], [-123.03292107680032, 49.2053194949476], [-123.01803219470978, 49.19582608621914], [-123.00502049776145, 49.195826061864935], [-122.97527386503403, 49.1768481661249], [-122.98828107333462, 49.17684815390108], [-122.97341882127303, 49.16735922150488], [-122.9994332134451, 49.167359199947434], [-122.98457099832527, 49.15787023642804], [-122.9715682888419, 49.1578702523586], [-122.9567194713388, 49.14838126510577], [-122.94371668633421, 49.148381240082166], [-122.914045926109, 49.12940777464429], [-122.92704411963626, 49.12940779093391], [-122.88259139458097, 49.10094976886136], [-122.79162578463853, 49.100949819585395], [-122.80642542984462, 49.11043428356039], [-122.79342717624579, 49.110434281387214], [-122.80823140275058, 49.119918780083324], [-122.78223487354718, 49.11991877790746], [-122.81186112014565, 49.13889232184262], [-122.79886284203752, 49.13889227595526], [-122.81368490087607, 49.14838127038289], [-122.77467676541897, 49.148381272679536], [-122.75985912594425, 49.1388923063561], [-122.74685638052873, 49.13889228211002], [-122.76167390805526, 49.148381237451886], [-122.7356684691462, 49.14838125807083], [-122.76532150553437, 49.16735916985453], [-122.75231431681975, 49.1673592190452], [-122.76714975776312, 49.17684815503871], [-122.75414246906554, 49.1768481641591], [-122.76898690087994, 49.18633710973046], [-122.7299563461664, 49.18633710318461], [-122.77452061509338, 49.214812905716926], [-122.7615089615186, 49.21481298542552], [-122.7763755493845, 49.22430636253685], [-122.76335951180768, 49.224306384975534], [-122.77823500659214, 49.23379979699932], [-122.7522028168444, 49.23379980037803], [-122.76707843495069, 49.243293233302595], [-122.74104164298045, 49.24329321294536], [-122.75592616877654, 49.25278663898707], [-122.72988503916322, 49.25278668482805], [-122.74477844885433, 49.26228452491762], [-122.71873281756112, 49.26228451643627], [-122.73362619967953, 49.27177792627986], [-122.72060569534754, 49.27177797298251], [-122.79518852618666, 49.319271880114464], [-122.80821800164559, 49.319271856241464], [-122.7932844607505, 49.30976950961515], [-122.84540246823798, 49.30976947594146], [-122.83046890125824, 49.30027162436254], [-122.86955740978881, 49.30027158445763], [-122.8546283797121, 49.290773691117415], [-122.88067842034118, 49.29077371228835], [-122.8956119652371, 49.30027162882834], [-122.90864140074282, 49.30027161319517], [-122.9534911110732, 49.32876977034604], [-122.96652499227129, 49.32876972183772], [-122.98149424963114, 49.33827209850883], [-122.9945281384083, 49.33827205847414], [-123.02448885666794, 49.357276773677405], [-123.07664259732209, 49.35727679237182], [-123.09164290831039, 49.36677908765586], [-123.11771985939482, 49.366779108868336], [-123.1027149550468, 49.35727673888891], [-123.11575330181405, 49.357276797004445], [-123.10075738455565, 49.347774411372946], [-123.12682976158484, 49.34777445162507], [-123.11183831277663, 49.33827207742475], [-123.1379061619467, 49.33827208140185], [-123.15290203910634, 49.347774410665856], [-123.20504687775724, 49.34777441735036], [-123.16006793478086, 49.31927186853168], [-123.17309741864025, 49.31927185053202], [-123.15811925686141, 49.30976950575284], [-123.17114872114496, 49.30976951039959], [-123.15617954084985, 49.30027157992999], [-123.16920458152497, 49.300271640084745], [-123.13928398418908, 49.28127587641744], [-123.24348433201541, 49.281275853605024]], [[-123.1040660496721, 49.30027162866701], [-123.08910574667155, 49.29077375621731], [-123.06305119976813, 49.2907737241141], [-123.07800707932475, 49.300271636052685], [-123.1040660496721, 49.30027162866701]], [[-122.98680945702452, 49.300271597014124], [-122.9718670146838, 49.290773733578455], [-122.95884199609004, 49.290773754346645], [-122.97378003696944, 49.30027160096269], [-122.98680945702452, 49.300271597014124]]]}, "id": "0000000000000000015f_0", "properties": {"uc_id": "358", "unit": "core"}}, {"type": "Feature", "geometry": {"type": "Polygon", "coordinates": [[[-122.85142352278304, 49.497016229864215], [-122.88396297510815, 49.51167333537893], [-122.92316297193028, 49.524156523745354], [-122.96491786643669, 49.532461236886874], [-123.00003951999228, 49.53616451940367], [-123.0538102777105, 49.54506831670707], [-123.12312382242749, 49.54672214540299], [-123.16673293708894, 49.54391394188653], [-123.20910542619811, 49.5366686448219], [-123.25408745837103, 49.524903808767185], [-123.29644156535697, 49.51765382091209], [-123.3364907731132, 49.506149770268955], [-123.37322739673742, 49.490681683000155], [-123.40572960913649, 49.471639199928596], [-123.43318492894365, 49.449501495005755], [-123.4549106096051, 49.42482492868587], [-123.47037041213609, 49.39822878344773], [-123.48083938294093, 49.37217148180929], [-123.4997884851696, 49.346652223912656], [-123.51231481112515, 49.31950597544507], [-123.51811551188578, 49.29141243797848], [-123.51705711322866, 49.263073857210635], [-123.5091777182123, 49.235197398405596], [-123.4946848980461, 49.20847751809971], [-123.48676597143753, 49.19624749427022], [-123.49258865050423, 49.16815725621677], [-123.49156963129198, 49.13981818180295], [-123.4831321594785, 49.09570846764147], [-123.47158866585055, 49.06829746252147], [-123.45361532878627, 49.04241704801855], [-123.42966838135443, 49.01871034943894], [-123.38932538486003, 48.990725129112114], [-123.35591135775869, 48.97263223987564], [-123.31809518593384, 48.95801519796534], [-123.2374474608819, 48.9383237735903], [-123.19463264483578, 48.93212636075043], [-123.13954740880162, 48.9304844825161], [-123.0964652742464, 48.93321647423741], [-123.05044899002482, 48.94153718825065], [-123.01853733202408, 48.94522137658906], [-122.9829421905902, 48.93404062056219], [-122.9416744339983, 48.92576897604176], [-122.92135134985548, 48.922777040355456], [-122.88242681707172, 48.92097248220496], [-122.76796872259455, 48.92220101807374], [-122.72541404319914, 48.926863531903926], [-122.68449495029911, 48.935856781905464], [-122.64622365763836, 48.94895854984886], [-122.61154886431407, 48.965844886607506], [-122.58133272597787, 48.98609789632405], [-122.5661407019201, 48.99822827471707], [-122.55037953755874, 49.01324070045419], [-122.50996117495843, 49.04566612385326], [-122.48802777089982, 49.07020076806101], [-122.47224668414671, 49.09669030788029], [-122.46302036076146, 49.12447612489006], [-122.45757275784698, 49.161023535432804], [-122.45466827416138, 49.19086921871031], [-122.45548413277612, 49.20932308096767], [-122.44541919168978, 49.23855788872369], [-122.44302611378866, 49.26694957828238], [-122.44932790092263, 49.30469281674327], [-122.46059579095581, 49.332162409840144], [-122.46853709590997, 49.343763412836346], [-122.48903324939404, 49.36876962951909], [-122.50223664732847, 49.38194494994415], [-122.5272948266085, 49.400325935769935], [-122.61904884922099, 49.45727255710037], [-122.65466982229772, 49.473629478193715], [-122.69383117887119, 49.48612356398864], [-122.73554818746095, 49.49443989973306], [-122.75741748461765, 49.497563349156664], [-122.81309036608785, 49.499221252357245], [-122.85142352278304, 49.497016229864215]], [[-122.97860015692882, 49.03659527048955], [-122.95442409071367, 49.02425142042658], [-122.92668388962463, 49.01572575761943], [-122.89675704811766, 49.011441196281176], [-122.79170798843447, 49.01096117619464], [-122.75344213987402, 49.01497163084091], [-122.71785841327372, 49.02504371947355], [-122.68457274889978, 49.04456116638816], [-122.66534396595408, 49.06663402038341], [-122.64915526254644, 49.0755903535537], [-122.61891277007871, 49.10084220389189], [-122.60172783107069, 49.12790877060816], [-122.59896468165768, 49.1532439843305], [-122.59493269463479, 49.1712499930665], [-122.5931659298476, 49.1966388970373], [-122.60033409493859, 49.2166063140004], [-122.59200224389723, 49.228030090341406], [-122.58166037515404, 49.25256205959883], [-122.58358714143003, 49.28212913097716], [-122.59358618407025, 49.30587498401652], [-122.61206769689015, 49.32735157276908], [-122.69866351977424, 49.38364821188139], [-122.72300451345691, 49.39600163950589], [-122.75096001530227, 49.40452577082993], [-122.78752303623509, 49.40875247873781], [-122.83188686762796, 49.40752764078323], [-122.86933018808466, 49.399863468078024], [-122.92045460302221, 49.41901037091531], [-122.95238102047344, 49.434059129386206], [-122.98037287230858, 49.44256287431543], [-123.02444098052148, 49.447265427799096], [-123.04757408145231, 49.452077379793415], [-123.07778476294068, 49.45631490955471], [-123.12623898055779, 49.45614617783809], [-123.16483716066479, 49.45138469255261], [-123.20243701740884, 49.437763639235605], [-123.22213118388488, 49.43707341134134], [-123.26495377764034, 49.42887521734462], [-123.29715752220656, 49.414266746761015], [-123.32276700531902, 49.394913983149685], [-123.3396566886809, 49.36804610862475], [-123.34247679060822, 49.343917721173064], [-123.36770686268287, 49.320471943178], [-123.37888774245867, 49.29602902241203], [-123.38043080084904, 49.27054207339805], [-123.36799307412493, 49.242602281085375], [-123.34578181240373, 49.22162049131687], [-123.33950461822447, 49.20893864710683], [-123.34891284602158, 49.186951755388876], [-123.35625770458067, 49.15819875349441], [-123.34722506869502, 49.109772918949474], [-123.33278730273732, 49.08613044187387], [-123.3098862864454, 49.06555649210749], [-123.26989268214305, 49.04315960312413], [-123.22987832570406, 49.03235785040214], [-123.20126694685466, 49.02517197988114], [-123.17132577252448, 49.02091347204766], [-123.12769314994273, 49.021109157657705], [-123.09159089214926, 49.02777591563169], [-123.07292406574985, 49.03053941253164], [-123.03477233930955, 49.03522364789008], [-122.99753632290609, 49.04870901809816], [-122.97860015692882, 49.03659527048955]]]}, "id": "0000000000000000015f_1", "properties": {"uc_id": "358", "unit": "ring"}}, {"type": "Feature", "geometry": {"type": "Polygon", "coordinates": [[[-122.75263982296718, 49.10094983460641], [-122.72664776161969, 49.10094978898149], [-122.7118657378221, 49.09146529615001], [-122.69887201341758, 49.09146528147157], [-122.66933487440913, 49.07250074652365], [-122.64335178587659, 49.07250074062991], [-122.65811576821544, 49.08198075247966], [-122.63213264748677, 49.08198081349068], [-122.64690112536687, 49.09146532419794], [-122.63390734142304, 49.09146528292572], [-122.64868031172566, 49.10094977497343], [-122.63568202690777, 49.10094979346779], [-122.65046394562825, 49.11043431886233], [-122.63746574744819, 49.11043432259925], [-122.65225205821416, 49.11991885935697], [-122.63925376055312, 49.1199188216807], [-122.66884880538906, 49.138892284308255], [-122.72085087336802, 49.138892330301054], [-122.70604663102316, 49.129407771228145], [-122.73204761444482, 49.12940777414399], [-122.7172434984179, 49.119918838767546], [-122.78223487354718, 49.11991877790746], [-122.75263982296718, 49.10094983460641]]]}, "id": "0000000000000000027e_0", "properties": {"uc_id": "650", "unit": "core"}}, {"type": "Feature", "geometry": {"type": "Polygon", "coordinates": [[[-122.83438307180697, 48.92917953301283], [-122.78913193461841, 48.91059721673288], [-122.74883752250572, 48.90025134712548], [-122.70657897256432, 48.89419089779422], [-122.63917656979338, 48.8925442820694], [-122.59611798319244, 48.89521297886578], [-122.55422597340095, 48.90229155424432], [-122.5145361115573, 48.91360514174573], [-122.4780312070583, 48.928874102859815], [-122.44561755290508, 48.947720737133], [-122.40686915274871, 48.97913174387766], [-122.38493133946689, 49.00365341357541], [-122.36913494130951, 49.03013362067776], [-122.35988274092081, 49.057913978705685], [-122.35741622434048, 49.086302656171185], [-122.36873933684858, 49.15258877328166], [-122.37991477880335, 49.18006844333882], [-122.39758685860116, 49.206052099057416], [-122.42132235364356, 49.229888322643035], [-122.47643017238951, 49.26762581176835], [-122.50924658171613, 49.285594008603496], [-122.52857865225522, 49.29314756545854], [-122.5675750303953, 49.3056701302054], [-122.60912477851076, 49.3140168891405], [-122.62967838851425, 49.31704246610469], [-122.72526732187568, 49.31884653916707], [-122.76868918764738, 49.31613744338136], [-122.81090416344215, 49.30898859743076], [-122.8508482106267, 49.29758032080945], [-122.87228331537837, 49.290008330372736], [-122.91220999409684, 49.278597090967224], [-122.94886129534441, 49.26321426726489], [-122.981317505942, 49.24424733211282], [-123.00876722403943, 49.22217353989817], [-123.03052772839521, 49.1975476312094], [-123.04606176220838, 49.17098761121086], [-123.05499034136187, 49.143158994318064], [-123.05710133072768, 49.114757941105715], [-123.05235366528117, 49.08649373285818], [-123.04087721923982, 49.059071035202834], [-123.02296844162237, 49.03317239581113], [-122.99908197734851, 49.00944140356684], [-122.9438675717138, 48.97187424748313], [-122.90985993169603, 48.9534220330732], [-122.87250569164202, 48.939046415395026], [-122.83438307180697, 48.92917953301283]], [[-122.74124647862446, 48.99585071725658], [-122.71353543397578, 48.98730640940488], [-122.66931143165127, 48.98251208832166], [-122.61295228455481, 48.984747344430346], [-122.57707866965968, 48.99420072630155], [-122.5458456244649, 49.009156168713], [-122.52069010450936, 49.030159882623614], [-122.50236480797895, 49.05249357226409], [-122.49474388942565, 49.08145833380141], [-122.50087141883918, 49.12065942266033], [-122.50948212895551, 49.149730520770675], [-122.53104831398704, 49.175492014472894], [-122.5724806870969, 49.20314358625963], [-122.59669511793628, 49.215528438368715], [-122.62452241286836, 49.224088711661665], [-122.65457034498017, 49.22839566655984], [-122.72910450075703, 49.22827682886894], [-122.76729863358555, 49.2236044506216], [-122.80655192400415, 49.20931113087994], [-122.8206456862707, 49.205871132409484], [-122.85627662543338, 49.19576933035275], [-122.88966085207097, 49.17613583876966], [-122.90877365234637, 49.154047567996365], [-122.9189538976455, 49.12955825520424], [-122.9163819195714, 49.10025367791251], [-122.90200305410764, 49.076686607918894], [-122.8792118021371, 49.05616585586514], [-122.83151631224038, 49.027846666556876], [-122.81863909365454, 49.02246232189599], [-122.77238285513508, 49.010688564140466], [-122.74124647862446, 48.99585071725658]]]}, "id": "0000000000000000027e_1", "properties": {"uc_id": "650", "unit": "ring"}}, {"type": "Feature", "geometry": {"type": "Polygon", "coordinates": [[[-120.45954706706034, 34.910832775640706], [-120.43697960385892, 34.910832800033916], [-120.4290066754799, 34.90211523394854], [-120.41772076293587, 34.90211521507399], [-120.42569359776346, 34.910832780472774], [-120.41441205543626, 34.910832798262454], [-120.43036669627422, 34.92827680966547], [-120.4190807268596, 34.92827681935097], [-120.42706701661129, 34.93699881764011], [-120.41577653827578, 34.93699879226552], [-120.42376276873748, 34.945720786032155], [-120.41247683725803, 34.945720749113335], [-120.4204674919725, 34.95444279875402], [-120.39789107749472, 34.95444276659899], [-120.42187217761402, 34.9806087712731], [-120.43316256209054, 34.98060880237603], [-120.44116222036553, 34.98933527580843], [-120.46374310017089, 34.98933523389867], [-120.44774389623582, 34.97188675531331], [-120.45902981547798, 34.971886824531666], [-120.45103469584413, 34.96316475037846], [-120.46232516024018, 34.963164807215364], [-120.45432998188494, 34.954442801137965], [-120.46561593813699, 34.954442750742864], [-120.44963894227519, 34.936998815294025], [-120.46092495886309, 34.93699874881222], [-120.45293874685342, 34.928276737890634], [-120.46422473739659, 34.92827677584373], [-120.4562428615259, 34.919554768935306], [-120.46752891341855, 34.91955481032453], [-120.45954706706034, 34.910832775640706]]]}, "id": "0000000000000000027c_0", "properties": {"uc_id": "648", "unit": "core"}}, {"type": "Feature", "geometry": {"type": "Polygon", "coordinates": [[[-120.2038624075512, 34.86021629907529], [-120.19423780414849, 34.8887882128762], [-120.18413538203097, 34.91589792628668], [-120.17936098826475, 34.943973907918064], [-120.18003917423712, 34.97231598887], [-120.18615861417756, 35.00021664078643], [-120.19757183167444, 35.02697864268177], [-120.20576321669253, 35.04174470774219], [-120.24601657023315, 35.08858233010152], [-120.26882382239027, 35.10980483082196], [-120.29569088925071, 35.12798550421797], [-120.34481072378354, 35.15111644556191], [-120.37717533018329, 35.1615258004384], [-120.41257433104592, 35.1677088304138], [-120.46870550313686, 35.16926673064702], [-120.50330903100706, 35.16637589587491], [-120.53691856085806, 35.1590565885264], [-120.56869022856536, 35.14749266613608], [-120.59782718030083, 35.13197450780041], [-120.62359984196935, 35.11289159215025], [-120.64536435613364, 35.090722562135326], [-120.66257870402116, 35.06602304624622], [-120.6748161059719, 35.03941156349402], [-120.68177537983348, 35.0115538865971], [-120.68689171108268, 34.913474752633725], [-120.6829499236053, 34.88522450735727], [-120.67363777040076, 34.85783549614997], [-120.65919248488217, 34.83199017657215], [-120.63486527357377, 34.80268828287252], [-120.61193631379464, 34.78141028433483], [-120.58520745366698, 34.76334211923398], [-120.55533635417508, 34.748939717425664], [-120.49261132815259, 34.72987981294904], [-120.45873488796595, 34.72380562691382], [-120.41298840200382, 34.7221798404284], [-120.37856705845498, 34.72503193277633], [-120.34511679859776, 34.732294904921034], [-120.33145733341676, 34.737256877615955], [-120.3009252976662, 34.7504533970315], [-120.27329264778206, 34.76742997318899], [-120.24924753737214, 34.78776503986758], [-120.22939029984406, 34.810953294749424], [-120.21421845344271, 34.83641808737428], [-120.2038624075512, 34.86021629907529]], [[-120.29566126624196, 34.923203340068206], [-120.28974201262888, 34.94257223153913], [-120.28921099665905, 34.96253503779808], [-120.29409856630289, 34.98209680930407], [-120.30416468494069, 35.00028188993492], [-120.33483863253674, 35.035354461146405], [-120.35082494325731, 35.04925374402214], [-120.39047520390201, 35.06918044616163], [-120.41338264999615, 35.07640165086864], [-120.4376790921624, 35.07927872947138], [-120.47423725802626, 35.078358902503986], [-120.49810869150672, 35.0742305003563], [-120.52026195873285, 35.06586649540421], [-120.53959032487087, 35.05368499810907], [-120.55512939835799, 35.03829472567371], [-120.56610539383168, 35.020464355718005], [-120.57197355126496, 35.0010839029899], [-120.57244482724538, 34.98112010546038], [-120.5737977260469, 34.96620884528518], [-120.57427359943722, 34.9462450791213], [-120.57720695156698, 34.9228191368298], [-120.57534387519426, 34.90278670724146], [-120.56811014898646, 34.88359220541012], [-120.5558695614447, 34.866191448224825], [-120.53046258346586, 34.84217954831023], [-120.51013538559272, 34.83098722714553], [-120.4567759718576, 34.815059311266715], [-120.43129598455765, 34.81225640086037], [-120.39688059373324, 34.813766361975595], [-120.37352276479379, 34.819757977057165], [-120.3523614305074, 34.82985091357945], [-120.3344494121433, 34.84354349420865], [-120.32067922862892, 34.86015482946807], [-120.31087494799347, 34.8816832792326], [-120.30475626341077, 34.907432567528005], [-120.29566126624196, 34.923203340068206]]]}, "id": "0000000000000000027c_1", "properties": {"uc_id": "648", "unit": "ring"}}, {"type": "Feature", "geometry": {"type": "Polygon", "coordinates": [[[-121.67216394706526, 36.65332904317348], [-121.63784669408669, 36.65332905289296], [-121.62917823242, 36.64453572728663], [-121.61773616462146, 36.644535726901374], [-121.62640463037917, 36.65332908190781], [-121.6149670709187, 36.65332905127618], [-121.62363557407049, 36.66212241516351], [-121.612197996749, 36.66212242760899], [-121.62087088974678, 36.67091577721496], [-121.58654472581458, 36.670915756548155], [-121.59522218802783, 36.67970909987585], [-121.58378009723343, 36.679709124579404], [-121.60982575675698, 36.70609362677675], [-121.59837921406776, 36.70609358306298], [-121.60706996464525, 36.71488701088911], [-121.61851650251184, 36.714886946411134], [-121.62720727934496, 36.72368030663074], [-121.63865378794745, 36.723680290940095], [-121.64735355170814, 36.73247812108631], [-121.67024655904059, 36.73247808818529], [-121.66154681558905, 36.72368033497799], [-121.67299333172444, 36.72368031994767], [-121.66429806364678, 36.71488695959253], [-121.67574012459063, 36.71488696898505], [-121.66704933173416, 36.706093630168795], [-121.6784914619298, 36.70609358611612], [-121.66980061982953, 36.697295824959866], [-121.68124716938162, 36.6972957759285], [-121.67255636545084, 36.68850246412303], [-121.68400289651818, 36.68850246129433], [-121.67531656825143, 36.679709100857096], [-121.68675855631817, 36.67970914695371], [-121.6780767035554, 36.6709158129739], [-121.68951875963354, 36.67091580492746], [-121.67216394706526, 36.65332904317348]]]}, "id": "000000000000000003f4_0", "properties": {"uc_id": "1032", "unit": "core"}}, {"type": "Feature", "geometry": {"type": "Polygon", "coordinates": [[[-121.48295975094493, 36.864930589374545], [-121.55433463439569, 36.89632619291907], [-121.58776314086712, 36.90601825023913], [-121.63150706164896, 36.91158732427119], [-121.6811288001469, 36.91224446547424], [-121.7164012143239, 36.90862210868872], [-121.75051365121952, 36.90059319393258], [-121.78260941685588, 36.88835947811101], [-121.8118834707397, 36.87222825727834], [-121.8376029089643, 36.8526045024653], [-121.85912547445263, 36.82998051879658], [-121.87591561121883, 36.80492340956033], [-121.89028223564011, 36.76925455627471], [-121.9119056294606, 36.69283745110494], [-121.9134914499303, 36.660170580519186], [-121.90854758229023, 36.6320139894995], [-121.89814482663205, 36.604832866131126], [-121.88254789790679, 36.57930429251051], [-121.84781896354403, 36.541506900226274], [-121.82369054631758, 36.52070705767546], [-121.79579919146416, 36.503214276310686], [-121.76483959757557, 36.489462820894914], [-121.73158129579261, 36.4797938730636], [-121.6539435814106, 36.465661245917424], [-121.62916490488202, 36.4645584085754], [-121.58250224344924, 36.46679772628951], [-121.53814061513071, 36.476296745398045], [-121.50616937132932, 36.488450825153706], [-121.47696623759272, 36.504494377450115], [-121.45125792713313, 36.524029216158056], [-121.43669109544102, 36.537737649683464], [-121.41242751405889, 36.55832866870387], [-121.39249118860445, 36.581728988838485], [-121.37738192837975, 36.60735679013964], [-121.36692264978684, 36.63359370310767], [-121.36053577182336, 36.66156277790293], [-121.35971730376751, 36.68998982539554], [-121.36449380716083, 36.718165400137124], [-121.37475198806699, 36.74538556186621], [-121.40483641500708, 36.797439726638935], [-121.43084304908723, 36.82653144261892], [-121.45499364129026, 36.8473863078318], [-121.48295975094493, 36.864930589374545]], [[-121.59775212244699, 36.81322072336392], [-121.62179172851552, 36.820106623372155], [-121.64627635158365, 36.82246264428386], [-121.69456444755238, 36.82033344048419], [-121.71858245509637, 36.81367969726026], [-121.74015124462903, 36.80292048369056], [-121.7575087449512, 36.7891406766071], [-121.7711287946367, 36.77196582514944], [-121.78511225300551, 36.73521186901564], [-121.80023023964569, 36.68154106893173], [-121.80039594838152, 36.661576376375564], [-121.79503711702266, 36.64207963616783], [-121.7844246777993, 36.62402192457838], [-121.76005509947177, 36.5974501915562], [-121.74241879606501, 36.583198443526314], [-121.73198937716525, 36.57788882419965], [-121.70965606128856, 36.5691188168397], [-121.68546000953808, 36.56454192125442], [-121.65477212559456, 36.55692420630514], [-121.62917156089107, 36.554547067931196], [-121.605686864737, 36.55563372049784], [-121.5814309759339, 36.559991796033344], [-121.55897883141651, 36.56855956426583], [-121.53944687110611, 36.58091128358092], [-121.5238076493229, 36.596432939397204], [-121.49909379724397, 36.61457410413944], [-121.48568668770754, 36.63154023089526], [-121.47729913031775, 36.65047005141025], [-121.47308913754729, 36.668965079113676], [-121.47286133162696, 36.688929382328205], [-121.47816407189671, 36.70843656029877], [-121.48873690242083, 36.7265135978412], [-121.49662186672963, 36.74411912207318], [-121.51033368864336, 36.76194189796117], [-121.53668087536495, 36.785008684933494], [-121.59775212244699, 36.81322072336392]]]}, "id": "000000000000000003f4_1", "properties": {"uc_id": "1032", "unit": "ring"}}, {"type": "Feature", "geometry": {"type": "Polygon", "coordinates": [[[-122.50970795786327, 37.75542713355868], [-122.52125264112209, 37.75542707044943], [-122.51210699661266, 37.746584724012806], [-122.52365158638037, 37.746584728881054], [-122.5053737305273, 37.72890436775353], [-122.51691388706901, 37.72890441789512], [-122.50778167605935, 37.72006640808781], [-122.51932182467439, 37.7200664251765], [-122.50106626341828, 37.702386136422724], [-122.51260197602618, 37.70238612056392], [-122.50347862581656, 37.69354813486362], [-122.5150188197235, 37.693548155297805], [-122.49678106965408, 37.67587226921196], [-122.50832122850862, 37.6758722766199], [-122.49920682907529, 37.66703437968457], [-122.51074248858617, 37.66703435320837], [-122.50163253204003, 37.65820089512051], [-122.51316826826816, 37.65820087892321], [-122.50406275485045, 37.64936291051104], [-122.49252704663243, 37.64936298147074], [-122.48342603428034, 37.64052498206871], [-122.47189037606091, 37.64052498336733], [-122.45370167104464, 37.622853575656364], [-122.44217042275152, 37.622853554495094], [-122.3877069481798, 37.569848253747544], [-122.37618021038858, 37.569848234062746], [-122.3671148347342, 37.561019217156115], [-122.355592504326, 37.561019215352495], [-122.32842766168899, 37.53452323419146], [-122.3399500127196, 37.5345232450694], [-122.31282527139243, 37.5080317415224], [-122.30130299895445, 37.508031708028035], [-122.26519318832601, 37.47271115538449], [-122.27671106793072, 37.472711162219916], [-122.26769031444012, 37.4638821736412], [-122.27920809700434, 37.46388215537864], [-122.27019179542812, 37.4550576096156], [-122.2471605658697, 37.45505762457151], [-122.23815315305005, 37.446228614661806], [-122.22663535180149, 37.44622860917125], [-122.1996354373433, 37.41974596868528], [-122.17660867176733, 37.41974599380414], [-122.16761914586762, 37.410921439331766], [-122.15610572135884, 37.41092142920481], [-122.06641982406563, 37.32268475045622], [-122.0779243412064, 37.32268470641418], [-122.03322625812243, 37.27857977148463], [-122.04472188740606, 37.27857975961424], [-122.03579476562042, 37.26975966520764], [-122.04729471972423, 37.26975967239576], [-122.03836763547483, 37.26093955646014], [-122.04986315546564, 37.260939582283584], [-122.04094053126484, 37.25211943256839], [-122.02944493648586, 37.252119439367675], [-122.02052679800467, 37.243299346076064], [-122.00903121945893, 37.24329937376487], [-121.98230779428413, 37.21684801210738], [-121.95932110559211, 37.21684798163914], [-121.96822601254188, 37.22566359289881], [-121.94523932355825, 37.225663597362505], [-121.95414415784558, 37.23448368986664], [-121.91966189494387, 37.23448375281863], [-121.91075704780869, 37.22566365987317], [-121.89926594105684, 37.22566363829877], [-121.89036561318315, 37.21684797597492], [-121.87887446877109, 37.21684801847921], [-121.86997857893384, 37.20803233675793], [-121.85848748881916, 37.2080323466931], [-121.84960047313643, 37.19921223748314], [-121.82661826626992, 37.19921227160191], [-121.83550529740668, 37.2080323065164], [-121.82401419905652, 37.20803233060981], [-121.83290117774138, 37.21684797161359], [-121.82141007086622, 37.21684799169582], [-121.8303015152261, 37.225663625515104], [-121.78432820061788, 37.22566364607387], [-121.77544117202414, 37.2168479454289], [-121.75245453671626, 37.21684795612737], [-121.76134147947425, 37.225663601889686], [-121.74985039054766, 37.225663650415314], [-121.75874188718318, 37.23448368127826], [-121.7472462707991, 37.23448374813514], [-121.75614223451736, 37.243299359121586], [-121.76763780686484, 37.24329934408298], [-121.8121708285299, 37.28739986621633], [-121.80067080180139, 37.28739986910381], [-121.80958901831845, 37.2962199772698], [-121.78658898401156, 37.296219996373026], [-121.77767518727401, 37.28739987643065], [-121.75467518648823, 37.28739983258911], [-121.74576588925966, 37.27857978496537], [-121.73426589802988, 37.27857972731055], [-121.76100710051871, 37.30504007008638], [-121.74950702131528, 37.30504011384054], [-121.7673523923851, 37.32268475882383], [-121.75584792220936, 37.32268475680487], [-121.7647750223112, 37.331504804854816], [-121.77627953062265, 37.331504823316045], [-121.7941515709652, 37.349149525739584], [-121.78264264463485, 37.34914952952553], [-121.91716037973961, 37.48154020298616], [-121.90564250218559, 37.48154019959336], [-121.91464092242765, 37.49036926912125], [-121.90311861380813, 37.49036921498801], [-121.92112893560605, 37.50803173509089], [-121.90960661046704, 37.508031702672], [-121.91861851137404, 37.5168607547972], [-121.90709618428207, 37.51686073340768], [-121.92512426074417, 37.53452325794605], [-121.91360200610163, 37.534523235608404], [-121.92261826835731, 37.543352286898234], [-121.93414504851535, 37.543352252491005], [-121.96122518890391, 37.569848262152526], [-121.94970289721141, 37.569848235560336], [-121.95873702965922, 37.57868172847409], [-121.97026375306875, 37.57868171575778], [-121.9793023529903, 37.58751522541398], [-121.99082916914611, 37.58751522932998], [-121.9998766552457, 37.596348654615234], [-122.01140347166819, 37.596348697801965], [-122.03856831451323, 37.62285356316259], [-122.02703708235998, 37.62285355537096], [-122.03609795929464, 37.631691546731425], [-122.04762918605884, 37.63169152266082], [-122.0748386549307, 37.65820086868767], [-122.06330294411424, 37.658200902195624], [-122.07238169478497, 37.66703436660797], [-122.04931026054741, 37.66703438908685], [-122.05838896644038, 37.6758722860507], [-122.02377743514725, 37.675872277981945], [-122.03286061207174, 37.68471021253561], [-122.044396344208, 37.684710217439914], [-122.06257159280852, 37.70238609380398], [-122.05103145758261, 37.70238612039167], [-122.06922016240715, 37.720066411957944], [-122.10384504169046, 37.72006644804984], [-122.11295055603968, 37.72890435757512], [-122.12449068611369, 37.72890440542581], [-122.16094829942318, 37.76426953364289], [-122.14940366578438, 37.76426955363582], [-122.20420606328622, 37.81732387221698], [-122.19265698352646, 37.81732386225639], [-122.20180261878173, 37.82617077578139], [-122.19025353998133, 37.82617072612049], [-122.19940362331764, 37.835013122636525], [-122.18785004260658, 37.835013169681815], [-122.197004574176, 37.84385999784725], [-122.20855812110298, 37.84386003165412], [-122.21771711803444, 37.85270683842686], [-122.22927068130946, 37.85270689323316], [-122.25677435699039, 37.87924301689425], [-122.24521641050293, 37.87924294696562], [-122.25439321222277, 37.88808986865411], [-122.24283526747942, 37.888089836091126], [-122.2520121008472, 37.89693670540026], [-122.26357008987412, 37.896936711006916], [-122.3187335904154, 37.95003119830862], [-122.30717112818735, 37.95003123454982], [-122.31637476570381, 37.95887805481829], [-122.28168291628795, 37.95887803970516], [-122.29089101226387, 37.96772936851825], [-122.27932404730683, 37.967729379171544], [-122.28853658712387, 37.976580668195965], [-122.27696962569279, 37.97658072090668], [-122.28618660911226, 37.9854320409251], [-122.27461973828765, 37.98543203710638], [-122.28383666569255, 37.99428331432374], [-122.26070288728332, 37.99428334896575], [-122.26991980786643, 38.00313466766962], [-122.24678603675613, 38.00313460217892], [-122.25600744931008, 38.01199038705147], [-122.2675787649852, 38.01199040479197], [-122.27680469568014, 38.02084170945742], [-122.31151431416454, 38.02084169940204], [-122.30228395556745, 38.01199039812687], [-122.31385534109869, 38.01199044810453], [-122.32308573076071, 38.02084170496754], [-122.33465709467681, 38.0208417367193], [-122.32542676165893, 38.011990425833446], [-122.33699363211457, 38.011990433814006], [-122.32776774082741, 38.003134647515], [-122.35090152179114, 38.00313468251327], [-122.36013188005404, 38.011990400808784], [-122.37170325350658, 38.011990430479656], [-122.36247295575549, 38.00313466019798], [-122.37403983633126, 38.00313466898972], [-122.36481397954374, 37.994283339792034], [-122.37638086282571, 37.99428332192886], [-122.35793359419246, 37.97658066584835], [-122.39263425672443, 37.97658066850137], [-122.38341288001371, 37.967729406262194], [-122.39497979689625, 37.96772938143605], [-122.3857627748547, 37.958878097198934], [-122.39732528479685, 37.958878023688825], [-122.38811279015799, 37.95003116294459], [-122.3996752148631, 37.95003123345698], [-122.39046716142441, 37.94117990269081], [-122.41359203750767, 37.941179918499515], [-122.39518041352706, 37.92348169443884], [-122.3836224225003, 37.92348173501912], [-122.37442333978126, 37.91463482136722], [-122.36286091080464, 37.91463483183965], [-122.35367065342076, 37.905783575556754], [-122.3421082005522, 37.90578358183625], [-122.31455539871855, 37.879242972029935], [-122.32611342310652, 37.87924293834878], [-122.31693658075112, 37.87039615195652], [-122.32849460493854, 37.870396084794855], [-122.3009819519212, 37.84385998153007], [-122.32408897426966, 37.84386001578108], [-122.31492553728783, 37.8350131593909], [-122.3264791102435, 37.83501313442984], [-122.31732003186777, 37.826170794643154], [-122.3404227146218, 37.826170756390376], [-122.33126371775784, 37.81732386248568], [-122.34281274127788, 37.81732387686477], [-122.27881576870057, 37.755427115735436], [-122.26727111634861, 37.7554271050204], [-122.25814778389933, 37.74658474368687], [-122.26969238661671, 37.74658469456618], [-122.22412038298589, 37.70238613712148], [-122.21258029018377, 37.702386086545985], [-122.20347921664475, 37.6935481819337], [-122.19194356832813, 37.69354814549991], [-122.16466716759543, 37.66703438915645], [-122.17620288820295, 37.667034345971906], [-122.14896225907995, 37.64052496913185], [-122.13742656501702, 37.64052500500967], [-122.09210871652427, 37.59634870374375], [-122.10363546942217, 37.59634866404257], [-122.08553601309586, 37.5786817178544], [-122.09706277207529, 37.57868172909796], [-122.06090390266964, 37.5433522729211], [-122.07243067847875, 37.54335231271789], [-122.0453505975389, 37.51686074262729], [-122.02231037996448, 37.51686072422054], [-122.0132896473419, 37.50803174734191], [-121.99024951248752, 37.50803172198945], [-121.98124209855264, 37.49919826336772], [-121.96971974027866, 37.49919822842138], [-121.9157423401569, 37.44622862095942], [-121.92726020396613, 37.44622858772143], [-121.91827514242841, 37.4373995594235], [-121.92978848768257, 37.43739957325886], [-121.92080788647894, 37.428575032629624], [-121.9323213141446, 37.42857502843252], [-121.92334508668138, 37.419745987874975], [-121.95788087113236, 37.419745976412486], [-121.96686148102066, 37.42857501463373], [-121.98988832089263, 37.4285749855508], [-121.98090768904228, 37.419745961618815], [-122.02695234421515, 37.419745971780216], [-122.03593742979709, 37.428575017053106], [-122.05896418574187, 37.42857502996337], [-122.06795373764957, 37.43739958081335], [-122.09098055675854, 37.4373995398646], [-122.09997456298794, 37.446228591262745], [-122.08846120314008, 37.44622857821563], [-122.10646258072633, 37.46388212867298], [-122.1179804384937, 37.463882131063144], [-122.13599969033737, 37.48154020924353], [-122.17055319979451, 37.481540247552566], [-122.17956950289359, 37.49036922826238], [-122.20260966120846, 37.490369226915206], [-122.21163045783791, 37.49919823275273], [-122.2231528184745, 37.499198210181135], [-122.23218244532995, 37.508031713553606], [-122.2437003411767, 37.508031752065946], [-122.2527344631769, 37.516860759494804], [-122.22969427064072, 37.51686076653725], [-122.23872845219512, 37.52568974078411], [-122.2272061246138, 37.525689775812786], [-122.23624467160253, 37.53452328125754], [-122.22472242255706, 37.534523239473515], [-122.23376542131959, 37.54335226358487], [-122.22223866282573, 37.54335230082948], [-122.25844654453405, 37.57868171392711], [-122.28150008223251, 37.57868174962649], [-122.27243923590059, 37.569848276362364], [-122.28396602252045, 37.56984826271888], [-122.29302692530553, 37.57868174059525], [-122.30455364281583, 37.57868174173065], [-122.31361901762644, 37.587515212750304], [-122.30209224626546, 37.58751520903113], [-122.31115757182826, 37.596348700015994], [-122.35727359800596, 37.59634870315934], [-122.37543111034606, 37.61402009368646], [-122.3523685895114, 37.61402014486286], [-122.3796271258546, 37.64052496164169], [-122.36809137749025, 37.64052497377374], [-122.37718796416151, 37.64936296249156], [-122.36565229483413, 37.64936290752004], [-122.38384985861374, 37.667034386046225], [-122.40692122230732, 37.667034382888986], [-122.4160267259827, 37.67587230660342], [-122.42756240496516, 37.675872276328334], [-122.44578675250445, 37.69354818585653], [-122.43425109041816, 37.69354814898683], [-122.44336994736855, 37.70238613253974], [-122.42028964981971, 37.70238607429505], [-122.41117526843068, 37.693548156640354], [-122.38809489683855, 37.69354814461329], [-122.39720929086188, 37.702386140830086], [-122.36259331102913, 37.702386111260196], [-122.3808310818299, 37.72006644033881], [-122.34620609373465, 37.72006647580702], [-122.3827172547527, 37.75542710423379], [-122.37117268023914, 37.75542709531636], [-122.38030937214408, 37.76426952895785], [-122.36876470688604, 37.76426951046783], [-122.38705146037861, 37.781954327630864], [-122.37550243285283, 37.781954314402796], [-122.39380253864692, 37.799639107308174], [-122.38225347321206, 37.79963908444911], [-122.39140804809466, 37.80848152801133], [-122.40295714644938, 37.80848152431981], [-122.41211614272801, 37.81732384917168], [-122.44676774833071, 37.81732387671939], [-122.43760434522159, 37.80848151677585], [-122.46070691739726, 37.808481494507255], [-122.4698703712373, 37.81732386362718], [-122.49296849281411, 37.81732391785179], [-122.48380507905523, 37.80848151476693], [-122.49535410058131, 37.808481529395756], [-122.4861907236619, 37.79963907899919], [-122.49773974011592, 37.79963913602292], [-122.48858080436378, 37.790796661305635], [-122.52322356500835, 37.790796721402685], [-122.51406453880684, 37.781954293083245], [-122.52561357305427, 37.781954308724515], [-122.51645907405353, 37.77311190318022], [-122.52800369881186, 37.77311194003171], [-122.50970795786327, 37.75542713355868]]]}, "id": "00000000000000000598_0", "properties": {"uc_id": "1461", "unit": "core"}}, {"type": "Feature", "geometry": {"type": "Polygon", "coordinates": [[[-122.05921386851418, 38.10526659695909], [-122.09681693099529, 38.141174665721145], [-122.1329946883182, 38.16370691687137], [-122.18579332658359, 38.18595649941059], [-122.22001389886046, 38.19518339157615], [-122.264166275613, 38.20013915291296], [-122.27676205118846, 38.20081902535935], [-122.3602047565497, 38.19922498800129], [-122.39563198199613, 38.19382361390402], [-122.45706483523229, 38.17896029975352], [-122.48943857447198, 38.16627998765242], [-122.51885503216329, 38.14974184475432], [-122.54457782379622, 38.12976113996425], [-122.56596482153934, 38.10683920812263], [-122.5824841834832, 38.081550676768885], [-122.59164284282916, 38.0640173659876], [-122.62744364528236, 38.00285839558348], [-122.63705804903766, 37.9755285268049], [-122.64108250312799, 37.95399561197139], [-122.67152086942005, 37.92848780946937], [-122.70862142210935, 37.895471049590505], [-122.73323049939751, 37.86062219100609], [-122.74684863927142, 37.824804219363145], [-122.75494529082835, 37.7879300694731], [-122.7550221165939, 37.75949550867576], [-122.73977096378988, 37.66463935193636], [-122.73818110712027, 37.63630775334031], [-122.73097971431599, 37.60852772702295], [-122.7183524106605, 37.5819916840113], [-122.69940226879704, 37.55584308921], [-122.66189682291247, 37.5199494989838], [-122.62653601200219, 37.49780594863974], [-122.59412112084142, 37.482106167188114], [-122.5838129091863, 37.47537259082163], [-122.5387988272588, 37.43559376594481], [-122.51584541631769, 37.42091507766675], [-122.48754831188182, 37.393506927357905], [-122.47288328368185, 37.37044610454333], [-122.44601915313137, 37.341565203675394], [-122.42132621527774, 37.32099779980601], [-122.39288086019772, 37.30377305967015], [-122.35086327873017, 37.28580335054891], [-122.32245235736681, 37.268556554935145], [-122.28582817120316, 37.25230841118287], [-122.27268725170252, 37.23046493160172], [-122.25941453913481, 37.193473473995454], [-122.24343171638222, 37.16804962382995], [-122.21679852386427, 37.13912273609298], [-122.19226344690726, 37.11848582950854], [-122.16397106323079, 37.10118103033904], [-122.14525191925489, 37.09286135678708], [-122.11170805728865, 37.069361828665876], [-122.07406731560884, 37.0524078581749], [-122.04047073273895, 37.042947112552895], [-121.99664006648229, 37.03765279832699], [-121.94480147126923, 37.03625874184522], [-121.90797667053552, 37.025359664139586], [-121.86414188828084, 37.0200285886197], [-121.81436717945269, 37.01950033141518], [-121.7790683306046, 37.02327491087232], [-121.7449481953836, 37.03143114832273], [-121.72501551550478, 37.03860215576724], [-121.68233858888718, 37.04577193258549], [-121.63863888428918, 37.06141371389293], [-121.60936197272312, 37.0776257364402], [-121.58363725729095, 37.09730862138595], [-121.56210657157021, 37.11997356067539], [-121.54530901919266, 37.14505722402792], [-121.53104049946533, 37.18074253661094], [-121.52230003326734, 37.217226694263225], [-121.51325213538632, 37.2429053079069], [-121.5089090713509, 37.27105040598881], [-121.51018937934866, 37.29938868640042], [-121.51706738015073, 37.32721262593942], [-121.5293772348842, 37.35382677015147], [-121.53853846430138, 37.371370134623604], [-121.55086570915643, 37.39798156271048], [-121.56979978806585, 37.424575136932305], [-121.68217350733308, 37.537077485337136], [-121.6892977477423, 37.56578578112211], [-121.7031327912509, 37.60206386560372], [-121.71915675280893, 37.62750818275558], [-121.74595096052357, 37.656488249849374], [-121.77031863030903, 37.679976168658456], [-121.8000187340525, 37.7074504719862], [-121.81309442866994, 37.74377820527588], [-121.82921937058059, 37.76919470473403], [-121.8561703164605, 37.79815290504827], [-121.91064201344798, 37.84923650449323], [-121.94594528595552, 37.87140304566309], [-121.96796091199487, 37.88117107189342], [-121.98178229348939, 37.91092259244361], [-122.00066217798508, 37.93708805519045], [-122.02480741678252, 37.961374648505426], [-122.01914045511715, 37.99649041863966], [-122.02061014130099, 38.024827655386886], [-122.02773028927086, 38.052628600765786], [-122.04032920729273, 38.079198325401535], [-122.05921386851418, 38.10526659695909]], [[-122.38159552350683, 37.42528225753599], [-122.36825216578217, 37.40821418268208], [-122.34145028824268, 37.38509245970476], [-122.32013739055643, 37.37428464897692], [-122.29155529955598, 37.366934122037655], [-122.27086036240377, 37.34978082155132], [-122.248815779663, 37.3387614767744], [-122.22103669268591, 37.33163391015601], [-122.18568647493949, 37.29689989534604], [-122.17998494918655, 37.283860939412335], [-122.16268948050025, 37.26295672704628], [-122.16015082075025, 37.24116003171494], [-122.1518784946139, 37.222179731939285], [-122.13858856085545, 37.20520850730261], [-122.11201253350454, 37.182157922586754], [-122.08043572180084, 37.16766532816115], [-122.06177530760814, 37.15368908940403], [-122.04221112175281, 37.14122185495912], [-122.01966993833463, 37.13252111489625], [-121.99527260871112, 37.12801919519422], [-121.95933498727491, 37.126859322804144], [-121.92721873305906, 37.131054492113535], [-121.8993767786792, 37.11843937080913], [-121.8756629836908, 37.11165373947767], [-121.85065456683265, 37.10922749972286], [-121.8015452417642, 37.11147043536802], [-121.7778026565267, 37.1180679057274], [-121.76015969655491, 37.12685978685354], [-121.72736202129515, 37.12910859582996], [-121.7035995579948, 37.13571754973036], [-121.68223154194276, 37.146369501905696], [-121.66433054470207, 37.16055077822623], [-121.65084044684939, 37.177523605063044], [-121.63979166416, 37.205268914649615], [-121.63422074053899, 37.23399938070455], [-121.62834651627327, 37.248728239820075], [-121.62265049321186, 37.26817174433708], [-121.62251551482902, 37.28813649556845], [-121.6279526646081, 37.30762739628743], [-121.63869488925155, 37.32567221520154], [-121.65359573461292, 37.36125549538867], [-121.66683071246054, 37.378277195304086], [-121.68506339087591, 37.3946191290627], [-121.69376548635927, 37.4049150616299], [-121.79119395275042, 37.50098508572353], [-121.79643456776576, 37.536754204758275], [-121.81123837778397, 37.573412133168574], [-121.82466751135978, 37.59045246082581], [-121.8503863118454, 37.612669163541824], [-121.86039030267717, 37.62544015321448], [-121.88721030903133, 37.64859354591063], [-121.91225024386661, 37.66059150413219], [-121.91008090644084, 37.67601317186782], [-121.91293940379586, 37.695976013395324], [-121.92119289912686, 37.714636216688845], [-121.93432863645435, 37.73145552322233], [-121.95297526003603, 37.747989074542296], [-121.96155947907168, 37.75797826921532], [-121.99754563783767, 37.789970963086965], [-122.01987029177474, 37.801066179597214], [-122.05089332688192, 37.808462917501124], [-122.07391069144748, 37.83452732803245], [-122.07659908090397, 37.8545054494195], [-122.0852918246429, 37.87426492637947], [-122.09821726941973, 37.890605297207465], [-122.11703750154355, 37.90721147463005], [-122.13670496359477, 37.91957570781658], [-122.13974742360543, 37.92659015811842], [-122.15707215107679, 37.94750689925979], [-122.14412302510138, 37.96376116269205], [-122.13558546934149, 37.98269096746062], [-122.13258599444295, 38.002642020034436], [-122.13527854671764, 38.0226203080773], [-122.14353339367686, 38.041629662508655], [-122.15739685964289, 38.0590849776502], [-122.18405853785244, 38.08190162797779], [-122.22633425751373, 38.101581096782795], [-122.2503561172004, 38.108387957884425], [-122.27570093420597, 38.11082617306211], [-122.34801957390016, 38.10964856365883], [-122.36135614537035, 38.108340843397585], [-122.3847182164597, 38.10167415799478], [-122.3970803609516, 38.09973250185575], [-122.42237900091354, 38.09264765744959], [-122.44280810773857, 38.08243535021261], [-122.46088065518896, 38.06824969551256], [-122.47449819037206, 38.05125938326243], [-122.48298394470471, 38.032312903321454], [-122.49595332512376, 38.01490217545336], [-122.50386447481898, 37.996892045984644], [-122.51629090836909, 37.98044377895033], [-122.52504807185066, 37.96051296809708], [-122.52769436162988, 37.94053102760568], [-122.52493991105023, 37.92156704866966], [-122.51774640912755, 37.90511269467503], [-122.53084240985933, 37.90160389635464], [-122.55359000983599, 37.8928635102365], [-122.57330686166982, 37.88035489570507], [-122.58900924405219, 37.86470326009434], [-122.61284498147519, 37.846346200820484], [-122.62571574149425, 37.830055975831016], [-122.63442269240068, 37.81023609206822], [-122.64184896615419, 37.77347784557814], [-122.62599564303554, 37.673941360536205], [-122.62678568241728, 37.65819246006908], [-122.62388194872196, 37.63786441129598], [-122.61582270391891, 37.6196006584754], [-122.6024444016845, 37.602532660921035], [-122.57551154942448, 37.579400652489085], [-122.54335169543128, 37.56473832550422], [-122.52512593918198, 37.55289191224756], [-122.50757007740211, 37.54400859554364], [-122.47570626729767, 37.51302133424594], [-122.4590804785143, 37.499886627840226], [-122.43691158572784, 37.48884318132018], [-122.42907840494713, 37.47885540364983], [-122.38884967915997, 37.441856842439975], [-122.38159552350683, 37.42528225753599]]]}, "id": "00000000000000000598_1", "properties": {"uc_id": "1461", "unit": "ring"}}, {"type": "Feature", "geometry": {"type": "Polygon", "coordinates": [[[-118.87002916881201, 34.17951793105095], [-118.85880558948077, 34.17951793441438], [-118.85117613364936, 34.17082709557674], [-118.83995698519166, 34.17082713474715], [-118.83233194903748, 34.16213631276711], [-118.82110834524005, 34.16213633181365], [-118.8363629580994, 34.17951793705498], [-118.84758654132732, 34.17951788831074], [-118.86285005339495, 34.196903934580845], [-118.8516264937683, 34.19690393885972], [-118.85926490601854, 34.20559476227217], [-118.81436625914208, 34.20559472718791], [-118.82200470160062, 34.214289971401485], [-118.81078107421811, 34.21428998629802], [-118.81841951234871, 34.22298081048187], [-118.85209916603762, 34.22298077870785], [-118.85974653356637, 34.23167600512799], [-118.88219808629229, 34.231676016524794], [-118.87455074757077, 34.22298075391303], [-118.9082302571236, 34.22298081096479], [-118.87002916881201, 34.17951793105095]]]}, "id": "000000000000000006b0_0", "properties": {"uc_id": "1748", "unit": "core"}}, {"type": "Feature", "geometry": {"type": "Polygon", "coordinates": [[[-118.75501308758746, 34.39516900771326], [-118.83000594414082, 34.40996935131476], [-118.88370319613401, 34.41164904283719], [-118.917301167791, 34.409254957960904], [-118.95075819805805, 34.40246332055198], [-119.00919836630841, 34.382464789061565], [-119.03835832803809, 34.36732267391121], [-119.06425353889733, 34.348573209424146], [-119.08623693181748, 34.32668664207484], [-119.10376081019811, 34.30221150032594], [-119.11639041172523, 34.27576068168881], [-119.1238144917457, 34.24799595820779], [-119.12585268996445, 34.21961130658399], [-119.12245953764071, 34.19131549386594], [-119.11372505510559, 34.16381436216052], [-119.10016809962787, 34.138349663938726], [-119.084046663753, 34.1170021502122], [-119.03356677693876, 34.06178014326563], [-119.00913022493157, 34.041940547273725], [-118.98123835579567, 34.02553137723025], [-118.92732593841906, 34.00026728327535], [-118.8953884522031, 33.98990410856595], [-118.86188651080992, 33.98383171832697], [-118.81978385818591, 33.98216235673974], [-118.78693479647356, 33.98439897543764], [-118.7535974510458, 33.9910662958538], [-118.72136476399747, 34.002287115361455], [-118.69165790237516, 34.017572141993845], [-118.66578291468866, 34.03624457299375], [-118.6437678519844, 34.05805712455988], [-118.62650719685766, 34.081990665832194], [-118.61381205759996, 34.10781163427601], [-118.6058330516027, 34.13660247408041], [-118.60292566343392, 34.16110083521907], [-118.59535847444259, 34.18883770001784], [-118.59320965030786, 34.216618477961745], [-118.59640105448315, 34.245522680994775], [-118.60499553562809, 34.27305576476005], [-118.61873724366424, 34.29912523585429], [-118.64402616857112, 34.330802011544165], [-118.66675141133524, 34.35216646758128], [-118.69327976504542, 34.37030372434097], [-118.72294805216777, 34.38475883637497], [-118.75501308758746, 34.39516900771326]], [[-118.86149231387552, 34.07544627518263], [-118.83754623601932, 34.072251255546], [-118.81163156752999, 34.073029199681706], [-118.78799948053474, 34.07698740664091], [-118.76601276793585, 34.08518575013667], [-118.74676485978863, 34.097216747061], [-118.73121411845473, 34.11248220958505], [-118.72013627348717, 34.130222770462446], [-118.71408563704502, 34.149555433994585], [-118.71334082727486, 34.17368541128065], [-118.70610680968964, 34.18972882225712], [-118.70211421569714, 34.20954618106575], [-118.70353707071895, 34.22960230372517], [-118.71030822163088, 34.248897336777254], [-118.72209337960162, 34.26646870544889], [-118.73989962401453, 34.28452580117246], [-118.75837985245289, 34.29739550011865], [-118.77986050029611, 34.306553566096994], [-118.80326871548138, 34.31154225947203], [-118.83059455920761, 34.318380402368994], [-118.8587031953249, 34.321660534673256], [-118.9063831910059, 34.31941742785549], [-118.94148201711539, 34.30810629846933], [-118.96351311453799, 34.29988300176501], [-118.98278126707484, 34.28782375658397], [-118.99832506426918, 34.272531137121916], [-119.00937040023564, 34.254768914248096], [-119.01536892572238, 34.235423684531234], [-119.01602494464503, 34.215460430899626], [-119.01130950178093, 34.195874278711756], [-119.00146108870644, 34.177640880140146], [-118.95797129819834, 34.12658725215962], [-118.93841932587276, 34.10955903875132], [-118.88398931924205, 34.082958044007704], [-118.86149231387552, 34.07544627518263]]]}, "id": "000000000000000006b0_1", "properties": {"uc_id": "1748", "unit": "ring"}}, {"type": "Feature", "geometry": {"type": "Polygon", "coordinates": [[[-122.64570164319032, 38.25115876202253], [-122.65729530119074, 38.25115874872279], [-122.64794905020774, 38.24229852677318], [-122.65954271329824, 38.24229850744182], [-122.6502008917224, 38.233433835580406], [-122.66179007622037, 38.23343383697037], [-122.65245277012183, 38.22456915949472], [-122.61768064149248, 38.22456913303082], [-122.62701799925613, 38.233433860034545], [-122.6038306638648, 38.23343386038148], [-122.59449776336704, 38.22456915147176], [-122.58290860011368, 38.22456913882628], [-122.59224151223616, 38.23343378868858], [-122.58064786820624, 38.233433790262296], [-122.60867323949203, 38.26002349653863], [-122.62026692842161, 38.26002342025327], [-122.63897283848064, 38.27775281084545], [-122.67376276743234, 38.27775286996521], [-122.64570164319032, 38.25115876202253]]]}, "id": "00000000000000000704_0", "properties": {"uc_id": "1836", "unit": "core"}}, {"type": "Feature", "geometry": {"type": "Polygon", "coordinates": [[[-122.66442794550606, 38.045237098479255], [-122.5671303747698, 38.04502021894272], [-122.52171581532366, 38.0516189444458], [-122.4784849542135, 38.06442106670917], [-122.4352979959208, 38.08702157444056], [-122.40355863112087, 38.11345524024924], [-122.37823702750441, 38.14388259572003], [-122.36031520655247, 38.18219699206673], [-122.35226292158329, 38.2191920829715], [-122.35380044276269, 38.2555104476221], [-122.36349133194717, 38.2910435400613], [-122.38561631542069, 38.32805534593733], [-122.43184897603722, 38.374673615588435], [-122.45707252730692, 38.39510910669705], [-122.51643005578245, 38.429927602607414], [-122.5485504543898, 38.443175687525205], [-122.58294326860153, 38.45228614650306], [-122.62702344911449, 38.45708977137696], [-122.68987214430724, 38.45728645073261], [-122.73543713294856, 38.45064203099804], [-122.77877533109769, 38.43778734215236], [-122.82222562620133, 38.41499207793257], [-122.85388748177608, 38.388502249096106], [-122.87906399620591, 38.35804262913693], [-122.89683360375663, 38.31951943263578], [-122.90234432490216, 38.283482320238626], [-122.89966369269209, 38.247247726009164], [-122.88849609453585, 38.21090925443717], [-122.87859239023538, 38.175403359506284], [-122.85631320216271, 38.13848951078998], [-122.82869176451159, 38.10970977814928], [-122.80348550824074, 38.089336551057315], [-122.77453010026835, 38.072335000600226], [-122.74254640342882, 38.05912702156292], [-122.70832901202533, 38.05004017115989], [-122.66442794550606, 38.045237098479255]], [[-122.53647963587919, 38.32993510023079], [-122.57876712323035, 38.35369330796248], [-122.6017523164223, 38.36228461432595], [-122.6265991112016, 38.36665797332488], [-122.67378410496299, 38.36774152792302], [-122.69924699068113, 38.36549237565999], [-122.72343510437723, 38.35886486384994], [-122.74513918000672, 38.348190470181486], [-122.76440531865569, 38.33287670306319], [-122.77693973347479, 38.31701110927163], [-122.78545315482137, 38.29806370677591], [-122.78839492793765, 38.27810623281919], [-122.78562294090528, 38.25813385618038], [-122.77679585046548, 38.238529699549126], [-122.77358518430974, 38.213825750003146], [-122.76525023364013, 38.19483275434695], [-122.75114660620746, 38.17727171149357], [-122.73244745144798, 38.160964564067406], [-122.71250418871135, 38.14860620718808], [-122.68957693604992, 38.140030969863346], [-122.6648056006991, 38.135664888049845], [-122.59449076305226, 38.134580492125195], [-122.5567108965371, 38.13704424313575], [-122.53340906715208, 38.14342655082666], [-122.51174496884916, 38.154074451709334], [-122.49361781389905, 38.16823375338314], [-122.47993109071987, 38.1852005142008], [-122.4713689562437, 38.20413068722656], [-122.46748764425837, 38.2236569216737], [-122.4675310127847, 38.24362252456509], [-122.4732148629538, 38.26308285243723], [-122.48426000935288, 38.28106714908456], [-122.52033101071964, 38.31738173912299], [-122.53647963587919, 38.32993510023079]]]}, "id": "00000000000000000704_1", "properties": {"uc_id": "1836", "unit": "ring"}}, {"type": "Feature", "geometry": {"type": "Polygon", "coordinates": [[[-118.78522154938948, 34.249066545897605], [-118.72907701100709, 34.24906648598975], [-118.73672436277475, 34.257757281644686], [-118.72549630643641, 34.257757295210844], [-118.73314818893016, 34.26645254253306], [-118.67699913384783, 34.266452577624726], [-118.6693517810916, 34.25775734186843], [-118.65812381609017, 34.25775725324128], [-118.66576671753008, 34.26645254539405], [-118.6545386809528, 34.266452514713016], [-118.67748967981187, 34.292542751653244], [-118.6887221678758, 34.292542771613036], [-118.6963828371891, 34.3012380128866], [-118.71884785337915, 34.30123799789362], [-118.71118710068784, 34.29254273788989], [-118.76734496879237, 34.29254278159095], [-118.75968876833355, 34.28384745614691], [-118.8046097132591, 34.28384748191646], [-118.79695344420156, 34.27514781551411], [-118.80818143302227, 34.27514780910366], [-118.78522154938948, 34.249066545897605]]]}, "id": "0000000000000000075a_0", "properties": {"uc_id": "1923", "unit": "core"}}, {"type": "Feature", "geometry": {"type": "Polygon", "coordinates": [[[-118.72757307079695, 34.069093469596126], [-118.69337259947858, 34.07153065877947], [-118.65674400607428, 34.077783555155726], [-118.62253835506222, 34.08020457218661], [-118.58989391186638, 34.08690908538757], [-118.5576021595645, 34.098145055487514], [-118.52848393801787, 34.11321935923059], [-118.50258518243135, 34.131896986283074], [-118.48055159261726, 34.15371394323282], [-118.4629340909195, 34.17812786497709], [-118.44655489491845, 34.213262473869], [-118.43898277944506, 34.24099929331517], [-118.43678623987044, 34.26937589994673], [-118.44002550433642, 34.29768428059308], [-118.44862508090297, 34.325217415653775], [-118.46237510819505, 34.351286966324714], [-118.50296542785728, 34.40037902716777], [-118.52571221759324, 34.42174155520799], [-118.55226490765972, 34.439876547492716], [-118.60083265791167, 34.46302023108259], [-118.63292838942414, 34.47342901855591], [-118.66661772327771, 34.47953137819451], [-118.71966105587818, 34.48116370866767], [-118.7548156079199, 34.478751021791254], [-118.79072884200296, 34.47098883496595], [-118.81926798185629, 34.466765973948974], [-118.87393761176621, 34.45448511868187], [-118.9056549056018, 34.44332982037636], [-118.93483570115981, 34.4281871965021], [-118.96074925141447, 34.409437267023684], [-118.98274802964644, 34.387550295163855], [-119.00028395855206, 34.363074824542444], [-119.01649196992122, 34.32787043040736], [-119.02374054451285, 34.300735963758385], [-119.02593735868173, 34.27171843985235], [-119.02260820055652, 34.24406789946759], [-119.013978854974, 34.21655106181511], [-118.99990749401341, 34.18990758082464], [-118.95916484222971, 34.140935937551845], [-118.93640284592966, 34.11963984287273], [-118.9098844292512, 34.10157170047495], [-118.88027046069976, 34.08718031241478], [-118.84829748589397, 34.07682294999934], [-118.81475960541655, 34.07075662759718], [-118.72757307079695, 34.069093469596126]], [[-118.68204692431918, 34.16791702225194], [-118.67450587218231, 34.16786967588478], [-118.63907627782464, 34.169157848929295], [-118.61579069545321, 34.17485652728664], [-118.59460903756246, 34.18468362564536], [-118.57658509995403, 34.19815065963098], [-118.56261687399365, 34.21458793960753], [-118.54979968926645, 34.241890988453186], [-118.54580449651922, 34.261708329996324], [-118.54722810613384, 34.28176445883741], [-118.55609990341831, 34.30495900307398], [-118.58933528284926, 34.345429369209974], [-118.6057392747149, 34.36026936569221], [-118.64466874630503, 34.380450751081405], [-118.67117244391648, 34.38878623299438], [-118.69129191002187, 34.39112845277149], [-118.73805171886978, 34.389818788662915], [-118.7613858786778, 34.384089389866645], [-118.78652138473801, 34.381127332720105], [-118.81210588694896, 34.37435637805486], [-118.82376439739073, 34.372434946135996], [-118.84709664044244, 34.3667136687808], [-118.86830499822294, 34.35685836001056], [-118.8863303892008, 34.34336159386138], [-118.90027399405437, 34.326897668322744], [-118.91055124096407, 34.30456297574206], [-118.91694272504517, 34.27973557951374], [-118.91545132371773, 34.259682817085306], [-118.90653482779307, 34.236553389826426], [-118.8732054189212, 34.1961008864427], [-118.85680132738247, 34.181285160478886], [-118.83683789292263, 34.16984623518544], [-118.81430883281956, 34.162352804801756], [-118.79033434738155, 34.15917728775406], [-118.70997019146459, 34.16047610144154], [-118.68204692431918, 34.16791702225194]]]}, "id": "0000000000000000075a_1", "properties": {"uc_id": "1923", "unit": "ring"}}, {"type": "Feature", "geometry": {"type": "Polygon", "coordinates": [[[-118.63757623440493, 34.14475479426451], [-118.62635264918238, 34.144754798221946], [-118.61874990623343, 34.13606395708122], [-118.60753080530516, 34.13606395125294], [-118.61513362860393, 34.14475477108161], [-118.59269539970681, 34.144754796804094], [-118.60029811527471, 34.15344558661068], [-118.56663636851427, 34.153445572452235], [-118.55903814056644, 34.14475474777019], [-118.50293811947822, 34.14475474895485], [-118.49534434048532, 34.136063957474754], [-118.46168701722262, 34.136063999629464], [-118.46927637045539, 34.14475478245263], [-118.43561910504951, 34.14475478263629], [-118.42802973085689, 34.136063966710495], [-118.39437242708209, 34.136063965606], [-118.38678751042735, 34.12737321135426], [-118.34191111689026, 34.12737315253853], [-118.34949600556715, 34.13606399384487], [-118.33827692706622, 34.1360639430053], [-118.34586188978864, 34.14475471362074], [-118.32342366510649, 34.144754740037904], [-118.33100858057838, 34.153445527074034], [-118.29734686505648, 34.15344557681486], [-118.28976187231909, 34.14475479670628], [-118.27854276751489, 34.144754807347084], [-118.26338629465725, 34.127373194434774], [-118.2746009543553, 34.12737314990028], [-118.26702940234068, 34.11868682051734], [-118.33433507330444, 34.11868685859785], [-118.32675904705842, 34.10999608352659], [-118.38284117480774, 34.10999604615802], [-118.39042163399681, 34.11868683160452], [-118.40164071235395, 34.11868682973353], [-118.39406031460575, 34.10999608831821], [-118.40527487042108, 34.1099960817357], [-118.39769891623483, 34.101305267607266], [-118.40891358494305, 34.10130526320985], [-118.40133752799099, 34.09261895387061], [-118.43498594252151, 34.092618931463605], [-118.42740990927959, 34.083928159534665], [-118.47226845862323, 34.08392816870432], [-118.46469688645392, 34.075241873052256], [-118.49833631364599, 34.07524182147074], [-118.49076477568882, 34.06655551641647], [-118.50197940566257, 34.06655551516745], [-118.49440785653819, 34.057869167953825], [-118.50562250634161, 34.05786919282754], [-118.49805540083744, 34.04917840363903], [-118.5316904378679, 34.04917838292039], [-118.53925751166705, 34.05786914800215], [-118.55047213317063, 34.05786920780264], [-118.5429005886411, 34.04917838680435], [-118.55411522815845, 34.049178396083825], [-118.5389810331953, 34.03180570768089], [-118.5277708820882, 34.031805766001455], [-118.50510079559771, 34.00575117945847], [-118.49389065425177, 34.00575118306706], [-118.43358573925526, 33.936282880953556], [-118.44478703581923, 33.93628286216246], [-118.42222396069995, 33.910237272820595], [-118.43342521870211, 33.91023722515046], [-118.41839808167684, 33.892873479727314], [-118.42959932912235, 33.89287350384153], [-118.40708082160195, 33.866832397566284], [-118.4182776580333, 33.866832381903656], [-118.40328169599161, 33.84947310538437], [-118.41447406244444, 33.84947309732618], [-118.39200014372716, 33.82343637394739], [-118.40319700850733, 33.8234363548436], [-118.39571010907567, 33.81475901512939], [-118.40690244701595, 33.81475897623809], [-118.39942008144634, 33.80608158377221], [-118.3770354422762, 33.80608157389361], [-118.36955754015344, 33.79740412806855], [-118.34717730730532, 33.79740417015954], [-118.33970387669245, 33.78872675896202], [-118.32851152769031, 33.788726747582785], [-118.31357347925417, 33.77137637429353], [-118.32476583469786, 33.77137635945092], [-118.31730131404487, 33.762698965758844], [-118.328489231613, 33.76269897880793], [-118.31356901964581, 33.74534860558526], [-118.32475691606997, 33.74534858922669], [-118.31730131404487, 33.736671200659885], [-118.328489231613, 33.73667119839232], [-118.3210336154736, 33.72799827617453], [-118.33222146485993, 33.72799823165941], [-118.3247702940116, 33.71932529620537], [-118.33595370494915, 33.71932527791696], [-118.32850706847509, 33.71065230773905], [-118.30614021975668, 33.71065230802543], [-118.29869352250022, 33.70197489768077], [-118.2763266741485, 33.70197493534932], [-118.28376890834511, 33.710652315333576], [-118.23903514978281, 33.710652328707205], [-118.24647740133823, 33.71932527946242], [-118.22410612975052, 33.71932531753656], [-118.23899499576189, 33.73667124250516], [-118.22781164607629, 33.736671198616264], [-118.24271393206236, 33.75402158787767], [-118.23152600600054, 33.7540216161158], [-118.22407489613116, 33.745348603523766], [-118.2128870058112, 33.74534860634033], [-118.20544026519609, 33.73667125730467], [-118.17188114537683, 33.73667120550345], [-118.18677452180711, 33.75402160213584], [-118.17558662290372, 33.75402155096194], [-118.1830377749424, 33.76269900246153], [-118.17184990230584, 33.762698961815566], [-118.1569520292388, 33.74534864277778], [-118.1457641705234, 33.74534865428007], [-118.15321088985253, 33.75402159844339], [-118.14202296897983, 33.75402156272587], [-118.12713405835427, 33.73667122219808], [-118.10476272462641, 33.73667119078909], [-118.09732492219027, 33.727998267393254], [-118.08613708287686, 33.72799828114902], [-118.07127039110058, 33.71065232391327], [-118.0600869672815, 33.710652349669594], [-118.05265808272618, 33.70197492526906], [-118.06384153135647, 33.701974974554886], [-118.0489926985832, 33.68462908275113], [-118.03781375861767, 33.684629023923435], [-118.00816077869707, 33.649941649771996], [-117.99698176580824, 33.6499417183194], [-117.98957525627262, 33.641268746039216], [-117.97839623859088, 33.641268761954485], [-117.97099860904677, 33.63260024395255], [-117.95981968000433, 33.632600266990885], [-117.93764010717851, 33.6065902818721], [-117.92646106544686, 33.60659031141523], [-117.9190768481311, 33.59791737503804], [-117.89672783725716, 33.59791736642707], [-117.88934356593596, 33.58924883638546], [-117.87816904376551, 33.589248892420045], [-117.87079367326562, 33.580580371422286], [-117.85961917135036, 33.580580391303705], [-117.86699454846878, 33.589248889789445], [-117.85581999189066, 33.58924885049771], [-117.86319981530323, 33.597917383718986], [-117.8520252939026, 33.597917342561274], [-117.85940956351666, 33.6065903175315], [-117.82588163677552, 33.606590337145306], [-117.83326589154753, 33.61525880076817], [-117.82208694237904, 33.615258803733845], [-117.82947564341464, 33.623927300662], [-117.81829673090925, 33.62392730140356], [-117.82568540612937, 33.6326002248712], [-117.79215299596714, 33.63260022211322], [-117.8069349286619, 33.64994169635413], [-117.79575589362781, 33.64994169599039], [-117.80314914473983, 33.658614617764236], [-117.7807911866665, 33.658614630812686], [-117.77339354802703, 33.64994171392175], [-117.76221453406188, 33.64994171240505], [-117.76960778969595, 33.65861464963287], [-117.75842881497398, 33.658614645171745], [-117.77322410088051, 33.675956071883085], [-117.762040692591, 33.67595610683986], [-117.769442812428, 33.684629059452575], [-117.7247135159254, 33.684629045692304], [-117.73211560621972, 33.693302027979485], [-117.70975326566789, 33.69330201906139], [-117.71715532479736, 33.7019749129663], [-117.72833875774583, 33.70197492708471], [-117.75798735743147, 33.736671182328976], [-117.74679944813933, 33.73667123686476], [-117.77649706933316, 33.77137637961788], [-117.7653092069638, 33.771376389436355], [-117.77274250869492, 33.78004938312123], [-117.75036225132887, 33.78004936654512], [-117.7652334266137, 33.79740411999045], [-117.77642129357749, 33.79740417969617], [-117.79130575550911, 33.81475895302505], [-117.78011342434412, 33.81475901905505], [-117.78756008471443, 33.82343637832842], [-117.77636779426487, 33.82343636673623], [-117.78381890014727, 33.8321138112378], [-117.77262208808568, 33.83211381215905], [-117.78007325593393, 33.84079570922986], [-117.76888095815322, 33.8407956431401], [-117.77633209822658, 33.84947305590853], [-117.74274613709211, 33.84947310906277], [-117.73529498623395, 33.84079564248727], [-117.72410266498034, 33.84079565711316], [-117.73155381762332, 33.84947311413225], [-117.72035697546343, 33.8494730594508], [-117.72780818876957, 33.858150489729674], [-117.71661577465557, 33.85815046883057], [-117.72407143331495, 33.86683238366685], [-117.7352682306316, 33.86683236776111], [-117.76512633201634, 33.90155540553681], [-117.82112821662527, 33.90155542640389], [-117.82860165447272, 33.91023727288981], [-117.83980292109253, 33.91023728181989], [-117.84728534269411, 33.918914628928654], [-117.85848653502092, 33.9189146611384], [-117.86596890438837, 33.92759654023798], [-117.87717019773132, 33.927596549977984], [-117.88466145358201, 33.936282882598555], [-117.89586275441543, 33.936282888718154], [-117.90335404142743, 33.94496469870982], [-117.9481680417327, 33.94496469080743], [-117.95566823505486, 33.95364657784997], [-117.98928090891187, 33.95364662929089], [-117.9967855424476, 33.96232850608752], [-118.00798681565144, 33.962328502214696], [-118.0380412035811, 33.99706484953655], [-118.04924692771702, 33.997064833359076], [-118.08689067735769, 34.040492030952045], [-118.07568046952302, 34.040492042802654], [-118.08321636017617, 34.04917836581941], [-118.06079154590083, 34.04917841763316], [-118.05325567792546, 34.04049202757754], [-118.04204547344273, 34.040492092664394], [-118.03451407640662, 34.03180575490947], [-118.02330384547285, 34.031805714022674], [-118.01577245564546, 34.023119361767726], [-118.00456675873326, 34.023119424051735], [-117.98200365481625, 33.99706488883475], [-117.99320934275192, 33.99706489656597], [-117.98569580125779, 33.988383000598205], [-117.99690152513408, 33.988383018538286], [-117.98938796061904, 33.979696631089816], [-117.92215357509325, 33.97969665276916], [-117.91464894375304, 33.97101481179347], [-117.90344326411753, 33.971014833068196], [-117.89594304028535, 33.96232848327599], [-117.88473727388406, 33.96232851691354], [-117.89223751522368, 33.97101479654463], [-117.8586203127408, 33.97101478158998], [-117.85112011341812, 33.96232845805137], [-117.82871318399414, 33.96232847123023], [-117.8362089387383, 33.971014802656036], [-117.82500315865298, 33.97101480677012], [-117.8475127608623, 33.99706484182523], [-117.83630257671167, 33.997064861803494], [-117.84381170283834, 34.00575115625005], [-117.83260594201087, 34.00575120767007], [-117.84011504133854, 34.014437554908774], [-117.81769468684156, 34.01443750588012], [-117.81018556153828, 34.00575122067214], [-117.78776968541672, 34.00575117560414], [-117.78026497278837, 33.99706485097056], [-117.7690592665502, 33.9970649145707], [-117.73907625676044, 33.96232846766835], [-117.71666481659739, 33.96232852618657], [-117.70917798511176, 33.95364662035172], [-117.69797675435596, 33.95364663770244], [-117.69049436413059, 33.94496473033294], [-117.66808738091959, 33.94496473910362], [-117.67556529612582, 33.95364662759689], [-117.64195705243614, 33.953646639026346], [-117.66441307753188, 33.97969670416783], [-117.65320737796688, 33.979696712325875], [-117.66069421111678, 33.98838300697379], [-117.64948846891647, 33.98838303762272], [-117.65698422320074, 33.99706486094099], [-117.64577405223528, 33.997064880805574], [-117.65326977544314, 34.005751236396726], [-117.64206412823549, 34.00575119084428], [-117.64955982009337, 34.01443752394079], [-117.59351783224032, 34.014437549622386], [-117.5860221587146, 34.005751226889195], [-117.57481190357292, 34.00575121505415], [-117.55983383622166, 33.9883829936929], [-117.57103950892959, 33.98838300149529], [-117.56355719150976, 33.97969667856076], [-117.61958574115644, 33.979696674958355], [-117.61209897745591, 33.97101482959184], [-117.63451039020546, 33.971014800503426], [-117.62702797807027, 33.962328491602285], [-117.61582229444397, 33.96232845860402], [-117.60086644133048, 33.94496478191997], [-117.61207220426552, 33.94496470179783], [-117.60459427722245, 33.93628283386435], [-117.5821917743766, 33.93628289118064], [-117.58966521063779, 33.94496472689123], [-117.56725817286197, 33.944964764794896], [-117.57473165778427, 33.95364663452172], [-117.54111896153466, 33.95364658572343], [-117.54859687247749, 33.96232843985306], [-117.53739113859952, 33.96232847695651], [-117.54486910547213, 33.971014772801226], [-117.52245762230976, 33.97101481310208], [-117.52993554410705, 33.97969668309865], [-117.49631840141863, 33.97969665279173], [-117.48884042912803, 33.971014834748885], [-117.432816304531, 33.971014781432615], [-117.44028980301486, 33.97969665265466], [-117.4290840637849, 33.9796966843815], [-117.43655752596507, 33.98838302109964], [-117.4141460520177, 33.988383046346726], [-117.40666814780742, 33.97969671317097], [-117.39546245524525, 33.979696655342025], [-117.40294033850368, 33.98838297468517], [-117.39173013020432, 33.9883829872705], [-117.42915092603279, 34.031805711296236], [-117.41794078312009, 34.03180572864439], [-117.42543205964988, 34.04049202773626], [-117.40301169166362, 34.0404920450032], [-117.39552036466573, 34.031805709083706], [-117.384310181298, 34.03180572964064], [-117.37682343120476, 34.02311939682465], [-117.35440298915778, 34.02311941064207], [-117.3618898726473, 34.03180575397911], [-117.35067966024747, 34.03180570111146], [-117.37315350997464, 34.05786921258209], [-117.36193891576198, 34.0578691638964], [-117.3694391412617, 34.06655551347402], [-117.3470098810462, 34.0665554747667], [-117.33951409561836, 34.05786919172389], [-117.3283038727232, 34.05786919111853], [-117.31332136858386, 34.040492087647046], [-117.32453153956187, 34.04049206220487], [-117.31704468069233, 34.0318057225779], [-117.3282548212835, 34.0318057116929], [-117.32077249670898, 34.02311943543281], [-117.33198269619236, 34.02311941723553], [-117.32450033257072, 34.0144375256008], [-117.30208437877722, 34.014437514622315], [-117.30956229347039, 34.02311940425895], [-117.29835208774517, 34.02311940256846], [-117.30583453677458, 34.03180568387812], [-117.29462430111013, 34.03180569590781], [-117.30211119469733, 34.04049206327267], [-117.27968635850323, 34.040492073659884], [-117.28717318332887, 34.049178405357196], [-117.26475277436272, 34.049178371464706], [-117.25726601016852, 34.04049207177412], [-117.20121064542033, 34.040492033411596], [-117.19373265535546, 34.031805734296306], [-117.14889198563256, 34.03180569770214], [-117.15636542530888, 34.04049209274606], [-117.14515525342804, 34.04049204271654], [-117.15263313735593, 34.04917837484789], [-117.14141854296012, 34.04917835757831], [-117.14890087120676, 34.05786918986756], [-117.12647604851753, 34.05786918363079], [-117.13395847187759, 34.06655552464856], [-117.11153363699877, 34.06655552122216], [-117.11901597444806, 34.07524181975088], [-117.16387009347338, 34.07524181627388], [-117.17136138383346, 34.08392814602933], [-117.18257604270813, 34.08392818348256], [-117.19756756330622, 34.10130526700306], [-117.18635292156488, 34.10130525374118], [-117.19385307778683, 34.109996047201776], [-117.16020471504625, 34.10999607579326], [-117.16770493467253, 34.11868684693032], [-117.1564858697804, 34.11868686047454], [-117.1714995886645, 34.136063968368006], [-117.1939333892793, 34.13606399488875], [-117.20144690511681, 34.14475479111046], [-117.22388511850161, 34.14475478117324], [-117.23140317705436, 34.15344552860075], [-117.24262232491398, 34.15344553139944], [-117.25014479936442, 34.162136312857676], [-117.26136389114039, 34.162136369470815], [-117.26889086782678, 34.1708271579967], [-117.28010998942867, 34.17082708769899], [-117.2876413752682, 34.179517899288825], [-117.34375465252613, 34.17951792156386], [-117.35129053630884, 34.188213155543934], [-117.36251416279434, 34.18821316286378], [-117.34744233535, 34.170827130290824], [-117.3586659111824, 34.17082715521035], [-117.35113452234647, 34.162136320990975], [-117.36235806802799, 34.16213636412203], [-117.35482664047878, 34.15344557301338], [-117.36605015587655, 34.15344555600936], [-117.35852326235951, 34.14475473021416], [-117.38096143532373, 34.144754747215636], [-117.38848836888658, 34.153445579020584], [-117.39971193943013, 34.153445524287264], [-117.41477483730526, 34.17082710576871], [-117.4372174282893, 34.170827137754685], [-117.4296816107034, 34.162136314980756], [-117.44090515044839, 34.16213631989848], [-117.43337368770666, 34.15344557860737], [-117.45581189917382, 34.15344557055773], [-117.46334778100565, 34.1621363481883], [-117.47456686978202, 34.16213637215891], [-117.48210722009217, 34.170827123120674], [-117.49332629749426, 34.1708271628244], [-117.48579041643747, 34.162136352158775], [-117.5082331361352, 34.16213630835456], [-117.50069273000739, 34.15344552785668], [-117.52313541754701, 34.15344554432061], [-117.53067575070737, 34.162136336762956], [-117.54189486558381, 34.16213634950307], [-117.53435452531077, 34.15344556232198], [-117.55679713103686, 34.153445586901285], [-117.5643374827886, 34.16213636161793], [-117.6316654951398, 34.16213632321536], [-117.6241206527164, 34.153445587912664], [-117.68022059277907, 34.15344554042413], [-117.67267581756326, 34.14475478690469], [-117.68389494437716, 34.14475476398879], [-117.6763546137195, 34.13606397872335], [-117.6875736991674, 34.136063982555434], [-117.68003333765579, 34.12737315980537], [-117.69125247111108, 34.12737316873555], [-117.68371207883978, 34.118686855539046], [-117.69493117065919, 34.118686891234596], [-117.68739531255648, 34.10999605961092], [-117.72104811168457, 34.10999606869107], [-117.7285840413565, 34.11868684684102], [-117.76223690171223, 34.1186868380298], [-117.76977724016365, 34.127373147021586], [-117.80343449232579, 34.12737320507072], [-117.81098378744177, 34.13606394096225], [-117.82220285850265, 34.13606396836718], [-117.83731032217675, 34.15344552238133], [-117.8821911070704, 34.15344556232703], [-117.87463295565077, 34.144754751842356], [-117.89707115133473, 34.144754786598426], [-117.90462934953919, 34.15344553171699], [-117.9158529239958, 34.15344554544572], [-117.90829027862954, 34.14475474919928], [-117.93072849631761, 34.14475474221307], [-117.93829109333979, 34.15344556952285], [-117.98317644258066, 34.153445560311226], [-117.99074352634042, 34.16213632039422], [-118.02440524545271, 34.16213636852213], [-118.0319812945166, 34.170827140169685], [-118.06564303987146, 34.17082710323803], [-118.07322348285139, 34.1795179028517], [-118.0844470653858, 34.17951788204662], [-118.09202750125144, 34.18821315435474], [-118.10325104239439, 34.188213160554206], [-118.1108404877325, 34.1969039422093], [-118.12206407260193, 34.19690395076964], [-118.12965341530757, 34.20559476447117], [-118.17455213932082, 34.20559471391232], [-118.18215043744217, 34.21428994221471], [-118.19337843348303, 34.21428997027419], [-118.20097670746077, 34.222980745052055], [-118.2122047285531, 34.222980765473864], [-118.22741918138777, 34.24037128180363], [-118.23864726154774, 34.24037122404645], [-118.24625888360535, 34.2490665493757], [-118.25748688998993, 34.24906649990772], [-118.26510311682284, 34.25775729123011], [-118.27633104552162, 34.257757326120434], [-118.28395169503486, 34.26645251472364], [-118.29518418064193, 34.26645256116154], [-118.30280478909847, 34.275147798497834], [-118.32526973640977, 34.27514782061031], [-118.3176402364859, 34.2664525281247], [-118.32887263454934, 34.26645257429448], [-118.31362699454516, 34.249066482116326], [-118.29117094335788, 34.24906655347896], [-118.28355480948402, 34.24037127488703], [-118.2723268208337, 34.24037126969213], [-118.23430404913702, 34.19690393293038], [-118.22308050396352, 34.19690398189894], [-118.2306788063364, 34.2055947589427], [-118.20822720806831, 34.20559476615243], [-118.20063335894706, 34.19690394157945], [-118.1894098509279, 34.19690390857703], [-118.1590611942909, 34.16213634695029], [-118.17028033243618, 34.16213633860571], [-118.16269981425792, 34.15344557313647], [-118.17392335880974, 34.153445589510206], [-118.16634737407755, 34.144754738425625], [-118.20000467328467, 34.144754766172404], [-118.20758516297012, 34.15344552459256], [-118.21880418623509, 34.153445567362226], [-118.23397406294023, 34.17082711181025], [-118.25641676353693, 34.17082708875519], [-118.2640105550684, 34.1795179595614], [-118.27522972359661, 34.17951789352625], [-118.29042626735914, 34.19690396778344], [-118.30164985175847, 34.196903982121356], [-118.30925259896273, 34.20559472833816], [-118.32047618804869, 34.205594730408485], [-118.32808344249298, 34.214289938459245], [-118.33930694316135, 34.21429002605528], [-118.36215090638325, 34.24037123891534], [-118.37337900634843, 34.24037126820144], [-118.39624972545421, 34.266452553929035], [-118.38502163834285, 34.26645257442796], [-118.39265121002819, 34.27514781958165], [-118.37019068267884, 34.27514781836714], [-118.37782467277572, 34.28384748842842], [-118.38905270652126, 34.28384748964531], [-118.41197245432053, 34.30993322852637], [-118.4007399830776, 34.30993324244701], [-118.40838292357591, 34.31863296015381], [-118.3971503897272, 34.318632948025325], [-118.40479777300015, 34.327328202136016], [-118.48344299972986, 34.32732819812884], [-118.47579111919282, 34.31863292411705], [-118.48702360474216, 34.318632961036904], [-118.47172445471072, 34.30123798516484], [-118.48296140395776, 34.30123794833664], [-118.47531404557486, 34.292542709068904], [-118.49777894225322, 34.29254275896502], [-118.50542633046653, 34.30123798323835], [-118.52789131526526, 34.301237979121666], [-118.5202439007583, 34.292542771761624], [-118.55393692288187, 34.29254271123038], [-118.56158873432257, 34.30123795164765], [-118.57282115104104, 34.301237991577494], [-118.54987913395308, 34.27514779983382], [-118.56111155303968, 34.275147815858055], [-118.55346871474552, 34.26645257138852], [-118.5759291721179, 34.26645257517434], [-118.58357202878899, 34.27514780109413], [-118.59480008346101, 34.27514777086197], [-118.58715721882332, 34.26645255463856], [-118.62084570606808, 34.26645250771007], [-118.61320727062417, 34.25775728269932], [-118.62443523788511, 34.257757334293345], [-118.61679679335046, 34.24906655719839], [-118.62802486828458, 34.24906654205457], [-118.61275240927203, 34.23167602486538], [-118.6239804080038, 34.23167599791094], [-118.61634648256073, 34.22298075102837], [-118.65002606298282, 34.22298075319103], [-118.64239656981594, 34.21428993598086], [-118.66484812171609, 34.21428999365835], [-118.6495935578274, 34.196903938605125], [-118.66081704317804, 34.19690394882534], [-118.65319651561208, 34.18821315635534], [-118.6644200174316, 34.18821319992651], [-118.65679939300988, 34.17951793232662], [-118.66802300017078, 34.17951790924046], [-118.63757623440493, 34.14475479426451]]]}, "id": "000000000000000007ac_0", "properties": {"uc_id": "2007", "unit": "core"}}, {"type": "Feature", "geometry": {"type": "Polygon", "coordinates": [[[-117.13212155553039, 33.85293092924251], [-117.09840536192786, 33.85734768532198], [-117.0659417005934, 33.86611046079591], [-117.0355365948868, 33.879001822584435], [-117.00794586057565, 33.895701774249154], [-116.98385654908326, 33.91579556829593], [-116.96933572934914, 33.93130014778325], [-116.946396988677, 33.95057837141823], [-116.92640887465139, 33.9735706233747], [-116.91102657422532, 33.99888473627551], [-116.90063720665107, 34.025890629324046], [-116.8955044494427, 34.053915498557316], [-116.89576152969752, 34.08226048166406], [-116.90140739421433, 34.11021803454433], [-116.91230620349343, 34.13708959297776], [-116.92039217465268, 34.15196421030662], [-116.9449214492367, 34.18305576485078], [-116.96467167145043, 34.20336877864697], [-116.99729341942665, 34.243893195337876], [-117.01999666510466, 34.26525655988324], [-117.04649882435417, 34.28339255977931], [-117.07613737719451, 34.297846288243974], [-117.14154321944457, 34.31756921492651], [-117.19219759741306, 34.341287189077384], [-117.22424460770118, 34.351700280667856], [-117.25788372698243, 34.35780719922036], [-117.2879330240882, 34.360407052747675], [-117.32157726434458, 34.36650785982746], [-117.36259290135948, 34.368190470133214], [-117.39689826804593, 34.36593143831297], [-117.43040602431348, 34.359222830069065], [-117.45861563552756, 34.34947459583994], [-117.49333735252918, 34.35080448162212], [-117.52766990082661, 34.348552062529365], [-117.56426571719707, 34.342113670872], [-117.6489886281584, 34.34097893523552], [-117.68288306703738, 34.33648469017372], [-117.70310407037958, 34.331921997740174], [-117.7314316767419, 34.327794152054004], [-117.75878663494196, 34.32075915619947], [-117.78869064083389, 34.328309172836654], [-117.80757371737354, 34.331736170174835], [-117.88262951305015, 34.33342251647457], [-117.9254696628514, 34.3337032257377], [-117.99487747638894, 34.349152496264686], [-118.03419104483996, 34.36736849269166], [-118.06624873657208, 34.37778010196539], [-118.0955745498975, 34.3833213849539], [-118.16961260291632, 34.41954357594994], [-118.20728407515345, 34.43692990101963], [-118.24394436304375, 34.44816820388195], [-118.26494561340122, 34.464712535757776], [-118.2929282080399, 34.48118563038832], [-118.32371848197883, 34.493812547403465], [-118.33818916615957, 34.498711447073084], [-118.3749633537637, 34.505614738878336], [-118.4047132588456, 34.50730550766179], [-118.50140429678154, 34.506131082162014], [-118.53535054767197, 34.50155873286662], [-118.56799308330517, 34.49262869364293], [-118.59858269216934, 34.47952945671645], [-118.64208721241134, 34.4718967159436], [-118.67381610968677, 34.4607510627212], [-118.70300975755887, 34.4456173082063], [-118.728937082487, 34.426875251590836], [-118.73859631777557, 34.41727619926295], [-118.76338515625426, 34.401862446175556], [-118.78742913952766, 34.38161829720478], [-118.80729806101753, 34.35849838230168], [-118.81981916842437, 34.34075590297621], [-118.841980322656, 34.318993332270246], [-118.8602657495353, 34.29367711898077], [-118.8729250797601, 34.267236423024286], [-118.88038094145386, 34.23947765589657], [-118.88553948445062, 34.17641823199779], [-118.88219939816469, 34.148118239291236], [-118.87351924042476, 34.1206062972712], [-118.86026692219386, 34.09541689329029], [-118.84394080732736, 34.07375730851084], [-118.8011487449058, 34.02711266869243], [-118.77673907970424, 34.00725856047725], [-118.76212482136577, 33.99728277139174], [-118.74606443778575, 33.965078703251955], [-118.7125073019092, 33.923706787088676], [-118.68980929108592, 33.902406433082504], [-118.66639334091013, 33.88614122913732], [-118.64531318947508, 33.86912798494757], [-118.63478151009502, 33.83487419854278], [-118.62801282769664, 33.81898602145057], [-118.62193548163505, 33.79848449903413], [-118.61613439634849, 33.770551796211876], [-118.60511875811692, 33.743726319579615], [-118.59817879808959, 33.73046827985526], [-118.57248298593454, 33.69797691849767], [-118.54426358079746, 33.67285492364273], [-118.53401411864797, 33.648416662759146], [-118.52609851916316, 33.63383097214954], [-118.50137818010424, 33.602548050007755], [-118.47876430869785, 33.581248227314916], [-118.45241663103498, 33.5631758479869], [-118.42299178337998, 33.548779863724576], [-118.36140141127268, 33.52974019093847], [-118.3280784893946, 33.523669061414], [-118.27634961832025, 33.52199761733402], [-118.24279084327594, 33.52417775479812], [-118.1773329097476, 33.53846736272986], [-118.15831975998869, 33.520543642878], [-118.13199166336808, 33.502470168435615], [-118.09680734336365, 33.48555337134305], [-118.06597727291742, 33.46185624804135], [-118.01343880031172, 33.43604515357491], [-117.97837471332811, 33.425074906470435], [-117.95197363460038, 33.414409776999456], [-117.91960689207491, 33.405828013121194], [-117.90014910691575, 33.40227587773909], [-117.8596303387994, 33.40060307251505], [-117.82679320514266, 33.40269726957553], [-117.79256350752965, 33.40951082040219], [-117.76163878626255, 33.420258668022726], [-117.73259493704228, 33.43511281743171], [-117.70707479880042, 33.45323374790529], [-117.6858173490512, 33.47035398496898], [-117.65502957634217, 33.49422480608739], [-117.63460564159149, 33.50472208424642], [-117.60913616341085, 33.522985045360194], [-117.5820898774658, 33.54807649237032], [-117.55621850533969, 33.56661610676089], [-117.53416275155068, 33.58831561762261], [-117.51689716357576, 33.61193808128643], [-117.5038823810357, 33.63822656638067], [-117.49596129011127, 33.666283886375034], [-117.49344705802419, 33.69502953060296], [-117.49643902075876, 33.72335501852186], [-117.50446285638354, 33.75019353733083], [-117.5125091890186, 33.76602747120611], [-117.48345547718276, 33.7760812309782], [-117.45814286509993, 33.78798656595436], [-117.44927966047042, 33.79104009847234], [-117.39876658762445, 33.79327120313532], [-117.32809748988934, 33.80862630284917], [-117.29650284026687, 33.819555511579054], [-117.26279921729721, 33.83773735400168], [-117.23489134334521, 33.84332652888965], [-117.20784781504487, 33.85262986862046], [-117.13212155553039, 33.85293092924251]], [[-118.55063555735495, 33.91668302592971], [-118.53955262245975, 33.89301552209674], [-118.53539409667738, 33.873274152391275], [-118.52435479990027, 33.84963871823674], [-118.51721893127572, 33.822652377719145], [-118.51372662573355, 33.79994894375245], [-118.50709996059912, 33.78062791454435], [-118.49548495926314, 33.76300939940457], [-118.47121508769732, 33.73872962928415], [-118.44393017161396, 33.72435149618928], [-118.4426856663161, 33.70464830451998], [-118.43610120864697, 33.68531903434352], [-118.42453086202195, 33.66768605946424], [-118.40034343416255, 33.643389785900425], [-118.38062620105767, 33.631807219667756], [-118.32852140381854, 33.61547887404784], [-118.30473504075388, 33.612126857904094], [-118.25831164803964, 33.613244405472855], [-118.2324539048543, 33.619999269820426], [-118.22099755885213, 33.6219247187219], [-118.19515322907436, 33.62867715652188], [-118.15905981555709, 33.64770103860086], [-118.15094676275618, 33.64863441275794], [-118.12726219900203, 33.62333570338319], [-118.10897826550207, 33.61041304350249], [-118.08642019209968, 33.58866631053752], [-118.06814788105457, 33.575739237864305], [-118.03099833861586, 33.558410979255804], [-118.00961468237472, 33.53949473348027], [-117.97144502377014, 33.5192182474827], [-117.93999304374236, 33.509952761656336], [-117.92317310816685, 33.501891305096294], [-117.90093167191445, 33.494169117251225], [-117.87719246878535, 33.49074991518382], [-117.8508142982134, 33.491416400150975], [-117.82731196894406, 33.495263768651924], [-117.80541526921706, 33.50335969565426], [-117.78621318113541, 33.515301766748294], [-117.77144118058564, 33.52947118558054], [-117.75244169992222, 33.541321923744164], [-117.73766759347782, 33.55549439102484], [-117.7186870584531, 33.56733500741731], [-117.70013058128663, 33.57628886964965], [-117.68205639017933, 33.58958955994191], [-117.66672896823835, 33.60834063467526], [-117.64760925754803, 33.619666001157945], [-117.62953115652967, 33.63297157817168], [-117.61544335622384, 33.64928342246003], [-117.60604921297059, 33.66778994527084], [-117.60181953225143, 33.687569814230365], [-117.602968600171, 33.70763765853946], [-117.60944282268295, 33.72699307768007], [-117.62151098453334, 33.74536774634463], [-117.64371210419252, 33.767837873910565], [-117.6418109026905, 33.78267226353836], [-117.62952151857283, 33.79693865204987], [-117.61640204207282, 33.824134900347104], [-117.60975791066608, 33.84647230777079], [-117.56408053147193, 33.84755894602662], [-117.5408282849074, 33.8531016893182], [-117.51736923794253, 33.86445681424976], [-117.49972846864952, 33.870471748958124], [-117.47852985421167, 33.88016015348739], [-117.41471811507557, 33.88228796485522], [-117.38880090208465, 33.88903906844894], [-117.37736383374184, 33.89096964036054], [-117.35409839350999, 33.89650843357985], [-117.33288875796895, 33.906189973595595], [-117.31086153452225, 33.923366366029384], [-117.28397305719822, 33.92571124497357], [-117.2551679276947, 33.93329462355295], [-117.23024908094214, 33.9475573627063], [-117.22370991315906, 33.94531783152718], [-117.19983309917485, 33.94195935052192], [-117.13084382767688, 33.94307006052268], [-117.10756032061896, 33.948597742653845], [-117.08633099508053, 33.958269145132014], [-117.06821198853488, 33.97160351818124], [-117.05291749252503, 33.990282798065735], [-117.03079348145744, 34.00637831133167], [-117.01668902912513, 34.02271691809679], [-117.00730477323167, 34.04124125445818], [-117.00311108655974, 34.061029110793264], [-117.0043205315842, 34.08109471901518], [-117.01087657175967, 34.100437780894694], [-117.03052633509138, 34.1274810991606], [-117.05384243147138, 34.14687977821999], [-117.05821990759617, 34.15719397473541], [-117.08301858061725, 34.18838714485466], [-117.09925300527964, 34.20333122435698], [-117.11909694250097, 34.21492084587255], [-117.1813050087232, 34.233095300528134], [-117.22733370002899, 34.25377408236039], [-117.24876809074688, 34.26299098270119], [-117.27214574322656, 34.268043499527664], [-117.30509351772382, 34.26950930905885], [-117.32144860790591, 34.274753486642645], [-117.34542784962329, 34.27807118452781], [-117.38094360766509, 34.276902511109874], [-117.40429427726748, 34.271307798725005], [-117.4255563995621, 34.26156764814788], [-117.45565912584728, 34.2595142038983], [-117.47631342414846, 34.26068815352744], [-117.5117684939469, 34.25951415802714], [-117.53767275346893, 34.25274362676027], [-117.55854945511689, 34.25199761991921], [-117.6501718681158, 34.2508139037998], [-117.67605238669954, 34.24403752151663], [-117.69872972512987, 34.242122454671], [-117.72206522277531, 34.236512032301505], [-117.74330895804546, 34.22675758344525], [-117.75738688888875, 34.21632220368353], [-117.76080925407604, 34.216792621617316], [-117.76527111739708, 34.22087576060855], [-117.785157401245, 34.232420506464926], [-117.80765037215393, 34.24002574120057], [-117.83162619091227, 34.243311291145595], [-117.94457333269177, 34.243435214378906], [-117.96115679254744, 34.24873438874137], [-117.98513798120007, 34.252005490632854], [-118.00244518018997, 34.25743773741098], [-118.02661261361767, 34.26068952960651], [-118.07764740622275, 34.284650496067776], [-118.10017157049302, 34.29222083731674], [-118.13954069109381, 34.29665717998889], [-118.15885711014995, 34.310286217246755], [-118.2508819572607, 34.35426014423438], [-118.27343688370136, 34.36180593616809], [-118.30453949235292, 34.36513660650176], [-118.30893663657268, 34.37148322442259], [-118.33298284141702, 34.3950296958162], [-118.35297406743902, 34.406499275308974], [-118.37555559052251, 34.41401952228351], [-118.39959910987392, 34.41721450230809], [-118.49301131517946, 34.41643064170223], [-118.51673450396623, 34.41245465795731], [-118.53879333798965, 34.404231614211874], [-118.55808582521281, 34.39217254957733], [-118.59194024806428, 34.38983128184326], [-118.60608020908388, 34.38637005980701], [-118.62813423292276, 34.378150928209344], [-118.6474237783706, 34.366095302686254], [-118.66298636305751, 34.350805581231214], [-118.68445987758908, 34.339503786707084], [-118.70249410242342, 34.326018467759745], [-118.716450149467, 34.309563400203665], [-118.72606114464594, 34.28881889556736], [-118.73935207185428, 34.27916519577491], [-118.75490391924164, 34.26387899377969], [-118.765959249601, 34.24612125736449], [-118.7719692115079, 34.22677836002059], [-118.77263753566531, 34.206815169589916], [-118.77665063153916, 34.184270166172446], [-118.77520532669875, 34.16421517942458], [-118.76626486757621, 34.14092349751121], [-118.72557304624416, 34.0919276198346], [-118.70593831041121, 34.074795925890044], [-118.66256225968418, 34.05407542391124], [-118.66116834621232, 34.03404798889821], [-118.65443924871757, 34.01474698948252], [-118.64271562121533, 33.99716346806604], [-118.61732726867962, 33.9703092647626], [-118.59892076256727, 33.95743615898453], [-118.5768162117427, 33.93821779118161], [-118.5609574903775, 33.92902362905052], [-118.55063555735495, 33.91668302592971]]]}, "id": "000000000000000007ac_1", "properties": {"uc_id": "2007", "unit": "ring"}}, {"type": "Feature", "geometry": {"type": "Polygon", "coordinates": [[[-122.76163381396347, 38.43738420975416], [-122.77324533424748, 38.43738417346722], [-122.76381433710749, 38.428515017691865], [-122.77542578060638, 38.42851508700606], [-122.76600377061389, 38.41964145607787], [-122.75439219877053, 38.41964143925861], [-122.71673956460586, 38.38416039135409], [-122.70513255043808, 38.38416033915021], [-122.7145412312268, 38.39302948864367], [-122.70292974462392, 38.393029545100376], [-122.71234293671819, 38.40189865356411], [-122.70073145896876, 38.40189864101303], [-122.71014459491988, 38.41077229846152], [-122.68692602812413, 38.410772307003654], [-122.69634362299048, 38.41964145718948], [-122.6615091908755, 38.419641401674184], [-122.67092679350951, 38.42851503598926], [-122.64770382448191, 38.42851502649126], [-122.65712588327719, 38.437384224832265], [-122.64551435705464, 38.43738421736719], [-122.65493644414424, 38.44625778945102], [-122.66654793993028, 38.446257827837094], [-122.67597447611725, 38.45513141202618], [-122.69920190413544, 38.45513143936937], [-122.70863741389894, 38.464004990523556], [-122.72024894138619, 38.46400498291793], [-122.7391332070805, 38.4817522754693], [-122.7739810538914, 38.481752224070874], [-122.76453668914958, 38.47287861137598], [-122.77615261436732, 38.47287867854384], [-122.76670827914067, 38.464005042991126], [-122.77832421454448, 38.464005046816034], [-122.76888430118318, 38.45513144885275], [-122.78050024621149, 38.45513146064081], [-122.76163381396347, 38.43738420975416]]]}, "id": "000000000000000007fb_0", "properties": {"uc_id": "2087", "unit": "core"}}, {"type": "Feature", "geometry": {"type": "Polygon", "coordinates": [[[-122.59987929122343, 38.624512747913045], [-122.6382520068749, 38.64352222874096], [-122.6835668415936, 38.65640729439122], [-122.72760657012626, 38.66111373982193], [-122.79075716858763, 38.6612509822457], [-122.83613314219922, 38.654583904043555], [-122.87929294010641, 38.6417859230805], [-122.92333879203059, 38.618675448240595], [-122.95481648051715, 38.59231446660386], [-122.97986424347746, 38.562039830145515], [-122.9978254067413, 38.52304409774193], [-123.00972679191035, 38.4683703999351], [-123.00786782130534, 38.432327524360616], [-122.99839893254426, 38.38535564781758], [-122.9823363058507, 38.351507647825315], [-122.95895579105553, 38.32039567548543], [-122.91698956796209, 38.284097968263424], [-122.8930217910386, 38.268976473085054], [-122.86769954654945, 38.24864985587461], [-122.83863011802494, 38.2317017920832], [-122.80653716966742, 38.21855283074254], [-122.77221796767263, 38.20952905070557], [-122.72836293051965, 38.20480768990151], [-122.67893634559678, 38.20581085732203], [-122.63389523474729, 38.21308633742197], [-122.58611924490008, 38.2303089497156], [-122.5497119014255, 38.252395545719146], [-122.51034378205593, 38.28450174489148], [-122.4734418807082, 38.31135895431739], [-122.44757570168845, 38.34120537676416], [-122.4287754841179, 38.37414825385508], [-122.41644214951013, 38.423573227701425], [-122.41805107510157, 38.45967477034106], [-122.42774434345768, 38.49499226396159], [-122.45022273740105, 38.532373485031066], [-122.47797891326219, 38.56121347817212], [-122.5033252843045, 38.58160539980692], [-122.53247721095323, 38.59861503484463], [-122.58576823041378, 38.62070096833481], [-122.59987929122343, 38.624512747913045]], [[-122.57634579848147, 38.35801668676062], [-122.55760344538159, 38.37287104637986], [-122.54443970020388, 38.38914101415354], [-122.53585175120917, 38.408070709411454], [-122.53063063703895, 38.436896533677114], [-122.53334046222224, 38.45687472618288], [-122.54164589392515, 38.47588378174388], [-122.55586044411777, 38.493550886038946], [-122.5825553013624, 38.51616851051444], [-122.62520685352757, 38.53587296130784], [-122.65522312933263, 38.54342381560494], [-122.67889123563128, 38.5577598754452], [-122.70195723857293, 38.56632626026924], [-122.72688266486037, 38.57067255451171], [-122.77400305163282, 38.571740881940165], [-122.79953805437049, 38.569491605283396], [-122.82379461115687, 38.562863937886874], [-122.84556000740453, 38.55218937357502], [-122.86374733224056, 38.53800162818881], [-122.87745005569421, 38.52100970962684], [-122.88814146910252, 38.49320056166141], [-122.89529842237354, 38.45466680669809], [-122.8871842965658, 38.40813952413619], [-122.87861815439769, 38.38922437530478], [-122.86491677493893, 38.37226876451961], [-122.83820676197504, 38.34967905335291], [-122.81953264352683, 38.34033212102826], [-122.78890756577862, 38.31419824096432], [-122.76732505615567, 38.30338968569888], [-122.74322945943122, 38.29660313826865], [-122.7178182074185, 38.29417570896609], [-122.67970106727735, 38.29641024705948], [-122.65552479285876, 38.303017509998135], [-122.63381299447313, 38.31366526778015], [-122.61564583087738, 38.32782443214461], [-122.60392356298935, 38.34232432532561], [-122.57634579848147, 38.35801668676062]]]}, "id": "000000000000000007fb_1", "properties": {"uc_id": "2087", "unit": "ring"}}, {"type": "Feature", "geometry": {"type": "Polygon", "coordinates": [[[-121.97866024668953, 37.755427157154315], [-121.96711566144934, 37.75542709095548], [-121.93982153095399, 37.72890435792068], [-121.95136161029603, 37.72890437110109], [-121.9422695830697, 37.72006642764746], [-121.95381417881754, 37.72006641281772], [-121.9447220073767, 37.71122850653586], [-121.9562621795245, 37.71122853386933], [-121.90181214655512, 37.65820089753821], [-121.89027642738981, 37.6582008851605], [-121.87216353353578, 37.64052503159234], [-121.86062784810105, 37.640525033676745], [-121.86968430682836, 37.6493629115339], [-121.8581486237644, 37.64936292812646], [-121.86720945442136, 37.65820088700073], [-121.84413810992267, 37.658200867806144], [-121.86226436115595, 37.67587229719811], [-121.8507286874641, 37.67587228560315], [-121.85979403366778, 37.68471021481506], [-121.84825827667424, 37.68471024461877], [-121.8664023555072, 37.70238614994204], [-121.85486667817742, 37.70238612358412], [-121.86394098019434, 37.71122849593481], [-121.85240078997032, 37.71122852949889], [-121.86148398023855, 37.720066472551444], [-121.89610895717486, 37.72006646687263], [-121.90519654736953, 37.72890442374469], [-121.91673669750467, 37.7289043842194], [-121.9440264042295, 37.755427148087605], [-121.93248182203834, 37.755427099959086], [-121.94158733170995, 37.76426947125072], [-121.9531319123535, 37.76426947942186], [-121.97135628296218, 37.781954311930576], [-121.99444993653113, 37.781954339790204], [-121.98533553873807, 37.77311191165558], [-121.99688011192323, 37.773111892293066], [-121.97866024668953, 37.755427157154315]]]}, "id": "00000000000000000848_0", "properties": {"uc_id": "2167", "unit": "core"}}, {"type": "Feature", "geometry": {"type": "Polygon", "coordinates": [[[-121.80031286095912, 37.90481590684981], [-121.84805909915, 37.933332170399886], [-121.87575309640458, 37.94506433102622], [-121.91388454245671, 37.95611941736951], [-121.95806606995163, 37.9612140823853], [-122.00855440888381, 37.96158694351359], [-122.04425944765393, 37.95758398982761], [-122.07871234868732, 37.94918702740365], [-122.11104773922877, 37.936607110367184], [-122.14045452857326, 37.920160294301944], [-122.16619654884957, 37.90025954159259], [-122.18763114145266, 37.877404169696135], [-122.20422520471406, 37.85216713041387], [-122.21796653720696, 37.816355576427014], [-122.2237836527689, 37.78829488929821], [-122.22393365515588, 37.759860510857635], [-122.21841928273086, 37.73176220455449], [-122.2073843401375, 37.704700548625034], [-122.1911095007442, 37.679349528649524], [-122.17370862904414, 37.65994368470948], [-122.15726968328171, 37.627106570569126], [-122.13250770614314, 37.59755468991084], [-122.05966640182547, 37.52878859119376], [-121.99513046506577, 37.48922672439067], [-121.96356057366425, 37.47577578048369], [-121.92972429109024, 37.46642895942828], [-121.8857500609725, 37.46128500046547], [-121.84709153007819, 37.46086795933562], [-121.81161123483744, 37.46479303608623], [-121.77734588508167, 37.47309452139973], [-121.7451454755274, 37.48556661463729], [-121.71580981936086, 37.50189999556281], [-121.69006897353611, 37.52168934956618], [-121.65199523962474, 37.56216246655719], [-121.63527217852035, 37.5873191613405], [-121.62374778025077, 37.61424796967438], [-121.61771479053034, 37.642278276302626], [-121.61732986188697, 37.67071126888034], [-121.63074820143916, 37.751984898522096], [-121.64159707733637, 37.77909532395067], [-121.65772212520336, 37.80451483453981], [-121.68467559652633, 37.83347639162365], [-121.7094816781066, 37.85408701998833], [-121.73810238023846, 37.87134876681354], [-121.77488539744562, 37.88622196511543], [-121.80031286095912, 37.90481590684981]], [[-121.96184256844995, 37.58246002298826], [-121.94360451590892, 37.57056320774059], [-121.92223944298254, 37.55975443241484], [-121.89838638266141, 37.55296776270161], [-121.87215652952747, 37.55053637224864], [-121.84772045326183, 37.55168513759889], [-121.82317872939038, 37.55616427862008], [-121.80049737541887, 37.5648438548214], [-121.78080416442647, 37.57729261338717], [-121.75534882244517, 37.60209546886777], [-121.74183613462178, 37.61908882731805], [-121.73345570626309, 37.637758215695705], [-121.73050757078158, 37.657984274730346], [-121.74133602841222, 37.73072093362112], [-121.74956018998158, 37.749729754375196], [-121.76291816748882, 37.766820720767456], [-121.78980959042977, 37.7899711101173], [-121.81121991329624, 37.80080603758755], [-121.84078905699717, 37.80826234677496], [-121.86163301942385, 37.82756197450774], [-121.88140113915338, 37.840006810827504], [-121.89962705073603, 37.85186228333691], [-121.92105613711637, 37.8626962250311], [-121.94692726025647, 37.869849849903545], [-121.99533795877943, 37.87194026564923], [-122.02060610114438, 37.86953923829682], [-122.04415211764197, 37.862884684411796], [-122.0656492212224, 37.852150879899135], [-122.08389625179915, 37.83766902566259], [-122.09707293427212, 37.82089128560833], [-122.10799255562434, 37.79276519252149], [-122.10931261957991, 37.783117108178295], [-122.10930387079115, 37.763151927717374], [-122.10369374390424, 37.743685716861286], [-122.09276588441145, 37.72568797887626], [-122.06843209687466, 37.700105809417344], [-122.06709615779027, 37.6910325531801], [-122.05866000564392, 37.67208377768628], [-122.04533257555, 37.655344375682255], [-121.981559985036, 37.594890176825444], [-121.96184256844995, 37.58246002298826]]]}, "id": "00000000000000000848_1", "properties": {"uc_id": "2167", "unit": "ring"}}, {"type": "Feature", "geometry": {"type": "Polygon", "coordinates": [[[-122.13109906216748, 38.00313465840342], [-122.14266601721911, 38.00313459828369], [-122.13345348488016, 37.994283299564565], [-122.12188658215243, 37.9942833288886], [-122.11268302282805, 37.98543197233954], [-122.10111606350634, 37.985432034157235], [-122.0827178912304, 37.96772936454758], [-122.09428031515257, 37.967729391939095], [-122.08509009780232, 37.95887807513568], [-122.10821502502856, 37.95887806537526], [-122.08065771796348, 37.932333067527544], [-122.09221576757058, 37.93233301060729], [-122.08303889850359, 37.92348172913096], [-122.09459686754565, 37.92348173209851], [-122.076247697342, 37.90578353852739], [-122.08781011788528, 37.905783532338184], [-122.07863773057444, 37.89693672393013], [-122.09019573549881, 37.896936711372845], [-122.08103230571311, 37.8880898331076], [-122.09259031537862, 37.88808985206656], [-122.08342682798, 37.87924295335384], [-122.04875736281902, 37.87924294682156], [-122.03959832811323, 37.87039613887327], [-122.02804482808298, 37.87039611885133], [-122.01889472079976, 37.86154928441464], [-122.00733677161541, 37.86154928362584], [-122.0439637882337, 37.896936670207616], [-122.03240580772902, 37.896936680239875], [-122.04157368603073, 37.90578353266104], [-122.00689530694585, 37.90578352360724], [-122.01606324833223, 37.9146348151668], [-121.99294275125055, 37.91463486474596], [-122.01128306898728, 37.932333061374884], [-121.9997250949369, 37.93233298775512], [-122.00890187918185, 37.94117987225182], [-121.99733940215003, 37.941179887015984], [-122.0065162999926, 37.95003120299229], [-121.97182895713546, 37.9500312187165], [-121.96264767552438, 37.94117986573711], [-121.95108517432038, 37.94117990131259], [-121.93274493641874, 37.923481713559106], [-121.92118692923717, 37.92348169604838], [-121.93952275775096, 37.941179880432315], [-121.92796025372594, 37.94117992869244], [-121.95549973461489, 37.96772937207649], [-121.96706211785734, 37.96772938698938], [-121.97625231453837, 37.976580670627314], [-121.98781927654572, 37.97658065093853], [-122.00620859985787, 37.99428335089666], [-122.01777551599007, 37.99428330816229], [-122.03618269032785, 38.01199039497975], [-122.04775405785173, 38.01199040380146], [-122.07540043616943, 38.03854880955991], [-122.08697178893223, 38.03854881715859], [-122.06853792309661, 38.020841711232976], [-122.08010480639594, 38.020841751228225], [-122.07089231984888, 38.01199041623192], [-122.09403059176036, 38.01199039485698], [-122.10324752564104, 38.020841731517194], [-122.11481893684078, 38.02084170800817], [-122.12403591916393, 38.02969751264372], [-122.15874997391698, 38.029697513245345], [-122.13109906216748, 38.00313465840342]]]}, "id": "00000000000000000894_0", "properties": {"uc_id": "2246", "unit": "core"}}, {"type": "Feature", "geometry": {"type": "Polygon", "coordinates": [[[-122.0405438303958, 37.68238736459514], [-121.99303456794031, 37.68192738548069], [-121.957464761033, 37.685942184074875], [-121.92313103845096, 37.694330215444424], [-121.89088506625829, 37.70688354342015], [-121.86152778397575, 37.72329084599352], [-121.8357898028964, 37.74314498796139], [-121.81643270888456, 37.763703025067336], [-121.77521788417522, 37.78524802158872], [-121.74946367634706, 37.80510649199878], [-121.727975372313, 37.827918052943815], [-121.71129118485055, 37.85311576438898], [-121.69983125773473, 37.8800727793217], [-121.69388681946316, 37.908117780654635], [-121.69361240610904, 37.936551582305725], [-121.69902139649325, 37.96466449580273], [-121.71674190288444, 38.00951867816906], [-121.73300864899004, 38.03490207526405], [-121.77853240574079, 38.08156270420439], [-121.80350164867421, 38.102113902583135], [-121.83228564691898, 38.119307052060485], [-121.86473880442539, 38.13499115372033], [-121.90880849590877, 38.161158422115776], [-121.93391551352374, 38.17930258868302], [-121.9638751235146, 38.19509348340749], [-121.9966363075308, 38.206969861479834], [-122.03137705071795, 38.21463330597627], [-122.07538599134605, 38.21852612823087], [-122.12306362705466, 38.216272683799076], [-122.16621754339506, 38.209211187968364], [-122.20947397998924, 38.20519473005525], [-122.24400770795648, 38.196706779770615], [-122.27639880338006, 38.18404141204666], [-122.30583477138735, 38.167516844327004], [-122.31342903268249, 38.161627919370645], [-122.33789447771589, 38.14079084070269], [-122.35786808706918, 38.117179956220866], [-122.37285385669475, 38.09138699618774], [-122.38248203566708, 38.064057724584394], [-122.38651792113507, 38.0358756276675], [-122.38486715334328, 38.007544723957984], [-122.37757743559746, 37.97977193723264], [-122.364836699783, 37.953249477378044], [-122.33709695196993, 37.90885170776308], [-122.32025509122899, 37.89026189123734], [-122.3172967554829, 37.85761007309721], [-122.30326715336669, 37.81938174848768], [-122.28690977361272, 37.794053776223556], [-122.25969743829219, 37.76520652302184], [-122.23476225597214, 37.744716040723155], [-122.20607004529495, 37.72757976321313], [-122.17433520482187, 37.71422297019306], [-122.14034624359148, 37.704976942527075], [-122.12515307775477, 37.70279892135322], [-122.0849621043595, 37.68931448577599], [-122.0405438303958, 37.68238736459514]], [[-121.88359436494731, 38.03764067164882], [-121.91601791374806, 38.05238138845064], [-121.93427769745624, 38.06419498457419], [-121.97593959893011, 38.08780141359347], [-121.98699118429134, 38.095586411575425], [-122.00342546976141, 38.108460090480804], [-122.02493039849732, 38.11929308567402], [-122.05013455777602, 38.126210678700446], [-122.0753932226613, 38.128537468895615], [-122.11235839990078, 38.12629083679308], [-122.1363896069441, 38.119687344645676], [-122.17207744824924, 38.11850751889475], [-122.1967878236196, 38.1139625500979], [-122.2195957968993, 38.10521301612607], [-122.23936174043514, 38.092696434691355], [-122.25509948034565, 38.077038423917614], [-122.26602563901079, 38.05902117427302], [-122.27159847041008, 38.039544118712264], [-122.27154429607282, 38.019578829101626], [-122.26587033756523, 38.00012044054543], [-122.24975080708154, 37.97356471081947], [-122.23874986979737, 37.95558157753627], [-122.21726539868241, 37.933803326105306], [-122.2075366627662, 37.915419154941766], [-122.20591949044342, 37.90387430034708], [-122.20661313006522, 37.88845533309534], [-122.2036202440498, 37.8676572437274], [-122.19509909988184, 37.84872657722896], [-122.18176525018346, 37.83211867707632], [-122.15508718135465, 37.809273939349104], [-122.13365147007094, 37.798467353576946], [-122.10972045138216, 37.79168308900319], [-122.09018932904746, 37.789806904563015], [-122.0691199823237, 37.78077859614235], [-122.04416305172965, 37.77389274414899], [-122.01996516438021, 37.771564598177974], [-121.98109188756061, 37.77398147593843], [-121.95764620250871, 37.78062180647103], [-121.93572752136973, 37.79155861734228], [-121.91848654652439, 37.80521447532421], [-121.9048677271389, 37.82218140214873], [-121.89888837959226, 37.83546867584128], [-121.87094918986126, 37.842699487455064], [-121.84994180987123, 37.853279958425425], [-121.8319805290655, 37.867497413960564], [-121.81845565502458, 37.88450487046766], [-121.809871540962, 37.90384878393719], [-121.80711064779886, 37.92299502928544], [-121.80997242867431, 37.943366110123335], [-121.82084863673926, 37.97058133737245], [-121.83178268309891, 37.98859057136969], [-121.86708480475536, 38.02467919250076], [-121.88359436494731, 38.03764067164882]]]}, "id": "00000000000000000894_1", "properties": {"uc_id": "2246", "unit": "ring"}}, {"type": "Feature", "geometry": {"type": "Polygon", "coordinates": [[[-122.26046653218891, 38.12711101329464], [-122.28363159802421, 38.1271109821049], [-122.27436108828338, 38.118250789301726], [-122.28594139854677, 38.118250784955976], [-122.27667533014512, 38.10939501378837], [-122.28825564808264, 38.109394984608485], [-122.26047994671761, 38.082823211163024], [-122.24889963784523, 38.082823259935466], [-122.2396514693122, 38.07396747379783], [-122.22807565343506, 38.073967426488714], [-122.21883191626225, 38.06511166511446], [-122.20725609842223, 38.065111671891536], [-122.19801679864727, 38.05625594278071], [-122.18644098424181, 38.056255934171176], [-122.19568024211421, 38.06511170526457], [-122.18410885241765, 38.06511169524475], [-122.15640450678738, 38.0385488413434], [-122.13326173288357, 38.038548803505044], [-122.14248762426199, 38.0474046315732], [-122.13091623093226, 38.04740463155363], [-122.16786436803612, 38.0828232502876], [-122.15628859650501, 38.082823252131455], [-122.16553677048087, 38.09167896960468], [-122.17711258612891, 38.091678997780406], [-122.23268635814587, 38.14482706130424], [-122.22110156315794, 38.14482702537065], [-122.24893979923633, 38.171403282080526], [-122.23735503505198, 38.171403304494724], [-122.24664330507026, 38.18026348773248], [-122.29298678053784, 38.180263532046965], [-122.28369848300758, 38.17140326670816], [-122.29528322720842, 38.17140326352775], [-122.28599487076487, 38.16254306961546], [-122.29757962424293, 38.16254304456494], [-122.26046653218891, 38.12711101329464]]]}, "id": "000000000000000008de_0", "properties": {"uc_id": "2325", "unit": "core"}}, {"type": "Feature", "geometry": {"type": "Polygon", "coordinates": [[[-122.38289068454066, 37.93087298992755], [-122.24705566669155, 37.87337351250183], [-122.21296810649419, 37.86418577901786], [-122.16899023421537, 37.859251096252244], [-122.11841489463943, 37.85895268200065], [-122.08277126722159, 37.86303040813919], [-122.04837900043293, 37.87147910419249], [-122.01609119109061, 37.88408933838078], [-121.98670981124314, 37.900548388158896], [-121.9609660819114, 37.92044784586735], [-121.93950243798214, 37.94329357453631], [-121.92285651248923, 37.96851778850158], [-121.90905552555236, 38.004411543616186], [-121.90318555489534, 38.032467603957556], [-121.90299643202316, 38.060901839545245], [-121.90849944776271, 38.089004538961625], [-121.91956352462998, 38.11607345870348], [-121.93591786206393, 38.14143142649515], [-121.94964972133457, 38.15896529975912], [-121.96854381302403, 38.18499429635594], [-122.00617183541813, 38.22086277961766], [-122.0225263320516, 38.23369378276874], [-122.04224124015302, 38.26570753631664], [-122.06968208459759, 38.29459782397517], [-122.09481849538122, 38.31507821894157], [-122.12376553918064, 38.332189739161876], [-122.15579884970133, 38.345502749959245], [-122.19011511159056, 38.35468277897547], [-122.23427317057066, 38.35957705828165], [-122.30845540349712, 38.35983064700158], [-122.34432659429751, 38.35566906113347], [-122.3542840002623, 38.35320831564233], [-122.38824306449783, 38.343456401398356], [-122.41980850825543, 38.32962290193456], [-122.44818896285283, 38.312055333084295], [-122.47267450010793, 38.29119472905788], [-122.49265450105247, 38.267564380516035], [-122.5076328358816, 38.241756514269355], [-122.51883792463705, 38.20890110637556], [-122.52579482893172, 38.176705362859764], [-122.52573924987927, 38.14827077079822], [-122.51999198307414, 38.12019779340831], [-122.51657878993458, 38.111919318351774], [-122.51364021386391, 38.07891248629596], [-122.49928939720353, 38.04015897641665], [-122.48278061549436, 38.01487225387663], [-122.43680773532083, 37.96837349021754], [-122.4117265192273, 37.94794175050727], [-122.38289068454066, 37.93087298992755]], [[-122.23525199634983, 37.971773183691475], [-122.20674436265578, 37.95777568405511], [-122.18043781689303, 37.95057589768848], [-122.13263373917103, 37.948616984521585], [-122.10734628803684, 37.95096527853577], [-122.08389426616328, 37.95740385232068], [-122.0622843763669, 37.9680507624083], [-122.04385588329389, 37.982639772451115], [-122.02999207314409, 38.00008927361764], [-122.02200741644404, 38.0181052221041], [-122.01664712217224, 38.04691786943846], [-122.01963582707891, 38.06791051148444], [-122.02817605560666, 38.08684296547991], [-122.04771535046699, 38.109453874006284], [-122.05352529795432, 38.12230463390737], [-122.06635188739163, 38.13841469194714], [-122.09350917710925, 38.161590074981866], [-122.11156387319912, 38.17067896871873], [-122.1137542697674, 38.17437275838989], [-122.12475793449518, 38.192367465802235], [-122.13386745056525, 38.20990361310904], [-122.14730905866969, 38.22699478281528], [-122.16646465563083, 38.24374028324026], [-122.18639172187544, 38.25614038135832], [-122.20933120239017, 38.264755347155095], [-122.23413683950633, 38.26915437926762], [-122.29301529508244, 38.27025218877373], [-122.3184437863434, 38.26800178954705], [-122.3425988829853, 38.261373111018095], [-122.36427298261442, 38.25069768522709], [-122.38238375574679, 38.23650925321418], [-122.3960284885836, 38.21951683732002], [-122.40461611916322, 38.199977583243005], [-122.412030361608, 38.162907498340054], [-122.4092659518799, 38.14293484823079], [-122.40093910770591, 38.12394185142668], [-122.40123636440924, 38.11917971382908], [-122.40116441089732, 38.09921436313687], [-122.39546699209916, 38.079759006746265], [-122.38443216219274, 38.06178258959845], [-122.34871270039744, 38.025631266122694], [-122.3304018831842, 38.011647753444905], [-122.25810610578222, 37.98038139729065], [-122.23525199634983, 37.971773183691475]]]}, "id": "000000000000000008de_1", "properties": {"uc_id": "2325", "unit": "ring"}}, {"type": "Feature", "geometry": {"type": "Polygon", "coordinates": [[[-121.79552049503802, 37.667034367456225], [-121.80705625031604, 37.667034313505], [-121.78894333493312, 37.64936295759711], [-121.76587644971788, 37.64936294223299], [-121.77492836538049, 37.658200850985374], [-121.75185702312082, 37.65820088357884], [-121.76091346379903, 37.667034384152664], [-121.74937772500596, 37.66703436144756], [-121.75843419231349, 37.67587232298637], [-121.68921113607168, 37.67587225454412], [-121.7073284357982, 37.69354814776933], [-121.69579275731242, 37.693548157575634], [-121.70485363427481, 37.70238609938378], [-121.69331343947806, 37.70238608182963], [-121.72052735637075, 37.72890435154298], [-121.73206754170268, 37.72890440597985], [-121.72299328971583, 37.72006640309359], [-121.74607353197858, 37.72006643383909], [-121.73699928216561, 37.711228517672865], [-121.74853942567782, 37.71122854142807], [-121.7394696364396, 37.70238607252769], [-121.75100978650538, 37.70238610925012], [-121.74194445806044, 37.69354815544481], [-121.77656040194847, 37.69354819360661], [-121.78563022760355, 37.702386142008656], [-121.79716596299376, 37.70238610702558], [-121.78809611852996, 37.693548181625175], [-121.81117640112822, 37.69354820136789], [-121.80210665357954, 37.68471019434872], [-121.8136467673243, 37.684710262916454], [-121.79552049503802, 37.667034367456225]]]}, "id": "00000000000000000927_0", "properties": {"uc_id": "2400", "unit": "core"}}, {"type": "Feature", "geometry": {"type": "Polygon", "coordinates": [[[-122.03501055124349, 37.64365771745722], [-122.01741648294178, 37.59892519021412], [-122.00122297507592, 37.573550804096065], [-121.9651986146687, 37.53584119831187], [-121.94043592131216, 37.51527802830897], [-121.91191206314859, 37.498058120421646], [-121.88033730197854, 37.484608856985844], [-121.84649623104428, 37.475263834052726], [-121.80251661384828, 37.47012221106103], [-121.75240766309338, 37.46970260246268], [-121.71692167102826, 37.47361909570651], [-121.68264908849874, 37.48191228801405], [-121.65044008628087, 37.49437658491644], [-121.639654991819, 37.50026818604293], [-121.60593111794529, 37.5084287862659], [-121.57371237509278, 37.5208958486478], [-121.54435876743314, 37.53722463647747], [-121.51860079381518, 37.55700995248562], [-121.49708117563027, 37.57976047458459], [-121.4803388405923, 37.60491076961354], [-121.46879530077152, 37.6318351656773], [-121.46274378030918, 37.65986316058261], [-121.4623413974747, 37.688296002544085], [-121.47164538635062, 37.74299880740938], [-121.48246484596741, 37.77011625063863], [-121.49856156725903, 37.79554619760036], [-121.54360804107463, 37.84222666960473], [-121.56840068394895, 37.86284958618747], [-121.59701106345989, 37.880125510127705], [-121.62872334863346, 37.893620733743724], [-121.66274239926835, 37.902996250713464], [-121.70695223446428, 37.90814807037546], [-121.74580546232424, 37.908554238950806], [-121.78149268243416, 37.90459547826469], [-121.81593744101133, 37.89624118414612], [-121.84827457115243, 37.88370133620493], [-121.87443369419876, 37.87131892008668], [-121.91331973131905, 37.85718845785635], [-121.9567302603677, 37.83193602143428], [-121.98248133903581, 37.81206744800851], [-121.99632185072323, 37.79823197298236], [-122.02056089579567, 37.76402263131792], [-122.03437659361038, 37.72825035857864], [-122.04024711540002, 37.700197530432845], [-122.04045803815711, 37.67176339472329], [-122.03501055124349, 37.64365771745722]], [[-121.84673278956126, 37.78335635729892], [-121.88252105195163, 37.763647169824914], [-121.90015929553871, 37.749570203392516], [-121.91383103398054, 37.73231836126009], [-121.92213276057112, 37.713331170667956], [-121.9273562117295, 37.68507666821251], [-121.92461050671047, 37.66510394865265], [-121.91375047415019, 37.63768473829144], [-121.9028588810395, 37.61967921927878], [-121.8963426950606, 37.61136579167331], [-121.86038746189463, 37.579397709563466], [-121.83901902871148, 37.56858995976826], [-121.81349975248392, 37.56150235004225], [-121.76526416388204, 37.55937559012424], [-121.74070397904624, 37.56161182216233], [-121.71676778547815, 37.56821824061226], [-121.68406298774586, 37.586307464841084], [-121.66374016280659, 37.58820360992569], [-121.639509424362, 37.59494761649001], [-121.61860297403686, 37.605360855619836], [-121.60060522936644, 37.61951603321623], [-121.58672330504403, 37.636955495768625], [-121.57850877790189, 37.65540797908052], [-121.57551456619656, 37.67588704985804], [-121.58095517625533, 37.712151967188866], [-121.58648105523349, 37.731632759824635], [-121.5973380506713, 37.74965756703988], [-121.63213551984109, 37.78559857709743], [-121.6488547459043, 37.798815618775286], [-121.6702692362438, 37.80964856708676], [-121.69419685983803, 37.81645310169537], [-121.71944148586425, 37.81888891770355], [-121.75768035779527, 37.81655453143716], [-121.78198738218217, 37.8097796593022], [-121.81662498262625, 37.7906454370675], [-121.84673278956126, 37.78335635729892]]]}, "id": "00000000000000000927_1", "properties": {"uc_id": "2400", "unit": "ring"}}, {"type": "Feature", "geometry": {"type": "Polygon", "coordinates": [[[-117.28146554855573, 32.83626273622863], [-117.29257759435096, 32.83626277467095], [-117.2570742199027, 32.79305851307967], [-117.26818187598663, 32.79305851991911], [-117.25400187281268, 32.77577949424261], [-117.26510951919447, 32.77577951575047], [-117.25802401948633, 32.76714227823077], [-117.26913162308983, 32.76714228643369], [-117.25496505315449, 32.749867707684395], [-117.2660771314195, 32.749867712297885], [-117.25899606133883, 32.74123045303383], [-117.27010370092383, 32.74123043874181], [-117.26302716815691, 32.73259310485577], [-117.27413476426835, 32.73259315637266], [-117.24585515824168, 32.69804398379147], [-117.2347475269171, 32.698043978038775], [-117.22063004159466, 32.680773885423925], [-117.18732055154683, 32.68077393112219], [-117.1802662504655, 32.6721366391798], [-117.16916750423738, 32.67213667066383], [-117.1621176916055, 32.6635038325669], [-117.15101454989755, 32.66350378327947], [-117.15806438586092, 32.67213663666351], [-117.14696120405345, 32.67213664885174], [-117.16106979730063, 32.68940675926096], [-117.14996659880299, 32.68940676966549], [-117.14291235569878, 32.6807739046882], [-117.13180916219169, 32.68077392445507], [-117.12475932274754, 32.67213660361754], [-117.13586244798445, 32.67213661952972], [-117.12176729361383, 32.65486653520009], [-117.13287040068039, 32.65486654609585], [-117.12582508574211, 32.646233705372254], [-117.11472635677885, 32.64623369591539], [-117.10768984786752, 32.6376008928626], [-117.11878859624971, 32.63760091327809], [-117.09768810257341, 32.61169800093209], [-117.10878684948852, 32.61169794140393], [-117.09473177166015, 32.594436820210284], [-117.11692467803334, 32.594436811840076], [-117.12395225472477, 32.60306516483604], [-117.13504644755997, 32.603065171107104], [-117.12801889029856, 32.59443682655844], [-117.1502118930772, 32.59443678112082], [-117.12914711071858, 32.56853830874854], [-117.09586439343396, 32.56853830443011], [-117.0888502265234, 32.559909952927434], [-117.07775597832294, 32.559909944804964], [-117.07074622760959, 32.55127717166246], [-117.05965649072296, 32.551277191346585], [-117.05264675938496, 32.54264877034866], [-117.03046270768048, 32.54264879168633], [-117.04447767629331, 32.5599100194768], [-117.03338340084726, 32.55991002595378], [-117.04039314971581, 32.568538316912274], [-116.9960206457307, 32.568538370965555], [-117.00303029414225, 32.577171145485835], [-117.01412455764606, 32.57717119881946], [-117.02815732229091, 32.59443679994272], [-117.01706308101689, 32.59443683239103], [-117.02408172759554, 32.603065187274], [-117.012983049822, 32.603065176386096], [-117.02000614355408, 32.611697983866165], [-116.96452155639331, 32.61169799575926], [-116.97154464572965, 32.62033079685224], [-116.93824846671133, 32.62033084638301], [-116.9452716156236, 32.62896808493571], [-116.92307421846985, 32.62896803893283], [-116.95119329816261, 32.663503816941954], [-116.9622964800691, 32.66350383880325], [-116.96933293801861, 32.6721366063976], [-116.98043606876055, 32.67213667182642], [-117.00156772078209, 32.69804403583719], [-116.99046462228402, 32.69804399592219], [-116.9975144246442, 32.70668130266314], [-116.97530362452163, 32.7066813091854], [-116.9823579748174, 32.71531857216065], [-116.97125027371455, 32.7153186182358], [-116.97830457942939, 32.72395584949643], [-116.95609382982111, 32.72395588061732], [-116.96314810071634, 32.73259316942162], [-116.95204047142012, 32.732593176587955], [-116.95909927881763, 32.74123041001383], [-116.9479916175829, 32.741230394945354], [-116.95505487156542, 32.74986767240325], [-116.93283962545505, 32.749867683162655], [-116.9257808464288, 32.7412303833608], [-116.91467324676003, 32.74123038805214], [-116.92173203312647, 32.74986769774017], [-116.91062440302322, 32.74986767935278], [-116.91768314317508, 32.7585049546561], [-116.90657548279566, 32.75850499282728], [-116.91363875918816, 32.7671422120515], [-116.90252666585, 32.76714220642408], [-116.91666196836232, 32.784421253402854], [-116.9055543449039, 32.78442123618382], [-116.91262205781398, 32.793058551396136], [-116.9015144047485, 32.79305851147999], [-116.9085865638936, 32.80170025531616], [-116.8974744784294, 32.801700252902585], [-116.9257942339271, 32.836262775874744], [-116.91468214227119, 32.83626279459461], [-116.92176770384606, 32.84490447915647], [-116.91065558282679, 32.84490447667903], [-116.91774559057488, 32.85354180776677], [-116.89551244756743, 32.853541765119495], [-116.909696914112, 32.87082968205363], [-116.9319344249308, 32.870829750982665], [-116.92483554316772, 32.86218800792689], [-116.94706860324219, 32.86218799940227], [-116.95416746333737, 32.87082970390915], [-116.96528405447093, 32.87082970931777], [-116.97238742596609, 32.879471458477326], [-116.98350396003077, 32.87947148238586], [-116.97640060207607, 32.87082967485961], [-116.98752159607037, 32.87082975323982], [-116.98041819340726, 32.8621879776932], [-117.01376782589031, 32.86218797144036], [-117.00667339053425, 32.853541794434875], [-117.01778551373506, 32.85354178588374], [-117.01069103428405, 32.844904488669776], [-117.02180761516298, 32.84490453381312], [-117.01471318168197, 32.836262786908485], [-117.03694182648488, 32.83626278718844], [-117.02985185621208, 32.82762100883677], [-117.04096391961775, 32.82762104404039], [-117.03387390591186, 32.81897930102833], [-117.05610258232909, 32.818979246687526], [-117.06319256002138, 32.827621027078635], [-117.07430455500129, 32.827621003759354], [-117.08849793182759, 32.844904486783015], [-117.09961449798168, 32.844904483825225], [-117.09251552823224, 32.83626278744551], [-117.15920141608898, 32.83626279399568], [-117.16630472787938, 32.84490448150531], [-117.17742130859502, 32.8449044789607], [-117.20586588887623, 32.87947149710012], [-117.22809896570199, 32.87947143188544], [-117.23522014726417, 32.88811319528315], [-117.24633672360655, 32.8881132186256], [-117.25346237498349, 32.89675490048627], [-117.26458332707345, 32.896754902854326], [-117.25745771054622, 32.88811317706673], [-117.26857422577831, 32.88811316718906], [-117.25433629974023, 32.870829703054675], [-117.26545289783088, 32.870829695114686], [-117.25833619290768, 32.86218795743374], [-117.26945265955824, 32.86218795921323], [-117.262340402009, 32.85354177520752], [-117.29568558475749, 32.853541802720315], [-117.28146554855573, 32.83626273622863]], [[-117.21152900688934, 32.723955867710785], [-117.20446127836351, 32.71531859356925], [-117.1933537100861, 32.71531860240578], [-117.20042137632292, 32.72395583880239], [-117.21152900688934, 32.723955867710785]]]}, "id": "0000000000000000096d_0", "properties": {"uc_id": "2471", "unit": "core"}}, {"type": "Feature", "geometry": {"type": "Polygon", "coordinates": [[[-116.90445085504042, 32.39742669381932], [-116.84444594597821, 32.44184389295177], [-116.82266895270287, 32.46354282823311], [-116.8140732047884, 32.47409656064577], [-116.78585034443948, 32.49179295125103], [-116.76192717206854, 32.511705036785095], [-116.74201074213025, 32.53454282832918], [-116.73416593953587, 32.54496232677424], [-116.71939920201689, 32.57464394384585], [-116.71175353943485, 32.60233923989252], [-116.70937791735655, 32.6307033724745], [-116.71233660423282, 32.65902864989219], [-116.71679507720411, 32.674270368294806], [-116.698533269195, 32.7128264691872], [-116.69087720818115, 32.74052204489023], [-116.68336401121243, 32.80344412216247], [-116.68410646980257, 32.825295378795545], [-116.68127685282917, 32.85527541927856], [-116.68424240621653, 32.88360074132375], [-116.69248672200513, 32.911179895874696], [-116.71007307744564, 32.94300157959497], [-116.73802947808147, 32.97866499915211], [-116.76040373561558, 33.000026916831416], [-116.78652070123067, 33.01816147542346], [-116.81572753019036, 33.03261390799408], [-116.84729272591063, 33.04302158473207], [-116.88042464338378, 33.04912325329975], [-116.9099881635208, 33.05166617509285], [-116.94312372467596, 33.05776635080766], [-116.9835147193445, 33.05944880118913], [-117.01733498102735, 33.05719662789541], [-117.0503057188747, 33.05049951094962], [-117.08159939238254, 33.039525603301385], [-117.09440938225806, 33.03287355933407], [-117.12385300180502, 33.04520191442988], [-117.15598433153998, 33.05681699333664], [-117.1910513241181, 33.068949725378154], [-117.22419340718514, 33.07504984614837], [-117.2645945938588, 33.076732221635844], [-117.29842149175983, 33.07447997850099], [-117.33139868308733, 33.067782787670296], [-117.36269846235022, 33.05680880460041], [-117.3915359593726, 33.04183348492613], [-117.41718908939967, 33.02323255479986], [-117.43901680210398, 33.0014724392257], [-117.4564751517659, 32.97709840689188], [-117.46126421909756, 32.967118734423934], [-117.47783446383063, 32.94736572606997], [-117.49313855068038, 32.922096026815694], [-117.50350271517839, 32.89511767590343], [-117.50867238095576, 32.86710531556176], [-117.50852333588736, 32.83875879727729], [-117.50365695439118, 32.805821465121696], [-117.49528878539911, 32.77827075040241], [-117.48570864225695, 32.759290079845535], [-117.4880695470124, 32.730467507896506], [-117.48496862660161, 32.70215282700513], [-117.47661049265668, 32.674602046674806], [-117.45891847276319, 32.64281796244654], [-117.41675351237635, 32.58995242126382], [-117.39440147165129, 32.56865042000056], [-117.35377833019949, 32.54003276878384], [-117.33898822476944, 32.510336693011034], [-117.2997859196, 32.46043230082749], [-117.2774636188453, 32.43913212367301], [-117.25145503357365, 32.42105955285382], [-117.22240839219515, 32.406663636521], [-117.19104629158363, 32.3963018792924], [-117.16400924218982, 32.38941054141521], [-117.13447307935209, 32.377005251706464], [-117.10256153528955, 32.36820492372436], [-117.08164999144861, 32.364343207999084], [-117.03048465359399, 32.36267147360944], [-116.99692542704618, 32.36491030286538], [-116.96419842399462, 32.37157706323843], [-116.93311612046472, 32.38250629973238], [-116.90445085504042, 32.39742669381932]], [[-117.39234010051074, 32.80356554432855], [-117.37491223165897, 32.778118855703504], [-117.37532807729298, 32.761165842695306], [-117.38079881095231, 32.739507047125365], [-117.37995225248179, 32.71942907046716], [-117.37383366442428, 32.700009303565004], [-117.36218026433782, 32.68151169101902], [-117.32384220750184, 32.63725656943875], [-117.30588105472066, 32.624210400042685], [-117.29302401797568, 32.614574750185014], [-117.27378171899197, 32.60270480803357], [-117.25678804977387, 32.596507571806484], [-117.25590169792716, 32.58147719478657], [-117.24667894564347, 32.55584065451314], [-117.217182335253, 32.51764178836824], [-117.2015927343285, 32.50244976903196], [-117.1824000065819, 32.49055046151708], [-117.16055974586092, 32.48253557078794], [-117.13501085518531, 32.47887012934904], [-117.1207895728133, 32.472119849141386], [-117.10591253633751, 32.46467462677311], [-117.08408145223679, 32.456654115009094], [-117.06068795897107, 32.452916041024395], [-117.01474487978533, 32.45364192301481], [-116.99173263461046, 32.45879773600808], [-116.96413571021709, 32.47215600039324], [-116.94417182361022, 32.4904029390058], [-116.9240802434853, 32.502734906225676], [-116.90855310900317, 32.517825358500474], [-116.89588401446304, 32.53806979158283], [-116.86313418263356, 32.55448596399087], [-116.84501531418066, 32.56754089485431], [-116.8307793272049, 32.583656680151094], [-116.82113679400102, 32.602031460252405], [-116.81657068440731, 32.621750458843046], [-116.81731183340959, 32.64183136348333], [-116.82332679885532, 32.66127317716256], [-116.83565518872985, 32.68075733857617], [-116.82219140737409, 32.696021528246284], [-116.80444119673452, 32.731699694038795], [-116.79737130822888, 32.75342903114523], [-116.7963080774366, 32.77296242502338], [-116.79041706825028, 32.801224101209804], [-116.79436123321832, 32.82467108649427], [-116.78871876655643, 32.84655000833276], [-116.78952186336709, 32.866629280917756], [-116.79561021444171, 32.88605830109389], [-116.8072544013431, 32.904571930722625], [-116.83146608686332, 32.93158046822686], [-116.84947185307755, 32.94464336128821], [-116.87048685168598, 32.95402477974281], [-116.89346165230985, 32.95925589285144], [-116.9270544937616, 32.96081873328517], [-116.94116503209506, 32.965559119747496], [-116.96470858534843, 32.969228987147524], [-116.9916085600312, 32.96869625057636], [-117.01500044537401, 32.964960360903255], [-117.03681794740338, 32.956959512515], [-117.05597120942961, 32.945093583342754], [-117.07715626124134, 32.93436973636595], [-117.08080057811114, 32.93466071653865], [-117.12003405457673, 32.93296594795371], [-117.13339041756669, 32.945774351239145], [-117.15853932709953, 32.96021610615587], [-117.18526934629708, 32.96745073683427], [-117.20037503528143, 32.97493929474877], [-117.22237525556993, 32.982878594946705], [-117.24592943250607, 32.98652122651095], [-117.28098066291913, 32.98568515961382], [-117.3040917076235, 32.9804121521487], [-117.32522800382938, 32.97096576189086], [-117.34333405338057, 32.95781807451517], [-117.35750687663332, 32.941625900099], [-117.36734358779681, 32.92184774734521], [-117.37435258001938, 32.91464615213028], [-117.38853052199565, 32.89846140244445], [-117.39807381030876, 32.88003824279696], [-117.40250919757601, 32.860296041822046], [-117.39849708649706, 32.82297832332742], [-117.39234010051074, 32.80356554432855]]]}, "id": "0000000000000000096d_1", "properties": {"uc_id": "2471", "unit": "ring"}}, {"type": "Feature", "geometry": {"type": "Polygon", "coordinates": [[[-122.34230442084777, 38.30435139533386], [-122.3307018056958, 38.304351358083586], [-122.30268977948667, 38.27775279578929], [-122.25630621594178, 38.27775285201523], [-122.27497201702502, 38.295482239399064], [-122.26337389709347, 38.29548222146554], [-122.27271121702722, 38.30435139178065], [-122.26111311055311, 38.30435135698537], [-122.2891474344636, 38.33094995026311], [-122.30075001192193, 38.33094992034982], [-122.31946043000445, 38.34868374036771], [-122.33106306610937, 38.34868374741552], [-122.32170336863943, 38.33981907780043], [-122.33330593206439, 38.339819098159275], [-122.32395075747655, 38.33094988391701], [-122.33555333416393, 38.33094989081266], [-122.32619818513805, 38.32208076511568], [-122.3378006885431, 38.322080785242754], [-122.32844997611022, 38.31321609476028], [-122.35165070945474, 38.31321604619059], [-122.34230442084777, 38.30435139533386]]]}, "id": "000000000000000009af_0", "properties": {"uc_id": "2541", "unit": "core"}}, {"type": "Feature", "geometry": {"type": "Polygon", "coordinates": [[[-122.46914818010448, 38.154804517993405], [-122.44374479331289, 38.136606103191724], [-122.41371424744425, 38.12092522577081], [-122.3809301400784, 38.1091518115811], [-122.3462064904842, 38.10157779137652], [-122.30263208078573, 38.09777548247333], [-122.23051958075261, 38.09937920781246], [-122.18521204795465, 38.10666885198456], [-122.13807065990824, 38.12361464008129], [-122.10139439935956, 38.145796465220705], [-122.07026289870146, 38.17272314700767], [-122.0449019767252, 38.20829675549085], [-122.03194212290316, 38.24323376936206], [-122.02704785054917, 38.27942049461501], [-122.03685640998366, 38.34040581727285], [-122.04930998768398, 38.37358349760507], [-122.06583166463831, 38.398897826213776], [-122.11207837517152, 38.44553212809404], [-122.13731383587427, 38.46597734776256], [-122.19670291373012, 38.50081174542337], [-122.22884663419026, 38.514072119001725], [-122.26326761673712, 38.52319571191322], [-122.30742655249067, 38.52801642345221], [-122.35717155696338, 38.52703924814683], [-122.40263138752628, 38.51970712929482], [-122.45014858143477, 38.50259342090364], [-122.48681831432796, 38.48034693887853], [-122.51786948974679, 38.453372861685565], [-122.54318162133819, 38.417564609948776], [-122.55179177682828, 38.40037821732236], [-122.57057541024612, 38.367131996671056], [-122.57234157684313, 38.361052680894566], [-122.58037397214986, 38.32702514317226], [-122.57860521444218, 38.29069088057245], [-122.56868597079948, 38.25517379976361], [-122.54639488265693, 38.21828128996007], [-122.51874593065591, 38.18950076290383], [-122.49351367095133, 38.169126330902394], [-122.46914818010448, 38.154804517993405]], [[-122.22886572331818, 38.406874333781836], [-122.24717747907198, 38.418594744944954], [-122.26877432243839, 38.429427874192], [-122.29290588414503, 38.43623250768537], [-122.31945312360487, 38.43867239970032], [-122.34470652898818, 38.43747112414481], [-122.3695128199428, 38.43288189046742], [-122.3923960381333, 38.424091385774815], [-122.41221277729541, 38.4115391912404], [-122.42797433679219, 38.395852721981974], [-122.4343349501642, 38.38795190346731], [-122.44285963648248, 38.36900530910967], [-122.4548752990342, 38.35247890291624], [-122.46339424643551, 38.33353187631313], [-122.46633888728243, 38.31357453208329], [-122.46356697456474, 38.2936020332686], [-122.45475916312223, 38.27402552798108], [-122.44110587724322, 38.257053433559484], [-122.42239469818591, 38.24075279491935], [-122.4024310564956, 38.228392947348524], [-122.38276429537574, 38.21416527310903], [-122.36281074100806, 38.20180278471326], [-122.33986975711022, 38.19322276676286], [-122.3150819296553, 38.18885149025829], [-122.25548444796024, 38.18783909709379], [-122.23093209093565, 38.18999917216244], [-122.20678968077522, 38.1966030423646], [-122.18510724510776, 38.20724776931046], [-122.16696348839886, 38.221404409294536], [-122.1532627247421, 38.23836915679035], [-122.14468981451392, 38.257298068632174], [-122.14167564675134, 38.27724880592425], [-122.1491453185735, 38.32384187907892], [-122.15743554871821, 38.342850916209365], [-122.17150699178319, 38.36042474351691], [-122.20888137744325, 38.39448956549945], [-122.22886572331818, 38.406874333781836]]]}, "id": "000000000000000009af_1", "properties": {"uc_id": "2541", "unit": "ring"}}, {"type": "Feature", "geometry": {"type": "Polygon", "coordinates": [[[-121.95756426870027, 38.0031346274235], [-121.91129214902733, 38.00313461704862], [-121.90209747629429, 37.9942833379358], [-121.87896366376359, 37.99428334614935], [-121.86977350922868, 37.9854319894679], [-121.85820656359468, 37.98543200876847], [-121.84902528530114, 37.9765807184429], [-121.83745834709502, 37.97658072287693], [-121.82828152156858, 37.967729387565555], [-121.81671459609713, 37.96772938010322], [-121.79837432176464, 37.95003124456057], [-121.75212013121727, 37.95003119187429], [-121.76128801020761, 37.958878081338554], [-121.73815863712393, 37.95887806046142], [-121.76109630311468, 37.98100631648597], [-121.78403387557002, 38.00313465116523], [-121.77246696505732, 38.003134613874174], [-121.78165273480612, 38.01199042054259], [-121.79322408276478, 38.01199037904656], [-121.80241431507336, 38.020841698109344], [-121.83712836673469, 38.02084174702071], [-121.84632305272568, 38.029697473465085], [-121.85789445257674, 38.029697476237864], [-121.86709801397213, 38.038548817248305], [-121.8786738449127, 38.03854884008387], [-121.88788184442434, 38.04740461241245], [-121.89945324194512, 38.04740456229388], [-121.89024525142364, 38.038548783443304], [-121.93653515468168, 38.038548809948594], [-121.92732262177803, 38.02969753936606], [-121.95046538237179, 38.02969749032371], [-121.9596778850672, 38.03854884098643], [-121.98282059483576, 38.03854879810977], [-121.97360812714062, 38.029697515201434], [-121.98517944643736, 38.0296975222524], [-121.95756426870027, 38.0031346274235]]]}, "id": "000000000000000009f0_0", "properties": {"uc_id": "2607", "unit": "core"}}, {"type": "Feature", "geometry": {"type": "Polygon", "coordinates": [[[-121.9635398813681, 37.821229596854835], [-121.93929545561383, 37.80920689609112], [-121.90945662834824, 37.79346024653466], [-121.87686256944609, 37.78161477865654], [-121.8423226515761, 37.7739642353162], [-121.79831813301286, 37.77005393099817], [-121.7270690994881, 37.77161894376905], [-121.69182984928025, 37.776951560084974], [-121.6580850194562, 37.78659470269406], [-121.62667194812835, 37.80030929683137], [-121.58438449020001, 37.82660760326401], [-121.55989931419433, 37.847352533291165], [-121.53984360379938, 37.8708803426405], [-121.52472038555894, 37.896606124147986], [-121.51491131676781, 37.92388969496536], [-121.51066675232211, 37.95205138136777], [-121.51209895408353, 37.980388848561596], [-121.51917866481311, 38.008194569188355], [-121.53173519352269, 38.03477350116636], [-121.55064484210622, 38.06094135425862], [-121.56592816762343, 38.07904643548917], [-121.58484949527525, 38.10520916198172], [-121.62246328273972, 38.14117551412219], [-121.65827377718693, 38.16352255590663], [-121.71100371736483, 38.18581984350534], [-121.74520179842399, 38.19509798515987], [-121.76019007252114, 38.197235659743576], [-121.79654759612568, 38.21242032961636], [-121.83076434305099, 38.22168441330078], [-121.87500392629101, 38.22668908733096], [-121.91418048924832, 38.227008734283], [-121.95000250771449, 38.22293517074929], [-121.97020701661336, 38.21852670524186], [-122.01892722804767, 38.21627080507682], [-122.06802687277575, 38.20557758467281], [-122.10042660758329, 38.19291963107793], [-122.12987228129889, 38.176401798826774], [-122.1503458796111, 38.160533548221736], [-122.17704713200769, 38.1335316808789], [-122.19360069515645, 38.10825455206532], [-122.20719151229365, 38.07244946667924], [-122.21292821681776, 38.0443759059495], [-122.21297678293378, 38.01594130604143], [-122.2073425638498, 37.98785542152633], [-122.19617242296081, 37.96081849953406], [-122.1797504533775, 37.93550388267867], [-122.13401183721984, 37.88898303417919], [-122.10901326358145, 37.868508926584504], [-122.08025494850978, 37.85139145966353], [-122.04845291928618, 37.83805543379901], [-122.01439733090399, 37.82883160441732], [-121.9635398813681, 37.821229596854835]], [[-121.8614380519876, 38.13495355483123], [-121.88787535326507, 38.137393271782265], [-121.92598247165321, 38.13493749224834], [-121.9489562489659, 38.1285212498264], [-121.98406015012866, 38.12853216830415], [-122.00821450109747, 38.126289509750066], [-122.03232368651376, 38.11966318634032], [-122.05395736714358, 38.108989895208516], [-122.07203524121489, 38.0948032624728], [-122.08565623362219, 38.07781221154908], [-122.09414340664308, 38.05886527056559], [-122.09802305570332, 38.039577895840715], [-122.0979785142724, 38.01961261864116], [-122.09231394458418, 38.000152559431505], [-122.08131575165619, 37.9821669032492], [-122.04585658322128, 37.94609176811154], [-122.02933965175362, 37.93316196376128], [-122.00786697275046, 37.92235649012184], [-121.98389514438311, 37.915573446610004], [-121.95122212866723, 37.913147035058046], [-121.9228687801211, 37.906064344513524], [-121.88841745070584, 37.8919148032671], [-121.87009806161366, 37.88005871026721], [-121.85849602197347, 37.87421696304318], [-121.83568884773818, 37.86558637371762], [-121.8110280656774, 37.861160348695414], [-121.75214858918325, 37.86004253516088], [-121.72685930472079, 37.862277534597865], [-121.70236848179064, 37.86910653706143], [-121.68085743008851, 37.87982560889156], [-121.65785693266287, 37.89575037003453], [-121.64209728921298, 37.91137022571774], [-121.63111657127752, 37.92935843061579], [-121.62546489648429, 37.94881977282777], [-121.6254280140421, 37.968785000431545], [-121.63101226777593, 37.9882589789756], [-121.64194339287775, 38.00627028972665], [-121.6639048826808, 38.029497076543926], [-121.66949843040547, 38.04199303260387], [-121.68300316920032, 38.059026112051896], [-121.709704400213, 38.08190202978173], [-121.75194365326253, 38.10158099875401], [-121.7759654940432, 38.10838790111199], [-121.79585918704235, 38.11044177454142], [-121.83740633331973, 38.128149136357976], [-121.8614380519876, 38.13495355483123]]]}, "id": "000000000000000009f0_1", "properties": {"uc_id": "2607", "unit": "ring"}}, {"type": "Feature", "geometry": {"type": "Polygon", "coordinates": [[[-122.06603634228429, 38.25115872613884], [-122.07763002012801, 38.251158743812326], [-122.06832836925427, 38.24229849355058], [-122.04514099899201, 38.24229854177485], [-122.03584827554933, 38.23343384514909], [-122.02425456643643, 38.23343386098152], [-122.03355183471636, 38.24229851347303], [-122.0103645170753, 38.24229848287582], [-122.00107169267736, 38.23343386149368], [-121.97788884644001, 38.23343384982569], [-121.98718164518938, 38.24229854059748], [-121.9755879762664, 38.242298512658266], [-121.98488070996834, 38.25115878240551], [-121.97329148333094, 38.25115875757954], [-122.01982222175148, 38.295482250576335], [-122.0314203918074, 38.29548220338527], [-122.02210524740532, 38.28661754149035], [-122.0568952375858, 38.28661751429933], [-122.04758010446767, 38.277752827801166], [-122.07077189624297, 38.27775285734497], [-122.06146133402464, 38.26888816551974], [-122.08464860171264, 38.268888177019925], [-122.06603634228429, 38.25115872613884]]]}, "id": "00000000000000000b26_0", "properties": {"uc_id": "2924", "unit": "core"}}, {"type": "Feature", "geometry": {"type": "Polygon", "coordinates": [[[-122.1029371657803, 38.46650529777309], [-122.17550003445297, 38.44070677763159], [-122.23265060218391, 38.40642142797148], [-122.26456088974255, 38.37981576417705], [-122.28991844475122, 38.349187858596416], [-122.29280988376125, 38.343547559374954], [-122.30755765311791, 38.311097098203625], [-122.31318329749352, 38.27484961917768], [-122.31052437661937, 38.23839395757718], [-122.29140735737224, 38.187540123689566], [-122.27241215213766, 38.1564823287241], [-122.24486610532611, 38.127681875659256], [-122.2196989728137, 38.10727399446271], [-122.19077428308864, 38.090232621422714], [-122.15881215258659, 38.07698064116023], [-122.09226543506911, 38.0590111621035], [-122.04823932416613, 38.054123705231135], [-121.96260501171527, 38.05385837667154], [-121.92687570311702, 38.05798496130778], [-121.89241064949366, 38.06648072211929], [-121.86006472536906, 38.079135070141916], [-121.8306413330416, 38.09563420147093], [-121.80487274266301, 38.115568727966036], [-121.78340203096, 38.13844365556241], [-121.76676704747256, 38.16369048447656], [-121.75304892841962, 38.19957747750754], [-121.74489265314422, 38.23651549857961], [-121.74476198057161, 38.26494993904961], [-121.7503387647042, 38.29304554096005], [-121.76149014422843, 38.32010022410846], [-121.77794318147666, 38.345437153511845], [-121.79611838567055, 38.365455805100794], [-121.86000990279898, 38.42466625758609], [-121.89679456469847, 38.44743116636284], [-121.92888293773885, 38.46073831840455], [-121.96325671075071, 38.469912031228276], [-122.00748416061086, 38.47479809900271], [-122.05728354725566, 38.47385175944127], [-122.1029371657803, 38.46650529777309]], [[-121.95251637894418, 38.14568263220035], [-121.92838968353989, 38.152288852486954], [-121.90672211294279, 38.162935696722066], [-121.88859163616918, 38.177094113275814], [-121.87490190662143, 38.194060205192706], [-121.86633723142347, 38.21298995949454], [-121.86011867660424, 38.24128235633551], [-121.86013355228484, 38.26124782502977], [-121.865790936444, 38.280712990090635], [-121.87681297082052, 38.29870685735767], [-121.93128799029799, 38.352698993071016], [-121.94759297269819, 38.36539364080665], [-121.970431561136, 38.37658165245584], [-121.9932878947835, 38.38303114973771], [-122.01981561607396, 38.38547090994201], [-122.05689765273662, 38.383224067358945], [-122.09521517139393, 38.37084210377203], [-122.11808868307399, 38.36206781976378], [-122.15656062256667, 38.338899209513386], [-122.17510236595562, 38.324191620103505], [-122.18806804510973, 38.30757705245233], [-122.19632376557938, 38.28920439787231], [-122.19926674610089, 38.269247066217886], [-122.19649666383484, 38.24927455556278], [-122.18111545592522, 38.21255777366019], [-122.16762848160721, 38.195489982549944], [-122.1392402026915, 38.17177614794164], [-122.1175697693485, 38.161175830499374], [-122.07311256889933, 38.148933786947374], [-122.04834558839336, 38.144543125002656], [-121.97790324554235, 38.143445191022536], [-121.95251637894418, 38.14568263220035]]]}, "id": "00000000000000000b26_1", "properties": {"uc_id": "2924", "unit": "ring"}}, {"type": "Feature", "geometry": {"type": "Polygon", "coordinates": [[[-121.74536459597584, 37.93233301867638], [-121.73380212400065, 37.93233300407143], [-121.71550200060602, 37.91463483239844], [-121.68081910949466, 37.914634867044356], [-121.6899691447649, 37.92348170152941], [-121.67840671805189, 37.9234817247542], [-121.687556775053, 37.932333040541316], [-121.67599436204071, 37.93233301050125], [-121.69430343328354, 37.95003121430568], [-121.68274092905499, 37.95003120015784], [-121.70106343170302, 37.967729384188885], [-121.68949648827262, 37.96772937952417], [-121.69866443510257, 37.97658068646517], [-121.67553504625758, 37.97658067889445], [-121.69387533597526, 37.99428334683542], [-121.70544226463103, 37.99428333232129], [-121.72380481895088, 38.01199038767943], [-121.74694306590533, 38.0119903947045], [-121.7377617515819, 38.003134621646744], [-121.74932868453755, 38.00313464584701], [-121.74014739168447, 37.994283332462786], [-121.7517143393243, 37.99428330840078], [-121.72419270889456, 37.967729413981594], [-121.73575964957884, 37.96772936844078], [-121.72659176973389, 37.9588780573183], [-121.73815863712393, 37.95887806046142], [-121.72899521463633, 37.95003120203162], [-121.74055766031847, 37.95003117279744], [-121.7313986950516, 37.94117987827323], [-121.75452355072363, 37.94117986572474], [-121.74536459597584, 37.93233301867638]]]}, "id": "00000000000000000b62_0", "properties": {"uc_id": "2985", "unit": "core"}}, {"type": "Feature", "geometry": {"type": "Polygon", "coordinates": [[[-121.44868227546922, 37.916830101285946], [-121.4479910870998, 37.96972316439285], [-121.44941740955763, 37.998060672568954], [-121.45649268483459, 38.02586720673573], [-121.46904633873747, 38.05244770470621], [-121.48796716050082, 38.078632988469465], [-121.52592523902618, 38.11558575068824], [-121.55229034461892, 38.134916112432194], [-121.60041917519648, 38.16351914908819], [-121.63230840874782, 38.17693526099074], [-121.66649685621013, 38.18622583999549], [-121.71075451533814, 38.191265365465895], [-121.7613923912509, 38.191608182427785], [-121.79720313341362, 38.187568057324405], [-121.83175033986889, 38.179135146130655], [-121.8641662317835, 38.16652141810805], [-121.89363767739141, 38.1500437940368], [-121.91942688685866, 38.13011602782795], [-121.94089003994478, 38.107238132780594], [-121.95749336096057, 38.081983641333764], [-121.96496308862903, 38.065909260933694], [-121.97932972937916, 38.0091881567834], [-121.9782234307416, 37.97471906170525], [-121.98271508407592, 37.93900152945283], [-121.97650501521625, 37.89962119003359], [-121.9654038418497, 37.872570024315145], [-121.9490535407862, 37.847234453846674], [-121.92184759934052, 37.81837888141316], [-121.89690974930105, 37.79787679491421], [-121.83842518844175, 37.763083326132225], [-121.80669457301215, 37.74969768454698], [-121.77270280175215, 37.740420743803234], [-121.72865249497757, 37.73536879370537], [-121.66661494607595, 37.73500760415253], [-121.63101724096131, 37.73900899508149], [-121.59665386403215, 37.747384064786615], [-121.56437720406782, 37.759925201365704], [-121.53498895132559, 37.776321389485794], [-121.50922047861623, 37.79616577514309], [-121.48771480429872, 37.8189655842095], [-121.47101056530364, 37.844154170205435], [-121.45710638461276, 37.87989831720521], [-121.44868227546922, 37.916830101285946]], [[-121.56137466281422, 37.97688737869407], [-121.56406801889644, 37.99606672279592], [-121.57231998104047, 38.015076048758985], [-121.58608225431618, 38.03245424439728], [-121.6137309368588, 38.057624080673094], [-121.63357310917645, 38.07005721479054], [-121.65185052683695, 38.08189819315868], [-121.67334679872653, 38.0927322223072], [-121.69736628271846, 38.0995379176513], [-121.72270822030075, 38.101974904565004], [-121.76014959180465, 38.10081086266962], [-121.78485988004773, 38.09628621223498], [-121.79642787236986, 38.09310490339295], [-121.81885427839988, 38.08192569376504], [-121.8364006097704, 38.06790140151565], [-121.84974124174695, 38.05125408055562], [-121.8582254303364, 38.032307165875274], [-121.86590203937965, 37.994648136681676], [-121.8615335090585, 37.97081422630391], [-121.86591921822088, 37.960728634163175], [-121.86857434351305, 37.94114568120673], [-121.86587138542667, 37.921566859362734], [-121.85730361832978, 37.902237759134756], [-121.84378463570978, 37.885225229684124], [-121.81620945768775, 37.861928654838124], [-121.77563773215405, 37.838842126888345], [-121.75284648949642, 37.83020348208086], [-121.72820014158823, 37.82576873562512], [-121.67985995121332, 37.82464939300938], [-121.65556318768174, 37.82688250730338], [-121.63154065540385, 37.833487699134274], [-121.60996637471085, 37.844133667706075], [-121.59191369599954, 37.85829138642319], [-121.57828239504931, 37.87525697248156], [-121.56975383553817, 37.89418641951184], [-121.56190260304066, 37.93260240382453], [-121.56459596784534, 37.95182434807305], [-121.56137466281422, 37.97688737869407]]]}, "id": "00000000000000000b62_1", "properties": {"uc_id": "2985", "unit": "ring"}}, {"type": "Feature", "geometry": {"type": "Polygon", "coordinates": [[[-117.34813356088843, 33.22543080467454], [-117.33699027023363, 33.22543084463088], [-117.32975756537923, 33.21677571928891], [-117.31861431954404, 33.21677566928626], [-117.30416677223292, 33.19946997273798], [-117.31531010910163, 33.19946990532659], [-117.30808630171319, 33.19081478481138], [-117.31922959881429, 33.19081479342484], [-117.31201032789261, 33.18215969431846], [-117.30087156000369, 33.18215965559999], [-117.29365673700259, 33.17350454243086], [-117.28251335817363, 33.17350457181782], [-117.26809710895564, 33.15619882143455], [-117.25695383508682, 33.15619877288686], [-117.23535391261723, 33.13024240087713], [-117.22421510931922, 33.13024238355111], [-117.21702256931182, 33.12159169690358], [-117.13906412555009, 33.12159170718609], [-117.13187603393189, 33.11294110996317], [-117.12074163484569, 33.112941108970375], [-117.1135580206087, 33.10428593552562], [-117.09128933913115, 33.104285914454955], [-117.08411017874982, 33.09563526496311], [-117.06184138834239, 33.09563529895182], [-117.06901611022731, 33.10428596937239], [-117.05788174401916, 33.10428596601529], [-117.06506091216579, 33.1129410771438], [-117.05392202451664, 33.112941077943645], [-117.06110563899541, 33.12159172700986], [-117.03882801450567, 33.12159174535165], [-117.04601160936198, 33.1302423620982], [-117.03487718365668, 33.13024240573286], [-117.04206082436326, 33.13889300500198], [-117.030921967668, 33.13889303091802], [-117.04530256407381, 33.15619883451335], [-117.07871909126926, 33.15619881798541], [-117.08591612494168, 33.164853952498234], [-117.13047585184512, 33.16485390232846], [-117.12327893262659, 33.15619879920256], [-117.14555654724418, 33.15619877867621], [-117.15275798184865, 33.16485390032272], [-117.18617901150662, 33.164853886595864], [-117.19338484769462, 33.173504631127095], [-117.2045282160723, 33.173504602547446], [-117.21894891923236, 33.190814810088], [-117.20780562440811, 33.19081478784144], [-117.21502047388894, 33.19946992999443], [-117.20387714273014, 33.19946990138052], [-117.21109195242275, 33.20812059474867], [-117.19994867480946, 33.208120617510936], [-117.2216199386287, 33.23409035453126], [-117.25505422133533, 33.23409038146793], [-117.26228693892416, 33.24274550010343], [-117.2734346710707, 33.24274549744051], [-117.29514601963534, 33.26871528676276], [-117.30629380633239, 33.26871528449452], [-117.29905218350264, 33.26005572289417], [-117.321347683831, 33.26005570551995], [-117.31411055370485, 33.25140060046431], [-117.33640607172723, 33.25140061912912], [-117.32916455762427, 33.24274549694225], [-117.34031223324558, 33.24274555059974], [-117.3330751658588, 33.234090383895655], [-117.35537061641078, 33.234090436412316], [-117.34813356088843, 33.22543080467454]]]}, "id": "00000000000000000b9c_0", "properties": {"uc_id": "3045", "unit": "core"}}, {"type": "Feature", "geometry": {"type": "Polygon", "coordinates": [[[-117.20496237392393, 32.94161753219246], [-117.14638535989637, 32.92340104376345], [-117.11329270356268, 32.917329566419646], [-117.0618637475744, 32.91565798089895], [-117.02809640346135, 32.91789667825653], [-116.9951663314502, 32.92456312615848], [-116.96389095365775, 32.93549189780285], [-116.93504733064674, 32.95041171804132], [-116.90935312066962, 32.9689520858497], [-116.88744889545028, 32.99065233456692], [-116.87631779612207, 33.0047915077532], [-116.85638291548139, 33.02768489992129], [-116.84098756070325, 33.052923062319124], [-116.82607038165847, 33.0845753950656], [-116.81838126297264, 33.112270807368965], [-116.81599251826903, 33.140634974211466], [-116.81896887082142, 33.16896020881546], [-116.82724111197531, 33.19653911627797], [-116.84458616156323, 33.22796238332258], [-116.87306996437975, 33.26402567387338], [-116.8955153700296, 33.28538884208841], [-116.92171604589635, 33.30352480520153], [-116.95101704493425, 33.31797873801984], [-116.98268448532468, 33.3283879525135], [-117.04954263902582, 33.342210920658395], [-117.07169849635379, 33.36327984857467], [-117.09792248232162, 33.3814159399631], [-117.12724962052182, 33.39586999692542], [-117.15574276186737, 33.405228021633704], [-117.17141827608798, 33.4160519387865], [-117.20075895395637, 33.43050338631519], [-117.23246867837189, 33.440909881690956], [-117.26575212167447, 33.447010179767766], [-117.30630536996914, 33.448692603264995], [-117.34027660723288, 33.44644026222697], [-117.3733944331164, 33.439742850614316], [-117.40482754677562, 33.428768543531206], [-117.46388358547358, 33.396472653152806], [-117.48963927989277, 33.377870187647495], [-117.53048310046667, 33.33879888071184], [-117.54800657574653, 33.31442376568578], [-117.56070853998762, 33.28804530319955], [-117.56799156971462, 33.26136465605611], [-117.57052386568039, 33.23195102917808], [-117.56740205313335, 33.20363659806484], [-117.55899327242176, 33.17608648339241], [-117.54174384482089, 33.14502382289662], [-117.5200500488199, 33.117336045060334], [-117.50544356092992, 33.101660311219774], [-117.48384331264809, 33.07406635506946], [-117.46136848027825, 33.052764832350604], [-117.43518185170427, 33.03469057546755], [-117.40717524162488, 33.0197384938505], [-117.36452689373442, 32.98646751179205], [-117.31082157824545, 32.95969933893753], [-117.27926184575298, 32.949343695173376], [-117.2461575728472, 32.94327954793177], [-117.20496237392393, 32.94161753219246]], [[-117.23299661845344, 33.03313404334073], [-117.17735370236326, 33.03160909389877], [-117.16650363672076, 33.02599696049652], [-117.14133924397004, 33.01762917280993], [-117.11501674124881, 33.009455851249534], [-117.0914468767486, 33.005856970676646], [-117.04527447696233, 33.006724474394176], [-117.02216302227949, 33.01201743526228], [-117.00102375205869, 33.02147461894225], [-116.98290833359799, 33.034625887607326], [-116.967247154985, 33.05365655756181], [-116.95983939430039, 33.0606116495982], [-116.9456546139427, 33.07680823967266], [-116.92817553533732, 33.11255289159963], [-116.9237463083618, 33.13229806628193], [-116.92465791962084, 33.15237416332738], [-116.93376914434123, 33.17740182173564], [-116.95701975308066, 33.20756656279477], [-116.97283661950948, 33.222683701812045], [-116.9922735529807, 33.23448552648316], [-117.01436062951288, 33.24238235306434], [-117.04680350997936, 33.248117590804135], [-117.06986780847265, 33.253304546441846], [-117.10855825686882, 33.25484457446632], [-117.13335798277069, 33.28557761273765], [-117.15170067879494, 33.302174508823484], [-117.16869535342822, 33.31244880478679], [-117.19081743753796, 33.32031569833152], [-117.20962967525284, 33.32315049368485], [-117.22276980687445, 33.33533944791896], [-117.24226427889523, 33.34710385021315], [-117.26440157311494, 33.35495815083487], [-117.2880757639917, 33.35850976924594], [-117.32325289655614, 33.3575809254476], [-117.3529092946298, 33.349834200248544], [-117.40039597922002, 33.323415005219026], [-117.43475293255393, 33.29485452769106], [-117.44889250323772, 33.27860873715127], [-117.4583635895504, 33.26014457712675], [-117.46269661610053, 33.24038346512081], [-117.4616789909159, 33.22031090331225], [-117.45536503402047, 33.20092725332895], [-117.44407256202034, 33.183197901350425], [-117.42037704699968, 33.158774934304745], [-117.4001262386977, 33.130622311948834], [-117.37961426723852, 33.11220186298484], [-117.354428820231, 33.09989717330015], [-117.32816805904937, 33.08222287441391], [-117.30764705586546, 33.063683907076054], [-117.28822372391491, 33.05191006734739], [-117.25600989591793, 33.03830465516976], [-117.23299661845344, 33.03313404334073]]]}, "id": "00000000000000000b9c_1", "properties": {"uc_id": "3045", "unit": "ring"}}, {"type": "Feature", "geometry": {"type": "Polygon", "coordinates": [[[-119.16452607033257, 35.34730293313023], [-119.15320437940156, 35.34730300975789], [-119.12107653122382, 35.31235255561652], [-119.13239379846512, 35.31235252967], [-119.1243718864652, 35.30361716330926], [-119.1356890846796, 35.303617159065816], [-119.12766708122895, 35.294881767382755], [-119.10503268087677, 35.29488182313339], [-119.09701970517845, 35.286146436115196], [-119.08570254986203, 35.286146421092475], [-119.06968097462175, 35.268675603683675], [-119.00179112491575, 35.26867564269487], [-119.00979524144145, 35.27741102359794], [-118.99847802386464, 35.277411050803615], [-119.00648213515547, 35.286146389072975], [-118.9951693811488, 35.28614640094188], [-119.00317792748213, 35.29488176242843], [-118.99186075617243, 35.29488177799073], [-118.99986929697164, 35.30361717163701], [-118.98855206014974, 35.30361712764046], [-118.99656512493434, 35.3123525197767], [-118.985247911861, 35.312352546913075], [-118.99326532287287, 35.32109235627595], [-118.98194369278146, 35.32109238788872], [-118.98996562776894, 35.32982774235583], [-118.97864393306297, 35.32982779192048], [-118.98666586201983, 35.33856762428601], [-118.97534872185254, 35.33856755928296], [-118.98337064446174, 35.34730296809434], [-118.94940561840043, 35.347302948845254], [-118.94138371128696, 35.33856760463077], [-118.91874038392541, 35.338567601005586], [-118.92676230559393, 35.34730296864409], [-118.91544070011486, 35.34730296450016], [-118.92346261420718, 35.35604281018343], [-118.88949763152274, 35.35604276642927], [-118.90555038258826, 35.373522504251405], [-118.89422430268789, 35.373522465455174], [-118.90225957299131, 35.382257876019565], [-118.91358124820484, 35.38225785904379], [-118.92966075146234, 35.399742010138596], [-118.91833464735095, 35.39974198885886], [-118.92637436112918, 35.40848181068922], [-118.94903105696812, 35.40848181530806], [-118.95707531088428, 35.41722167454298], [-118.96840587070768, 35.41722168191174], [-118.96035723081809, 35.40848180263248], [-118.98301384116145, 35.40848187135202], [-118.99106254375516, 35.417221687197106], [-119.0023886549572, 35.4172216856801], [-119.0184994204719, 35.43470581933499], [-119.00717325221322, 35.4347058123394], [-119.0152309042863, 35.443445661345315], [-119.0492226069551, 35.44344566508476], [-119.04116052571946, 35.43470580191958], [-119.07514779965722, 35.43470583905437], [-119.06709019408372, 35.425961505233275], [-119.10107754624559, 35.42596153766551], [-119.1091395641361, 35.43470579828256], [-119.12047014751954, 35.43470583172506], [-119.11240358459443, 35.42596153856371], [-119.14639090410797, 35.42596147817278], [-119.13832882899638, 35.41722167794093], [-119.16098548280239, 35.4172217076509], [-119.14486583314746, 35.39974203157114], [-119.15619196533319, 35.399741983867685], [-119.14813884291176, 35.39099772163404], [-119.1707866593973, 35.39099767385476], [-119.1627335185664, 35.382257870385835], [-119.18538570359608, 35.38225785471644], [-119.17733254617514, 35.37352251231732], [-119.1886587194488, 35.37352249490371], [-119.16452607033257, 35.34730293313023]]]}, "id": "00000000000000000bd5_0", "properties": {"uc_id": "3104", "unit": "core"}}, {"type": "Feature", "geometry": {"type": "Polygon", "coordinates": [[[-118.80842805763662, 35.18315518142755], [-118.78481928873018, 35.19561279514544], [-118.74433866845814, 35.221304921746906], [-118.72014838434974, 35.24163079838944], [-118.70016744319265, 35.264811380570414], [-118.68489648826588, 35.29027024649226], [-118.67472017163503, 35.31737375834145], [-118.66989721403303, 35.345446695570025], [-118.67055348431789, 35.37378897791626], [-118.67269211171029, 35.38979819350917], [-118.68662305112728, 35.43483222891407], [-118.70103744515166, 35.46072893042886], [-118.72543002164643, 35.49012145795282], [-118.76098677102974, 35.52699761682352], [-118.78597363334796, 35.54674749770118], [-118.81448298892397, 35.563042259799936], [-118.8458012736989, 35.57547295899648], [-118.88028103148872, 35.58542435048901], [-118.91832339260425, 35.605221336477335], [-118.95086973174618, 35.615632680915446], [-118.98526690411278, 35.621763481105134], [-119.05424091677135, 35.62337664660029], [-119.0890394002645, 35.62048213380981], [-119.12299140396323, 35.614521359664245], [-119.16029907237434, 35.61173984672435], [-119.19409277079444, 35.60441472854214], [-119.25195256879279, 35.58409810970323], [-119.29581950128859, 35.55983606970821], [-119.32172334941073, 35.540748096973985], [-119.3435966727711, 35.5185747287815], [-119.38520722204562, 35.45890956172437], [-119.40070981790552, 35.42366349963274], [-119.40771436966429, 35.39580786782769], [-119.40924665639623, 35.367400699737914], [-119.40527417011646, 35.339151264374436], [-119.39590166431066, 35.31176415668879], [-119.38136798599469, 35.2859217655052], [-119.34190380425065, 35.240372074555346], [-119.32831816018752, 35.216142622985814], [-119.30388779170872, 35.18682003873974], [-119.28084845649931, 35.16551548968695], [-119.25393952584987, 35.14740062588482], [-119.22402245225278, 35.13303439437919], [-119.20396798027468, 35.12661146219367], [-119.16589031356045, 35.10678258139048], [-119.1335212742435, 35.09642781983449], [-119.09956873902574, 35.09036388015847], [-119.06960557759241, 35.08869829520485], [-118.98228265538845, 35.089961067751645], [-118.94812444012977, 35.0946952923322], [-118.9152972904903, 35.103763282834635], [-118.88461610805486, 35.11694009094214], [-118.85684350699445, 35.13389870990942], [-118.83267109694955, 35.154218050584475], [-118.81270238264148, 35.1773932344401], [-118.80842805763662, 35.18315518142755]], [[-119.24498861387681, 35.475657758058155], [-119.25880288350629, 35.4590130082525], [-119.26650312055287, 35.44286775811371], [-119.28316016740283, 35.424049922586306], [-119.29208775078351, 35.40532306729107], [-119.29895118635089, 35.37676678952664], [-119.29707199544045, 35.35673471471769], [-119.28979240988592, 35.33754158422137], [-119.27747857620372, 35.320143130556396], [-119.24346000856735, 35.28525600759052], [-119.23677072045858, 35.26770237280677], [-119.22448460943619, 35.2502958633381], [-119.19896607467378, 35.22626245750213], [-119.17734158430338, 35.21467966222746], [-119.1489804657816, 35.20691392490285], [-119.13989337296574, 35.19947898869525], [-119.12060550298808, 35.18887855811162], [-119.09767416578434, 35.18164089310255], [-119.07201577231652, 35.17882288177992], [-119.00182871019148, 35.17868698841801], [-118.9809933878107, 35.180305335711274], [-118.95752147113106, 35.18627276418406], [-118.93624951738916, 35.196343731926284], [-118.9182358174711, 35.21001767363282], [-118.9043779433021, 35.22661465045775], [-118.89348686892187, 35.25104954743979], [-118.88439020689705, 35.25363698056452], [-118.86216715209726, 35.261968508669234], [-118.84275605307653, 35.27411509111792], [-118.82384099749913, 35.283737609210405], [-118.80349010021017, 35.299703080002615], [-118.7919535077879, 35.31402148794001], [-118.78294530136812, 35.33271941758417], [-118.77916151169654, 35.35555119504841], [-118.78575469940876, 35.39016415806337], [-118.79297603249329, 35.409373100585], [-118.80587296049421, 35.42748064330906], [-118.82294293979444, 35.44406522737731], [-118.829323234097, 35.45300622312264], [-118.8548766155656, 35.47707503396845], [-118.87534470396608, 35.48829305946696], [-118.93614290028309, 35.5054918391119], [-118.94377453159927, 35.512088961497916], [-118.96540389574714, 35.52365024885707], [-118.98730011614458, 35.53051307460044], [-119.01173347300492, 35.533389250977024], [-119.07036199616824, 35.53177282284683], [-119.09542552111131, 35.52502962287731], [-119.10565024250536, 35.52464958697523], [-119.14161544879555, 35.52303168625433], [-119.19108206013784, 35.50826030782233], [-119.22697834266174, 35.48938916683146], [-119.24498861387681, 35.475657758058155]]]}, "id": "00000000000000000bd5_1", "properties": {"uc_id": "3104", "unit": "ring"}}, {"type": "Feature", "geometry": {"type": "Polygon", "coordinates": [[[-121.46660383615139, 37.728904412517494], [-121.47814845832961, 37.72890436539817], [-121.46909201408013, 37.72006647741099], [-121.4575474437327, 37.72006644453686], [-121.43945240591384, 37.702386115006675], [-121.45098806292623, 37.70238612536503], [-121.4419450053615, 37.693548212800984], [-121.40732899902937, 37.69354818028424], [-121.41637205836362, 37.70238611777651], [-121.40483190413127, 37.7023861086925], [-121.41387498379231, 37.71122852036612], [-121.37925452076443, 37.711228502718754], [-121.40640602557275, 37.73774673652752], [-121.39486583932676, 37.73774676016947], [-121.40392225471143, 37.74658474518734], [-121.3923776347987, 37.74658469342871], [-121.41050392628033, 37.764269524238216], [-121.45668685245657, 37.764269481365965], [-121.44761704029182, 37.7554271308102], [-121.48225087522684, 37.75542713983901], [-121.47318551429251, 37.74658470364006], [-121.48472564205552, 37.746584742088224], [-121.46660383615139, 37.728904412517494]]]}, "id": "00000000000000000c0a_0", "properties": {"uc_id": "3162", "unit": "core"}}, {"type": "Feature", "geometry": {"type": "Polygon", "coordinates": [[[-121.54044564274118, 37.9316535306681], [-121.59832316664335, 37.910306697871235], [-121.62777088544104, 37.89391726553496], [-121.65356597571554, 37.87406676770791], [-121.67506442207427, 37.851253264737906], [-121.69173149569745, 37.82604866472983], [-121.70560439459034, 37.79023819164039], [-121.71150278012243, 37.76218837179648], [-121.71173711688267, 37.73375434988645], [-121.70630802959037, 37.705645892452694], [-121.68873635174695, 37.660896180134536], [-121.67254867412247, 37.63551405908891], [-121.64558815265316, 37.606615874358695], [-121.6301821652844, 37.59200464887022], [-121.59370704717213, 37.559590577014234], [-121.56518922938318, 37.54234674910047], [-121.53361369041912, 37.52887099123079], [-121.49976504644602, 37.51949755444652], [-121.45572571900576, 37.51431832591025], [-121.394027030325, 37.51387966347465], [-121.35851625389057, 37.517774459356204], [-121.32421535148278, 37.5260466787913], [-121.29197518370195, 37.53849124981616], [-121.26259653499115, 37.55479953961697], [-121.21782928545151, 37.58451763813322], [-121.18713443458, 37.614990023383655], [-121.17035769383612, 37.64012924731238], [-121.15878031129516, 37.66704600495287], [-121.15269635814175, 37.69506999010808], [-121.15226376916021, 37.723502556169485], [-121.15749980141197, 37.751634067813576], [-121.1813328118735, 37.814177692133505], [-121.19741258504496, 37.83961812169604], [-121.2333682542841, 37.87746328761899], [-121.25814868417899, 37.89810422409224], [-121.2867525959576, 37.915400937315425], [-121.3184643287501, 37.92891919629159], [-121.35248875995674, 37.938319414368976], [-121.39674260240781, 37.943503772230194], [-121.47026876396814, 37.943927023678214], [-121.50597674039521, 37.939988400369735], [-121.54044564274118, 37.9316535306681]], [[-121.54031747951103, 37.64671805494529], [-121.51342615126065, 37.62357945728133], [-121.49129665482778, 37.61256040427727], [-121.46817307249955, 37.605988409641014], [-121.44192416041156, 37.603559554799666], [-121.39447980719807, 37.604702269413394], [-121.36991724225057, 37.609169717237684], [-121.34721317794, 37.61783847145446], [-121.32749650793541, 37.630277819961556], [-121.3085962899481, 37.64072741776165], [-121.29059326404168, 37.65488521520848], [-121.27690650881381, 37.67205800427773], [-121.2684946084594, 37.6907803724688], [-121.26550380596741, 37.711168349406975], [-121.26830724159097, 37.73113619737687], [-121.27994735297644, 37.75631384952153], [-121.28546631999248, 37.77579642835783], [-121.2963203446769, 37.79382476832314], [-121.32200400365059, 37.82089956386061], [-121.33950158685401, 37.83453516689094], [-121.36020351142815, 37.845006647305006], [-121.38499044971192, 37.85189668972301], [-121.41047593018156, 37.85425818103476], [-121.45731491972343, 37.85425677279526], [-121.48258388104475, 37.85190126786523], [-121.53156931965958, 37.836539374605515], [-121.55357627728726, 37.82557630339735], [-121.57149100607859, 37.81131598473669], [-121.58469404723684, 37.79468631554705], [-121.59327776582477, 37.77528816719595], [-121.5985305805165, 37.74647486467517], [-121.59564895484289, 37.72651392828186], [-121.58064503585948, 37.68988143253982], [-121.56750934007138, 37.673235811809306], [-121.54894680095667, 37.65678819450715], [-121.54031747951103, 37.64671805494529]]]}, "id": "00000000000000000c0a_1", "properties": {"uc_id": "3162", "unit": "ring"}}, {"type": "Feature", "geometry": {"type": "Polygon", "coordinates": [[[-121.99686007107039, 38.339819053675704], [-121.9688635806899, 38.31321610605121], [-121.94566740953688, 38.31321605902505], [-121.95498689305097, 38.32208076478738], [-121.94338435184716, 38.32208077554662], [-121.95270828185093, 38.330949888563765], [-121.92950757013752, 38.33094993147842], [-121.93883154864992, 38.339819102542144], [-121.92722903845292, 38.33981907559658], [-121.93655746348345, 38.3486837497785], [-121.92495488711171, 38.348683721719496], [-121.94362513277991, 38.36642202048395], [-121.93201809334725, 38.366422063690756], [-121.94135991364914, 38.37529119743126], [-121.96456949152451, 38.375291245161534], [-121.95522764855296, 38.36642205918353], [-121.99004431971477, 38.36642206965668], [-121.99938614390372, 38.37529119739592], [-122.01099325190332, 38.37529120454166], [-122.00164695431319, 38.366422038786446], [-122.02485659368438, 38.36642204382125], [-121.99686007107039, 38.339819053675704]]]}, "id": "00000000000000000c40_0", "properties": {"uc_id": "3218", "unit": "core"}}, {"type": "Feature", "geometry": {"type": "Polygon", "coordinates": [[[-121.71478510567174, 38.26905162046901], [-121.70264919831331, 38.30427666590904], [-121.69623277686328, 38.3341938911301], [-121.697732813504, 38.37063586832546], [-121.70745224925757, 38.40629205146238], [-121.72467310576863, 38.44275145585317], [-121.74808147265458, 38.47423833021293], [-121.7892984708354, 38.510225540336805], [-121.81834567752288, 38.52731433959234], [-121.85048272563432, 38.5406021515037], [-121.87446963504532, 38.547478591580784], [-121.92074397466634, 38.554543170837825], [-122.02678965273037, 38.55484303208416], [-122.07257488429373, 38.54821455536097], [-122.11612271968504, 38.53533571801273], [-122.15940126585313, 38.51269989823183], [-122.19895354236318, 38.483849912662926], [-122.22507961620086, 38.45366946212644], [-122.24394226060014, 38.42033807783664], [-122.25372863266658, 38.38042960966351], [-122.25198946985884, 38.34399582037978], [-122.24205118222466, 38.30837988353401], [-122.21987748666342, 38.27165639068962], [-122.17357921813829, 38.225149785980456], [-122.12811641316709, 38.183793448760746], [-122.09132070428403, 38.16109652667232], [-122.0593181269317, 38.14785860510932], [-122.0250729475082, 38.13873968685274], [-121.98105802497517, 38.13389484233645], [-121.93016896107876, 38.13365105835882], [-121.8845527078086, 38.14023653219451], [-121.8411300270802, 38.153062580354465], [-121.79810681898611, 38.17551647154464], [-121.76620037470764, 38.20200736370943], [-121.73467107755424, 38.23607168261841], [-121.71478510567174, 38.26905162046901]], [[-121.91951263086781, 38.225671316692655], [-121.89611422400377, 38.23207094493095], [-121.87442284452663, 38.24271771929954], [-121.8562723981444, 38.2568760686143], [-121.82638226039852, 38.29157634200207], [-121.81780605056348, 38.31050608668163], [-121.81021200920827, 38.34819602791362], [-121.81291855748765, 38.368174216556376], [-121.8282519686484, 38.40492220758047], [-121.84231191888968, 38.422477087392195], [-121.8690445429362, 38.44519850916603], [-121.89064844090555, 38.45603274613832], [-121.91478833337679, 38.46283861290377], [-121.94025739580857, 38.46527571111256], [-121.97814378877815, 38.464085120035826], [-121.99937882655227, 38.465279856728124], [-122.03729397466141, 38.46281556693238], [-122.06071985124228, 38.45640798892225], [-122.08245489352353, 38.44573566574089], [-122.10596525228388, 38.42932504915086], [-122.12174568650752, 38.413647991446666], [-122.13268750379032, 38.3956174411393], [-122.13824823672202, 38.37613350756134], [-122.13815488490854, 38.35616810973039], [-122.13241669883888, 38.33671638254402], [-122.12132381367228, 38.31874708012327], [-122.1149933181087, 38.3107485645256], [-122.04900620498022, 38.2496514469836], [-122.02904863967987, 38.237283347033284], [-122.0061004694873, 38.22869685622936], [-121.98130263606559, 38.22431856562762], [-121.94568208057589, 38.22322740024742], [-121.91951263086781, 38.225671316692655]]]}, "id": "00000000000000000c40_1", "properties": {"uc_id": "3218", "unit": "ring"}}, {"type": "Feature", "geometry": {"type": "Polygon", "coordinates": [[[-117.63449696043179, 33.86683237265087], [-117.62330022572151, 33.86683240005675], [-117.60840236097947, 33.849473061914935], [-117.59720551521141, 33.849473091812634], [-117.58232548224794, 33.83211382133112], [-117.57112871244709, 33.83211381660241], [-117.56369539071405, 33.82343641495027], [-117.55250308092948, 33.82343640537021], [-117.53764088063666, 33.80608156452846], [-117.52644848138631, 33.80608157487937], [-117.53387742715175, 33.8147590098762], [-117.52268507725597, 33.81475901411449], [-117.53011389984923, 33.823436393215175], [-117.51892159944879, 33.8234363911693], [-117.5263548674905, 33.83211379307164], [-117.51515804800852, 33.83211378401624], [-117.53747587893983, 33.85815047043743], [-117.52627908051369, 33.85815049700671], [-117.53372129056459, 33.86683235655943], [-117.52252454193, 33.866832377898234], [-117.52997119735255, 33.87551425363489], [-117.49638085028654, 33.87551421154935], [-117.50382753133131, 33.88419162000366], [-117.44783453103356, 33.88419168219728], [-117.45528576644107, 33.89287347616512], [-117.44408447431809, 33.89287352419472], [-117.45153558443975, 33.901555411722114], [-117.42913757151058, 33.901555395285506], [-117.43658871520573, 33.910237234916444], [-117.41418620828743, 33.91023726873892], [-117.42164177615376, 33.918914700712], [-117.39923926113443, 33.91891465089269], [-117.40669494955586, 33.92759649713888], [-117.37308662864613, 33.92759656676516], [-117.38054671542969, 33.93628287630905], [-117.36934105874577, 33.93628289321275], [-117.37680110796225, 33.94496470752556], [-117.36559981092616, 33.94496470746787], [-117.37305991196969, 33.953646567851415], [-117.36185418861835, 33.95364661220242], [-117.36931873465625, 33.96232848749459], [-117.34691169773772, 33.96232850516533], [-117.35437626995406, 33.97101481167113], [-117.30955341495256, 33.971014782140315], [-117.31702235071252, 33.97969671993594], [-117.305816689723, 33.9796966537802], [-117.343192890652, 34.023119428082765], [-117.35440298915778, 34.02311941064207], [-117.34692066425194, 34.014437546579806], [-117.36933657599708, 34.01443755900304], [-117.37682343120476, 34.02311939682465], [-117.38802911056258, 34.023119419487465], [-117.37306439463379, 34.005751178998416], [-117.38427459097396, 34.00575120644309], [-117.37679214280392, 33.99706487469619], [-117.38800239591306, 33.997064896203796], [-117.38052448225896, 33.98838303223498], [-117.39173013020432, 33.9883829872705], [-117.3842567509854, 33.979696627878965], [-117.39546245524525, 33.979696655342025], [-117.38799343126475, 33.971014809369116], [-117.42161058452619, 33.97101482697985], [-117.41413717819805, 33.96232846520349], [-117.48136700618815, 33.96232845192706], [-117.47389356354311, 33.9536466256973], [-117.49630496191791, 33.95364664877548], [-117.48883603872135, 33.9449647172923], [-117.51123853689954, 33.94496475050773], [-117.49630944175159, 33.92759657462122], [-117.5075107614624, 33.92759649956421], [-117.50005060416753, 33.91891467333719], [-117.5112474062833, 33.918914673271544], [-117.50379187324151, 33.91023721825781], [-117.53739113859952, 33.910237225736665], [-117.52993106505565, 33.90155538722555], [-117.55233361350875, 33.90155535409428], [-117.5597937101818, 33.91023721889975], [-117.57099490715521, 33.91023723301328], [-117.57845499095647, 33.91891471073486], [-117.60085757610376, 33.9189146308153], [-117.59339299781449, 33.91023727029279], [-117.60459427722245, 33.910237253486784], [-117.5971297563449, 33.901555380962044], [-117.60833099425155, 33.90155538374852], [-117.60087091871756, 33.89287351813507], [-117.62326897725853, 33.89287353301812], [-117.61581334037622, 33.88419166370678], [-117.63820694382656, 33.88419164118776], [-117.63075135925149, 33.87551421120957], [-117.64194818913566, 33.875514252833], [-117.63449696043179, 33.86683237265087]]]}, "id": "00000000000000000c76_0", "properties": {"uc_id": "3273", "unit": "core"}}, {"type": "Feature", "geometry": {"type": "Polygon", "coordinates": [[[-117.59515802185342, 34.11496651503647], [-117.62696226481482, 34.09719033889864], [-117.66827405796681, 34.08998008573998], [-117.6997743005896, 34.079123117357895], [-117.72933192828323, 34.06398417786951], [-117.75528773384869, 34.045380805544426], [-117.7804723924527, 34.01934030665936], [-117.8034496233319, 33.99993818909553], [-117.82334705685135, 33.97688822852182], [-117.83230340463278, 33.96452024603593], [-117.84863723441434, 33.929945925805306], [-117.8564399338947, 33.901752366111175], [-117.85868522947423, 33.87362743982171], [-117.85558745613986, 33.84531249414001], [-117.84716271393053, 33.8177556808975], [-117.83192601459608, 33.789348274707194], [-117.80768902485259, 33.75873472904526], [-117.78503511734263, 33.73743412214984], [-117.70641950218192, 33.6846426898573], [-117.67697186711739, 33.66907864744736], [-117.64929971880488, 33.65255244975313], [-117.6188552643086, 33.639852896411305], [-117.58639527144557, 33.631295230781554], [-117.56707306095385, 33.62777705624474], [-117.52645998681054, 33.62610425610417], [-117.49241689855769, 33.62834427360637], [-117.45921805472788, 33.63501176932174], [-117.42837186454554, 33.64565068102615], [-117.3986083104277, 33.660861663912684], [-117.37299645437142, 33.679193220877465], [-117.35062078051442, 33.7011027525268], [-117.33325674552215, 33.72485237299676], [-117.32843519116825, 33.73456611214784], [-117.29398349548237, 33.75748434641912], [-117.28907788987566, 33.76229961090558], [-117.25988787779126, 33.77478337082805], [-117.23232882970358, 33.79148112580561], [-117.208266589979, 33.81157302273892], [-117.1816822023546, 33.8256816530659], [-117.15553832654254, 33.844313739104926], [-117.1336626606005, 33.86571747202719], [-117.11565790266742, 33.89032893872631], [-117.09905635214025, 33.92518753105449], [-117.09127096363416, 33.95267469114633], [-117.08878449886498, 33.98143056971715], [-117.09170849606392, 34.00936506678487], [-117.10007972837626, 34.03714262635858], [-117.1149557353897, 34.06521781459416], [-117.16623611064674, 34.12756099885578], [-117.19190197597715, 34.15231974053083], [-117.21837004208545, 34.17045433283185], [-117.24796996956383, 34.18490651571794], [-117.27996030446207, 34.19531358143184], [-117.31353856931489, 34.201414227404506], [-117.38804048626876, 34.20309673827067], [-117.4219560831018, 34.20089121583658], [-117.45572392362064, 34.19414653856754], [-117.48743516591325, 34.183171663053315], [-117.51665114357068, 34.16819521975102], [-117.54238653272256, 34.149805552241624], [-117.56454290552182, 34.128074647032435], [-117.59515802185342, 34.11496651503647]], [[-117.62484259154019, 33.74978539118148], [-117.60970387427561, 33.738927597388624], [-117.58998999105053, 33.72731530008835], [-117.56767389948, 33.719625979679456], [-117.54386529822698, 33.716241813210985], [-117.50856329784405, 33.71732982512239], [-117.48533405009927, 33.722836683716636], [-117.46414823485935, 33.73248912956074], [-117.44605983646757, 33.745807344873846], [-117.43196999472961, 33.762129027985516], [-117.41481342744767, 33.79902388898412], [-117.39333814943213, 33.80702392689653], [-117.37408473791687, 33.81898315079784], [-117.35937699738513, 33.83304124342715], [-117.34941783396893, 33.83839334073021], [-117.33183158552956, 33.84437970395337], [-117.31062518225112, 33.85404655038604], [-117.29252417863067, 33.86737704603642], [-117.27747758702277, 33.88558916983432], [-117.26822154391759, 33.88781698999775], [-117.24701082025632, 33.89749362247161], [-117.22890952083914, 33.910832465634904], [-117.21481943497135, 33.927170199696505], [-117.20169777250234, 33.95437283961315], [-117.1975057771001, 33.97416031769108], [-117.19871135160692, 33.99422603480072], [-117.20771152815556, 34.018203295627615], [-117.25476904842736, 34.07537191771834], [-117.27096437402886, 34.09032893519077], [-117.2907682663782, 34.101934386654314], [-117.31319237598096, 34.10960834038972], [-117.33711633298392, 34.112967194687165], [-117.40621160708828, 34.1118386140013], [-117.42952990583538, 34.10628197108379], [-117.45077365255939, 34.09657651781923], [-117.46888197228085, 34.08320733174033], [-117.48295185285241, 34.06684233370742], [-117.49069200176275, 34.05146146883136], [-117.49951917171863, 34.05105008072763], [-117.52282182795203, 34.045496570192434], [-117.54633546003139, 34.03410802715832], [-117.55896219754915, 34.02712484262925], [-117.58519072862453, 34.01010018699534], [-117.61899222400295, 34.00763741959751], [-117.64228348119553, 34.00208540491498], [-117.66350395285308, 33.992384183268726], [-117.68159393290654, 33.9790186156976], [-117.69682498278999, 33.96032331304334], [-117.71888272863974, 33.94432120604685], [-117.73294193556765, 33.92796348974447], [-117.74598840809561, 33.900787956371616], [-117.75013781947312, 33.88099482098416], [-117.74889364716907, 33.86093079452871], [-117.7423216125416, 33.84159578215009], [-117.73075246090738, 33.82395270295744], [-117.70654966186152, 33.799632909699795], [-117.6684898892687, 33.77524989462074], [-117.65043730660385, 33.76215525999056], [-117.62484259154019, 33.74978539118148]]]}, "id": "00000000000000000c76_1", "properties": {"uc_id": "3273", "unit": "ring"}}, {"type": "Feature", "geometry": {"type": "Polygon", "coordinates": [[[-121.39023731934167, 38.04740458229604], [-121.37866595437075, 38.04740459191096], [-121.36033010178926, 38.02969749429643], [-121.371901457953, 38.029697525628706], [-121.36273802756138, 38.020841697590306], [-121.37430940622497, 38.020841741758744], [-121.36514590357665, 38.01199041889953], [-121.37671730467953, 38.011990402658576], [-121.35840819251207, 37.99428335499886], [-121.36997511581818, 37.99428330911831], [-121.36082505722302, 37.98543204281703], [-121.37239200228484, 37.98543200817476], [-121.3175807362328, 37.932333005860436], [-121.32914315224932, 37.9323330444369], [-121.32001982889982, 37.92348174510037], [-121.3315778149415, 37.923481715840836], [-121.32245895801522, 37.914634849381386], [-121.33402141547415, 37.91463482944764], [-121.3249025745483, 37.90578354960461], [-121.3364649649169, 37.90578356244418], [-121.32735059093153, 37.89693671977832], [-121.2811186033831, 37.896936699252024], [-121.29022854229775, 37.90578352076423], [-121.19775572877396, 37.905783572603845], [-121.22508555006637, 37.93233306609795], [-121.21352312218465, 37.932333019041124], [-121.23176532537174, 37.950031184744546], [-121.22019839694377, 37.950031222280145], [-121.22932614841173, 37.95887806139936], [-121.20619679841887, 37.95887809456692], [-121.21532458197548, 37.967729353529], [-121.22688700844422, 37.967729372868156], [-121.23601930904265, 37.9765806722554], [-121.24758617275828, 37.976580719641724], [-121.27500967369761, 38.003134635865294], [-121.26344279486327, 38.00313459974583], [-121.27259287047805, 38.01199039248421], [-121.26102147531286, 38.011990388266504], [-121.27017156453698, 38.02084168539637], [-121.25860464680127, 38.020841692328226], [-121.26775920238863, 38.0296974778359], [-121.25618776870198, 38.029697517362344], [-121.2653423375433, 38.03854880589219], [-121.25377092835255, 38.03854885412661], [-121.26293441706699, 38.047404556965745], [-121.28608162940473, 38.04740461239717], [-121.27691819718112, 38.038548840943015], [-121.3000609096494, 38.03854881213854], [-121.30922436833555, 38.04740455177452], [-121.32080017770207, 38.04740460454273], [-121.32996812267226, 38.056255882084486], [-121.39941410836002, 38.05625589983144], [-121.39023731934167, 38.04740458229604]]]}, "id": "00000000000000000ce1_0", "properties": {"uc_id": "3383", "unit": "core"}}, {"type": "Feature", "geometry": {"type": "Polygon", "coordinates": [[[-121.0855011236395, 38.16097385094476], [-121.1104479284949, 38.18156228419416], [-121.13922177054825, 38.19879835021606], [-121.17110268905692, 38.21224930991076], [-121.20529125790382, 38.22157724201981], [-121.249626817, 38.22666599630257], [-121.30805656677076, 38.2354063469203], [-121.4138056796238, 38.235876991429016], [-121.44963970874325, 38.2318450614642], [-121.48421105371662, 38.22342004004239], [-121.51665131898346, 38.21081370059433], [-121.54614675250377, 38.19434278186233], [-121.57195895729579, 38.17442087381493], [-121.59344353508466, 38.15154784765062], [-121.61006617608037, 38.12629711868258], [-121.62141579391084, 38.09930108619855], [-121.62721439943202, 38.0712351384227], [-121.62732350698748, 38.04280064256533], [-121.62174696736805, 38.01470735928345], [-121.6183796181725, 38.006515427834316], [-121.60567043646813, 37.97998338995266], [-121.59967607056163, 37.97003453420681], [-121.59457779354409, 37.94410743333889], [-121.58351567497247, 37.917044602138695], [-121.56224958298064, 37.88403670287263], [-121.55505263529538, 37.856252787779646], [-121.54241050666866, 37.82970934573873], [-121.52336055497982, 37.803472926154434], [-121.49467571149349, 37.77553308047981], [-121.46838359544653, 37.75625112240422], [-121.43859109412622, 37.740476211467595], [-121.40603939171662, 37.72859975465481], [-121.37153682667466, 37.72091626809602], [-121.34078815437735, 37.717686410560894], [-121.26737918550286, 37.717287040928106], [-121.23177983318551, 37.72123137550285], [-121.21061453093378, 37.725810548155934], [-121.16202818965218, 37.72803303801887], [-121.11411129229613, 37.738373017070934], [-121.08180048248579, 37.75085267209028], [-121.05236598826365, 37.767192868663344], [-121.0265403083636, 37.78698814542687], [-121.00496785800554, 37.8097469528392], [-120.98818891009536, 37.83490367051759], [-120.97662593715809, 37.861832482312536], [-120.97057271056215, 37.889862786744956], [-120.9701864628321, 37.918295779089085], [-120.97548335745473, 37.94642180703082], [-120.97852697126858, 37.95402765318138], [-120.98108183640531, 37.98889751178721], [-120.99468389779682, 38.02674592090388], [-121.01086322493944, 38.05216547136747], [-121.02994343414312, 38.07338609777081], [-121.04212518591623, 38.10660511109127], [-121.05835863854188, 38.13201026678127], [-121.0855011236395, 38.16097385094476]], [[-121.47951643716475, 37.95601182068971], [-121.46855860282307, 37.93801351025153], [-121.44892646710242, 37.917040455965896], [-121.45047384384225, 37.90584919325558], [-121.44776085358245, 37.886176259174306], [-121.43913508633567, 37.866642624444665], [-121.42577186563776, 37.849900733736035], [-121.40733103558745, 37.83360615791699], [-121.3875450162489, 37.82118092723529], [-121.36476776824382, 37.81252855852026], [-121.34013179842783, 37.808078939036754], [-121.28039105905769, 37.80694987339603], [-121.25587580731911, 37.80918307294661], [-121.23182562855067, 37.81580329347003], [-121.197812122815, 37.815794924103336], [-121.1725373129737, 37.818025034181055], [-121.14819912715285, 37.82478021459335], [-121.12636006781564, 37.83562976907186], [-121.10842069992304, 37.84987538881148], [-121.09524683481696, 37.866380588621794], [-121.08671187280443, 37.88530794903616], [-121.08370719589398, 37.905258142479994], [-121.08650756583407, 37.92551564239408], [-121.0942667445779, 37.9434286830796], [-121.09206352171746, 37.95899890516462], [-121.09475671902919, 37.97836437258994], [-121.10300676252015, 37.997373678924866], [-121.11640813531778, 38.0144654231458], [-121.13999151504166, 38.034897643135636], [-121.14240920313381, 38.0587322966719], [-121.1508598280242, 38.077689356145186], [-121.16388909264994, 38.09414071480496], [-121.19094499563006, 38.117312175649275], [-121.21245163980724, 38.12814626645603], [-121.23648274453461, 38.134952024796], [-121.28070005660665, 38.13739366495924], [-121.2924417962322, 38.14066920188888], [-121.31718995187609, 38.14511869130332], [-121.39993945314883, 38.14620177204321], [-121.42578227692488, 38.143819565594676], [-121.4489546216449, 38.13736067002019], [-121.47093395529367, 38.12641341365867], [-121.48866798682894, 38.11249302371231], [-121.50228693653682, 38.095499322306985], [-121.51077020924937, 38.076550729571856], [-121.51369854931738, 38.05659284567708], [-121.51077220487151, 38.03625980171735], [-121.50219044534504, 38.01694542728658], [-121.48933657633238, 38.00080097701301], [-121.48514111242602, 37.975478319416865], [-121.47951643716475, 37.95601182068971]]]}, "id": "00000000000000000ce1_1", "properties": {"uc_id": "3383", "unit": "ring"}}, {"type": "Feature", "geometry": {"type": "Polygon", "coordinates": [[[-119.66822163158284, 36.31947175071583], [-119.67962802821863, 36.319471729789875], [-119.6628127747971, 36.3019162505875], [-119.63999997006, 36.30191624657741], [-119.64840093640458, 36.310691749316554], [-119.63699458360156, 36.31069170852607], [-119.64540439397499, 36.31947171659934], [-119.6339935550481, 36.31947173650507], [-119.64240345515442, 36.32825167878625], [-119.61958621277324, 36.32825167312843], [-119.62799608294205, 36.3370271763838], [-119.61658525820481, 36.337027217983774], [-119.63342280769068, 36.35458717569125], [-119.62201197709783, 36.3545871702884], [-119.63043072390998, 36.36336710063687], [-119.64184609430768, 36.36336710343286], [-119.65027374320113, 36.372151554165974], [-119.67309991958095, 36.37215154792399], [-119.66467221701798, 36.363367073098445], [-119.67608305571761, 36.36336709195667], [-119.66765977508669, 36.35458717530944], [-119.67907063739115, 36.35458716475591], [-119.67064735833897, 36.345807200856584], [-119.6820582441505, 36.345807161005666], [-119.67363947556434, 36.33702720727118], [-119.68505029601914, 36.337027237193674], [-119.66822163158284, 36.31947175071583]]]}, "id": "00000000000000000dde_0", "properties": {"uc_id": "3645", "unit": "core"}}, {"type": "Feature", "geometry": {"type": "Polygon", "coordinates": [[[-119.45425758779295, 36.202138017988915], [-119.41655021415758, 36.253352003672276], [-119.40138224158503, 36.288850205036695], [-119.39461279589536, 36.316756576134324], [-119.3933796362851, 36.345173842107855], [-119.3977195628783, 36.3733928577901], [-119.41290663603542, 36.41826222564268], [-119.42795023045316, 36.443992164231304], [-119.45328923784214, 36.47324136772725], [-119.47700374073854, 36.49433580571198], [-119.50456717003331, 36.51215810021632], [-119.55516454604425, 36.53506135052446], [-119.58828363451383, 36.54508518578098], [-119.6308125018232, 36.55105709057638], [-119.68115009287108, 36.55201237798125], [-119.71631093688418, 36.54874161682285], [-119.75038586245493, 36.54105321677052], [-119.78251912297968, 36.52914036576891], [-119.79389213352977, 36.52301222490596], [-119.82192978235426, 36.505808839188894], [-119.84623343685902, 36.485265827415915], [-119.86619677684241, 36.46189839191621], [-119.88132368605922, 36.436292072644484], [-119.90052753850713, 36.38479175537597], [-119.90714082989842, 36.35686018958932], [-119.908206399488, 36.328438520890764], [-119.90370367952823, 36.30023632089096], [-119.88830374658303, 36.255448033425864], [-119.87316660397387, 36.22976764436681], [-119.83936314196711, 36.19183121769397], [-119.81566059649798, 36.170795280206974], [-119.78816183894148, 36.15302916680677], [-119.75755193620046, 36.13897398119068], [-119.72459187096632, 36.12897848176408], [-119.68242804355135, 36.123021119469826], [-119.63216068193988, 36.12205010329879], [-119.59718679393508, 36.12528484672423], [-119.5632744087702, 36.132918774503665], [-119.53126489326029, 36.14476258245809], [-119.50195332257924, 36.160522463357026], [-119.47606902081954, 36.179807261578084], [-119.45425758779295, 36.202138017988915]], [[-119.59274176147852, 36.22049378373592], [-119.57227978252405, 36.23038542029333], [-119.55295944186282, 36.24557934059896], [-119.53720525072818, 36.26801874783216], [-119.52008539866269, 36.28740156712368], [-119.5113066914525, 36.30620508973024], [-119.50499653982779, 36.33572235696475], [-119.50708952690444, 36.354911189177166], [-119.52013580924135, 36.39159239788156], [-119.53350794584777, 36.40955081052038], [-119.56003997514378, 36.43327988310009], [-119.60090370847666, 36.452894286921406], [-119.62395488175271, 36.459568886537866], [-119.64824868854859, 36.46212545740913], [-119.69594532407407, 36.46024227872701], [-119.71967307028814, 36.45396351863454], [-119.74107221367485, 36.44360314291029], [-119.75907416276449, 36.42967905719248], [-119.77278147258352, 36.412886991327554], [-119.7904314833338, 36.36772991211185], [-119.79673526838937, 36.33903929256234], [-119.79449223873137, 36.31903012250838], [-119.78489084267746, 36.29115450824482], [-119.77446369388947, 36.273044147740606], [-119.7511501319064, 36.24690616057724], [-119.73381114683238, 36.232481931583514], [-119.71294261207935, 36.22151654604328], [-119.68857381134728, 36.214357957972155], [-119.6648934484897, 36.211943233340996], [-119.61730841338934, 36.21380747682604], [-119.59274176147852, 36.22049378373592]]]}, "id": "00000000000000000dde_1", "properties": {"uc_id": "3645", "unit": "ring"}}, {"type": "Feature", "geometry": {"type": "Polygon", "coordinates": [[[-121.30606728164675, 38.144827062714945], [-121.31764759245242, 38.144827012914774], [-121.30844402968113, 38.13596681190313], [-121.32002873124188, 38.13596680009786], [-121.30163050982085, 38.11825078663847], [-121.31321082270034, 38.118250806249584], [-121.29483038692385, 38.10053474185464], [-121.24851817289986, 38.100534764459425], [-121.26688961176828, 38.11825079055073], [-121.25530936003092, 38.11825075665579], [-121.26450398932818, 38.12711105034879], [-121.24134345084035, 38.12711103857708], [-121.25053366788046, 38.13596676204687], [-121.23895338106276, 38.13596678287686], [-121.24815251742552, 38.14482704129986], [-121.27131756766482, 38.144827026302], [-121.2805210739827, 38.15368281243339], [-121.30368612091604, 38.15368282363499], [-121.31289861120011, 38.1625430357707], [-121.3244833956967, 38.16254306992489], [-121.30606728164675, 38.144827062714945]]]}, "id": "00000000000000000e92_0", "properties": {"uc_id": "3834", "unit": "core"}}, {"type": "Feature", "geometry": {"type": "Polygon", "coordinates": [[[-121.15640708125301, 38.30974371111319], [-121.25551745285811, 38.3367876963964], [-121.29986099517139, 38.34182003168617], [-121.33904801162092, 38.342156599370576], [-121.37493111054114, 38.338105910585064], [-121.40954590800726, 38.32966275291986], [-121.4420228999449, 38.31703936104209], [-121.47154740342116, 38.30055290939772], [-121.49738029281829, 38.280617386239975], [-121.51887666194116, 38.25773301263284], [-121.53550192559497, 38.23247349560352], [-121.54684495946309, 38.20547145988091], [-121.55262797208545, 38.17740244663314], [-121.55271290284345, 38.14896789940306], [-121.54258445612412, 38.094353696246195], [-121.52460490911045, 38.049648739194], [-121.50821644127555, 38.02431265196987], [-121.47173945863905, 37.986601198618224], [-121.44674827422742, 37.96609629953763], [-121.41798575183348, 37.94894337934439], [-121.38616803463135, 37.93556811249028], [-121.35208566842157, 37.92630222193486], [-121.30793733441077, 37.92126469536018], [-121.23428587645458, 37.92090711718774], [-121.19859818886673, 37.92490749422279], [-121.16414769793367, 37.93328151694468], [-121.13178891713677, 37.94582160905874], [-121.10232554949022, 37.96221679473487], [-121.07649082203476, 37.98206026106822], [-121.05492940462557, 38.00485927402408], [-121.03818134201686, 38.03004722352365], [-121.02666839690525, 38.05699752183763], [-121.01099924426543, 38.120548254277054], [-121.01071268491538, 38.14898198656629], [-121.01612617600078, 38.17709623735896], [-121.02711091266421, 38.20418848570065], [-121.04339811886572, 38.229580983637504], [-121.07062573284917, 38.25853516598423], [-121.09563203009012, 38.27910411833782], [-121.12446630974729, 38.29631769511495], [-121.15640708125301, 38.30974371111319]], [[-121.2107012579083, 38.016210590281744], [-121.18789179788128, 38.02491248840777], [-121.16809498023409, 38.037380590984654], [-121.15229655219194, 38.052995177279136], [-121.14128497019486, 38.07097969435599], [-121.13561190697058, 38.09043912213766], [-121.12995436814087, 38.10666738538399], [-121.12454573840132, 38.135480035035755], [-121.12746862434126, 38.156237451756446], [-121.13578474016812, 38.17480893786442], [-121.14958232519648, 38.192184563846], [-121.1760671356682, 38.214734781273414], [-121.19760256270234, 38.22556885197666], [-121.28641192288468, 38.250091768454965], [-121.31180644978903, 38.25252760303205], [-121.34991295986094, 38.250285130781705], [-121.37503416469985, 38.243289321630314], [-121.39611944451659, 38.23268697584822], [-121.41451502053243, 38.21813794836662], [-121.42749053452705, 38.20181179723658], [-121.43599365568615, 38.18286527698533], [-121.43893413054548, 38.16290810859224], [-121.43150349591865, 38.11596883268234], [-121.42050591515171, 38.08877631031099], [-121.40951345164288, 38.07078352581678], [-121.40304560059313, 38.06258224171707], [-121.36670095180627, 38.030561907711345], [-121.34519970485326, 38.01975650111889], [-121.3211960275533, 38.01297351627499], [-121.29588281905765, 38.010549898135906], [-121.23538925659865, 38.01170723640002], [-121.2107012579083, 38.016210590281744]]]}, "id": "00000000000000000e92_1", "properties": {"uc_id": "3834", "unit": "ring"}}, {"type": "Feature", "geometry": {"type": "Polygon", "coordinates": [[[-120.0913814442465, 36.943696821612], [-120.07991703188156, 36.94369679379744], [-120.07125300110089, 36.93489010241836], [-120.05978872229718, 36.93489004817718], [-120.05112912569157, 36.926087816343106], [-120.03966480888207, 36.9260877877281], [-120.04831985208048, 36.93489008601476], [-120.03685556096188, 36.93489005875008], [-120.04551510475665, 36.943696798172816], [-120.03404625456868, 36.9436968510411], [-120.04271029908696, 36.95250354707063], [-120.031241563225, 36.95250350288475], [-120.04857853728814, 36.97011699590639], [-120.03710968303191, 36.97011699408517], [-120.04578261233131, 36.978923713270134], [-120.03431387306108, 36.978923690152385], [-120.0429868057366, 36.987730414822316], [-120.07740216072796, 36.98773042651392], [-120.06872474456145, 36.978923687505294], [-120.10313113033972, 36.97892373547771], [-120.09445819830532, 36.97011695707612], [-120.10592700775304, 36.97011701258611], [-120.09724958552334, 36.96131029663062], [-120.10871842034797, 36.961310282670674], [-120.0913814442465, 36.943696821612]]]}, "id": "00000000000000000ee6_0", "properties": {"uc_id": "3923", "unit": "core"}}, {"type": "Feature", "geometry": {"type": "Polygon", "coordinates": [[[-119.81947269488323, 36.88818427583203], [-119.80727230149992, 36.93380545314709], [-119.80634088798075, 36.96223033399896], [-119.81402836798979, 37.016864930881844], [-119.8242264118714, 37.04410915845266], [-119.83968177433096, 37.06972949209154], [-119.8656433882055, 37.09888291363795], [-119.88978912879509, 37.11980512836738], [-119.91777865329101, 37.13742737978325], [-119.94891187724275, 37.15130736257117], [-119.98240840790146, 37.161096482120314], [-120.02618114140726, 37.16678993355779], [-120.0875606195888, 37.16752517259356], [-120.12296698828122, 37.163998041902815], [-120.15722812495349, 37.15606115492062], [-120.21516084207653, 37.13512494360822], [-120.24460198351407, 37.11907725058638], [-120.27049244735818, 37.0995268620723], [-120.29218565945754, 37.07696427340354], [-120.30914178177325, 37.05195508168536], [-120.32372957063039, 37.01626481156223], [-120.3328277687599, 36.97954466309338], [-120.33358329630693, 36.951116446079794], [-120.3287282918879, 36.922947864722765], [-120.31838992156986, 36.89574135485712], [-120.30283138770659, 36.87017463013887], [-120.26813124896722, 36.832308223158904], [-120.243991075293, 36.81144916052364], [-120.21606121990668, 36.79388782860086], [-120.16252625713021, 36.770371802334616], [-120.13051761096706, 36.75828616269685], [-120.0965402528253, 36.75038052314092], [-120.06791998724458, 36.747029913097826], [-120.0297336310819, 36.74628606999831], [-119.99451506356868, 36.74977526169569], [-119.96041577172038, 36.75765550962732], [-119.92828168568329, 36.769731427699064], [-119.89891095203862, 36.7857034857351], [-119.87303440156771, 36.805175300043764], [-119.85129753569959, 36.82766330209161], [-119.83424445828257, 36.85260856583932], [-119.81947269488323, 36.88818427583203]], [[-119.9186472787253, 36.951166013407054], [-119.92427182823393, 36.99799752187527], [-119.93202793841594, 37.01666558957318], [-119.94570111353353, 37.034516425916685], [-119.96319592738688, 37.050486827398494], [-119.98262727742619, 37.06306206315055], [-120.00507598385009, 37.07187955583112], [-120.0294204929151, 37.07649844451648], [-120.07742249362725, 37.07771908456487], [-120.10143038378729, 37.07565094705424], [-120.15098019459998, 37.06040016142569], [-120.17243301826242, 37.04988736101612], [-120.19071128122239, 37.03547684999527], [-120.20423288199505, 37.01854514531746], [-120.21264107374815, 37.00006260207185], [-120.21983103843117, 36.97207181768407], [-120.22003555394083, 36.95210723115658], [-120.21469360074214, 36.93260382785422], [-120.20407533073521, 36.914533013329844], [-120.17981555283171, 36.888029899694445], [-120.16217243951917, 36.873740072603866], [-120.10073374164847, 36.84531767475532], [-120.07710550387613, 36.838530719655346], [-120.05112271872775, 36.83609915697422], [-120.01579525504569, 36.83814785301893], [-119.99153877311386, 36.84480073459738], [-119.97059019561209, 36.85505272988384], [-119.95260510150635, 36.86907318427671], [-119.9384649438175, 36.88672128362572], [-119.92440784807508, 36.92326162437265], [-119.9186472787253, 36.951166013407054]]]}, "id": "00000000000000000ee6_1", "properties": {"uc_id": "3923", "unit": "ring"}}, {"type": "Feature", "geometry": {"type": "Polygon", "coordinates": [[[-119.89595689801507, 36.80286053863878], [-119.90741232961533, 36.80286058282126], [-119.88162529586991, 36.776462720345904], [-119.89307627407341, 36.77646273080108], [-119.8844880636664, 36.76766491501357], [-119.89593897981179, 36.76766486605339], [-119.88735527374278, 36.75886704883843], [-119.86445326505974, 36.758867073483835], [-119.85587403998524, 36.75007372142937], [-119.84442747354322, 36.75007376459256], [-119.82727774668206, 36.73247809468661], [-119.83872432096837, 36.73247811765422], [-119.80447397118199, 36.69729581079382], [-119.79302739467062, 36.69729582072613], [-119.78447483790843, 36.68850243833738], [-119.76159079297213, 36.68850244360255], [-119.75304266816956, 36.67970910913875], [-119.74160061386675, 36.67970909237914], [-119.73305701056479, 36.670915738052145], [-119.72161491292515, 36.67091576165999], [-119.73015859563148, 36.679709112620664], [-119.7187165264881, 36.67970911921238], [-119.73581273794132, 36.697295803990905], [-119.72436618142703, 36.69729584709636], [-119.73291871022114, 36.706093608765435], [-119.67569512693434, 36.70609361276034], [-119.68424761269264, 36.714887010264434], [-119.67280118697651, 36.71488696289481], [-119.6813581800605, 36.72368030891006], [-119.65846516880369, 36.72368028834989], [-119.68414506691616, 36.7500737354824], [-119.69559163172205, 36.75007372097708], [-119.71273237763891, 36.767664876004226], [-119.70128588214598, 36.767664918600815], [-119.70986076527913, 36.776462656617696], [-119.65260587470053, 36.776462730251886], [-119.66118071411633, 36.78526047148091], [-119.64972525565672, 36.78526050018554], [-119.65830460225297, 36.79406275731087], [-119.63539821694096, 36.794062734729756], [-119.65256573141629, 36.811658383397784], [-119.64111028266557, 36.811658390576156], [-119.66688395854636, 36.83806069752122], [-119.67833935142758, 36.83806069721029], [-119.70414865411789, 36.86446303753239], [-119.71560852711029, 36.8644630251783], [-119.7500773370033, 36.89967657926664], [-119.76153725119809, 36.899676580896674], [-119.75291331177016, 36.89086982272108], [-119.77583756389171, 36.890869842599855], [-119.76721813088875, 36.88206760745674], [-119.77867805046213, 36.88206756487816], [-119.77005861647613, 36.87326528140408], [-119.78151847908947, 36.873265329413016], [-119.77290346146056, 36.864463058937424], [-119.80728313607133, 36.86446304822655], [-119.79866821304292, 36.85566079110068], [-119.81012810279606, 36.8556607445673], [-119.80151309136093, 36.84686296102991], [-119.8817189569004, 36.84686297676655], [-119.89033390983207, 36.85566075479761], [-119.90179378268556, 36.85566079313731], [-119.89317434073894, 36.84686295529773], [-119.90463424121283, 36.84686298767098], [-119.89601930277367, 36.83806071691745], [-119.90747472916273, 36.83806071265909], [-119.89886420584617, 36.82925845111361], [-119.91031965940016, 36.82925844075567], [-119.90171355136707, 36.820460608890414], [-119.91316453057473, 36.820460635783796], [-119.89595689801507, 36.80286053863878]]]}, "id": "00000000000000000f39_0", "properties": {"uc_id": "4008", "unit": "core"}}, {"type": "Feature", "geometry": {"type": "Polygon", "coordinates": [[[-120.11915162970226, 36.902164036598606], [-120.13680639052178, 36.83912105136382], [-120.13764524848723, 36.8106943553168], [-120.13288305469959, 36.78251660055348], [-120.10533626746881, 36.70262103731461], [-120.08991697065532, 36.6770154086366], [-120.06410064726144, 36.64790820382321], [-120.04009749872951, 36.62699050896639], [-120.012301190341, 36.60936135053904], [-119.99660423450095, 36.60225330933782], [-119.95724210173094, 36.56552961745388], [-119.92948770983152, 36.54788036229428], [-119.8786564813255, 36.52517489510593], [-119.84374321153594, 36.51503862335269], [-119.81264373065208, 36.503259241838805], [-119.77880129416724, 36.49529344511114], [-119.75108428685753, 36.491928657480656], [-119.71265004528922, 36.49108247507811], [-119.67753014291661, 36.49445420645799], [-119.64350317836963, 36.502220779956836], [-119.61141331509947, 36.51418961753272], [-119.5820576066527, 36.530063831244796], [-119.5561664905958, 36.54944945087029], [-119.54326644215746, 36.56084019164379], [-119.51012972881462, 36.58466363283733], [-119.47108333939545, 36.62465919374139], [-119.45395249868879, 36.64955028863194], [-119.44191181368394, 36.6762942547307], [-119.43285240780531, 36.716827580535636], [-119.41858875339477, 36.746845036622055], [-119.4119710584793, 36.77478103223819], [-119.41092607182847, 36.803203339983696], [-119.41548603906782, 36.831402664523615], [-119.43121290145882, 36.87628265507286], [-119.44652718200129, 36.90194402795145], [-119.4894501250636, 36.948764327980236], [-119.51346518699242, 36.96974739183224], [-119.53907181709602, 36.98608529549992], [-119.56288585347443, 37.00390239068665], [-119.59669963031666, 37.03148616977426], [-119.6246086871322, 37.0491567145473], [-119.65566789816124, 37.063090452934745], [-119.68909875561738, 37.072937449741694], [-119.73268728535663, 37.07870315038116], [-119.77113336180912, 37.07949061164667], [-119.80650931720368, 37.07603260219184], [-119.84075496009288, 37.068162646272256], [-119.87301018876946, 37.056078516694846], [-119.91150109951249, 37.035470822153016], [-119.94685428145428, 37.03199816075805], [-119.981074941541, 37.02411403763672], [-120.0133036166793, 37.01201657928394], [-120.04273187347161, 36.996009672588], [-120.06862288360314, 36.97649518654909], [-120.09033003961153, 36.95396270870972], [-120.10731312451118, 36.928977076045754], [-120.11915162970226, 36.902164036598606]], [[-120.02557698857787, 36.82082846273109], [-120.02286343937698, 36.80085566920829], [-120.00948058203974, 36.76523735282164], [-120.00586002601723, 36.74915769398763], [-119.99739043900762, 36.7290659057701], [-119.98437937679765, 36.71221173766698], [-119.95824004910897, 36.689082327978674], [-119.9368454108698, 36.678094433449644], [-119.92478027754768, 36.67462142134828], [-119.89262413417057, 36.64162892130471], [-119.87538028948454, 36.627562248734435], [-119.83434663089498, 36.60789892743782], [-119.80555997277727, 36.60047524322897], [-119.78271435804916, 36.59025710831425], [-119.75944612379485, 36.58345463791147], [-119.73462418097681, 36.58093586830205], [-119.6982817812294, 36.58289697512806], [-119.67454110328103, 36.58924041364461], [-119.65313943381398, 36.59965104527092], [-119.63471215568951, 36.61413876613754], [-119.6250159040529, 36.62604361896452], [-119.61722985495753, 36.6299475633622], [-119.59762697295734, 36.64224318658208], [-119.58190577907042, 36.65771997970653], [-119.5719183055195, 36.666389764169026], [-119.55821584986384, 36.683208042826074], [-119.54950242708179, 36.70204459807289], [-119.54621559003479, 36.72196166714256], [-119.54780306825673, 36.73772505552781], [-119.53500787058628, 36.75366855098353], [-119.52621595494578, 36.77308104994422], [-119.52304349981237, 36.79243148466086], [-119.52537756492922, 36.8124349724052], [-119.53889139846729, 36.84912673972574], [-119.55181907212919, 36.8663499341599], [-119.58713028513952, 36.90072009743167], [-119.60649949307395, 36.91331892914661], [-119.63329786670371, 36.93437548014105], [-119.64898835179055, 36.94241933293707], [-119.67911670064859, 36.969526448439275], [-119.70017738470605, 36.98034430770014], [-119.72403742261149, 36.98722556940679], [-119.75007055207412, 36.98966523861807], [-119.78588866253311, 36.98747722739436], [-119.80910729976456, 36.98123866586984], [-119.84486425892553, 36.96195482624996], [-119.8666054006155, 36.943434086339536], [-119.88907084837007, 36.94564374572651], [-119.91367746580158, 36.944582013082616], [-119.93806382638644, 36.94025383374964], [-119.96063643169322, 36.93170487311836], [-119.98026746892313, 36.91936256920315], [-119.99597744988804, 36.90384377240234], [-120.00698422813711, 36.88592367046407], [-120.01985525226925, 36.84958292313276], [-120.02557698857787, 36.82082846273109]]]}, "id": "00000000000000000f39_1", "properties": {"uc_id": "4008", "unit": "ring"}}, {"type": "Feature", "geometry": {"type": "Polygon", "coordinates": [[[-121.57558874347198, 38.53500281054742], [-121.56396387455493, 38.53500283421432], [-121.54522226654912, 38.51725111987335], [-121.55684268523034, 38.51725117429844], [-121.54747860633186, 38.50837751511148], [-121.55909896980005, 38.50837756194956], [-121.54973490158973, 38.499499429731415], [-121.56135529689034, 38.499499443341186], [-121.53328974609617, 38.472878641889594], [-121.4868258620087, 38.47287864284757], [-121.47748404286762, 38.46400500157042], [-121.46586813759255, 38.464005021693346], [-121.44719786779942, 38.446257790486186], [-121.45880937695178, 38.44625778702449], [-121.44948089223683, 38.43738422735334], [-121.4610924332704, 38.43738418409492], [-121.45176395872289, 38.428515077157826], [-121.48659848092886, 38.428515002871016], [-121.47727451107811, 38.419641403341835], [-121.48888150950339, 38.419641426471344], [-121.47956199535389, 38.41077226154109], [-121.49116902452351, 38.41077231710619], [-121.47253449335301, 38.39302949322801], [-121.46092741662521, 38.39302952372816], [-121.4423151111234, 38.37529120392003], [-121.40749845277418, 38.37529124561722], [-121.41680015029527, 38.384160380086094], [-121.40519314547942, 38.384160352897545], [-121.41449930108242, 38.3930295123489], [-121.37967812621483, 38.39302951501838], [-121.3703719722979, 38.38416038263125], [-121.34715791404746, 38.3841603377466], [-121.35645964010571, 38.39302952605406], [-121.34485254539115, 38.393029511786054], [-121.35415873060622, 38.40189865553535], [-121.33094013684358, 38.40189867701185], [-121.3402507468371, 38.41077227375593], [-121.32863924806134, 38.410772309633145], [-121.35658449571405, 38.43738416325394], [-121.34497296320038, 38.4373842277734], [-121.35429693827534, 38.44625780601391], [-121.34268098958272, 38.44625776896612], [-121.35200942322136, 38.455131437211094], [-121.34039342137224, 38.45513145567871], [-121.34972186331039, 38.464005009371554], [-121.33811043336807, 38.464005017214845], [-121.34743888319325, 38.47287859993289], [-121.35905479445356, 38.47287864472792], [-121.38708024282897, 38.499499498103575], [-121.37545979853277, 38.49949949582987], [-121.38481055590292, 38.50837751324047], [-121.36157416081429, 38.508377532698276], [-121.38028012133961, 38.5261291997092], [-121.3686596957265, 38.52612925081386], [-121.37801492511358, 38.53500281566537], [-121.34315368119223, 38.535002844772016], [-121.35251331384339, 38.54388092687085], [-121.32926803706994, 38.54388090275742], [-121.33862764811362, 38.55275894147717], [-121.31538240216861, 38.55275892991183], [-121.32474644085636, 38.561637052664025], [-121.30149669177217, 38.561637022954535], [-121.31086533199604, 38.5705151054353], [-121.25273644685193, 38.570515141258575], [-121.26210504576174, 38.579393189103854], [-121.25048013487888, 38.579393167901564], [-121.25984873854635, 38.58827122879101], [-121.24822386705424, 38.588271239331], [-121.26697439691814, 38.60603185562153], [-121.25534498902182, 38.60603187996252], [-121.264727002237, 38.61490991511012], [-121.24146834170368, 38.614909903068316], [-121.250850236928, 38.623792476198034], [-121.22758709262283, 38.623792439994], [-121.23697349745754, 38.632674994706946], [-121.22534418820976, 38.63267498823277], [-121.23473059656837, 38.64155305888933], [-121.21146750967965, 38.64155304953877], [-121.22085833906644, 38.650435615430744], [-121.20922456168303, 38.65043561268816], [-121.2186198493652, 38.659318094992585], [-121.19535228419664, 38.659318079664935], [-121.20474762402092, 38.66820062707343], [-121.1931138365859, 38.66820061413683], [-121.20251363471552, 38.677083148406616], [-121.19087980278053, 38.67708319495457], [-121.20028405898867, 38.68597012850029], [-121.21191784134079, 38.685970160978904], [-121.22132654196595, 38.69485272100475], [-121.23296480618922, 38.69485268518022], [-121.2518000262986, 38.71262221813858], [-121.24015733039563, 38.712622220973714], [-121.24957941446651, 38.72150474066988], [-121.19137922906225, 38.7215047348869], [-121.20080126837992, 38.7303917300717], [-121.21243954253158, 38.730391749537404], [-121.24073253174076, 38.75705267252092], [-121.25237971193127, 38.75705270821587], [-121.28071288788665, 38.78371367714263], [-121.29236004096497, 38.78371367066248], [-121.31127103053193, 38.80149212028938], [-121.32291820367531, 38.80149206864473], [-121.33238042741435, 38.81037910146853], [-121.35568371752457, 38.810379071997694], [-121.34621701151413, 38.80149207530761], [-121.35786419255359, 38.80149208486634], [-121.3484020263302, 38.792600606861654], [-121.36005361334215, 38.79260066205027], [-121.35059590024974, 38.783713680540195], [-121.38553290035037, 38.78371365944539], [-121.37607961162013, 38.77482670935991], [-121.38772232415911, 38.77482667279751], [-121.37826903893658, 38.76593969859329], [-121.36662634005098, 38.76593969532683], [-121.33829325206942, 38.73927868491202], [-121.34993590131337, 38.739278726888685], [-121.34050049260617, 38.730391716214086], [-121.39870510750295, 38.73039175361664], [-121.38926963749086, 38.721504723062814], [-121.40091233703926, 38.72150473657543], [-121.3914769591322, 38.71262221546963], [-121.40311516381931, 38.71262217758147], [-121.38426205611897, 38.69485268054097], [-121.39590037314906, 38.69485269209265], [-121.37705621400094, 38.67708318177206], [-121.38869446744542, 38.677083147781836], [-121.3792768525565, 38.66820065385339], [-121.39091505818655, 38.66820061367942], [-121.38150189754815, 38.659318090966295], [-121.39313569371149, 38.659318113227435], [-121.38372698720154, 38.650435562823176], [-121.41862839636667, 38.65043557015251], [-121.42803706308844, 38.6593181309072], [-121.46294290487066, 38.659318124266235], [-121.47236051525051, 38.66820064261078], [-121.48399432981151, 38.668200658299725], [-121.50284747021642, 38.685970115493056], [-121.54939597670734, 38.68597015173379], [-121.53996499552377, 38.67708316885361], [-121.55159875272199, 38.67708318582844], [-121.54217222161475, 38.66820063468067], [-121.5538060155659, 38.66820062520508], [-121.54438393477741, 38.659318103742365], [-121.55601776496871, 38.65931813951886], [-121.52776490013927, 38.63267501179802], [-121.5393986781061, 38.63267497594884], [-121.51118153202671, 38.606031835452384], [-121.54606947714007, 38.60603188908216], [-121.5366696700813, 38.59715380466557], [-121.55992395490551, 38.597153745924004], [-121.55052859684258, 38.58827125486166], [-121.57378284805962, 38.58827121043056], [-121.56438749824873, 38.57939316192707], [-121.57601685240172, 38.57939314994405], [-121.55723506681389, 38.56163704531287], [-121.5688599244258, 38.56163708886122], [-121.55947801775075, 38.55275898164729], [-121.58272330504342, 38.55275900153958], [-121.5733413193926, 38.543880882975586], [-121.58496627731695, 38.543880877527066], [-121.57558874347198, 38.53500281054742]]]}, "id": "00000000000000000f8a_0", "properties": {"uc_id": "4092", "unit": "core"}}, {"type": "Feature", "geometry": {"type": "Polygon", "coordinates": [[[-121.66821732439772, 38.296251148103174], [-121.62437271904851, 38.258111044510876], [-121.56522387919253, 38.22334405084887], [-121.53322411460579, 38.21006118027728], [-121.49897050314003, 38.20089413365136], [-121.45482294330388, 38.195986334526445], [-121.39235310441939, 38.19570697824028], [-121.35655045218542, 38.199812850415725], [-121.32160835952841, 38.20577041278269], [-121.28616868862296, 38.21114574411331], [-121.25224060044404, 38.22082983793518], [-121.22066591185803, 38.23458262904216], [-121.19222925200653, 38.252063028581375], [-121.16763882456411, 38.27283722263496], [-121.13608660188714, 38.306801557698606], [-121.1193903410338, 38.332039142488185], [-121.10562131073868, 38.367928285275575], [-121.09975190654114, 38.39598820491809], [-121.09959219307358, 38.42442255515095], [-121.10150339137556, 38.43524240984809], [-121.07263707020117, 38.459297883609445], [-121.04711197542089, 38.48978594246694], [-121.02914346058823, 38.52792738500138], [-121.02803900304409, 38.53324603447728], [-120.9948040231366, 38.57172187121888], [-120.9757216689333, 38.604949410401105], [-120.96110358528841, 38.66267667728583], [-120.96262306196769, 38.69907628625595], [-120.96138705682404, 38.735643502817304], [-120.97023895419157, 38.771322453359986], [-120.98705017811709, 38.805218345622], [-121.01332851521182, 38.83607172107075], [-121.0481195195749, 38.86541855238028], [-121.0725764696313, 38.8797543028464], [-121.09823414467124, 38.8980665988371], [-121.12415427262219, 38.91569872092128], [-121.18791104837038, 38.953706634509714], [-121.24144203237803, 38.975854698401285], [-121.27610075386977, 38.9849452419632], [-121.32047107221418, 38.98972277114022], [-121.37211407024796, 38.989901588444255], [-121.41791059953579, 38.983251089532736], [-121.46146971868403, 38.97041732769853], [-121.50540863409628, 38.947515280201266], [-121.53721335565852, 38.92107025050299], [-121.57349534679042, 38.88838144460763], [-121.59369924247171, 38.86220768901385], [-121.63647404047985, 38.85265086298813], [-121.67736608128818, 38.83520638917138], [-121.71363783720969, 38.81240004926053], [-121.74599635279904, 38.78016130463416], [-121.76566450197683, 38.74724502351968], [-121.77755566468889, 38.712136313262675], [-121.78585364157829, 38.6730108647092], [-121.78656467081416, 38.65723434119581], [-121.79997373619763, 38.621318634327814], [-121.81440992455606, 38.55780864552722], [-121.81265457552848, 38.521419660043975], [-121.80269922862557, 38.48584793372128], [-121.78151737219764, 38.44931434638918], [-121.76453645232554, 38.41537209603684], [-121.73842287702307, 38.38479060110818], [-121.71026789741597, 38.35815651415499], [-121.69410172641078, 38.32664629159398], [-121.66821732439772, 38.296251148103174]], [[-121.29629700471757, 38.30349608049101], [-121.27584371671844, 38.313661933263575], [-121.25767547899014, 38.32782024853092], [-121.22710269033912, 38.36352393020708], [-121.21881568719544, 38.382535050579136], [-121.21379809705195, 38.41140336677374], [-121.21682382323304, 38.431353626087315], [-121.2251927997983, 38.44976412929425], [-121.22318432184638, 38.46351742821016], [-121.2256825720284, 38.48305078153782], [-121.21438344681088, 38.48627002364003], [-121.19145549080235, 38.495020226775715], [-121.17157256235663, 38.50753025333942], [-121.15572470134404, 38.523178324630884], [-121.14470287602924, 38.54118624608459], [-121.13576778337533, 38.56905431258851], [-121.09175675303675, 38.61994359393978], [-121.08314096455723, 38.638873215951456], [-121.07570137022695, 38.67724978553579], [-121.0787051817923, 38.69784944095065], [-121.07604035405761, 38.7209936194237], [-121.07875409352629, 38.74097237712386], [-121.08708598915754, 38.759983162501825], [-121.10062450616267, 38.77707727560741], [-121.12008737621022, 38.79393098260759], [-121.1401830879136, 38.80631591719371], [-121.16000641694127, 38.82060614379412], [-121.18011325530995, 38.832987621852496], [-121.19997738827324, 38.8472836238334], [-121.22009593857457, 38.85966109357227], [-121.23853037240525, 38.871403079425285], [-121.28136005362512, 38.891120579364305], [-121.30564709809181, 38.897926522602646], [-121.33127147852575, 38.9003636172566], [-121.36948737729212, 38.89916008399335], [-121.39445049323723, 38.894558482398516], [-121.417474571145, 38.885756471409415], [-121.43740912292736, 38.87319423100537], [-121.45325955931506, 38.85749970700071], [-121.47567889181357, 38.839962647150095], [-121.48943929080897, 38.82297059954221], [-121.49812077733917, 38.803291559434946], [-121.50303477958903, 38.77595881508828], [-121.54942516944912, 38.775958808367086], [-121.57503293928683, 38.77370827624793], [-121.5993582294653, 38.76707937858206], [-121.62118486226987, 38.75640367911721], [-121.63990950193553, 38.741613289530214], [-121.6531631506169, 38.72522229864501], [-121.6617229331777, 38.70627433406874], [-121.67125804749067, 38.65968211135068], [-121.66818820896593, 38.63906193071282], [-121.67740226395885, 38.62753355193567], [-121.68595348152043, 38.60858644278176], [-121.68975011349755, 38.58906356740784], [-121.69483837473494, 38.573074625072216], [-121.70002134943705, 38.54424469289234], [-121.69724195517605, 38.52427207623222], [-121.68887083590603, 38.50527917478449], [-121.67473632227603, 38.487742026337074], [-121.6691152827148, 38.46979720935224], [-121.65800283589873, 38.45182757219799], [-121.62188353888429, 38.415578702141325], [-121.60485440174271, 38.402568306976214], [-121.60323790377606, 38.39116438476095], [-121.59488251563303, 38.3721714009257], [-121.58136580716233, 38.35510363235479], [-121.54471051143804, 38.32306682084629], [-121.50263450600926, 38.29939999286932], [-121.47967637562073, 38.2907980751003], [-121.4548624161589, 38.28640304982698], [-121.40681337915002, 38.28536477624093], [-121.38208332177275, 38.2875387934799], [-121.35790900854568, 38.29414381384523], [-121.32036941682257, 38.296658990046204], [-121.29629700471757, 38.30349608049101]]]}, "id": "00000000000000000f8a_1", "properties": {"uc_id": "4092", "unit": "ring"}}, {"type": "Feature", "geometry": {"type": "Polygon", "coordinates": [[[-119.06460208364544, 36.056282191716214], [-119.0418294667947, 36.056282226532275], [-119.0335577970489, 36.04751116160767], [-119.02217368738275, 36.047511155762805], [-119.03044535000575, 36.05628219717775], [-118.98490452507704, 36.05628223310652], [-119.0097372498181, 36.082586441349164], [-119.02112139399985, 36.08258640714668], [-119.02940634406976, 36.09135306729971], [-119.04079488878588, 36.091353008337734], [-119.04908436842132, 36.10012406341486], [-119.06047295766706, 36.100124061000486], [-119.05218347409463, 36.09135306345932], [-119.07496058347255, 36.091353029816545], [-119.06667108787454, 36.082586424552886], [-119.0780596075432, 36.08258646939047], [-119.06977463037184, 36.07381540195154], [-119.08116318442079, 36.073815390071864], [-119.06460208364544, 36.056282191716214]]]}, "id": "00000000000000000ffd_0", "properties": {"uc_id": "4211", "unit": "core"}}, {"type": "Feature", "geometry": {"type": "Polygon", "coordinates": [[[-119.16009653511622, 35.89374149913982], [-119.0963888838225, 35.874868568586635], [-119.05598746579265, 35.86877519143187], [-119.01561952008008, 35.86761204687525], [-118.9807362746256, 35.87068682940693], [-118.90953704784258, 35.886955948107946], [-118.8775496736721, 35.89866152755917], [-118.84822609443995, 35.91429482818436], [-118.82229590399176, 35.9334678239537], [-118.80040579070341, 35.95570432259744], [-118.78310345426246, 35.98045161700238], [-118.77082381110219, 36.007094050376686], [-118.76387784381498, 36.03496817928938], [-118.76244440071211, 36.063379176381474], [-118.76656519244052, 36.09161807916674], [-118.77614316323165, 36.118979464163814], [-118.79094433554648, 36.14477910787319], [-118.83246841271878, 36.1916552454007], [-118.85594966170267, 36.212856788144755], [-118.88328858324158, 36.23080373682454], [-118.9523200397521, 36.26220248566923], [-118.98611748032123, 36.272777212656024], [-119.02708457208846, 36.2788854520889], [-119.06725273471604, 36.28001818507255], [-119.1023128076177, 36.27690515857355], [-119.13632148304463, 36.26936978979725], [-119.16842470280828, 36.25760141097061], [-119.21234142658747, 36.233091726398094], [-119.23827720478155, 36.21383655806807], [-119.26011748944795, 36.19152209481924], [-119.27731853585496, 36.16670768050329], [-119.29558819045288, 36.122536791723434], [-119.30237043259912, 36.09463510205854], [-119.30362685005878, 36.06621861306672], [-119.29933202968157, 36.03799679225059], [-119.28959894382197, 36.010673492985745], [-119.27467556031343, 35.98492944619513], [-119.24131106393101, 35.94694341125142], [-119.21781847069867, 35.925807641008454], [-119.19052024858222, 35.90792566653076], [-119.16009653511622, 35.89374149913982]], [[-119.03628372527983, 35.95754952695339], [-119.01119050319966, 35.95852070775639], [-118.98707092641752, 35.96270629538765], [-118.94979055166831, 35.97147963122098], [-118.92741339650352, 35.979889221888975], [-118.90789362882454, 35.99210354560682], [-118.8922031539229, 36.007515394301244], [-118.88112482123024, 36.02535820735359], [-118.87521325479254, 36.0447439608315], [-118.87476673275486, 36.06470716806629], [-118.8798116094164, 36.08425285008097], [-118.89010019502162, 36.102406115433716], [-118.92116443341465, 36.1371534945237], [-118.93835795908456, 36.151674426756806], [-118.99848239273497, 36.18029896883293], [-119.021781301239, 36.18736987127023], [-119.04644556888383, 36.19008748995302], [-119.08263076993752, 36.18831585286162], [-119.10746151426486, 36.1815956454015], [-119.14222126419908, 36.163092311968626], [-119.16097746616809, 36.14836034942772], [-119.17448384460559, 36.13151837459703], [-119.1859145742015, 36.1050003771366], [-119.19245812561749, 36.07632329678752], [-119.19035920130462, 36.056304462325215], [-119.1817137175111, 36.03521794186541], [-119.15301782821035, 36.001645197300924], [-119.13514763750335, 35.986786272082966], [-119.11509404374993, 35.97609481204807], [-119.06087419066465, 35.960278010404416], [-119.03628372527983, 35.95754952695339]]]}, "id": "00000000000000000ffd_1", "properties": {"uc_id": "4211", "unit": "ring"}}, {"type": "Feature", "geometry": {"type": "Polygon", "coordinates": [[[-121.17208469669978, 38.65931808913471], [-121.18371844879645, 38.65931814833762], [-121.17432319128748, 38.65043557037304], [-121.18595698628684, 38.65043558983873], [-121.17657055689051, 38.641553017299785], [-121.11840607583028, 38.641553047384654], [-121.12779245619039, 38.65043555771569], [-121.11615866240305, 38.650435613983824], [-121.12554504444198, 38.65931812997501], [-121.10227746142459, 38.65931808336483], [-121.12105918628563, 38.677083167275846], [-121.10942543664058, 38.67708319562028], [-121.11882074023585, 38.68597019147233], [-121.1304589954083, 38.685970138887456], [-121.1398632217956, 38.694852692745854], [-121.15150152270105, 38.69485266548236], [-121.16091020686845, 38.70373519662685], [-121.17254846073273, 38.70373521745855], [-121.16313973543097, 38.69485270502209], [-121.17477794588788, 38.69485271289588], [-121.16536930960874, 38.68597017164138], [-121.17700756398386, 38.68597014081918], [-121.16760775584876, 38.67708318299351], [-121.19087980278053, 38.67708319495457], [-121.17208469669978, 38.65931808913471]]]}, "id": "00000000000000001022_0", "properties": {"uc_id": "4249", "unit": "core"}}, {"type": "Feature", "geometry": {"type": "Polygon", "coordinates": [[[-120.99521201009516, 38.837963303632144], [-121.06972498236202, 38.86908274732369], [-121.10431044115269, 38.87822194276482], [-121.14872067509592, 38.8830627629253], [-121.19868977780803, 38.88209670473845], [-121.24447275600382, 38.8747583677804], [-121.29205950116358, 38.85772286512302], [-121.32900410089016, 38.83544673790469], [-121.36028219692241, 38.80842255742124], [-121.40027075043083, 38.751653294419995], [-121.41511201918708, 38.71910758702585], [-121.42072012354035, 38.68294834153547], [-121.4180365347146, 38.64658550815148], [-121.4098311455206, 38.607950596454096], [-121.3936813468897, 38.57374514444092], [-121.37005109852414, 38.54231418712484], [-121.3286899978854, 38.50646745651551], [-121.29959435251959, 38.48943797355013], [-121.26744721109915, 38.47619901215336], [-121.23304718294818, 38.46707886722721], [-121.18881820339037, 38.46223214780473], [-121.10277101357424, 38.46199155879877], [-121.05700245983262, 38.46857434643106], [-121.01343273781082, 38.4813835848695], [-120.97012428037898, 38.50388585407195], [-120.93811438931112, 38.5303489376336], [-120.906499357016, 38.56450656245967], [-120.88655699325174, 38.59745427027804], [-120.87438392814389, 38.63264112951875], [-120.87246688263726, 38.67327146677976], [-120.88130741151036, 38.70906210885363], [-120.89401613133066, 38.74033118679867], [-120.91302098712463, 38.77149219764934], [-120.94071391887836, 38.8004000992107], [-120.96604552131028, 38.82086720608063], [-120.99521201009516, 38.837963303632144]], [[-121.13422366079598, 38.79128387971651], [-121.15980984985579, 38.79371976414656], [-121.1862114711722, 38.792526808215065], [-121.21114322433831, 38.78794573477617], [-121.2341445663024, 38.77916271349294], [-121.25406614968635, 38.76661696990188], [-121.26991402710367, 38.75093561988218], [-121.28133500254833, 38.73278230919366], [-121.29462770866111, 38.71634561458485], [-121.30328613451604, 38.69674704843207], [-121.30605773328512, 38.67678917878697], [-121.29839940273622, 38.630826807241064], [-121.28958573699988, 38.611292821883886], [-121.27475093343509, 38.59311791641258], [-121.25707240074608, 38.57798373713543], [-121.2370227417067, 38.56561688940574], [-121.21396931448402, 38.55703178078618], [-121.18905825927251, 38.55265491715497], [-121.11844247122075, 38.551564392365535], [-121.09291158968591, 38.55379799547242], [-121.06864687302902, 38.56040049343921], [-121.04685407933258, 38.571043932624065], [-121.02861737611522, 38.585199454755205], [-120.99868201713399, 38.61994345835105], [-120.99006618696615, 38.63887306877841], [-120.98703866331333, 38.65882404957817], [-120.98975493761424, 38.678802402117036], [-121.00520973135798, 38.7155826486637], [-121.01931797687342, 38.733127920031585], [-121.0473522974948, 38.75645774193627], [-121.10997244901421, 38.78447910320933], [-121.13422366079598, 38.79128387971651]]]}, "id": "00000000000000001022_1", "properties": {"uc_id": "4249", "unit": "ring"}}, {"type": "Feature", "geometry": {"type": "Polygon", "coordinates": [[[-121.28141291430737, 38.82816194800122], [-121.29306453746152, 38.82816194819942], [-121.28359791632354, 38.81927054319326], [-121.29524949728314, 38.81927054038716], [-121.28578287770449, 38.81037910638271], [-121.2974345037165, 38.810379074722924], [-121.28797225083072, 38.801492092902244], [-121.29961946945588, 38.80149205390196], [-121.28071288788665, 38.78371367714263], [-121.26906571550738, 38.78371364287767], [-121.24073253174076, 38.75705267252092], [-121.22908987940141, 38.75705269934837], [-121.24796964559746, 38.77482669640738], [-121.23632246667371, 38.77482669270494], [-121.25522020018049, 38.79260066555202], [-121.24357303854295, 38.79260066314533], [-121.25302628772198, 38.80149212024761], [-121.24137908405119, 38.80149211250457], [-121.2508324217545, 38.8103790423386], [-121.2391852634452, 38.81037907519179], [-121.2486429688364, 38.8192705350469], [-121.23699585637961, 38.81927053714213], [-121.24645801655606, 38.82816194942817], [-121.25810969600009, 38.82816193534474], [-121.2675763609943, 38.837048962893896], [-121.27923241169141, 38.8370489417996], [-121.28870357512378, 38.84594038186991], [-121.30035962500943, 38.84594041720136], [-121.28141291430737, 38.82816194800122]]]}, "id": "00000000000000001090_0", "properties": {"uc_id": "4363", "unit": "core"}}, {"type": "Feature", "geometry": {"type": "Polygon", "coordinates": [[[-121.00686014090016, 38.804543098639584], [-121.00670915516257, 38.833618370564444], [-121.01559363886307, 38.86921114488132], [-121.03241305419989, 38.90302407005155], [-121.05887213164293, 38.9339994412956], [-121.09376895789283, 38.96332771297849], [-121.12304358155022, 38.98037247211877], [-121.19771416848297, 39.01141416843413], [-121.23239000781882, 39.020505412516584], [-121.27678786421576, 39.025283854861435], [-121.32679476274315, 39.02428697606495], [-121.3724280555351, 39.016963528466555], [-121.42052521028005, 38.99973200806875], [-121.45731190200414, 38.977528329899656], [-121.48846925750756, 38.95062718338072], [-121.51406669686088, 38.91460960857828], [-121.52678806697912, 38.87978789688359], [-121.53142450945965, 38.843766487228734], [-121.52872922575929, 38.821110017713714], [-121.52975390627518, 38.786686771990794], [-121.52064932046152, 38.751120333433775], [-121.50365561176534, 38.71736178890782], [-121.47712067911095, 38.686489238100705], [-121.4582004957577, 38.66873954681498], [-121.43277668610163, 38.64838307074884], [-121.40834021592606, 38.63413801878591], [-121.38263817450883, 38.6158476087777], [-121.35239726251838, 38.600178669476996], [-121.31938722304983, 38.58841822228198], [-121.28442760611696, 38.58085784233306], [-121.24071720864016, 38.577075353888944], [-121.19284408870332, 38.579314259325024], [-121.14238900976954, 38.59028921959065], [-121.10158251007441, 38.607648172196605], [-121.0653166874713, 38.63035356135295], [-121.03284587500431, 38.662491179361034], [-121.01300133537605, 38.69533030690924], [-121.0008825313432, 38.73038720718991], [-120.99899393127991, 38.77129925874498], [-121.00686014090016, 38.804543098639584]], [[-121.12149862489441, 38.818782111326044], [-121.12422250016444, 38.83876033910872], [-121.13257194632449, 38.857769497447855], [-121.14680031583724, 38.87538777702671], [-121.17368967025631, 38.89807264899069], [-121.23766366862382, 38.926684156923585], [-121.26196338978012, 38.93348901009626], [-121.28760079611229, 38.93592494773831], [-121.32696468461072, 38.93342921043751], [-121.35041422960757, 38.92705710847923], [-121.3729916195288, 38.915842385335964], [-121.39110176225624, 38.90154910778662], [-121.40435032141315, 38.88520793308392], [-121.41293387438033, 38.866261213205746], [-121.41590159065926, 38.84630397225095], [-121.41266544632083, 38.82484334785041], [-121.41508933118577, 38.8018549722773], [-121.4122995202539, 38.78188238957636], [-121.40389788727568, 38.762889586727574], [-121.3903069359906, 38.745822093246574], [-121.35328227524992, 38.71375105330515], [-121.33475066783373, 38.70452245251336], [-121.3132742725659, 38.68708969289707], [-121.29157950872738, 38.676281447951865], [-121.26451808718174, 38.66899870788926], [-121.24072486056136, 38.66706401320518], [-121.20352558307447, 38.66930272946544], [-121.1792239099216, 38.67591004010897], [-121.15739943040697, 38.686557783854404], [-121.13913788163991, 38.70071689511329], [-121.12534944964752, 38.717683476583176], [-121.11672341331612, 38.736613521846195], [-121.11378999530054, 38.7572739267966], [-121.11641503913268, 38.77654287077044], [-121.12403595005875, 38.79572993872858], [-121.12149862489441, 38.818782111326044]]]}, "id": "00000000000000001090_1", "properties": {"uc_id": "4363", "unit": "ring"}}, {"type": "Feature", "geometry": {"type": "Polygon", "coordinates": [[[-121.86847585476542, 39.746103582605485], [-121.88022115785706, 39.746103608965484], [-121.87033530029863, 39.737167577254574], [-121.88208509579289, 39.73716756042691], [-121.87220366069752, 39.72823598957264], [-121.86045837554319, 39.72823597857332], [-121.84071352734688, 39.71036835819999], [-121.78199157215778, 39.71036835727703], [-121.80173207021885, 39.72823599437204], [-121.78998228969753, 39.72823601132772], [-121.79985922144465, 39.73716755944196], [-121.78810950437317, 39.73716753665253], [-121.79799086070038, 39.746103625968715], [-121.77449588125745, 39.74610359392241], [-121.78437279262037, 39.75503960898982], [-121.79612246864785, 39.755039683005435], [-121.81589861386387, 39.77290728933025], [-121.87465173746477, 39.77290726924395], [-121.88455093092752, 39.78184331239254], [-121.8963006920746, 39.78184327908304], [-121.88640150871444, 39.772907236439266], [-121.89815115988637, 39.772907293239676], [-121.86847585476542, 39.746103582605485]]]}, "id": "00000000000000001100_0", "properties": {"uc_id": "4477", "unit": "core"}}, {"type": "Feature", "geometry": {"type": "Polygon", "coordinates": [[[-121.85081453788356, 39.530925174287084], [-121.7627836996364, 39.53100021875358], [-121.7094697241276, 39.53927886748827], [-121.6671963786964, 39.554101904341145], [-121.62890355760435, 39.574371349612456], [-121.59216846311674, 39.60531952375771], [-121.56936870096062, 39.636526423023426], [-121.55397009532933, 39.670316137545505], [-121.54095392267556, 39.734188198518545], [-121.54364542810865, 39.776106997239445], [-121.55643346321786, 39.81052772974631], [-121.57685614480572, 39.84270434610278], [-121.60568555725605, 39.8714554566106], [-121.63178876732361, 39.891636943194506], [-121.69334471552837, 39.926332417232345], [-121.72638038571095, 39.939248832188824], [-121.76166667532227, 39.94800405745393], [-121.81632023736145, 39.954033212948985], [-121.8670325014563, 39.96131772585782], [-121.9060829584808, 39.961226501007346], [-121.952484360529, 39.95657843590527], [-122.00356087549146, 39.941884783565], [-122.04248203588917, 39.92198794624829], [-122.07624710684978, 39.89717237420798], [-122.10601870357826, 39.8621419692892], [-122.12200123844268, 39.828436891846884], [-122.13051019082037, 39.79161001991705], [-122.13122227433331, 39.75574841380071], [-122.11971362118929, 39.71486608701209], [-122.10570965119851, 39.685673247274245], [-122.08885566530664, 39.653031375076125], [-122.06003168002698, 39.620396698858805], [-122.02403750565853, 39.59138262112566], [-121.96274799408887, 39.55687909717407], [-121.9298670364107, 39.54400522875074], [-121.89477659391994, 39.53527485419989], [-121.85081453788356, 39.530925174287084]], [[-121.85745017077333, 39.869391957535505], [-121.8845436706388, 39.871831971734615], [-121.9223215036967, 39.86958496519168], [-121.9470323206343, 39.862959242343386], [-121.96920566439645, 39.852286220837875], [-121.98773415269122, 39.83809961807079], [-122.00169424942818, 39.82110847224673], [-122.01039229469058, 39.80216142108108], [-122.01392727125625, 39.78194473702315], [-122.01363412842552, 39.761978824330676], [-122.00758759564239, 39.742560321232716], [-121.99752117476537, 39.7263139106325], [-121.9962787296551, 39.71755611310403], [-121.98776330282982, 39.69856356973959], [-121.9739891841297, 39.681496452831716], [-121.95335611502955, 39.664197023837005], [-121.93287451037192, 39.651944817784276], [-121.9013816170935, 39.63408407234834], [-121.87789352548121, 39.62562873774247], [-121.85255893845176, 39.62139231566594], [-121.78202982361665, 39.620379702579655], [-121.75610906003935, 39.622612976314414], [-121.73147355209947, 39.62921496155354], [-121.70934733784317, 39.63985777435462], [-121.69083109042487, 39.654012651655], [-121.6768476862687, 39.67097597089337], [-121.66809621763163, 39.68990394642593], [-121.6651943267574, 39.71114449803606], [-121.6605363311033, 39.72565615944434], [-121.65746025877039, 39.745607016279365], [-121.66021753660401, 39.76558548012979], [-121.66867561187037, 39.78459534913079], [-121.68241685676408, 39.80168792643958], [-121.70301196785158, 39.81900211277122], [-121.72351289846635, 39.8312841891552], [-121.75504147169737, 39.849161519207776], [-121.77859427616715, 39.8576364902021], [-121.80401324146274, 39.86188338923999], [-121.83395151842367, 39.86289910210393], [-121.85745017077333, 39.869391957535505]]]}, "id": "00000000000000001100_1", "properties": {"uc_id": "4477", "unit": "ring"}}, {"type": "Feature", "geometry": {"type": "Polygon", "coordinates": [[[-122.90015134968698, 42.34690104877935], [-122.91219089961157, 42.34690104577497], [-122.90108329946092, 42.337835670767994], [-122.9131228134999, 42.337835681850734], [-122.89091655374398, 42.31970498187655], [-122.90295617124877, 42.31970499969015], [-122.89186182567754, 42.310639629891135], [-122.90389702096296, 42.31063965666112], [-122.89280716604131, 42.30157428010418], [-122.86873250529545, 42.30157429820548], [-122.87982231936361, 42.31063961324383], [-122.80759824147343, 42.310639647147745], [-122.84088099652502, 42.33783570222783], [-122.82883690527511, 42.337835678138184], [-122.83994010963572, 42.346901061081375], [-122.8279004592271, 42.346901030189365], [-122.83900816666706, 42.35597087511391], [-122.82696408955633, 42.355970853323015], [-122.83807613825194, 42.365036188587894], [-122.87420829312772, 42.365036198393994], [-122.88532479777965, 42.37410599986061], [-122.89737330370697, 42.3741060493287], [-122.91962867601882, 42.39224561421759], [-122.93167715801034, 42.39224562883635], [-122.92054274933881, 42.38317582564681], [-122.93259128493389, 42.383175826939656], [-122.9214613871424, 42.37410600384729], [-122.9335054015112, 42.37410604791641], [-122.90015134968698, 42.34690104877935]]]}, "id": "0000000000000000116c_0", "properties": {"uc_id": "4588", "unit": "core"}}, {"type": "Feature", "geometry": {"type": "Polygon", "coordinates": [[[-122.57688037554858, 42.36815669203432], [-122.59013490363388, 42.3959227221153], [-122.60156573984942, 42.42299005297374], [-122.61864055073441, 42.44838821237867], [-122.64609292608858, 42.47664170503814], [-122.68521563195854, 42.50526491311437], [-122.73115461473454, 42.526797753603134], [-122.77946019836895, 42.53955626021801], [-122.81269135134089, 42.55401821491532], [-122.84861234894504, 42.56443303252806], [-122.88632054300793, 42.57053867527835], [-122.93169408091872, 42.572222947433254], [-122.9701835167907, 42.56996835143752], [-123.00770364533038, 42.56326525842295], [-123.04331059857232, 42.55228237874646], [-123.07610981648926, 42.5372960234082], [-123.1052789529047, 42.518682989228296], [-123.13008876291094, 42.496910880512004], [-123.14992141484515, 42.472526136534434], [-123.16428576009653, 42.44614009406905], [-123.17282919657109, 42.418413462724], [-123.17710374071136, 42.37190081483005], [-123.17581415588383, 42.36165805911473], [-123.1700855774168, 42.33362338651721], [-123.15846313007219, 42.30660453009555], [-123.14368980343436, 42.280122230486654], [-123.1341532650528, 42.252577310505025], [-123.11888513282854, 42.22648600860364], [-123.09229938415422, 42.19750090710459], [-123.06170476918147, 42.17213286018764], [-123.03207600797447, 42.15407181430317], [-122.99899507388979, 42.139686080320644], [-122.96328374616814, 42.12933213332262], [-122.92582748112667, 42.123266393708285], [-122.86876656849331, 42.1215969809442], [-122.83054868837446, 42.12383285882006], [-122.78978197962715, 42.13157137853735], [-122.74249475229429, 42.13723961478658], [-122.69678265041661, 42.150454889734036], [-122.66411427907025, 42.16535673886548], [-122.63500292679979, 42.18387887653702], [-122.61017399613044, 42.205561929142185], [-122.59024853386681, 42.229867622216474], [-122.57572760904394, 42.25619192457142], [-122.56697944716224, 42.283879861583905], [-122.5642296753275, 42.31224165402188], [-122.56755497575062, 42.34056980064184], [-122.57688037554858, 42.36815669203432]], [[-122.84179276301688, 42.21382236769129], [-122.8156846847624, 42.220653228160096], [-122.79058005488677, 42.22206427075702], [-122.7644646567231, 42.22706094353534], [-122.74049080193424, 42.236218430148476], [-122.71985019543799, 42.24908197110758], [-122.70357068257347, 42.26501243697131], [-122.69246520960344, 42.283217785387194], [-122.6870910111624, 42.3027921479744], [-122.6877211139021, 42.32276067558941], [-122.69432971616747, 42.34212796732271], [-122.7055280010981, 42.35880897255005], [-122.70805833679775, 42.375452577569135], [-122.71685762082849, 42.39446282859198], [-122.73115493845603, 42.411555900464656], [-122.75475127373747, 42.43000047642701], [-122.77635233243565, 42.442039302528286], [-122.80104109158819, 42.45023615984788], [-122.83068780279693, 42.45446094648144], [-122.84286043902621, 42.462152697633705], [-122.86579577816786, 42.47298771380365], [-122.89142456364833, 42.47979373457975], [-122.91846495195185, 42.482230175236644], [-122.94887413277525, 42.480808145129785], [-122.9750845341006, 42.47578023583513], [-122.99912282770788, 42.46658356617097], [-123.0197876002487, 42.45367823958779], [-123.03604791544386, 42.43770956400846], [-123.04709487894078, 42.41947548040584], [-123.05259785148512, 42.3985053788509], [-123.05441869745302, 42.38353082942055], [-123.05344554254351, 42.36179372923078], [-123.0467434341466, 42.34244344878797], [-123.0344055208335, 42.3246732678512], [-123.02630176452246, 42.30618643494674], [-123.02263953469367, 42.29102287162613], [-123.01378201682526, 42.27203109306673], [-122.99945733232063, 42.25496508803594], [-122.96927407275365, 42.231604017200944], [-122.94640109570982, 42.22079857802764], [-122.91670790278953, 42.213640643967125], [-122.86874956115949, 42.21158563957609], [-122.84179276301688, 42.21382236769129]]]}, "id": "0000000000000000116c_1", "properties": {"uc_id": "4588", "unit": "ring"}}, {"type": "Feature", "geometry": {"type": "Polygon", "coordinates": [[[-123.20877904754609, 44.08786341301919], [-123.16089734760922, 44.05121406590807], [-123.17315532988901, 44.051214040541964], [-123.14924565904725, 44.032891585746064], [-123.13699198253441, 44.032891618616425], [-123.12505060746194, 44.023728147851834], [-123.11279698801295, 44.02372817582574], [-123.08892740542166, 44.00541019369378], [-123.10117645969406, 44.005410162549964], [-123.08924844311868, 43.99625114106196], [-123.0647546156604, 43.99625119183128], [-123.07667825674895, 44.00541014655031], [-123.06442906184961, 44.005410161032614], [-123.07636162408542, 44.014569152106034], [-123.06410808787449, 44.01456918076171], [-123.07604503070428, 44.02372812922396], [-123.06379145977596, 44.02372817122014], [-123.07573292071724, 44.032891623386405], [-123.05122570769514, 44.032891626114804], [-123.06316717089886, 44.04205057842029], [-122.98964551365188, 44.04205059990829], [-122.97771295752395, 44.03289158202331], [-122.91644936233044, 44.03289160012894], [-122.92837741496768, 44.042050620092716], [-122.89161658580059, 44.042050614542994], [-122.9035491535267, 44.051214054990794], [-122.94031448729058, 44.05121405019156], [-122.95225139472565, 44.06037303971925], [-122.98902123235507, 44.06037306012934], [-123.00097164335688, 44.06953653086993], [-123.01322517193887, 44.069536481243375], [-123.02518453193983, 44.07869998694335], [-123.0374426004305, 44.07869995377752], [-123.07335169523014, 44.10619478903937], [-123.09787231487961, 44.106194746322934], [-123.10985838115118, 44.11535824162822], [-123.12212092891663, 44.115358226720225], [-123.13411146923654, 44.12452616795417], [-123.15863655378716, 44.124526132054264], [-123.14664592369388, 44.11535821522], [-123.17117105094974, 44.115358192793444], [-123.15918496506325, 44.10619480948227], [-123.17144744584188, 44.10619477568576], [-123.15946144772388, 44.097031336809216], [-123.19624453279019, 44.09703133093171], [-123.18426294471001, 44.087863377367235], [-123.20877904754609, 44.08786341301919]]]}, "id": "00000000000000001222_0", "properties": {"uc_id": "4772", "unit": "core"}}, {"type": "Feature", "geometry": {"type": "Polygon", "coordinates": [[[-122.96332776051811, 44.26795847557997], [-123.01347159117738, 44.28236328004892], [-123.06101497839184, 44.296708311932086], [-123.09981734040008, 44.30281709591197], [-123.15867454047535, 44.30450344902455], [-123.19828163982255, 44.30224612482679], [-123.23689024148638, 44.295539598191276], [-123.27352862390433, 44.28455275324828], [-123.28761518164514, 44.278297618324395], [-123.31980290715241, 44.2617931443006], [-123.34979236731975, 44.24177702856237], [-123.40895289216135, 44.196293994557244], [-123.43320933776629, 44.16811876700004], [-123.44797124374891, 44.14173018258807], [-123.45674657003576, 44.114001987854664], [-123.45932435144829, 44.0856276847955], [-123.45564909610538, 44.057315932422284], [-123.4458212901948, 44.02977282041766], [-123.43009402481538, 44.00368430686303], [-123.40237620173352, 43.97442782630673], [-123.36663848614864, 43.93778377904281], [-123.32298888434534, 43.903450468105035], [-123.29251116638012, 43.88539048832751], [-123.28143645357862, 43.88071051864607], [-123.24225988424242, 43.85396099324278], [-123.19840298758436, 43.83435924795854], [-123.16169244517903, 43.82400721074391], [-123.12318914481993, 43.81794274714812], [-123.06479092994756, 43.816273874703356], [-123.02550519548782, 43.818509218558205], [-122.98719049359607, 43.82516817883589], [-122.95079536706572, 43.83608598242855], [-122.9138749295029, 43.853065951406265], [-122.87723144507966, 43.855143252849864], [-122.83889112771799, 43.86179596975306], [-122.80247021773876, 43.872707827467956], [-122.74398626624229, 43.89678338731112], [-122.71404374913013, 43.91530734313868], [-122.68850550976319, 43.936991583236384], [-122.66801042120515, 43.96129798744417], [-122.65307411620584, 43.987622672391915], [-122.64407572489695, 44.015310784689255], [-122.64124779567872, 44.04367262364496], [-122.64466970975712, 44.0720007134737], [-122.65426482962486, 44.099587413605946], [-122.66980153843545, 44.12574263306652], [-122.6973841795908, 44.155118871419134], [-122.72893771073585, 44.18035289429777], [-122.75946259044117, 44.198504029693346], [-122.79361075116742, 44.21297180706358], [-122.83052550955846, 44.22339227396529], [-122.89980062230444, 44.23606186417136], [-122.92914619081338, 44.25349250046639], [-122.96332776051811, 44.26795847557997]], [[-122.91514982099721, 44.145826172381184], [-122.94249651750931, 44.149608571988665], [-122.96983668164604, 44.1594413961465], [-122.99437959358337, 44.176096095665606], [-123.01796949488572, 44.18693316907112], [-123.04978310270884, 44.194219618089], [-123.07871198529072, 44.2052645210008], [-123.11055589886563, 44.212552778047424], [-123.15865551810721, 44.21451479054098], [-123.18650955567675, 44.212265703768175], [-123.21296819020847, 44.205637086320664], [-123.23670772992705, 44.19496073208274], [-123.30015764460309, 44.14873820056454], [-123.31668470337496, 44.13265894869044], [-123.32782131842384, 44.11434772322757], [-123.3330165964615, 44.094718845415976], [-123.33201731631483, 44.07475150108705], [-123.32487941820527, 44.05544077685661], [-123.31196400887453, 44.03774809498375], [-123.28854872568009, 44.01746726083634], [-123.271473337253, 43.99553630562775], [-123.22791202380729, 43.96292337665826], [-123.20064356303244, 43.95115213066785], [-123.16785921255533, 43.92627882129981], [-123.14434398832624, 43.91547432262917], [-123.11274351307175, 43.90822315641779], [-123.0647728002531, 43.906262533268745], [-123.0370603826571, 43.90849896497709], [-123.01072234746663, 43.915103083188136], [-122.98706664997697, 43.925747090303844], [-122.96459810140516, 43.942905673588704], [-122.91649575340831, 43.942902946804196], [-122.87948678924622, 43.94692205595828], [-122.8375514365523, 43.960899468147765], [-122.813876343805, 43.97154213234584], [-122.79406254254388, 43.985696354512825], [-122.77909757325173, 44.00265885840999], [-122.76972997061416, 44.02158618324795], [-122.76643144422553, 44.04153632866205], [-122.76937242933435, 44.06151542913823], [-122.7784124081386, 44.080527186744156], [-122.79310571596164, 44.09762261983092], [-122.81859843900077, 44.116698825679556], [-122.84094960906447, 44.128611343804195], [-122.86643303773342, 44.13666193850793], [-122.8937743727016, 44.140447704154425], [-122.91514982099721, 44.145826172381184]]]}, "id": "00000000000000001222_1", "properties": {"uc_id": "4772", "unit": "ring"}}, {"type": "Feature", "geometry": {"type": "Polygon", "coordinates": [[[-122.99690489829422, 45.54254705393643], [-123.0093636557849, 45.542547017841294], [-122.99664628539166, 45.53329882045034], [-123.00910060959419, 45.5332988517975], [-122.99638760937135, 45.524046233032976], [-123.008841913337, 45.52404618620039], [-122.99613349798184, 45.5147980100055], [-122.983683655175, 45.51479803384208], [-122.95828905292635, 45.496301684910996], [-122.94584370107235, 45.49630170845307], [-122.93315760668605, 45.487053510786396], [-122.92070775879229, 45.4870534946947], [-122.88269397492599, 45.45931787472066], [-122.8702530536588, 45.45931793081409], [-122.8449432825463, 45.440826023711175], [-122.85738409613313, 45.440826044306185], [-122.8447380368011, 45.4315822987625], [-122.85717900232562, 45.431582263997456], [-122.84453747322812, 45.42233856321212], [-122.85697384888066, 45.42233855987818], [-122.8064656607847, 45.385372613766656], [-122.81890207357058, 45.385372649272774], [-122.78108001378716, 45.35765039600076], [-122.75622047334339, 45.357650392739444], [-122.76881737946597, 45.36688963658857], [-122.75638549883764, 45.36688965159545], [-122.76899128178829, 45.37612890928519], [-122.71925900560673, 45.37612894576643], [-122.7318648534022, 45.385372631219624], [-122.70699647126513, 45.38537264849721], [-122.71960678179771, 45.394611864265016], [-122.70717042958883, 45.39461190695525], [-122.71978071076256, 45.40385560060002], [-122.70734868261904, 45.40385560982], [-122.71996351507684, 45.41309486168171], [-122.70752709727451, 45.41309483372043], [-122.72015079173714, 45.422338591021045], [-122.68283255285671, 45.422338574085146], [-122.67021331362447, 45.41309484419394], [-122.65777690412706, 45.413094868721345], [-122.60737119409167, 45.37612891070983], [-122.58250721828938, 45.37612892304111], [-122.5950953065468, 45.38537259797486], [-122.58266332783609, 45.38537266278426], [-122.59525580227438, 45.394611879948116], [-122.55795097633825, 45.39461186404445], [-122.57054791208202, 45.40385560052316], [-122.54567509710621, 45.4038556130404], [-122.53308253804724, 45.39461187571308], [-122.5206460906407, 45.394611873642845], [-122.53323872872674, 45.40385560790299], [-122.52080667085016, 45.40385564243366], [-122.53340363494375, 45.41309485779869], [-122.49608990988229, 45.41309487348564], [-122.5086913282935, 45.42233861349859], [-122.49625040430371, 45.422338617932276], [-122.50885629790574, 45.431582270469164], [-122.52129721637036, 45.431582323813664], [-122.55915497365153, 45.45931791496205], [-122.5467140976631, 45.45931792154276], [-122.55934228729264, 45.468561633616304], [-122.54689691670055, 45.4685616323813], [-122.55953399342323, 45.477809771592646], [-122.53463884302498, 45.47780978776368], [-122.5220061534721, 45.468561639606875], [-122.49711543669372, 45.468561609172696], [-122.50974808597832, 45.47780982206788], [-122.47240756502909, 45.47780979743757], [-122.4597794005923, 45.46856159909878], [-122.44733854487342, 45.46856163853683], [-122.45996226840336, 45.477809754212956], [-122.43506709004365, 45.477809768125674], [-122.44769973677226, 45.487053524161176], [-122.41035472917798, 45.487053508695205], [-122.39773101467954, 45.4778097947946], [-122.36039055655279, 45.47780978506212], [-122.3982750772947, 45.50554988470638], [-122.38582079900503, 45.505549826149036], [-122.39846238087696, 45.51479805162379], [-122.37355820696794, 45.5147980486586], [-122.38619981850162, 45.52404617962603], [-122.3737500219676, 45.5240462051166], [-122.3863960455863, 45.533298830107086], [-122.373941745197, 45.53329884615579], [-122.38659219442383, 45.542547067549975], [-122.43641379042664, 45.54254702044142], [-122.44907758692572, 45.55179963449716], [-122.46153631619984, 45.55179965368247], [-122.47420462311575, 45.56105226117054], [-122.48666331893973, 45.56105231555228], [-122.49934500386127, 45.57030048619472], [-122.57409744867418, 45.57030048713404], [-122.58679247760705, 45.57955313952689], [-122.61171439564957, 45.57955306356992], [-122.62441390820578, 45.58881018136919], [-122.63687703728765, 45.58881018416416], [-122.6750246468675, 45.61657256526353], [-122.66255703286593, 45.616572563517536], [-122.67528325601275, 45.625825192345204], [-122.65035245224688, 45.6258252039331], [-122.63762623248373, 45.61657259122053], [-122.62515850961752, 45.6165725457739], [-122.6124456792286, 45.60731546362475], [-122.59997808512755, 45.60731548055457], [-122.58726965443559, 45.598062837730154], [-122.54988007709323, 45.598062838812474], [-122.53718046264324, 45.58881018779094], [-122.47487352285899, 45.588810206009875], [-122.48756406946136, 45.59806285279979], [-122.46263766807041, 45.5980628245829], [-122.50074527105359, 45.62582520548476], [-122.48827750758204, 45.62582521817898], [-122.50099487330507, 45.63508229649268], [-122.47605510804821, 45.63508229624009], [-122.48877250386963, 45.64433935434239], [-122.4763048662137, 45.644339399209], [-122.50175738194616, 45.66285356767361], [-122.48928532596601, 45.66285353587743], [-122.50201605817458, 45.67211067409645], [-122.48954394668074, 45.672110669793256], [-122.51502772131506, 45.690629321215695], [-122.52750424645153, 45.690629296242435], [-122.54025729201256, 45.699890896888384], [-122.5901680358723, 45.69989084916953], [-122.57741046188285, 45.69062930707514], [-122.6023592159242, 45.69062930253403], [-122.61512110169804, 45.69989084543197], [-122.62759768905794, 45.69989090883936], [-122.6403685395968, 45.70914793173551], [-122.65284510542351, 45.709147940684474], [-122.64007873721579, 45.69989088814388], [-122.66503192219855, 45.6998908829404], [-122.67780276859575, 45.70914796130813], [-122.69028369399243, 45.709147946317614], [-122.7030635229648, 45.718409519419424], [-122.71554449822133, 45.71840950742939], [-122.70276035110375, 45.709147984851846], [-122.715241370789, 45.709147967768764], [-122.70246155923607, 45.69989088904626], [-122.71494262445663, 45.69989086625685], [-122.70217173549086, 45.69062934371826], [-122.7146437999102, 45.69062931699643], [-122.70188181194374, 45.68137222306761], [-122.71435399677783, 45.68137224641554], [-122.70159197976825, 45.67211068445092], [-122.71406860794484, 45.672110658214606], [-122.70131108644253, 45.66285356965311], [-122.71378319156379, 45.6628535524718], [-122.70103017235441, 45.65359650437073], [-122.71350232376425, 45.653596479032814], [-122.70075812564778, 45.64433937441159], [-122.7132258298482, 45.64433941382254], [-122.70048615268254, 45.63508226496405], [-122.71295380532713, 45.63508232656371], [-122.7002186210865, 45.62582522398998], [-122.71268624722946, 45.62582521859946], [-122.69995554372422, 45.61657259206076], [-122.71241875231154, 45.616572561498636], [-122.69969247234187, 45.60731549874379], [-122.71216009397992, 45.60731550372727], [-122.69943831444131, 45.598062830511886], [-122.72436466296072, 45.59806286203764], [-122.73708646644425, 45.607315467770086], [-122.74955414599374, 45.60731545476504], [-122.77502006889394, 45.62582521743052], [-122.78748770721461, 45.62582521141413], [-122.77474805524136, 45.61657258725519], [-122.7872157425895, 45.61657256924196], [-122.77448043337556, 45.607315450361774], [-122.78694367719075, 45.6073154976106], [-122.77421741709865, 45.59806283327191], [-122.78668053893736, 45.598062842045], [-122.77395429636844, 45.58881021603358], [-122.76149555002353, 45.5888102182865], [-122.73606980121666, 45.57030046185903], [-122.74852845252403, 45.57030046572789], [-122.72312500037893, 45.55179967226639], [-122.73558378801846, 45.551799661626745], [-122.71020256566736, 45.5332988544664], [-122.72265683445289, 45.5332988770091], [-122.69729791840798, 45.51479804191364], [-122.70974776878909, 45.51479806404678], [-122.6970793926991, 45.50554985344434], [-122.72197905954046, 45.50554988114132], [-122.7346517417457, 45.5147980227417], [-122.74710610847147, 45.514798040238105], [-122.7724738802929, 45.53329887354601], [-122.76001968773289, 45.5332988517274], [-122.77271025966637, 45.54254702058022], [-122.7851644610064, 45.54254701347439], [-122.81057250097595, 45.561052312006396], [-122.82303121537551, 45.561052298906425], [-122.83574407949835, 45.57030045534153], [-122.84820283378424, 45.57030045600589], [-122.83548550130791, 45.56105232029627], [-122.8977790767545, 45.56105228205964], [-122.88506169834505, 45.55179965152674], [-122.90997470553611, 45.551799658301704], [-122.9226920686093, 45.56105232301781], [-122.93515083159052, 45.561052293879115], [-122.92243346405355, 45.551799655927944], [-122.93488771763333, 45.551799636366674], [-122.92217482116666, 45.542547052230034], [-122.95954212408029, 45.54254704434105], [-122.97225946865774, 45.5517996427226], [-123.00962668614704, 45.55179966776889], [-122.99690489829422, 45.54254705393643]]]}, "id": "000000000000000012c3_0", "properties": {"uc_id": "4941", "unit": "core"}}, {"type": "Feature", "geometry": {"type": "Polygon", "coordinates": [[[-122.33886557954504, 45.26788055382287], [-122.29172506791171, 45.304748523982994], [-122.24350996562153, 45.317634430181464], [-122.2090663204245, 45.332536667520166], [-122.17837104459333, 45.35105823684559], [-122.15218885567056, 45.372740123787], [-122.13117480778847, 45.397044427920875], [-122.11585780015247, 45.423367463604286], [-122.10662695375461, 45.45105453383005], [-122.10372123554895, 45.47941603751687], [-122.10722265240662, 45.507744531740215], [-122.11705326646533, 45.535332338553175], [-122.1205305593802, 45.5632609163858], [-122.13037684332753, 45.590847682127816], [-122.14632118832616, 45.61700291682599], [-122.17409326817196, 45.64595191310041], [-122.20737180663858, 45.671667995320654], [-122.22525093563642, 45.682299740906686], [-122.23225693238743, 45.70188775491357], [-122.23950601588507, 45.71375923618166], [-122.25263936845592, 45.7415499381316], [-122.27122337126386, 45.76675681868726], [-122.28900823429892, 45.78461159341485], [-122.3353745859287, 45.81977888337793], [-122.36678679731614, 45.83792927393888], [-122.42708447839702, 45.86163861364865], [-122.46507635264419, 45.8720631464539], [-122.50496212280493, 45.87817750960319], [-122.56106403967948, 45.880190370041475], [-122.60512675459603, 45.88744024184461], [-122.62791533641575, 45.89059402216842], [-122.66781646600965, 45.896701885934206], [-122.71556501952377, 45.89838682589057], [-122.75629370831922, 45.8961311480784], [-122.79599556475172, 45.889425472566074], [-122.8336708783919, 45.878438747172495], [-122.86837237145939, 45.863447647595216], [-122.89922952971176, 45.84482942630865], [-122.9254707599258, 45.823052188845985], [-122.94644277866583, 45.798662871425535], [-122.96162673710948, 45.77227325419877], [-122.9695505719234, 45.75304211957376], [-122.99021277996962, 45.73633204459876], [-123.02823842633956, 45.730746272805774], [-123.06837758940212, 45.72645326639373], [-123.1070366221572, 45.7177876003305], [-123.14324271007244, 45.70496754473437], [-123.1760864238116, 45.68831582418162], [-123.20474498610648, 45.66825128854264], [-123.22850309965075, 45.64527813661145], [-123.24677078817236, 45.61997299413711], [-123.25909780864573, 45.592970202740986], [-123.26518430867951, 45.56494571869017], [-123.26570369421827, 45.52180788342618], [-123.26193214154213, 45.49349637238449], [-123.25185352331248, 45.465953875728765], [-123.23572779596327, 45.43986625668102], [-123.2081309363668, 45.41126089133798], [-123.17437227228231, 45.38534963048422], [-123.14310346195089, 45.36729193556975], [-123.08345246857324, 45.33816025803577], [-123.0557019528412, 45.30939280078862], [-123.03545006465058, 45.290389864532884], [-123.01744242403028, 45.272380877042046], [-122.95881174387779, 45.228193542108606], [-122.92762786916745, 45.21013722427584], [-122.8928142460513, 45.19575575323141], [-122.85523522639102, 45.185405205216284], [-122.81582187260013, 45.1793416889004], [-122.75625993065843, 45.1776730758522], [-122.71604600101118, 45.17990783985297], [-122.67682555906772, 45.186565603583496], [-122.63956918150566, 45.19748169347146], [-122.58254648000143, 45.19615160613129], [-122.54231949545128, 45.19838638864683], [-122.50308632029443, 45.2050441616636], [-122.46581784090857, 45.21596025235113], [-122.45341731181946, 45.22133814186804], [-122.40390142540143, 45.234449412712365], [-122.36951162484765, 45.249355514965536], [-122.33886557954504, 45.26788055382287]], [[-122.38554882367342, 45.36852915213823], [-122.37371766375364, 45.38782252285736], [-122.34065211820337, 45.38937563572278], [-122.3132025821802, 45.39464696705292], [-122.28809486329996, 45.40405788456045], [-122.26657675431538, 45.41714123255884], [-122.2497198491803, 45.43324717641241], [-122.23836632196947, 45.4515751440244], [-122.23308657084304, 45.471213295235934], [-122.23414990959897, 45.49118363699026], [-122.24150993720257, 45.51049060170442], [-122.24557109093925, 45.52199789493528], [-122.24849978383075, 45.55277313942381], [-122.25777855792984, 45.571784434511045], [-122.2728590272592, 45.58887903457387], [-122.30560635049828, 45.61243776058953], [-122.34086439781547, 45.62660803330019], [-122.34633583240944, 45.63654166371831], [-122.3497043813158, 45.657806363200145], [-122.35711536431218, 45.67710870386062], [-122.37309245609485, 45.71059575824426], [-122.3882101201801, 45.72769045551326], [-122.43385063457066, 45.76053313306038], [-122.48329472621586, 45.78062199409937], [-122.52306390599806, 45.789076060261955], [-122.58340664801877, 45.78988079207614], [-122.62328250345993, 45.79834340626671], [-122.64607965859942, 45.79913676414716], [-122.66573674960121, 45.80407837903653], [-122.70183178213848, 45.8083940762143], [-122.7441951069779, 45.806150319593], [-122.77140077947783, 45.79952252108523], [-122.79581040599429, 45.788846604199954], [-122.81620436514596, 45.77465683295405], [-122.83156613917451, 45.757662849680955], [-122.8418075861482, 45.73463545823537], [-122.84367963596858, 45.706750734438955], [-122.86762052739618, 45.696262448877285], [-122.89484879079144, 45.67548045257932], [-122.91175939430107, 45.650334691403984], [-122.9226825052562, 45.651040982283924], [-122.96372104676455, 45.64879309331612], [-122.99085020841548, 45.64216531904147], [-123.02968577603345, 45.64021024104553], [-123.05723681348547, 45.63488720237552], [-123.08240440089273, 45.625417195014556], [-123.10393042024165, 45.61227418814928], [-123.1207410418837, 45.59611559028791], [-123.13200041942356, 45.5777490245071], [-123.13715193855379, 45.558091636093465], [-123.13510013261403, 45.51037892595276], [-123.12760791239005, 45.491095647798765], [-123.11420618711057, 45.47345678286069], [-123.08854955567809, 45.452350614863626], [-123.05939946290472, 45.43702284047944], [-123.03896869699562, 45.426331942602836], [-122.9964268256206, 45.40929371417822], [-122.9815440244718, 45.40162824688268], [-122.9755591616097, 45.389455737825344], [-122.96220215437978, 45.37180997588963], [-122.93646027779177, 45.350556605196886], [-122.9195094194985, 45.32969319185045], [-122.86723870381783, 45.291722873273976], [-122.8374813926018, 45.27687282175078], [-122.80441966104617, 45.2695613856175], [-122.7562402332776, 45.26766173429752], [-122.72787096755445, 45.26989782480257], [-122.69612102756254, 45.27860598397064], [-122.66394650481696, 45.29497390352973], [-122.63075367495777, 45.28804290421581], [-122.5825268802871, 45.28614026458787], [-122.55414837665332, 45.28837636909723], [-122.52717693505969, 45.29497986997929], [-122.50295172193721, 45.3056230681203], [-122.4922684933645, 45.306860836045345], [-122.46528896827688, 45.31346577462577], [-122.44105699669245, 45.324110260572546], [-122.40238731767535, 45.352423711194824], [-122.38554882367342, 45.36852915213823]]]}, "id": "000000000000000012c3_1", "properties": {"uc_id": "4941", "unit": "ring"}}, {"type": "Feature", "geometry": {"type": "Polygon", "coordinates": [[[-122.57550642410193, 47.23576577498723], [-122.58821042174445, 47.23576580328151], [-122.57458795171245, 47.22640614310538], [-122.58728743789938, 47.22640611504527], [-122.54645992967892, 47.198340592908465], [-122.55915497582163, 47.19834053964798], [-122.54555916113915, 47.18898537629168], [-122.57094476415834, 47.1889853492118], [-122.5437665630492, 47.17027496946024], [-122.53107604029645, 47.170274966380234], [-122.50392902549999, 47.151569049391], [-122.4785522814115, 47.151569080638566], [-122.46499213556955, 47.14221832730881], [-122.45230592344912, 47.14221830165327], [-122.43875478850273, 47.13286758684503], [-122.40070073480933, 47.1328675823043], [-122.42780323005304, 47.15156902423612], [-122.4151126822085, 47.15156905825185], [-122.4286726998459, 47.16092422486612], [-122.39060533478892, 47.160924231805694], [-122.404169989362, 47.17027495598984], [-122.39147937925885, 47.17027496644743], [-122.40504393719597, 47.17963015576278], [-122.39235335038254, 47.17963016155034], [-122.40592691957906, 47.18898535920311], [-122.39323180243375, 47.1889853916129], [-122.40681421017301, 47.19834056878548], [-122.39411921773599, 47.198340565999644], [-122.40770163838026, 47.20769577599759], [-122.39500649113751, 47.207695743525086], [-122.40859793563965, 47.21705095581873], [-122.39589835686333, 47.21705091953998], [-122.40949409443154, 47.226406136277724], [-122.39679461320918, 47.22640615745418], [-122.41039938414032, 47.23576577346479], [-122.39769536494572, 47.23576582459652], [-122.41130453863813, 47.24512100851468], [-122.38590107424811, 47.24512098172518], [-122.37229637949416, 47.23576581502612], [-122.35959685482308, 47.2357657852747], [-122.34599651778053, 47.22640614149244], [-122.32060196499626, 47.22640610893793], [-122.37501637321495, 47.263840312734544], [-122.36230789211048, 47.263840310750304], [-122.37593056938911, 47.27319996719889], [-122.38863451566041, 47.27319995815], [-122.40226599251457, 47.282559622302635], [-122.44038681786292, 47.28255958995379], [-122.42675529225629, 47.27319995420714], [-122.4521677708523, 47.27319993415626], [-122.46580367674783, 47.28255961523562], [-122.47851212182988, 47.28255958672396], [-122.49215701378172, 47.29192370314974], [-122.50486539697306, 47.29192372204438], [-122.51851918552886, 47.30128339982207], [-122.53122763252676, 47.3012833426961], [-122.51757382347076, 47.29192370328033], [-122.5302822661266, 47.291923738629116], [-122.51663743536425, 47.28255961229317], [-122.52934135945898, 47.282559592834595], [-122.51570101025516, 47.27319998014015], [-122.55382185379835, 47.27319998016763], [-122.54018144426523, 47.26384031315149], [-122.56558944365334, 47.26384029783739], [-122.5519535057287, 47.254480685402164], [-122.57736143229711, 47.25448065507789], [-122.56372998950594, 47.245121006738636], [-122.58913356034479, 47.245120992763], [-122.57550642410193, 47.23576577498723]]]}, "id": "000000000000000012e4_0", "properties": {"uc_id": "4974", "unit": "core"}}, {"type": "Feature", "geometry": {"type": "Polygon", "coordinates": [[[-122.14355595237755, 47.0932903698252], [-122.11928785193123, 47.110395772599354], [-122.09489736359092, 47.13337502916292], [-122.0761112918045, 47.15867781514763], [-122.0634047028571, 47.185675399484865], [-122.0571032300759, 47.21369595819584], [-122.05737411680664, 47.24204113706416], [-122.06422106045818, 47.270003374213275], [-122.077483082293, 47.29688356173608], [-122.09683755415959, 47.32200860634861], [-122.10951216862287, 47.33524228174053], [-122.13843866608272, 47.359500605791936], [-122.15054749793633, 47.372275417160196], [-122.19094882934051, 47.40234084931603], [-122.22328958636903, 47.42049391301704], [-122.28574791058224, 47.4443094717027], [-122.30261655911282, 47.44880663829674], [-122.34257902585307, 47.457372254762205], [-122.36593962739705, 47.46084758203661], [-122.40199985918869, 47.46304651016047], [-122.44113687317618, 47.47346659120911], [-122.4822242687535, 47.47957550036131], [-122.53125490455915, 47.481260457203945], [-122.57319108605469, 47.47900432125611], [-122.6140765863204, 47.47229621242496], [-122.65287386925439, 47.4613060391925], [-122.68859741202378, 47.446314748213936], [-122.72036738715923, 47.4276937604489], [-122.74738694848969, 47.40590961347969], [-122.77808587249615, 47.3715220378559], [-122.80503020653617, 47.3497786139847], [-122.82660192719129, 47.32538963118815], [-122.84223988555264, 47.29895578476659], [-122.85150075929626, 47.27127127728354], [-122.85325300072654, 47.23351061944689], [-122.84838408772102, 47.19583887127686], [-122.8380131636217, 47.16836538859889], [-122.82668478218915, 47.14472062727029], [-122.8131866545537, 47.11790357407828], [-122.79366606028961, 47.092864693437875], [-122.78137054979767, 47.08002606254513], [-122.72746058232082, 47.0408182583787], [-122.69523183196627, 47.02276321923752], [-122.67179753662971, 47.01322886021191], [-122.63996183684381, 46.9979101121642], [-122.60277560257585, 46.98525272035902], [-122.57200219136716, 46.97805300068864], [-122.53760593228269, 46.96656153914848], [-122.49799094520147, 46.95803939825841], [-122.47460901040824, 46.95455636994483], [-122.40076495575744, 46.95289026859541], [-122.3596888599739, 46.95507331044834], [-122.31873225099105, 46.96177606808709], [-122.28025484928767, 46.972687788417836], [-122.24512774666015, 46.98740320943682], [-122.21312041090805, 47.00610604121765], [-122.18613281256097, 47.02778507453703], [-122.16446961561648, 47.05208683050081], [-122.1488163873558, 47.078109976978915], [-122.14355595237755, 47.0932903698252]], [[-122.34362445062588, 47.363292587419515], [-122.37900925554368, 47.37072412752567], [-122.43352406881459, 47.37266300658474], [-122.44715067434063, 47.377171141470505], [-122.48091163687496, 47.38715320607761], [-122.51850923254513, 47.39127205908421], [-122.56072876931704, 47.38902377542639], [-122.60087864971294, 47.377900591210725], [-122.60713809666068, 47.37458033620283], [-122.63486910542765, 47.35752753617454], [-122.65604670597936, 47.331898682162205], [-122.6926711374992, 47.3013599746755], [-122.7138105869773, 47.27575433855467], [-122.72078067722022, 47.25081741891596], [-122.71658348833142, 47.20677636413051], [-122.70269767863542, 47.18005530172607], [-122.69310689252224, 47.15549190466428], [-122.67490634626924, 47.13329659687001], [-122.63786654836223, 47.107023334231386], [-122.60828055535653, 47.09219824243524], [-122.56219967363772, 47.07079018089691], [-122.5279274970223, 47.063470314977216], [-122.49699562624167, 47.05208559572594], [-122.45475489287105, 47.04354077493148], [-122.40073289944704, 47.04287892545434], [-122.37143303405945, 47.045113016970696], [-122.33170730876476, 47.0561097312519], [-122.30332916811945, 47.072658908335946], [-122.28181932793927, 47.093467886600834], [-122.27111537636836, 47.116974646083634], [-122.26094877970012, 47.145047313066165], [-122.23831943699366, 47.15589780421233], [-122.20938711716886, 47.17753410094995], [-122.19428015148586, 47.2008043328914], [-122.1880937357032, 47.22588906110614], [-122.19481275796397, 47.25477218063751], [-122.2121012372061, 47.27733909471842], [-122.24118967202263, 47.29992847285882], [-122.25796046679908, 47.319417297246815], [-122.2923506885523, 47.34310184079599], [-122.34362445062588, 47.363292587419515]]]}, "id": "000000000000000012e4_1", "properties": {"uc_id": "4974", "unit": "ring"}}, {"type": "Feature", "geometry": {"type": "Polygon", "coordinates": [[[-122.44413239599173, 47.32000711641416], [-122.38955748398236, 47.2825596103426], [-122.3768490971502, 47.282559619116896], [-122.36322210732376, 47.273199967243684], [-122.35051804925729, 47.27319996491954], [-122.36414065432932, 47.28255962173821], [-122.32601527339678, 47.28255958654731], [-122.33964240909545, 47.291923722269516], [-122.30151700261855, 47.29192374827867], [-122.31514399952175, 47.301283367765606], [-122.30243559685609, 47.30128334284387], [-122.31607151611058, 47.31064748660914], [-122.2779327810945, 47.31064748215245], [-122.29157320614436, 47.32000714192578], [-122.27885587873017, 47.32000716176082], [-122.29250069195496, 47.32937127916923], [-122.25435754697361, 47.329371265030176], [-122.26800246928472, 47.338735357774034], [-122.25528506337244, 47.338735379618306], [-122.2825970070162, 47.357468024735184], [-122.26987968492101, 47.35746807062634], [-122.28354236592337, 47.36683216616328], [-122.25809879036731, 47.36683216249157], [-122.2717704103761, 47.37620073693377], [-122.24632675142468, 47.37620074227461], [-122.23265964164341, 47.36683217024894], [-122.21993775251335, 47.366832159808425], [-122.206279550805, 47.35746804612851], [-122.19356218453716, 47.35746805056286], [-122.17991295666458, 47.348099482357604], [-122.12904341763743, 47.348099476192], [-122.14268379580281, 47.357468060582455], [-122.12996644744008, 47.35746802850636], [-122.15726949434644, 47.37620071910954], [-122.14454775724745, 47.37620070375788], [-122.1582104330837, 47.38556480346932], [-122.14548860560713, 47.38556483384323], [-122.17282738755995, 47.404301958397305], [-122.1601010919391, 47.4043019492238], [-122.17378162584674, 47.41367051018808], [-122.16105094612386, 47.41367056170292], [-122.18842979573341, 47.43241216704364], [-122.17569903868109, 47.43241213642005], [-122.18939738750562, 47.44178075777651], [-122.12573925530425, 47.44178075310096], [-122.11204539072214, 47.43241217689488], [-122.09931467158925, 47.43241216274342], [-122.12670239905178, 47.451153775468946], [-122.13943317275812, 47.45115376945028], [-122.16685215639724, 47.46989984602974], [-122.15411695733222, 47.46989982625308], [-122.16783314415117, 47.47927287628758], [-122.12961863535341, 47.47927285405602], [-122.14333924852644, 47.48864586006701], [-122.130599659247, 47.48864587951029], [-122.15805882446831, 47.50739639994205], [-122.14531922855815, 47.50739640665777], [-122.15905763908981, 47.51676946384239], [-122.17180175635504, 47.516769411548744], [-122.18554914201799, 47.526146899465694], [-122.19829329276962, 47.52614693386962], [-122.23958008793348, 47.5542794006615], [-122.25232865400679, 47.554279387154196], [-122.26610725257821, 47.563661311039], [-122.25335875075587, 47.563661351725614], [-122.28093384941992, 47.582420768605346], [-122.26818077911754, 47.58242073199324], [-122.28197724073601, 47.59180274479252], [-122.26921968493909, 47.59180272362044], [-122.28302517662078, 47.60118021972812], [-122.27026762778922, 47.60118022255432], [-122.28407749800365, 47.610562184144534], [-122.25856255975543, 47.61056216911156], [-122.27237230557039, 47.61994855923227], [-122.25961481151515, 47.6199485742784], [-122.27343357435394, 47.629330533807675], [-122.26067169377974, 47.6293305341998], [-122.23304307277625, 47.61056215210206], [-122.22028557842279, 47.61056215401376], [-122.20648470752785, 47.60118020621617], [-122.1682166199152, 47.60118021381788], [-122.15442910423342, 47.591802721606676], [-122.14167161774174, 47.59180269373058], [-122.12789306781772, 47.582420783742364], [-122.11513554379944, 47.58242077714077], [-122.08760063036074, 47.56366134767271], [-122.07484749960285, 47.56366134639292], [-122.10238245264445, 47.58242078007838], [-122.08962941022385, 47.58242074501034], [-122.10340805839506, 47.591802691975], [-122.0906506060512, 47.59180272706062], [-122.10443370510423, 47.60118018665608], [-122.07892309074184, 47.60118020318805], [-122.09271070640536, 47.61056213459159], [-122.07994881829788, 47.61056217000258], [-122.09374520687102, 47.61994853055851], [-122.06822571539728, 47.61994855118139], [-122.09582311923506, 47.638712496702674], [-122.08306118645285, 47.63871246795697], [-122.09687098559525, 47.64809886246782], [-122.08410905310697, 47.64809886441387], [-122.0979233640475, 47.65748525590485], [-122.07239505302142, 47.657485267431994], [-122.10004149029938, 47.67625809271997], [-122.08727059363999, 47.676258063590815], [-122.10110274573358, 47.68564451696731], [-122.08833627086481, 47.68564447732014], [-122.10217294723532, 47.69503091988584], [-122.08940197334223, 47.6950308968319], [-122.10324749674363, 47.704417315997574], [-122.11601841451797, 47.70441729997289], [-122.12986836975703, 47.71380822336202], [-122.14264367621844, 47.713808178631076], [-122.17037489730265, 47.732589930634695], [-122.15759504763206, 47.73258992094448], [-122.17147175238044, 47.741980780072865], [-122.15869200462468, 47.74198077281561], [-122.20035337175227, 47.770153381687074], [-122.18756915356256, 47.77015341903205], [-122.20146818937373, 47.77954871559297], [-122.1886884030307, 47.77954874099516], [-122.21650421944341, 47.79833489247169], [-122.2037200070253, 47.79833489274538], [-122.21763684413409, 47.8077302546389], [-122.19205953426798, 47.80773024017327], [-122.17814255525117, 47.79833488530597], [-122.16535834179818, 47.79833490070388], [-122.19319202580733, 47.817130005144136], [-122.18040337945159, 47.81712999770632], [-122.19432911245482, 47.826525320176074], [-122.16874734127131, 47.82652533571984], [-122.182677525153, 47.835920636899836], [-122.16988881169438, 47.83592070551124], [-122.1838234413292, 47.845320455087965], [-122.1710303379784, 47.84532042716807], [-122.18497388719754, 47.85471575713942], [-122.1337923419356, 47.85471575734743], [-122.14773601546041, 47.86411556812893], [-122.134938410078, 47.86411553359965], [-122.14888646243195, 47.87351536684997], [-122.12329117812436, 47.87351538004483], [-122.15120958081049, 47.892319363156695], [-122.16400729825946, 47.89231938236549], [-122.20594062555588, 47.92052320034862], [-122.1931385787964, 47.92052322183428], [-122.20712676594361, 47.92992747473206], [-122.18151367393845, 47.92992745824647], [-122.20951232392248, 47.94873590772863], [-122.19670133057832, 47.94873592137549], [-122.2107073695047, 47.95814017362798], [-122.22352291490921, 47.95814017918455], [-122.23753784036283, 47.96754886916348], [-122.275975276972, 47.96754890033331], [-122.26195586149313, 47.958140139547005], [-122.27476680078428, 47.958140149056], [-122.24674144729822, 47.93933166551122], [-122.25955246410358, 47.93933167800139], [-122.24555081142513, 47.92992741349926], [-122.28397047870159, 47.92992742095341], [-122.25598068872847, 47.911118934957074], [-122.26878269779412, 47.91111893632805], [-122.25479902160609, 47.901719151138735], [-122.26760113035213, 47.901719162985344], [-122.25361732321394, 47.892319381267534], [-122.29202357631605, 47.89231940962297], [-122.30600735793641, 47.90171917302875], [-122.31880939068783, 47.90171919901308], [-122.33280657584777, 47.911118951618995], [-122.34560866234818, 47.911118956317075], [-122.33161591336834, 47.901719133234124], [-122.3444179969494, 47.901719179598864], [-122.33042982337848, 47.89231939343843], [-122.34322740535343, 47.89231938446838], [-122.32924374199621, 47.882915117334576], [-122.3420458452555, 47.88291515319055], [-122.32806655975737, 47.87351535951253], [-122.3536662259599, 47.87351531807493], [-122.33969138885772, 47.86411558304282], [-122.35248902907887, 47.86411556531075], [-122.33851860402383, 47.854715754129145], [-122.36410939590563, 47.854715757221406], [-122.35014792625535, 47.84532046538821], [-122.375734273831, 47.84532046883954], [-122.36177728092012, 47.83592068871225], [-122.38736362745642, 47.83592063364849], [-122.37340664828895, 47.826525334789274], [-122.39898852495428, 47.826525371336935], [-122.38504045297786, 47.81712998239087], [-122.41061788927692, 47.817130016098005], [-122.39667425526264, 47.80773023645593], [-122.40946286425675, 47.807730226253035], [-122.3955193573234, 47.79833491844593], [-122.40830807094183, 47.79833490985081], [-122.39437336175494, 47.78894402068739], [-122.41994179953747, 47.788944032930424], [-122.40601162346566, 47.7795487245882], [-122.41879578716576, 47.77954868567743], [-122.39095314992244, 47.760762510286185], [-122.4037374859157, 47.760762506336285], [-122.38982501580072, 47.75137164238936], [-122.40260484210677, 47.75137166851603], [-122.37479787020914, 47.732589942953595], [-122.38757761336578, 47.73258991481779], [-122.37368310408533, 47.723199057963264], [-122.39923379826482, 47.72319904795953], [-122.38534361585462, 47.7138082056024], [-122.4108942939892, 47.71380821299335], [-122.39700864249326, 47.704417320925295], [-122.42255490115203, 47.70441731018343], [-122.40867364472656, 47.69503093641225], [-122.42144450834503, 47.69503091017651], [-122.40756778552688, 47.6856445148464], [-122.43310956439825, 47.68564447953578], [-122.41923726146162, 47.67625806848212], [-122.4320081768453, 47.67625805838134], [-122.41814480101279, 47.666871662467216], [-122.44367757311791, 47.66687168909938], [-122.42981428825193, 47.65748530658959], [-122.44258067649402, 47.65748525062413], [-122.38720757488846, 47.61994853099696], [-122.36168811487026, 47.619948530050145], [-122.34786493186895, 47.61056211820715], [-122.36062237007665, 47.61056215004298], [-122.34680807423686, 47.60118020599388], [-122.35956112854315, 47.60118022433884], [-122.34575132324058, 47.59180271105862], [-122.37126180829759, 47.59180273156857], [-122.38507614751852, 47.601180221741586], [-122.41058660491775, 47.601180226497455], [-122.39677233250346, 47.59180272800955], [-122.42228289355624, 47.59180270075596], [-122.40846851634063, 47.58242076417919], [-122.4339746563863, 47.58242079611828], [-122.40636387082668, 47.56366131955978], [-122.41911686353676, 47.56366133367529], [-122.405320452964, 47.554279402118155], [-122.41806906669886, 47.554279401699716], [-122.40428145068793, 47.54490187847906], [-122.41702558542235, 47.544901895460356], [-122.40324245027358, 47.535524377888265], [-122.4159910855762, 47.53552441324594], [-122.40221242712904, 47.52614690397727], [-122.4149565092382, 47.526146895932904], [-122.40118240183655, 47.51676945570064], [-122.41392649517948, 47.51676946439046], [-122.37264417605044, 47.48864585982563], [-122.3853837614684, 47.488645896972606], [-122.37163644461938, 47.47927286699364], [-122.38437606978238, 47.47927282676264], [-122.37063310712973, 47.46989984787562], [-122.383368263337, 47.469899819477966], [-122.36963426361196, 47.46052677133168], [-122.40783984858685, 47.46052679752733], [-122.38037620308008, 47.44178073291902], [-122.36764548661743, 47.44178072436932], [-122.35392923106362, 47.43241215295377], [-122.36666002060888, 47.432412178574666], [-122.35294823925489, 47.42303912394367], [-122.36567456600562, 47.42303915791038], [-122.33826888516755, 47.40430198724399], [-122.35099522363001, 47.404301989338336], [-122.33730124646222, 47.39493339975665], [-122.3500275993656, 47.39493341218255], [-122.33633815338156, 47.385564824776765], [-122.34906434219113, 47.38556481998631], [-122.33537938899536, 47.37620074235245], [-122.34810122571923, 47.37620071003581], [-122.3344251997064, 47.36683216864159], [-122.34714705133844, 47.36683214489378], [-122.33347543583227, 47.35746805609897], [-122.34619273249821, 47.35746806836024], [-122.33252567127855, 47.3480994840268], [-122.37068211081615, 47.34809946619566], [-122.35701942263904, 47.33873533541417], [-122.39516699539692, 47.3387353489287], [-122.38150432407309, 47.32937122253854], [-122.43236482746732, 47.32937122560073], [-122.41870661228552, 47.32000714842786], [-122.44413239599173, 47.32000711641416]]]}, "id": "0000000000000000135c_0", "properties": {"uc_id": "5098", "unit": "core"}}, {"type": "Feature", "geometry": {"type": "Polygon", "coordinates": [[[-121.80813024785301, 47.56527292561945], [-121.8090288062291, 47.57942269015272], [-121.80272779754841, 47.60744814380952], [-121.80304902435262, 47.63579308830604], [-121.80889035738556, 47.68762805498533], [-121.81912788801732, 47.71510107091065], [-121.83082990481493, 47.73891416170048], [-121.8442756880819, 47.76577975213286], [-121.86386472160339, 47.79088346498386], [-121.87673885325209, 47.80417103995458], [-121.86768620277626, 47.8190618849839], [-121.85790071356848, 47.847319742146915], [-121.85501997720077, 47.875397781663615], [-121.85863416416898, 47.90343772317622], [-121.86917880117812, 47.93157514366001], [-121.88554232859082, 47.95718594847575], [-121.90866226772312, 47.981722549762495], [-121.93685848905525, 48.003163439996435], [-121.97022486040932, 48.044766688452825], [-121.98161850917701, 48.05676917062519], [-122.01997580608118, 48.08509511088786], [-122.05604251885535, 48.10543131342044], [-122.11947224668121, 48.12929671462879], [-122.15911122253681, 48.13972223314475], [-122.20072735303754, 48.145836512077956], [-122.2760421557949, 48.147526213811844], [-122.31852316175238, 48.14526514776509], [-122.36044176320372, 48.13841033358364], [-122.40020254528956, 48.1272201435027], [-122.43629644093447, 48.112122558266414], [-122.46758315688847, 48.09393514170981], [-122.49493914939832, 48.07215112731739], [-122.51400352327924, 48.050874906722505], [-122.53779055285901, 48.03697052006608], [-122.56498035756066, 48.015110566979104], [-122.58666163389107, 47.99065487534091], [-122.60229849617909, 47.964217105986826], [-122.61157294040919, 47.935748311049174], [-122.62945904667492, 47.92124722945979], [-122.65072866505585, 47.89735210626161], [-122.66650523028697, 47.87095919211644], [-122.68505491469281, 47.81504241912939], [-122.68658314456236, 47.77665177188393], [-122.68266113643575, 47.74901897852929], [-122.69882598960568, 47.72070240536299], [-122.70816943743715, 47.69297162589299], [-122.70974562720448, 47.65475136156158], [-122.70582306549551, 47.62691274056889], [-122.69822396910361, 47.606970004864465], [-122.70076696823018, 47.580146698507995], [-122.69677429812246, 47.551672925051186], [-122.68036816593842, 47.51438811339472], [-122.67640067977509, 47.485957932140394], [-122.67265917639733, 47.4723704831572], [-122.67204227516679, 47.444027782430304], [-122.66576480670398, 47.41854107915861], [-122.68196875582679, 47.40023328209468], [-122.69757281499311, 47.373895715346464], [-122.70686932058685, 47.34616718708362], [-122.709598120979, 47.317792770838714], [-122.70570160372202, 47.28948117785479], [-122.69528740601729, 47.26193842276152], [-122.67862470236426, 47.2358502707953], [-122.65610681455296, 47.2118419727421], [-122.63244739896129, 47.19329529159519], [-122.55977487781159, 47.145354376559546], [-122.52586552117808, 47.12887679582842], [-122.47893206346882, 47.111307284265806], [-122.44002188804967, 47.100956918943126], [-122.39921315112488, 47.0948926777187], [-122.35053964993459, 47.093222646488684], [-122.3091487088358, 47.09543239393094], [-122.26853049001194, 47.10206472459769], [-122.22993920454965, 47.11295579197175], [-122.14510733972217, 47.14664294913385], [-122.10828740634474, 47.16923832450909], [-122.0672580206086, 47.17365325659768], [-122.02759916419637, 47.18241693517889], [-121.99044895988902, 47.19530444638034], [-121.95672858004492, 47.21199697052137], [-121.92727649554372, 47.23208121676291], [-121.90282787063065, 47.25505940833765], [-121.8839962209684, 47.28036135839852], [-121.87125778978859, 47.30735836914684], [-121.8649390600623, 47.3353786400678], [-121.86179517726954, 47.351562783664654], [-121.84584900705205, 47.37797698136657], [-121.8362783786453, 47.40566359836554], [-121.83326333964014, 47.4340249484398], [-121.83688966621712, 47.46235362695376], [-121.84196380667238, 47.47609816118377], [-121.82071770241518, 47.5092904477015], [-121.81114978181881, 47.53694592940397], [-121.80813024785301, 47.56527292561945]], [[-121.96735183080621, 47.42111782117204], [-121.96857073716941, 47.44649982319769], [-121.97901801744646, 47.470893080012466], [-121.99773523954316, 47.490121236816584], [-121.99202938205241, 47.49315728911386], [-121.96278122532556, 47.51493348089284], [-121.947671377511, 47.53814324485798], [-121.94148842394263, 47.56315079433737], [-121.94570010680225, 47.5852635193676], [-121.94090355375424, 47.59444679854144], [-121.93472320161945, 47.61943055561758], [-121.94040222259642, 47.64476275908227], [-121.93973196129406, 47.65167389666633], [-121.94193106246037, 47.67694651078194], [-121.95527861647524, 47.69999815114873], [-121.95884628166021, 47.714498974776646], [-121.97521257605074, 47.74189329555134], [-122.00824101269966, 47.76778314726215], [-122.03432219522999, 47.78130675147482], [-122.03157219534178, 47.796840417951906], [-122.0132728948508, 47.81530740327071], [-121.99529678051343, 47.84810910163348], [-121.98913671546927, 47.8729965502882], [-121.9961359567969, 47.90227820111117], [-122.01360401152546, 47.92462522652346], [-122.05271261571832, 47.953996438748305], [-122.05425272939219, 47.95875585940555], [-122.07903158013633, 47.99136413270023], [-122.1014531278682, 48.012241285273056], [-122.13270439524396, 48.03090479061665], [-122.18559843029136, 48.05008363510534], [-122.22203271801574, 48.05693774098996], [-122.2905490447232, 48.05700787132416], [-122.32690231954639, 48.05037208828124], [-122.3597002179156, 48.0379742466121], [-122.38941919977714, 48.015859999553385], [-122.40436326033779, 47.99273991796058], [-122.44011533900327, 47.97507348083743], [-122.46233359637472, 47.954759306929795], [-122.47642904344548, 47.93141753482033], [-122.48103177773848, 47.90095746700165], [-122.50977126771767, 47.87706533201814], [-122.53126174247495, 47.8563720737052], [-122.54202959563155, 47.832610185465406], [-122.55293301345897, 47.79970712074676], [-122.55197695897351, 47.77021942527929], [-122.54224290805561, 47.74586875170124], [-122.56949177030083, 47.697256751433855], [-122.57640731298025, 47.672436947473734], [-122.57293968901614, 47.63785401988276], [-122.55881532867896, 47.61388216363356], [-122.56136201565245, 47.607714332791886], [-122.56648402410214, 47.58802183348718], [-122.56414461633864, 47.56278329597173], [-122.55068973199663, 47.5397390780505], [-122.5464693533252, 47.50763479003241], [-122.53655575013882, 47.48270047965702], [-122.53995444849198, 47.47153303814368], [-122.53856764918359, 47.446207993755], [-122.52800579569161, 47.42189351286962], [-122.508840284966, 47.402444001190915], [-122.53608127429855, 47.38559863572094], [-122.55938453395724, 47.3638184543817], [-122.57348363580094, 47.340299974203205], [-122.57620257564962, 47.31101613716637], [-122.56658216989129, 47.28648466266218], [-122.54835094246441, 47.26431808503051], [-122.47291468823654, 47.2125879062674], [-122.4344576770943, 47.19731534263346], [-122.39380884201907, 47.185641123083506], [-122.35052886790358, 47.183211305704624], [-122.30800901499121, 47.187966587919135], [-122.24423009046644, 47.21077028277125], [-122.2142762392342, 47.22469053915159], [-122.17094280691401, 47.25811245181261], [-122.12908673159794, 47.25811082147065], [-122.08654131960058, 47.26285069759076], [-122.05339185765406, 47.274701217818084], [-122.02556538605089, 47.2917328821995], [-122.00433510463604, 47.31720696597646], [-121.99718039685031, 47.342164822590114], [-121.99940422780085, 47.37152913575936], [-121.979749832447, 47.393024767699615], [-121.96735183080621, 47.42111782117204]]]}, "id": "0000000000000000135c_1", "properties": {"uc_id": "5098", "unit": "ring"}}, {"type": "Feature", "geometry": {"type": "Polygon", "coordinates": [[[-116.59732789107129, 43.56635816767997], [-116.60951914035007, 43.56635815639454], [-116.59842933908443, 43.55722595132397], [-116.61062056246318, 43.55722594332173], [-116.58844982685929, 43.53896143602979], [-116.5762586897133, 43.53896147899617], [-116.56518229610153, 43.52982920923612], [-116.55299561710052, 43.5298292255042], [-116.56407193698425, 43.538961448107294], [-116.51531613570428, 43.53896148152622], [-116.53746897059995, 43.55722591210262], [-116.525277731672, 43.557225925635684], [-116.53636308184755, 43.56635819024708], [-116.51198072476363, 43.56635817181542], [-116.52306602687369, 43.57549483332619], [-116.51087487255846, 43.57549488438853], [-116.52196468835774, 43.58463154730296], [-116.50976898719247, 43.58463154801573], [-116.5430740343409, 43.61203723342047], [-116.57966985511672, 43.61203721231251], [-116.56855779452994, 43.602900489114276], [-116.61734927510412, 43.60290053182923], [-116.60623717360801, 43.59376379293775], [-116.61843285642688, 43.59376377670553], [-116.60732968695342, 43.584631545849554], [-116.61952534373827, 43.584631533874195], [-116.59732789107129, 43.56635816767997]]]}, "id": "000000000000000013b2_0", "properties": {"uc_id": "5187", "unit": "core"}}, {"type": "Feature", "geometry": {"type": "Polygon", "coordinates": [[[-116.56516371194611, 43.34985189071233], [-116.51403100308531, 43.35208945610292], [-116.47601284162498, 43.35875077675263], [-116.40225227834992, 43.37878515669139], [-116.36893083462877, 43.393688596876274], [-116.3392372421856, 43.41221180919538], [-116.31391135716399, 43.43389552281421], [-116.29358671533822, 43.45820157620069], [-116.27877459068115, 43.48452604569223], [-116.26985085182166, 43.51221404455261], [-116.26131096157592, 43.58628487437999], [-116.26471449101017, 43.614612477207515], [-116.27424378552433, 43.642197821443396], [-116.2896686853404, 43.66835087277447], [-116.31603269058307, 43.696886571829225], [-116.36974917017238, 43.74117852497453], [-116.41652906749931, 43.76701757016077], [-116.46137517943687, 43.78159711251098], [-116.50905742394431, 43.79032646674286], [-116.5797249762387, 43.79201452693056], [-116.61899066381082, 43.78975533327514], [-116.65726617841173, 43.783047217997414], [-116.73126614861783, 43.76291653057405], [-116.76471555385788, 43.747923189212514], [-116.79446004896292, 43.729303602640364], [-116.81975595851021, 43.707525669384765], [-116.83997341545927, 43.683136103361754], [-116.85461192086773, 43.656746476634844], [-116.86331241459337, 43.62901767746956], [-116.86796699630962, 43.58241355153401], [-116.8643274595042, 43.55410147010887], [-116.84557527953973, 43.49915221529266], [-116.82999128161484, 43.473062304194585], [-116.80895433388908, 43.44907542525766], [-116.76076973929314, 43.409522559549416], [-116.71429627315487, 43.38388689587929], [-116.65588633020955, 43.36233229836732], [-116.60860671152062, 43.35306868657314], [-116.56516371194611, 43.34985189071233]], [[-116.38846223528142, 43.60411057036892], [-116.39743770290092, 43.62312120626154], [-116.41202274146026, 43.640214840479], [-116.46474828104719, 43.68193486681138], [-116.48814208032962, 43.69277293986378], [-116.52106847464155, 43.7006063281953], [-116.5796973743092, 43.70202586962484], [-116.60731199716216, 43.69977544268992], [-116.67122209823329, 43.684006203513185], [-116.69475239776355, 43.67332768751315], [-116.71441128074031, 43.659136028497336], [-116.7292188706717, 43.642140793842806], [-116.73843973261617, 43.62319107427002], [-116.74268363487107, 43.59411558400186], [-116.7419461804794, 43.57295972406901], [-116.73530372004541, 43.55357815993572], [-116.73178946078252, 43.53760585378772], [-116.72019627552329, 43.5149423842959], [-116.70813070704315, 43.50154914456618], [-116.66647041568014, 43.46899368361923], [-116.6198596440468, 43.4490556278977], [-116.5938133053233, 43.4422709902838], [-116.5663459811787, 43.439844510721585], [-116.52550684206993, 43.442078530994785], [-116.46171060156131, 43.45780787900468], [-116.43823263214523, 43.46844960741639], [-116.41858356822337, 43.482603111891], [-116.40374273990918, 43.49956511327345], [-116.39445242643778, 43.51849214086713], [-116.38553890412463, 43.58413183746813], [-116.38846223528142, 43.60411057036892]]]}, "id": "000000000000000013b2_1", "properties": {"uc_id": "5187", "unit": "ring"}}, {"type": "Feature", "geometry": {"type": "Polygon", "coordinates": [[[-116.44548658944365, 43.61203720855512], [-116.42109090705584, 43.61203716296178], [-116.40999664730906, 43.60290050959651], [-116.37340529246609, 43.60290048151829], [-116.36231992198232, 43.59376380305864], [-116.3501198358526, 43.5937637785835], [-116.3279670600509, 43.575494885880936], [-116.34016267084317, 43.575494861858346], [-116.32909073801133, 43.566358187115064], [-116.3047038715535, 43.56635815559585], [-116.31577583747782, 43.57549484710123], [-116.2669977576763, 43.57549488526561], [-116.25593472695104, 43.566358151385344], [-116.24374354422936, 43.566358182496934], [-116.25480657680689, 43.57549485496644], [-116.23041972497879, 43.575494835090204], [-116.21935666936187, 43.56635814167125], [-116.2071654838151, 43.56635814043882], [-116.19611145294682, 43.55722592428122], [-116.17172902582156, 43.557225949658715], [-116.16068380741997, 43.54809368141236], [-116.14849266393676, 43.54809368381379], [-116.15953787899501, 43.55722589263141], [-116.14734669860474, 43.5572259065623], [-116.15839632219682, 43.56635815396133], [-116.14620066063875, 43.566358164224916], [-116.16831333378305, 43.5846315546022], [-116.15611768702148, 43.58463157849857], [-116.17824829955723, 43.602900514217225], [-116.16605261251144, 43.60290049335426], [-116.19928182741232, 43.63031505552848], [-116.18708176361096, 43.630315038035775], [-116.20926128664118, 43.64858848156407], [-116.22146587729732, 43.648588460879466], [-116.24366769655035, 43.66687074571994], [-116.25587222566159, 43.666870769884675], [-116.27809643988178, 43.68515307190374], [-116.30251003822976, 43.68515308423171], [-116.29139351039028, 43.67601191785436], [-116.30360251791011, 43.67601189673253], [-116.2924859736672, 43.666870737966235], [-116.30469054167189, 43.66687078315731], [-116.29358284219353, 43.657729589749636], [-116.34240109621061, 43.657729578962275], [-116.35351318761482, 43.666870733740886], [-116.37792230601991, 43.66687078079221], [-116.36681019503446, 43.657729586889154], [-116.44003315613067, 43.65772960068117], [-116.428916623588, 43.64858847289908], [-116.44111672481343, 43.64858847513233], [-116.43000463046545, 43.63945172528759], [-116.46660942340267, 43.63945177400985], [-116.45549735407326, 43.630315053465175], [-116.46769737130826, 43.630315058733046], [-116.44548658944365, 43.61203720855512]]]}, "id": "000000000000000013cf_0", "properties": {"uc_id": "5216", "unit": "core"}}, {"type": "Feature", "geometry": {"type": "Polygon", "coordinates": [[[-116.42930995493215, 43.842483448686046], [-116.47211772742831, 43.835864525958335], [-116.51774094651368, 43.82872721231188], [-116.55408748535466, 43.817733244990556], [-116.58756441920562, 43.802736235494606], [-116.61733224704119, 43.78411337143443], [-116.66034418303462, 43.752462108334534], [-116.68936115493882, 43.71969897089848], [-116.70401115514642, 43.69331008931741], [-116.71271963900675, 43.665581731932186], [-116.71632777407126, 43.628096982123694], [-116.71268536115616, 43.59978490828372], [-116.70293714684682, 43.57224094547055], [-116.69801379359794, 43.56401130146905], [-116.68068818674547, 43.53858503456409], [-116.65400368598304, 43.511271431943996], [-116.60360002054507, 43.47327004694325], [-116.56253995128421, 43.45380608309929], [-116.5174706149287, 43.43979395279279], [-116.49410768414536, 43.43251219938086], [-116.45519960613306, 43.41137146187409], [-116.41039276319589, 43.39677845802288], [-116.3627913550642, 43.38805002598316], [-116.30474063651029, 43.38638083854357], [-116.2759217972388, 43.38722579940151], [-116.21436146234376, 43.372384261477826], [-116.16066559349423, 43.368116362868335], [-116.1095167144938, 43.37035386439906], [-116.07148708608352, 43.37701512810574], [-116.03536346428452, 43.38793530391548], [-116.00204146151464, 43.40284402443554], [-115.97234893907188, 43.42137193946329], [-115.94702572947088, 43.44305966197376], [-115.9267053060577, 43.46736893113507], [-115.91189884271289, 43.49369574327717], [-115.902982072299, 43.52138515291796], [-115.89781802530347, 43.56801186132714], [-115.90122063892744, 43.59633945675535], [-115.91074715034398, 43.62392478061756], [-115.94588500323371, 43.68661928987089], [-115.9877707993257, 43.738099455497256], [-116.03585700944313, 43.777748216932814], [-116.10054161730079, 43.81417710967892], [-116.15127548857399, 43.840081572958944], [-116.19624068437302, 43.85469621075165], [-116.2440558514703, 43.86344405624566], [-116.30254659752416, 43.865130401325395], [-116.34186064520826, 43.862873312077745], [-116.38018374713313, 43.85616721505904], [-116.42930995493215, 43.842483448686046]], [[-116.02493076878405, 43.58583732467109], [-116.05368704527457, 43.64138991569893], [-116.06827644194968, 43.6584835845136], [-116.07466490415096, 43.66880443352912], [-116.08926094357827, 43.68589811178913], [-116.12352083144181, 43.7130717041106], [-116.14544725195681, 43.725227814216346], [-116.17983951642964, 43.74351255221573], [-116.19968197985646, 43.75505469930773], [-116.22310539548731, 43.765891593704104], [-116.2526970926875, 43.77300143544987], [-116.30252829036895, 43.77514174278001], [-116.33017688527521, 43.77289279942548], [-116.35644049030861, 43.76626441366894], [-116.377200460027, 43.75685951439548], [-116.40558045110042, 43.754610538984316], [-116.4324138598404, 43.74772044647731], [-116.4677230800415, 43.74546342490296], [-116.49397194609142, 43.738829456776955], [-116.51752155617793, 43.728148385962974], [-116.56372483386058, 43.695692407061316], [-116.57854314388767, 43.67869794684255], [-116.58777150820387, 43.659748708307085], [-116.59202368704653, 43.63066699231731], [-116.58901345632249, 43.61069492419727], [-116.57996221922741, 43.591703595388665], [-116.5653258888934, 43.57463824947517], [-116.5235952989855, 43.54206564893721], [-116.50023070102297, 43.53126084755187], [-116.43202595062695, 43.51433917087566], [-116.41453938539544, 43.50181831790231], [-116.39266615282686, 43.489689110629335], [-116.36763594996, 43.481377434089055], [-116.35773062782305, 43.47879851490209], [-116.33024647076583, 43.476373429922056], [-116.28822776111797, 43.47771101205742], [-116.25049883705933, 43.47636966549777], [-116.18932364743279, 43.460535491689974], [-116.16067468690355, 43.458105022140714], [-116.12099578225798, 43.46034295489861], [-116.09485452845823, 43.46694859386636], [-116.07137621360397, 43.477594046960746], [-116.05172843884847, 43.49175066737268], [-116.03689047265571, 43.50871502134245], [-116.02760445519291, 43.52764352113784], [-116.02200826836749, 43.56585859610865], [-116.02493076878405, 43.58583732467109]]]}, "id": "000000000000000013cf_1", "properties": {"uc_id": "5216", "unit": "ring"}}, {"type": "Feature", "geometry": {"type": "Polygon", "coordinates": [[[-104.86085806560628, 38.83704894257608], [-104.84920193966099, 38.83704893220549], [-104.8328325517964, 38.81927055217086], [-104.84448416979399, 38.81927053249044], [-104.83630618814921, 38.81037908683511], [-104.85960501164688, 38.810379111931795], [-104.85142704601336, 38.801492107590654], [-104.82812818685908, 38.8014920804537], [-104.81995470828451, 38.79260065051416], [-104.79666034629273, 38.792600659913425], [-104.78849127185578, 38.783713649691855], [-104.77684408914496, 38.78371363571346], [-104.76867952559027, 38.77482662567743], [-104.75703676363453, 38.77482667115019], [-104.76519688759429, 38.783713664110145], [-104.7419026125696, 38.783713669077606], [-104.7337424686973, 38.774826684914686], [-104.7220953012537, 38.77482663879842], [-104.73025545335406, 38.78371365720277], [-104.71860828186261, 38.78371368790955], [-104.73493746019393, 38.80149211757956], [-104.72328584170091, 38.80149212860441], [-104.73145486810407, 38.8103790844385], [-104.71980778414688, 38.81037905891537], [-104.73615480163313, 38.82816194481029], [-104.72450318035891, 38.8281619923717], [-104.73268117161327, 38.83704893914031], [-104.69772181412927, 38.83704899091708], [-104.70589980886633, 38.845940413995656], [-104.68259205580286, 38.84594041733526], [-104.69895701487384, 38.86372332133907], [-104.6873009093055, 38.86372331421844], [-104.69548778199382, 38.87261921478223], [-104.68383167270126, 38.87261920744684], [-104.69202307647214, 38.881510647416796], [-104.68036696325774, 38.881510640134096], [-104.68855836009979, 38.89040210253775], [-104.67690224311023, 38.89040209518289], [-104.68509808178717, 38.89929800219486], [-104.67343751230271, 38.899298018497284], [-104.68983815518817, 38.91708534354976], [-104.67817758128889, 38.91708540262189], [-104.68638229693617, 38.925981275585144], [-104.69804287104455, 38.9259812509596], [-104.72267940094775, 38.95266451724357], [-104.73434441358003, 38.95266452059543], [-104.76725254262534, 38.98825264618004], [-104.77891761534121, 38.98825262860546], [-104.77068608396543, 38.97935669966822], [-104.78235105793956, 38.979356698688036], [-104.7741240635149, 38.97046081566326], [-104.78578902796794, 38.9704608193778], [-104.77756202999736, 38.961560426699776], [-104.80089201068567, 38.961560465308], [-104.79266501738635, 38.95266449549571], [-104.80433003299873, 38.95266453060168], [-104.79610739971106, 38.943768631702525], [-104.8077724052162, 38.94376859366431], [-104.79954985793448, 38.934872695339315], [-104.81121485319427, 38.9348727401343], [-104.80299675522849, 38.92598126850479], [-104.81465728784394, 38.92598126967615], [-104.80644363949186, 38.917085339578215], [-104.81810416180616, 38.917085345403336], [-104.80989496313197, 38.908189478547754], [-104.86819326739952, 38.90818946562073], [-104.83536531869953, 38.87261923739863], [-104.84702139979382, 38.87261924218995], [-104.83882110889968, 38.86372329550258], [-104.87378495750716, 38.863723289045176], [-104.86558915333964, 38.854831868716765], [-104.87724524280672, 38.854831868633866], [-104.86085806560628, 38.83704894257608]]]}, "id": "00000000000000001674_0", "properties": {"uc_id": "5913", "unit": "core"}}, {"type": "Feature", "geometry": {"type": "Polygon", "coordinates": [[[-105.0636602551451, 38.726239558578804], [-105.03590029775049, 38.69336062965478], [-105.0117597849197, 38.67206717660967], [-104.98363876398194, 38.65400115170405], [-104.95223783940045, 38.63961090732514], [-104.88508044399313, 38.62005894872603], [-104.85486970755946, 38.608489900193106], [-104.82026919215906, 38.59997816633701], [-104.80003283219645, 38.59652109758819], [-104.72211112855537, 38.59484932019283], [-104.68591000585162, 38.59708380290906], [-104.65060047342874, 38.603719559826686], [-104.61693911711525, 38.61465689269354], [-104.58594776812922, 38.62956411753205], [-104.55837820400036, 38.64805140552018], [-104.53474300694326, 38.66982065338952], [-104.51592015130754, 38.6940413670663], [-104.49859104634322, 38.72935566277651], [-104.49506374864909, 38.74092277213743], [-104.47615670143988, 38.76523967747122], [-104.46238888429619, 38.79156723973857], [-104.45410243789311, 38.81926234175534], [-104.451715811336, 38.849422211947235], [-104.44475786583638, 38.87271548814143], [-104.44219099728515, 38.901036937765035], [-104.44538896740667, 38.92940489721339], [-104.45894058768651, 38.974691052818635], [-104.47331289562183, 39.000839278863864], [-104.50099763098486, 39.03379418907724], [-104.52515216450362, 39.05516234641758], [-104.54855014021508, 39.070524484134154], [-104.57367849481, 39.089750321770715], [-104.60587986279835, 39.11743335898585], [-104.63410554255364, 39.13557404121559], [-104.66567537336512, 39.15003169823915], [-104.69979800343961, 39.16044309316548], [-104.73561662419827, 39.16654650956277], [-104.77893293310412, 39.16822994724228], [-104.8158721124748, 39.1659288847261], [-104.85113294439557, 39.159275285995264], [-104.88495744170612, 39.14829578090678], [-104.91626280756769, 39.13321590252448], [-104.94383131595443, 39.114705241235605], [-104.96740709670267, 39.092937736021184], [-104.99588779110591, 39.05775095958536], [-105.0330303460057, 39.03454598967589], [-105.05662755007852, 39.012702325283534], [-105.07541949297956, 38.98830454353776], [-105.08902151262969, 38.961909307814054], [-105.09706837369167, 38.93434194303796], [-105.09923560757811, 38.90396845192503], [-105.10594495737898, 38.88096995469755], [-105.1083368761989, 38.852536470089085], [-105.10497043359116, 38.82434385335909], [-105.09587478804794, 38.79668247210827], [-105.08717929628453, 38.77985147155685], [-105.07813632198567, 38.75232011937384], [-105.0636602551451, 38.726239558578804]], [[-104.8241477036254, 38.695922432158056], [-104.8003359779092, 38.68829265306162], [-104.77495200588594, 38.684971099552406], [-104.70270144399063, 38.68611886479417], [-104.67796873713765, 38.691681545866075], [-104.65542792182126, 38.701384128448204], [-104.63619998807178, 38.71474456016035], [-104.62124277488365, 38.731098741314284], [-104.60970107241312, 38.7543867188542], [-104.60354086507581, 38.780776407036555], [-104.59657180484322, 38.78589242790045], [-104.58161031625933, 38.80225252528985], [-104.57167301973897, 38.82079097809123], [-104.56725856665284, 38.84058508048771], [-104.56851593426352, 38.859512111091384], [-104.5624172120242, 38.874196672998934], [-104.55781022938154, 38.89880955419866], [-104.5640749967654, 38.93185137753525], [-104.57111668795363, 38.951181028624475], [-104.5841357293384, 38.969507669953664], [-104.6026758440721, 38.987332281317194], [-104.62227032063238, 39.00025007224921], [-104.63896060277759, 39.01403067008565], [-104.65856632071505, 39.02694477591136], [-104.69052840077657, 39.05566870192965], [-104.71169988882528, 39.067218174415316], [-104.735649466906, 39.07482800917935], [-104.76117996243033, 39.078117590035816], [-104.79868998250133, 39.07692089842663], [-104.82353496897103, 39.071298830528896], [-104.84614833933865, 39.06153303960534], [-104.86931493930754, 39.04451019940527], [-104.88521201487113, 39.02290658635352], [-104.89654524825629, 39.0113051399205], [-104.90834911502311, 38.993564406809334], [-104.9353029687365, 38.98149483255631], [-104.95454154893267, 38.9680808440037], [-104.96946547869877, 38.95168070620483], [-104.97933249630866, 38.93311362150606], [-104.9836541917301, 38.91330635726889], [-104.98224295283407, 38.893572365480495], [-104.99096527038007, 38.867544579041514], [-104.99173720903596, 38.84758148112427], [-104.98680417323551, 38.82798244807486], [-104.97641640166064, 38.80972367464911], [-104.97349309619867, 38.795521368001026], [-104.96641214302771, 38.77620384036279], [-104.9533818163323, 38.75789732996854], [-104.92792796283898, 38.73411113172531], [-104.90685525035029, 38.72256198458495], [-104.84390459956147, 38.70478749035212], [-104.8241477036254, 38.695922432158056]]]}, "id": "00000000000000001674_1", "properties": {"uc_id": "5913", "unit": "ring"}}, {"type": "Feature", "geometry": {"type": "Polygon", "coordinates": [[[-105.18808470666919, 39.80865137605163], [-105.17633053528279, 39.808651428602175], [-105.16778239146295, 39.79971535746223], [-105.15602823152906, 39.79971540629312], [-105.13039728520718, 39.77290727301274], [-105.14214703336499, 39.77290728082178], [-105.13361234579199, 39.76397124473281], [-105.16886148351249, 39.76397123569939], [-105.15179210881215, 39.74610362721237], [-105.16354177327884, 39.74610356464955], [-105.1550115129108, 39.73716753532882], [-105.16676131678885, 39.73716756181436], [-105.158235441809, 39.72823600148979], [-105.16998074438135, 39.72823596612279], [-105.16145497135255, 39.719304372796024], [-105.1732002345158, 39.719304373479844], [-105.14765398698682, 39.69250520413312], [-105.15939487931368, 39.692505220019], [-105.15088687465015, 39.683573636464935], [-105.16262772884298, 39.683573609819234], [-105.15411973633672, 39.67464647429588], [-105.17760130805848, 39.67464648130725], [-105.16909781194602, 39.665714932930946], [-105.15735703409196, 39.66571489110252], [-105.14036335627642, 39.647856232499], [-105.15209971464895, 39.64785625706394], [-105.14360520304267, 39.63892465794402], [-105.15534152411438, 39.63892463893586], [-105.14685585862277, 39.62999755383896], [-105.1585877700188, 39.62999753302726], [-105.12466294079569, 39.59428460806759], [-105.13639479081712, 39.59428458710982], [-105.12792250224298, 39.58536190665454], [-105.13965440598443, 39.585361904759225], [-105.11425538624117, 39.55858052476124], [-105.10252788184354, 39.5585806069277], [-105.0940734864328, 39.54965789059141], [-105.07061864094305, 39.54965786654533], [-105.07907307232394, 39.558580565361254], [-105.05561815297561, 39.55858058357525], [-105.04716369041805, 39.54965790348415], [-105.05889114453294, 39.54965789142744], [-105.04199560647075, 39.53180813186411], [-105.03026821317073, 39.53180815399], [-105.021827109153, 39.522885422429255], [-104.9632077571997, 39.52288547469492], [-104.95477560437459, 39.51396281457098], [-104.91960667780106, 39.5139628313339], [-104.92803884570795, 39.52288548018079], [-104.90458845041096, 39.522885435798656], [-104.9130206243585, 39.53180811806429], [-104.87784720584023, 39.53180812310462], [-104.88627938342539, 39.54073525840152], [-104.86282892664212, 39.5407352071968], [-104.87970665089091, 39.55858052893003], [-104.86797920338103, 39.55858056232031], [-104.87642029792887, 39.56750771799373], [-104.86469282709386, 39.56750769661256], [-104.87313392419023, 39.57643478113683], [-104.86140651924183, 39.57643477041334], [-104.86985207294511, 39.58536189639513], [-104.85812455552278, 39.58536191997597], [-104.866574565786, 39.59428461313111], [-104.85484266012557, 39.59428461122925], [-104.86329712667302, 39.60321174049672], [-104.8398333409023, 39.603211691087054], [-104.84828780336422, 39.61213884788696], [-104.8248195768158, 39.61213878826832], [-104.8163695837555, 39.603211696124625], [-104.7929013275919, 39.603211728033315], [-104.78445581952433, 39.594284606873934], [-104.77272391698553, 39.59428457699084], [-104.781169412375, 39.60321172078908], [-104.75770565243877, 39.60321168725861], [-104.7492600970001, 39.59428458775424], [-104.73752818290819, 39.594284551354875], [-104.74597372204784, 39.60321167259881], [-104.71077801637283, 39.6032116802359], [-104.71922360632416, 39.61213883697009], [-104.70748720941555, 39.61213886781559], [-104.73284618663261, 39.63892467683104], [-104.72110982159083, 39.63892460739178], [-104.76344001892866, 39.683573654989985], [-104.75169919838918, 39.683573659560984], [-104.79411867807313, 39.728235943462344], [-104.78237340530114, 39.728235967724686], [-104.79937150466185, 39.74610356494934], [-104.78762174075504, 39.74610361053424], [-104.79612529698521, 39.75503966973839], [-104.77262580837959, 39.75503963350944], [-104.7981496611082, 39.78184329770546], [-104.78639998919354, 39.78184327807885], [-104.80342924781324, 39.799715394313964], [-104.86219575422898, 39.79971538592744], [-104.87072597944217, 39.80865139348282], [-104.88248017958954, 39.80865140142952], [-104.9080843373661, 39.83546841190677], [-104.89632574276021, 39.835468417845924], [-104.90486939092227, 39.844404461074426], [-104.91662799421033, 39.84440448491087], [-104.93372862561742, 39.862285476774645], [-104.92196555102633, 39.862285443444215], [-104.9305225184832, 39.87122149991697], [-104.9187594132178, 39.87122149839547], [-104.93587791913491, 39.88910697914433], [-104.92411486418638, 39.88910697266401], [-104.93268076974893, 39.8980474542341], [-104.90915011970198, 39.89804745764508], [-104.91771602216993, 39.90698795250566], [-104.90595288324454, 39.90698799160366], [-104.91451888077633, 39.9159284346058], [-104.90275571114093, 39.915928429468494], [-104.91132616985459, 39.92487338633022], [-104.89955860342101, 39.92487344908213], [-104.91671273715279, 39.94275884220351], [-104.92848032529608, 39.94275889978515], [-104.93706402214728, 39.95170382152186], [-104.96060369147176, 39.951703849214624], [-104.9520198889199, 39.942758900132304], [-104.98732262001576, 39.94275884931962], [-104.99591080641204, 39.951703815904835], [-105.00768287403231, 39.951703836814225], [-105.01627553297548, 39.96064881358607], [-105.06335471279755, 39.96064880881568], [-105.0547620559868, 39.95170384535796], [-105.07829713093514, 39.95170385698242], [-105.0697044889844, 39.942758904644236], [-105.0932395785819, 39.9427588481533], [-105.0846469534635, 39.93381390777427], [-105.10818205231917, 39.93381393754475], [-105.06526768259226, 39.88910694139849], [-105.07703078181464, 39.88910696242259], [-105.06846041569626, 39.880162003110556], [-105.09198212351515, 39.880161988851874], [-105.1005570239836, 39.88910699795719], [-105.1358462930619, 39.889106981127654], [-105.1101262370021, 39.86228545959741], [-105.14540667297707, 39.86228545768089], [-105.13683621371342, 39.8533449820815], [-105.14859489818821, 39.85334497922035], [-105.14002900262494, 39.844404473034906], [-105.1517876468808, 39.84440450861577], [-105.14322613658123, 39.83546844878115], [-105.16673900511462, 39.83546845864377], [-105.15817752369234, 39.826527966562004], [-105.16993612016884, 39.82652797280786], [-105.16137911410372, 39.81759191761941], [-105.19664175079093, 39.817591873554335], [-105.18808470666919, 39.80865137605163]], [[-104.97930068926459, 39.63892461154368], [-104.9623560719672, 39.621070385735116], [-104.95061976692178, 39.62107039050483], [-104.94215191495108, 39.61213883352867], [-104.90695173427636, 39.6121387965613], [-104.91541958793003, 39.62107044317683], [-104.90368326043452, 39.6210704182366], [-104.92062334778666, 39.638924624828924], [-104.93235967700402, 39.63892466607596], [-104.9408320007582, 39.64785624337583], [-104.97604553237271, 39.64785623427451], [-104.96756430266146, 39.63892461468142], [-104.97930068926459, 39.63892461154368]]]}, "id": "00000000000000001686_0", "properties": {"uc_id": "5932", "unit": "core"}}, {"type": "Feature", "geometry": {"type": "Polygon", "coordinates": [[[-105.1735692219189, 40.119620313483686], [-105.21984962712163, 40.09537607576495], [-105.27748855455309, 40.058589167769384], [-105.30101414447074, 40.03658460174638], [-105.31970492583903, 40.012014912597856], [-105.33711664928384, 39.980614039451595], [-105.35336772899474, 39.95515054761222], [-105.35687164690968, 39.948463994669], [-105.38902580293271, 39.92049607377961], [-105.40771399753295, 39.895939411995755], [-105.4206082037444, 39.87043405103602], [-105.42890193666432, 39.841630332686606], [-105.430884713674, 39.81323650874756], [-105.42702175187758, 39.78495719525638], [-105.41741648193299, 39.75749769216836], [-105.40557002856943, 39.736863513346805], [-105.40637584631725, 39.70966795826597], [-105.41028284655565, 39.68570163586715], [-105.409593715425, 39.65736044178892], [-105.40311822517712, 39.629456298108565], [-105.39102463252532, 39.60268476977214], [-105.3789246666534, 39.57025423298328], [-105.36943936491546, 39.553700781613465], [-105.36017680501654, 39.526537339597176], [-105.34492944400954, 39.49972593992032], [-105.30072555455888, 39.450452505130706], [-105.27632476900243, 39.42915905066027], [-105.24790095492692, 39.41109285280644], [-105.19595582553471, 39.3877752772308], [-105.15965009640455, 39.377073560508805], [-105.12362898047802, 39.36098732357087], [-105.08937828627133, 39.35063568548951], [-105.05497830417538, 39.34483098087836], [-105.02234729417906, 39.34171990127961], [-104.9864284304138, 39.33565406580384], [-104.91774003389007, 39.33399128850044], [-104.8820704498621, 39.336394277480956], [-104.84637447795414, 39.34316582075977], [-104.8116107436428, 39.35448106494774], [-104.78479089791016, 39.36738181090299], [-104.7550869304542, 39.3794730640387], [-104.72360185348198, 39.396374590558246], [-104.69276380964907, 39.41798254438602], [-104.66328817832371, 39.42366488100071], [-104.6035370190225, 39.44343491342461], [-104.57146574716631, 39.45882810846089], [-104.54372371688429, 39.477533003083934], [-104.52012908088398, 39.49937223510785], [-104.5012720304084, 39.52380335540365], [-104.48429858782517, 39.55916720535132], [-104.47621385040917, 39.58691053496346], [-104.47395527963661, 39.61455850249906], [-104.47740868393059, 39.64359459910058], [-104.48667245689114, 39.671120283486], [-104.51504086789879, 39.72401551435804], [-104.53177952843711, 39.74456005732148], [-104.53862877217747, 39.757611795357946], [-104.54214290377487, 39.78680999925336], [-104.55148935105801, 39.814323014853954], [-104.57960717393397, 39.86636001126423], [-104.61566439124637, 39.90748518389455], [-104.64011514901702, 39.92885948318369], [-104.6665662801909, 39.94586202076938], [-104.6780530086523, 39.984550128245075], [-104.69304881601882, 40.010560835159204], [-104.7285903815422, 40.050564755458545], [-104.75239190062568, 40.07131791937136], [-104.78088927103232, 40.089553203069315], [-104.83314061872726, 40.1130663715765], [-104.86864704593714, 40.123889850496894], [-104.90496752599029, 40.129995781226185], [-104.94782021356772, 40.13282800124014], [-104.98414442642043, 40.138937564575265], [-105.06638856958064, 40.140611144021534], [-105.10342532431339, 40.13799300158059], [-105.13945410999891, 40.130936901368294], [-105.1735692219189, 40.119620313483686]], [[-104.87408310893217, 39.43111917636935], [-104.84225699756895, 39.44667936010268], [-104.83235071693213, 39.44895178695117], [-104.80967164055316, 39.458799897399935], [-104.77531386511261, 39.48124346561515], [-104.75643272748943, 39.504612730902025], [-104.72724666956198, 39.50518668657847], [-104.70188117894423, 39.509162167760884], [-104.67891619837584, 39.51707177686422], [-104.66520632833846, 39.52036462212475], [-104.64250730585856, 39.53021733886732], [-104.62320059450684, 39.54370555191757], [-104.60824802038111, 39.56015885094675], [-104.59839655408373, 39.57875893149316], [-104.59252625005786, 39.599633862217246], [-104.59177357037919, 39.619595743165256], [-104.59679030626403, 39.639188696767675], [-104.60678123752794, 39.65675039102575], [-104.61329038519584, 39.67367386211713], [-104.63783996047576, 39.70376752383079], [-104.6438349843392, 39.71836879561196], [-104.657197483867, 39.73660972338172], [-104.65741527555373, 39.74261035493733], [-104.65668308989902, 39.762572304643314], [-104.66173176959295, 39.78216156174348], [-104.67185677656862, 39.799832011278006], [-104.68052796288923, 39.82034026789292], [-104.70885595780271, 39.852844020584236], [-104.72656150368027, 39.867639906620205], [-104.7481096129689, 39.8790481113818], [-104.77242446996624, 39.88649820552191], [-104.79133583134313, 39.88877941498224], [-104.78974013896891, 39.89181120941007], [-104.78235047631368, 39.920621010099154], [-104.78402459600518, 39.94067055597423], [-104.79346586964934, 39.963370912663216], [-104.82208998504952, 39.99604244991916], [-104.83987379345538, 40.010809294357735], [-104.87257832354261, 40.02625620366733], [-104.89578525814223, 40.03536382897339], [-104.92105712754099, 40.04029683798658], [-104.96439021853278, 40.04138434423921], [-104.98550144901893, 40.047495097827856], [-105.01143928455535, 40.05056119148507], [-105.07402191466129, 40.04972022246731], [-105.09956972604176, 40.045683606809305], [-105.12330580242008, 40.037403598786], [-105.16247688280895, 40.015443911641455], [-105.19672840154833, 39.99290754980572], [-105.21161929776004, 39.97637116244141], [-105.22430935051203, 39.948223021980795], [-105.23313058087881, 39.938428757576496], [-105.24496119477726, 39.920639120438246], [-105.25360241081168, 39.895725233085074], [-105.26566978048868, 39.89032333149029], [-105.28496864393185, 39.876746636323396], [-105.29985376845364, 39.86022057067244], [-105.30958500398921, 39.84157065694824], [-105.31368094257641, 39.82172780410379], [-105.31194219319971, 39.80168164701861], [-105.30446037935407, 39.78243110421729], [-105.28504289236616, 39.75807399621149], [-105.28406010922079, 39.74804556327838], [-105.29006657145733, 39.723538665884035], [-105.28811608664611, 39.7028631547616], [-105.29438966743182, 39.678920037426316], [-105.29269447194396, 39.65887185492029], [-105.28526648334275, 39.63961251937397], [-105.27468828002156, 39.625125894895405], [-105.2736175925837, 39.61427017572227], [-105.26620774846664, 39.59500778694161], [-105.25569284031424, 39.58058055047241], [-105.25462135036233, 39.569683220264544], [-105.2451011464623, 39.54675833111731], [-105.20842027795868, 39.505445257791656], [-105.19078920699113, 39.49066223773487], [-105.14548823844832, 39.46888387476058], [-105.11464581745358, 39.46150346723654], [-105.07499897466859, 39.44298919481489], [-105.06294323880978, 39.43926362171191], [-105.0378970669813, 39.43430860859024], [-105.0051229132285, 39.432899770560304], [-104.98582068358597, 39.42722398462326], [-104.96013437088423, 39.42406929006049], [-104.89901288024289, 39.42538955681625], [-104.87408310893217, 39.43111917636935]]]}, "id": "00000000000000001686_1", "properties": {"uc_id": "5932", "unit": "ring"}}, {"type": "Feature", "geometry": {"type": "Polygon", "coordinates": [[[-105.27872481444446, 40.00090336071613], [-105.25714724572894, 39.978538685756185], [-105.26891924621223, 39.97853873496705], [-105.26029983722906, 39.969593762246674], [-105.236755814701, 39.96959371526017], [-105.24537526586064, 39.97853867570467], [-105.23360321898666, 39.97853871685373], [-105.24222259732919, 39.987483632047095], [-105.218678613737, 39.98748366588616], [-105.22730249102415, 39.99642860722586], [-105.2155260016286, 39.99642859756912], [-105.22415435867185, 40.00537357074245], [-105.21237791260347, 40.005373593956044], [-105.22100619631405, 40.0143229568815], [-105.20922979369266, 40.01432301300324], [-105.21786255696465, 40.02326796706261], [-105.22963903241161, 40.02326797920752], [-105.26421045436732, 40.05906562002933], [-105.27599143264952, 40.059065594842515], [-105.28464656418988, 40.06801501451573], [-105.29642745076167, 40.06801503313319], [-105.2791216929817, 40.05011621383055], [-105.29090264093388, 40.05011619485237], [-105.28225647680247, 40.041166734907236], [-105.29403290968318, 40.04116675352728], [-105.28539122952118, 40.03221738958207], [-105.29716770217135, 40.03221736767453], [-105.28852595110466, 40.02326794938746], [-105.30030246340553, 40.02326796353922], [-105.27872481444446, 40.00090336071613]]]}, "id": "000000000000000016bd_0", "properties": {"uc_id": "5988", "unit": "core"}}, {"type": "Feature", "geometry": {"type": "Polygon", "coordinates": [[[-105.07013964737382, 39.84288009616601], [-105.0261089983548, 39.884576594230744], [-105.00734765115571, 39.90909901024802], [-104.99064880750107, 39.94455699471925], [-104.97638844741189, 39.990255073587065], [-104.9742970357759, 40.01864453465922], [-104.97807078702257, 40.04693196798722], [-104.98762261575315, 40.0744107375787], [-105.00272041860691, 40.10039357122616], [-105.02951823390192, 40.13107414899499], [-105.05405613334321, 40.15244384456366], [-105.07576741441808, 40.16687219482278], [-105.10031829820254, 40.188241861135566], [-105.12839517751189, 40.20601193046534], [-105.18018047308443, 40.22930865926291], [-105.2147565251417, 40.23988229521628], [-105.2518078726554, 40.246190843595016], [-105.30003870887604, 40.24797118872368], [-105.33712565787742, 40.245284085888244], [-105.37318882402873, 40.23816087243114], [-105.40732162722655, 40.226780710751356], [-105.4386671075859, 40.21142971635608], [-105.4664398121479, 40.19249360967734], [-105.48994570098832, 40.17044783299997], [-105.50859954631822, 40.14584540508165], [-105.52193938391315, 40.1193028446701], [-105.52963767333281, 40.09148454159086], [-105.53064137958877, 40.05694938875674], [-105.53514646961716, 40.01977299139089], [-105.53126611571837, 39.99018689113888], [-105.52154141218688, 39.96274615832975], [-105.50630898764386, 39.93681993969249], [-105.48312065179364, 39.90628132348057], [-105.47483708519445, 39.89215503519421], [-105.44787434256631, 39.861455629906544], [-105.42390905169384, 39.84066985917789], [-105.39473076496017, 39.82209928711957], [-105.36280167017334, 39.8077104512013], [-105.32833195730565, 39.79735399751031], [-105.29217674850246, 39.79128656799945], [-105.23344102507394, 39.789634373378654], [-105.1965951743427, 39.79227461571089], [-105.16074408564361, 39.799329710895606], [-105.12677634820811, 39.810624877999416], [-105.09553491294106, 39.825880183554666], [-105.07013964737382, 39.84288009616601]], [[-105.0935945985538, 40.03033472698963], [-105.1011019533005, 40.049585633428556], [-105.11400701517177, 40.06708046899925], [-105.1333994354888, 40.08506651644847], [-105.15342162390206, 40.097875539879006], [-105.18747522543698, 40.127271183735225], [-105.22964436017288, 40.14756551042545], [-105.25410496980723, 40.154919352023605], [-105.28009363486953, 40.15793628420263], [-105.31808592248791, 40.15646610059633], [-105.34321880572864, 40.15058175335618], [-105.36601106803329, 40.14057749640846], [-105.38532409704455, 40.12695366027515], [-105.4001948574462, 40.110391246451755], [-105.40988396786294, 40.0917176007173], [-105.41391218806282, 40.07186481776203], [-105.41208357229237, 40.0518230209336], [-105.417706791868, 40.02717746381078], [-105.41589678123972, 40.00713474050658], [-105.40832915274781, 39.98789875767352], [-105.38284965438194, 39.95744880787836], [-105.37689402229306, 39.94320318679835], [-105.36396791989586, 39.92572762803611], [-105.33685565395957, 39.90138666152579], [-105.31522026771137, 39.890068216523325], [-105.29085681110305, 39.88270970281703], [-105.26497597350587, 39.87967658430817], [-105.22606482754425, 39.88052637526841], [-105.20057860647613, 39.884561126212745], [-105.17688899582836, 39.89282929459203], [-105.15617351130065, 39.904920197469146], [-105.13012047417457, 39.928406610306794], [-105.11309988462791, 39.948106767860075], [-105.09914069179143, 39.98146002599843], [-105.09185490776694, 40.01028834757174], [-105.0935945985538, 40.03033472698963]]]}, "id": "000000000000000016bd_1", "properties": {"uc_id": "5988", "unit": "ring"}}, {"type": "Feature", "geometry": {"type": "Polygon", "coordinates": [[[-123.43910953033743, 48.44809730345904], [-123.452000786228, 48.4480972676722], [-123.43754440106638, 48.438657359356014], [-123.45043114989171, 48.43865739815643], [-123.43598369259891, 48.42922186743706], [-123.44887046585153, 48.429221865393856], [-123.434431932707, 48.41978197828221], [-123.42154514453497, 48.41978199121852], [-123.40711099568483, 48.410346526935264], [-123.38134638874, 48.41034653847273], [-123.36692558004196, 48.400911029729606], [-123.31539624199063, 48.40091104196654], [-123.30098882480335, 48.391475575273304], [-123.28811090249278, 48.391475593564365], [-123.3025183320237, 48.400911050456386], [-123.27675363092403, 48.400911060895595], [-123.2911655320513, 48.41034653243592], [-123.27828314358122, 48.410346546918916], [-123.29269942960389, 48.41978197996042], [-123.279812565191, 48.41978196760737], [-123.29423772046208, 48.42922188752463], [-123.26846420095801, 48.42922187496555], [-123.28289382927353, 48.43865736132474], [-123.27000699123593, 48.43865733660215], [-123.28444110179622, 48.44809728520999], [-123.24577181145754, 48.4480972446138], [-123.28910979101994, 48.47641705044223], [-123.27621407931261, 48.47641706001418], [-123.31961449584371, 48.50474570409837], [-123.33251018082427, 48.504745705657406], [-123.3180360224655, 48.495301321293454], [-123.34382741281016, 48.49530132009866], [-123.32935766831467, 48.48586142159767], [-123.38094049711007, 48.48586141069661], [-123.3954147009144, 48.49530131398698], [-123.40831048225958, 48.49530134786793], [-123.39383621263052, 48.4858613784815], [-123.41962321270574, 48.48586139556981], [-123.40514900087732, 48.47641705273542], [-123.43093603084333, 48.47641702995406], [-123.41647066817357, 48.46697709124684], [-123.46803565338251, 48.4669771009311], [-123.43910953033743, 48.44809730345904]]]}, "id": "00000000000000000005_0", "properties": {"uc_id": "6", "unit": "core"}}, {"type": "Feature", "geometry": {"type": "Polygon", "coordinates": [[[-123.01766332831615, 48.54474981672168], [-123.06062363981171, 48.58600531590092], [-123.12942594258406, 48.63332650682765], [-123.16327983124054, 48.652034751206216], [-123.2003361755623, 48.666505508769866], [-123.24039827215415, 48.67692726833365], [-123.28245780818756, 48.683037321235446], [-123.33609948006955, 48.684707368283114], [-123.37898352268644, 48.68207887376013], [-123.43161223778658, 48.67405690716811], [-123.47395041467547, 48.66938623435248], [-123.51463329765318, 48.66035581413792], [-123.55263638641044, 48.64719331718752], [-123.58700466891081, 48.63023037132142], [-123.63193812324097, 48.61055582289266], [-123.66404845151466, 48.59164485031067], [-123.69123022280235, 48.569618571486565], [-123.71280725832895, 48.54503045941845], [-123.7282466194818, 48.51849751010594], [-123.73717133501813, 48.490684518903784], [-123.7393689625428, 48.462287239581656], [-123.73479585771518, 48.43401487055219], [-123.7235771491095, 48.406572319296416], [-123.7103224823218, 48.38375699355354], [-123.69621788314468, 48.357004025380405], [-123.67596538937148, 48.33205764139244], [-123.66329650282069, 48.31920329223249], [-123.62257568667867, 48.29031809438335], [-123.5895635993052, 48.272265265214244], [-123.52637530952059, 48.248845102939356], [-123.4453366397963, 48.22865364187981], [-123.38188569730364, 48.21973035247684], [-123.33775764749157, 48.21316793838434], [-123.28482598411851, 48.21151154036367], [-123.24233104429909, 48.21409328109607], [-123.20096704982761, 48.22108759993783], [-123.1617567297417, 48.23232167076827], [-123.12707367772056, 48.24692752245945], [-123.09360629734826, 48.26629989364631], [-123.05495322135212, 48.29764738739389], [-123.03320791284672, 48.32212910090718], [-123.01372889355049, 48.35612594895971], [-122.99475635608346, 48.381515946057746], [-122.98202491941088, 48.408572409763636], [-122.97586150625526, 48.43662209525405], [-122.97643064298299, 48.4649659194073], [-122.9837292994512, 48.492896301492124], [-122.997585855255, 48.51971483024722], [-123.01766332831615, 48.54474981672168]], [[-123.43836200491683, 48.32278569830393], [-123.41087589544587, 48.315792838317634], [-123.37474884251485, 48.3114585952036], [-123.35266456736578, 48.30879001661165], [-123.31549574260295, 48.30200491848839], [-123.280293438662, 48.30207120683173], [-123.24299217763493, 48.30662967539921], [-123.20395745083553, 48.32097067977364], [-123.17114224099923, 48.344553873107614], [-123.1522884857844, 48.36645756625778], [-123.14225037588128, 48.39029745662062], [-123.1238480128201, 48.40869379268102], [-123.11275162447981, 48.43284204428674], [-123.11092394560347, 48.458059088291805], [-123.12307507707982, 48.48656199082193], [-123.14455857989115, 48.50741141381838], [-123.16939118948277, 48.53199188549126], [-123.23401772423566, 48.574646004279245], [-123.26771493116009, 48.58742161773002], [-123.30517435806172, 48.59422522591268], [-123.34843144180357, 48.5941150450891], [-123.39137933703319, 48.58585713888364], [-123.4083214079373, 48.585290007092006], [-123.44605409894716, 48.58129610573984], [-123.48113350722245, 48.571278782599514], [-123.5143742950139, 48.551544091971515], [-123.54082209546858, 48.54295280087108], [-123.57406187849507, 48.52320188062049], [-123.59287567759529, 48.501220241972995], [-123.60294861791387, 48.47684894646647], [-123.60045209007166, 48.447321992331766], [-123.58635223325952, 48.42384821921634], [-123.58198399276134, 48.4143706031341], [-123.57131599674669, 48.39059943130237], [-123.54977229387497, 48.36979157974833], [-123.51963248461783, 48.34980886678781], [-123.47834222733395, 48.33380278145126], [-123.43836200491683, 48.32278569830393]]]}, "id": "00000000000000000005_1", "properties": {"uc_id": "6", "unit": "ring"}}, {"type": "Feature", "geometry": {"type": "Polygon", "coordinates": [[[-122.88658682675697, 49.05353618142534], [-122.89957608854677, 49.053536216472246], [-122.88480313778557, 49.04405613063254], [-122.89778804138642, 49.04405610065822], [-122.8535135758015, 49.015615997897584], [-122.82754824202802, 49.01561595639655], [-122.84229890194092, 49.02509603268338], [-122.82931404359691, 49.025096014572455], [-122.81456775118184, 49.01561597576545], [-122.76264157792109, 49.01561600979145], [-122.77738344871307, 49.025096039859434], [-122.76440297054319, 49.02509604185892], [-122.77914920530642, 49.03457609603451], [-122.76616426479191, 49.034576062521666], [-122.78091497195196, 49.04405610555654], [-122.75494515529965, 49.044056092459094], [-122.78446442269626, 49.063016226959704], [-122.77147954676917, 49.06301619712429], [-122.78624809221712, 49.07250074140834], [-122.83820994196701, 49.07250076569795], [-122.82343259134291, 49.063016237779124], [-122.90136863379657, 49.06301622918958], [-122.88658682675697, 49.05353618142534]]]}, "id": "000000000000000001f3_0", "properties": {"uc_id": "508", "unit": "core"}}, {"type": "Feature", "geometry": {"type": "Polygon", "coordinates": [[[-122.89071599976866, 48.83730621863951], [-122.81447394570857, 48.83563866728911], [-122.73910703539576, 48.8368633420058], [-122.69662297830982, 48.84151746270167], [-122.65576978655972, 48.85050266616665], [-122.61755806796631, 48.86359692644841], [-122.58293506007573, 48.88047647128746], [-122.55276163531413, 48.90072356289409], [-122.52779115039085, 48.9238365725337], [-122.50865063328717, 48.94924213159415], [-122.49582477582007, 48.97630909193505], [-122.48289638115489, 49.020020275490786], [-122.48043937926806, 49.04840923743424], [-122.48483593809802, 49.07669755755964], [-122.49598772175187, 49.104178370645116], [-122.51362651243787, 49.13016383996296], [-122.55377427438901, 49.1729653121959], [-122.59345341756864, 49.20088019608592], [-122.62678370361209, 49.219167039380096], [-122.66486160260047, 49.233976692363875], [-122.70532262768768, 49.24447937397439], [-122.74859521901291, 49.25078585906231], [-122.8425546174438, 49.252455659524934], [-122.8859190584869, 49.24975336985028], [-122.9323852093335, 49.24138162611195], [-122.9872405981365, 49.234004244797624], [-123.03122540106817, 49.22168369817445], [-123.06783152575373, 49.20629786995386], [-123.10024675260507, 49.18732829363895], [-123.12766070966619, 49.16525228195281], [-123.14939156342015, 49.140624623122946], [-123.16490278101229, 49.11406335884416], [-123.17381592209999, 49.08623402875356], [-123.17591920420641, 49.05783280728316], [-123.16750480115535, 49.01066555806816], [-123.15605417572093, 48.98324136085379], [-123.13818049923037, 48.957340387154424], [-123.11433751202597, 48.93360629273626], [-123.04444969417735, 48.886566782037136], [-123.01046542767592, 48.86808853287423], [-122.97317503820008, 48.853712777149155], [-122.93458475073201, 48.84370047614182], [-122.89071599976866, 48.83730621863951]], [[-122.74193664269906, 49.1576872755556], [-122.77194202069106, 49.16200092888948], [-122.8546669546861, 49.16184245244784], [-122.90143934772257, 49.15300487679772], [-122.93974925384906, 49.148965818471176], [-122.9753403153334, 49.13886056843574], [-123.00867849412786, 49.11922750467091], [-123.02776767381586, 49.09713630210968], [-123.03793287606442, 49.07264430898523], [-123.03594705798785, 49.043092472338266], [-123.02718235219784, 49.01405601976094], [-123.00557135133104, 48.98836948066341], [-122.94943971489204, 48.95131403262216], [-122.92532070732781, 48.938956941544305], [-122.89763877626301, 48.93041610237075], [-122.86776854643911, 48.92611518904573], [-122.81452076392466, 48.92562732153679], [-122.75454706899426, 48.92622608412823], [-122.71658560180242, 48.93085749566213], [-122.6774684638046, 48.9450959337837], [-122.65135467367885, 48.96378920547914], [-122.6330465411244, 48.98612914473906], [-122.62128557199095, 49.02358376012624], [-122.61852312010365, 49.048886080628805], [-122.62536429531006, 49.07385391500603], [-122.65159442059515, 49.10607111165853], [-122.67428246594002, 49.12663386645249], [-122.71415112563497, 49.14912081539068], [-122.74193664269906, 49.1576872755556]]]}, "id": "000000000000000001f3_1", "properties": {"uc_id": "508", "unit": "ring"}}, {"type": "Feature", "geometry": {"type": "Polygon", "coordinates": [[[-119.24037534644651, 34.17951788378443], [-119.25159894857218, 34.1795178767351], [-119.22100059056076, 34.1447547759039], [-119.1649006359894, 34.14475478534172], [-119.17254354135424, 34.15344551562146], [-119.13888172398696, 34.15344553696838], [-119.14652461770521, 34.162136363330575], [-119.13530113625245, 34.16213628988017], [-119.1582476541066, 34.188213193109505], [-119.14702406844165, 34.18821319713026], [-119.15467586580948, 34.1969039384686], [-119.12100518165013, 34.19690393750143], [-119.13631776843123, 34.21428999643004], [-119.12509423891103, 34.2142899798652], [-119.13275495596832, 34.22298080747725], [-119.1215269024461, 34.22298076925346], [-119.12919214829093, 34.23167601865283], [-119.14042016516753, 34.2316760223766], [-119.14808534031373, 34.240371284956545], [-119.15931337175087, 34.24037124326206], [-119.16698743403705, 34.24906651674744], [-119.17821547566993, 34.24906650435217], [-119.17054136496493, 34.24037129154441], [-119.18176940736618, 34.24037125136665], [-119.17409973625743, 34.231676053355194], [-119.20777930474219, 34.23167602928363], [-119.20011415616527, 34.222980765950986], [-119.22256568296875, 34.22298075633365], [-119.20723535483835, 34.20559472784545], [-119.21845887678643, 34.20559474509557], [-119.21079817747874, 34.196903932446396], [-119.22202169815286, 34.196903921695444], [-119.21436543839967, 34.1882131283529], [-119.23681251970747, 34.188213196100406], [-119.24446878107328, 34.19690397236833], [-119.25569234070201, 34.19690395570006], [-119.24037534644651, 34.17951788378443]]]}, "id": "00000000000000000466_0", "properties": {"uc_id": "1148", "unit": "core"}}, {"type": "Feature", "geometry": {"type": "Polygon", "coordinates": [[[-118.9275265295549, 34.10907412035384], [-118.91979357490267, 34.13003698287916], [-118.90954573810006, 34.1570843404734], [-118.90456866444804, 34.185129624562684], [-118.90394620763533, 34.22543229564557], [-118.90717660714795, 34.254457211053534], [-118.91581781943516, 34.28198049815898], [-118.92960439238941, 34.30803432193175], [-118.95479489667325, 34.33951284418818], [-118.97752530172242, 34.36087526855791], [-119.00405879376174, 34.379010151953196], [-119.07150784409504, 34.41085321659829], [-119.10358426629092, 34.421260482389314], [-119.13725298415038, 34.42736126239902], [-119.18006295850782, 34.42903735822142], [-119.21440330219595, 34.42654593592084], [-119.24694238132508, 34.41980038683031], [-119.27951771656555, 34.408419445401556], [-119.3086578529028, 34.393239546584724], [-119.36519835615134, 34.358271458909265], [-119.4118300907918, 34.32235794291323], [-119.43322687452456, 34.30100234129895], [-119.45126479671306, 34.275961261969414], [-119.46385613908447, 34.249499272904636], [-119.4712419122762, 34.22172799069146], [-119.47324271060944, 34.19334155042459], [-119.46981399318392, 34.16504875875252], [-119.4569259988343, 34.12020477234548], [-119.44305301345236, 34.09419354673194], [-119.3947296284095, 34.03662457031356], [-119.37199579512931, 34.01532836832594], [-119.34551009814079, 33.99726012164708], [-119.31593259468302, 33.98286864351011], [-119.28399893377268, 33.97251121508841], [-119.25050225508477, 33.966444858312926], [-119.16333004743704, 33.96478217033828], [-119.12998691812554, 33.96717009180482], [-119.09590122991295, 33.974096568988436], [-119.03905940534149, 33.99364357213792], [-119.00925609947195, 34.00899718172642], [-118.98340804837856, 34.02769274369632], [-118.96142363061533, 34.049524973564885], [-118.94385254516351, 34.07395111574169], [-118.9275265295549, 34.10907412035384]], [[-119.01429732909305, 34.23841503729208], [-119.02110129014298, 34.25770235238795], [-119.04357759199982, 34.28727243766162], [-119.06063661674494, 34.301590585614726], [-119.11541344440153, 34.32832728434045], [-119.13799299522123, 34.335808347552764], [-119.16202214571095, 34.3389616309374], [-119.18785534177832, 34.33816076726894], [-119.21155216257952, 34.334170239787014], [-119.233582385737, 34.32593380008642], [-119.25284545929824, 34.31386315302574], [-119.27153104673576, 34.30462966595385], [-119.29716602076228, 34.28778291353025], [-119.31209241401432, 34.273274592994476], [-119.33025710170953, 34.261716229182525], [-119.34578692404624, 34.24641762053488], [-119.3568183097472, 34.22865123875342], [-119.36280360494882, 34.209303885557084], [-119.363447770409, 34.189340647652294], [-119.35461151466443, 34.152379447917475], [-119.34475998222729, 34.1341493291809], [-119.3088464490631, 34.09175578968456], [-119.29245443219226, 34.07694626126078], [-119.27250930499815, 34.06551488908766], [-119.25000387588969, 34.05802999715712], [-119.22605717896917, 34.05486358356859], [-119.1457836086293, 34.05616939631727], [-119.09651746929589, 34.070574003022195], [-119.07537182385136, 34.08041571135415], [-119.05738369259032, 34.09389518670435], [-119.04344929039975, 34.1103421134934], [-119.03426443729973, 34.12893818353614], [-119.02827091990275, 34.14960811889752], [-119.01996694004423, 34.16504831964605], [-119.01392993881956, 34.18438404726082], [-119.01284096808763, 34.21836055155739], [-119.01429732909305, 34.23841503729208]]]}, "id": "00000000000000000466_1", "properties": {"uc_id": "1148", "unit": "ring"}}, {"type": "Feature", "geometry": {"type": "Polygon", "coordinates": [[[-119.06896750234158, 34.21428994804971], [-119.0465159678459, 34.21429000853133], [-119.03886413726687, 34.20559471595696], [-119.00518896882276, 34.20559473401981], [-119.01284079220987, 34.214289976745555], [-118.99038920702125, 34.214290003991614], [-118.9980410558255, 34.222980777555115], [-118.9755894451107, 34.2229807712696], [-118.98324131779454, 34.23167600774424], [-118.97201328928283, 34.231676046035744], [-118.97967404409808, 34.240371254923886], [-119.013353647288, 34.24037121798285], [-119.02101882830955, 34.24906647062818], [-119.05470286059857, 34.249066511584836], [-119.04703767770377, 34.24037129664382], [-119.069493662949, 34.24037129743692], [-119.06182851221136, 34.23167604169724], [-119.08428453974628, 34.231675986630705], [-119.06896750234158, 34.21428994804971]]]}, "id": "000000000000000005f9_0", "properties": {"uc_id": "1560", "unit": "core"}}, {"type": "Feature", "geometry": {"type": "Polygon", "coordinates": [[[-118.78003741397093, 34.316677835464006], [-118.80524455005002, 34.34819239160911], [-118.82797448318932, 34.3695568651664], [-118.854508327455, 34.38769413891674], [-118.88418276740335, 34.40214926553545], [-118.9162544620722, 34.41255944739248], [-118.99125993319056, 34.42735843545501], [-119.0564293983504, 34.42903818424044], [-119.08992689064593, 34.42662349482103], [-119.1242074472306, 34.41964715497648], [-119.15511880557649, 34.408740916582815], [-119.21387070564316, 34.37629219672676], [-119.24045757507122, 34.35715489852031], [-119.26241985874522, 34.33525235133157], [-119.27991942022447, 34.310764473208074], [-119.29252211371075, 34.28430447827894], [-119.2999173744241, 34.25653436521773], [-119.30192556751786, 34.22814824195463], [-119.29850197657278, 34.19985490842253], [-119.28995055902072, 34.17302910287581], [-119.2758552685878, 34.14634912155821], [-119.24286031548016, 34.10618265378972], [-119.22011185890581, 34.08488349051212], [-119.193607874716, 34.06681177992766], [-119.16400887468822, 34.05241641587751], [-119.10193030817628, 34.03335680957388], [-119.06841041779889, 34.02728745603941], [-119.00362492725138, 34.02562207318122], [-118.96944280920327, 34.02806719541711], [-118.93692593518303, 34.0347739951485], [-118.90530352468899, 34.045793604633516], [-118.85593915037114, 34.073259607890414], [-118.8211006809178, 34.096292716302116], [-118.7979950117957, 34.11904883583155], [-118.78040713068225, 34.143473815575334], [-118.76404746912671, 34.178667217544785], [-118.75651384190786, 34.20641062653811], [-118.75435442470861, 34.234789133469086], [-118.75754885917597, 34.26240628090712], [-118.76625972939526, 34.290620291302446], [-118.78003741397093, 34.316677835464006]], [[-119.16601636930086, 34.29113202336933], [-119.17993417383141, 34.27465820918182], [-119.1890772620955, 34.25604272936856], [-119.19299263899134, 34.23621454255167], [-119.19148875017824, 34.21616245691006], [-119.18258452743973, 34.193076971763084], [-119.1568751515174, 34.161278979377], [-119.14046668881197, 34.14647169962485], [-119.12050288419239, 34.13504305576894], [-119.06791605100834, 34.1188762976181], [-119.04395315183343, 34.11570463627815], [-118.98606198009735, 34.11700878267393], [-118.95817205021834, 34.124449657992315], [-118.91203394368999, 34.14994695255361], [-118.89402976097128, 34.163425281286884], [-118.8800823511425, 34.17987131512246], [-118.8697832684278, 34.2021495910312], [-118.86728626747106, 34.207205718488545], [-118.86331798079199, 34.22702652951095], [-118.86476657823393, 34.24708140698428], [-118.87156362590515, 34.2663705561253], [-118.88337354269373, 34.28393169210112], [-118.90117777588706, 34.30194970308135], [-118.91966983330529, 34.31481125928673], [-118.94116054636952, 34.323959915746535], [-118.96457655627006, 34.328938401974206], [-118.99196660397915, 34.33579510278536], [-119.01599364545386, 34.338959313185065], [-119.07395621889208, 34.337638203457], [-119.10186704408251, 34.330180797497654], [-119.14801624654592, 34.304641580372035], [-119.16601636930086, 34.29113202336933]]]}, "id": "000000000000000005f9_1", "properties": {"uc_id": "1560", "unit": "ring"}}, {"type": "Feature", "geometry": {"type": "Polygon", "coordinates": [[[-122.58925835047397, 37.97658071975225], [-122.57769146520175, 37.976580674045955], [-122.56845664860163, 37.967729374891974], [-122.54532729444662, 37.96772938766781], [-122.5360969313262, 37.95887807739701], [-122.51297202189245, 37.95887805980254], [-122.50375061535289, 37.95003123529746], [-122.48062128471649, 37.95003119613473], [-122.48984266474824, 37.95887804721987], [-122.47827575979196, 37.95887804374082], [-122.49672753168149, 37.97658069222412], [-122.50829446249044, 37.97658066586459], [-122.52676405508157, 37.99428334035528], [-122.51519270114477, 37.99428331522242], [-122.52443191367021, 38.003134645172395], [-122.51286504889924, 38.003134658718785], [-122.53135696460475, 38.020841713824716], [-122.54292384346955, 38.02084173006993], [-122.53367565721253, 38.01199038733884], [-122.55681839715092, 38.011990418346315], [-122.56606659155528, 38.02084171398525], [-122.57763796892209, 38.02084169469965], [-122.55914161264688, 38.00313459282281], [-122.57070850009485, 38.00313463051631], [-122.56146477606906, 37.994283326365945], [-122.6077368999865, 37.99428332161691], [-122.58925835047397, 37.97658071975225]]]}, "id": "00000000000000000655_0", "properties": {"uc_id": "1656", "unit": "core"}}, {"type": "Feature", "geometry": {"type": "Polygon", "coordinates": [[[-122.51890137330973, 38.200148729279036], [-122.59293492257002, 38.20041611223493], [-122.62873064912986, 38.196271582017616], [-122.66324191300089, 38.18773797757258], [-122.6956018582461, 38.17502979790771], [-122.72499878714862, 38.158466333686505], [-122.75069681547392, 38.138463488461326], [-122.79365857040695, 38.09894696345449], [-122.8185479707063, 38.063690517141204], [-122.82975684566313, 38.0366605729405], [-122.83541442393744, 38.00857740429407], [-122.83538573613735, 37.98014278764034], [-122.829678052046, 37.95206646690416], [-122.81844004896084, 37.925048441038825], [-122.80195748794887, 37.89976157407433], [-122.76531735315753, 37.86211782937922], [-122.74026995597828, 37.84168790177971], [-122.71147369634677, 37.82462124968237], [-122.6588535447435, 37.80249707978904], [-122.56014639504731, 37.77564803590631], [-122.51624284833481, 37.77072926593323], [-122.46559920246851, 37.770445077450255], [-122.43000266984856, 37.774546685427005], [-122.39566070404928, 37.78301845567087], [-122.36342517600202, 37.79565037940633], [-122.33409677881704, 37.8121291888638], [-122.30840543088868, 37.832045976912035], [-122.2869922713388, 37.854906165939006], [-122.27039367546348, 37.880141600255435], [-122.25666352460892, 37.91594565732536], [-122.25081311549796, 37.944003339898636], [-122.2506368935033, 37.972437626067986], [-122.25614579872786, 38.00053880125571], [-122.26720857779064, 38.02760466075252], [-122.28355443632908, 38.052958111998095], [-122.30647218830448, 38.079315207580684], [-122.32533895121445, 38.10532324603608], [-122.35467814957367, 38.135076288332485], [-122.37974091426528, 38.15557075195709], [-122.40860893938722, 38.17269851317141], [-122.44055985455233, 38.18602954528739], [-122.47479243848089, 38.195228936426815], [-122.51890137330973, 38.200148729279036]], [[-122.6157547462394, 38.105083835728884], [-122.63855139839923, 38.09632027688364], [-122.65830264827521, 38.08379151746002], [-122.67402306169875, 38.068123782629335], [-122.69690627416593, 38.05052927349432], [-122.71051643030437, 38.03353693253889], [-122.71907731436579, 38.014032454020935], [-122.72184758684806, 37.99407445417906], [-122.71916214970044, 37.97465933178547], [-122.71085017416873, 37.95566749078938], [-122.69690711479417, 37.938202966690916], [-122.66102478757392, 37.90661889410283], [-122.61757852945517, 37.88662514519958], [-122.53007652163454, 37.862472682467036], [-122.50481548575969, 37.860046498364795], [-122.46730950975964, 37.861222272475025], [-122.44268244547636, 37.86576188342651], [-122.41994001515351, 37.87449733760827], [-122.4002130153938, 37.88699461924854], [-122.39166896557396, 37.8936917721652], [-122.37803233785935, 37.91065797262232], [-122.3691943867079, 37.93065087405239], [-122.36556332513534, 37.94894446375763], [-122.3655619996692, 37.96890985396502], [-122.3711809977393, 37.98837776868274], [-122.38214431738888, 38.00637708689805], [-122.40442856577877, 38.02981139066089], [-122.40961568815135, 38.04163518870546], [-122.4230264634137, 38.058726298709615], [-122.4593993571322, 38.09075295767316], [-122.48089906775996, 38.101585961016575], [-122.50492198717767, 38.10839050868277], [-122.53134964986842, 38.11083037315527], [-122.5910517483766, 38.10964397595485], [-122.6157547462394, 38.105083835728884]]]}, "id": "00000000000000000655_1", "properties": {"uc_id": "1656", "unit": "ring"}}, {"type": "Feature", "geometry": {"type": "Polygon", "coordinates": [[[-117.74005733250898, 33.62392730842566], [-117.72887836336453, 33.623927320044125], [-117.71412320989867, 33.60659028299663], [-117.72529769731321, 33.60659027790374], [-117.7179267472297, 33.59791735364459], [-117.75145028042888, 33.59791735482261], [-117.74407938457749, 33.589248865984715], [-117.75525394768523, 33.58924883860083], [-117.74051655005648, 33.571911899873015], [-117.75168667537949, 33.57191189906609], [-117.72224763814182, 33.53724236279896], [-117.7334177000137, 33.53724236323026], [-117.71871606478481, 33.51990537933136], [-117.7075504899766, 33.5199053889956], [-117.70020183921945, 33.51124138771278], [-117.68903623024403, 33.511241325189715], [-117.66702169174506, 33.48524476614936], [-117.65585607443155, 33.48524479034531], [-117.66319133737319, 33.493908826362706], [-117.65202128484495, 33.493908815783676], [-117.65936099439426, 33.502572833464896], [-117.63702532230342, 33.502572891234635], [-117.644364989824, 33.51124132252479], [-117.65553057333793, 33.511241384026846], [-117.66287471130039, 33.519905374139555], [-117.67404474491376, 33.51990539029191], [-117.68873754903125, 33.53724232618069], [-117.67756749603471, 33.53724239623406], [-117.68492052761889, 33.54590639866888], [-117.65141037548429, 33.54590641542101], [-117.64405728478704, 33.53724238310009], [-117.62171720253289, 33.5372424054747], [-117.63641884085611, 33.554574940283516], [-117.62524881236374, 33.55457493034572], [-117.64732142141774, 33.580580402445456], [-117.63614684573838, 33.58058039083377], [-117.64350883982353, 33.589248880479175], [-117.63233430674173, 33.58924886060305], [-117.63970074707339, 33.597917398605986], [-117.62852625700361, 33.59791737082871], [-117.6358926669312, 33.60659034703565], [-117.62471822002242, 33.60659031149287], [-117.63208907609618, 33.61525884052828], [-117.59856111024469, 33.61525878890565], [-117.62068267897388, 33.641268726570885], [-117.60950375123909, 33.6412687586764], [-117.61688800456466, 33.64994167447241], [-117.60570455461037, 33.64994169788365], [-117.62786629587588, 33.67595606863139], [-117.61668286792077, 33.67595610749492], [-117.62407606341105, 33.68462901254292], [-117.64644290331884, 33.684629028876046], [-117.65383609649759, 33.69330202614863], [-117.68738636189416, 33.69330197252406], [-117.67998876159982, 33.684629018578065], [-117.69116771007005, 33.684629070099994], [-117.68377455568076, 33.6759560693529], [-117.69495345690812, 33.6759560590344], [-117.68756027318652, 33.6672876400858], [-117.7099226813364, 33.66728756881046], [-117.70252946386579, 33.65861465249155], [-117.73607089702432, 33.65861463653066], [-117.74346403389286, 33.66728756570976], [-117.75464301837364, 33.66728761149331], [-117.74724979067607, 33.658614681448725], [-117.75842881497398, 33.658614645171745], [-117.75103564904079, 33.64994170841758], [-117.76221453406188, 33.64994171240505], [-117.74005733250898, 33.62392730842566]]]}, "id": "00000000000000000a2f_0", "properties": {"uc_id": "2671", "unit": "core"}}, {"type": "Feature", "geometry": {"type": "Polygon", "coordinates": [[[-117.44417130919084, 33.42190818826834], [-117.4159321770544, 33.482912581315794], [-117.40820499411565, 33.510607436417914], [-117.40546184598334, 33.5345839039525], [-117.39296501487325, 33.559955523974885], [-117.3848578704957, 33.588613076182185], [-117.38245088089563, 33.616976941251906], [-117.38524024501184, 33.6443046243328], [-117.39095490488319, 33.665382520413786], [-117.3965241241185, 33.69334695854637], [-117.40732247288967, 33.720231772929054], [-117.41825246226198, 33.74626902991716], [-117.42755371815558, 33.762867768171915], [-117.45079416708604, 33.79246062576946], [-117.4733776946456, 33.81382344407897], [-117.49973967213765, 33.83195889553119], [-117.52922110061043, 33.84641212445007], [-117.59082651170522, 33.865490737575065], [-117.62427373653821, 33.87159422297011], [-117.6874219857938, 33.87327928911818], [-117.7210426511811, 33.87105804405376], [-117.75433637569455, 33.86442483509426], [-117.78594900476341, 33.85351220787249], [-117.81160560988157, 33.84044770830746], [-117.85315146601702, 33.82750802063615], [-117.88188724365268, 33.812874985881535], [-117.90860800377513, 33.79376292834048], [-117.9300226170456, 33.772704335892776], [-117.94777582464175, 33.74840028280471], [-117.96821248258472, 33.70475934571572], [-117.9760215956337, 33.67662006737234], [-117.97840163306549, 33.64780839129141], [-117.97544642419918, 33.62037975654348], [-117.97011976280436, 33.601807261754466], [-117.96977747157743, 33.57346281456732], [-117.96460413846677, 33.541999055077596], [-117.95610432706822, 33.51391429079431], [-117.9213890786097, 33.449421259879486], [-117.89121350251129, 33.41180968132247], [-117.86865104792335, 33.39050864046925], [-117.84236267379742, 33.372434879224755], [-117.82613473541547, 33.364344581130034], [-117.79563258925056, 33.34079105680893], [-117.76127136271246, 33.323376714155366], [-117.7482944863244, 33.319133701751596], [-117.71597211037418, 33.31052726628096], [-117.69634493034543, 33.30694027800441], [-117.65586709168758, 33.30526747155073], [-117.62194979806341, 33.30750760397989], [-117.58887370299303, 33.314175320454865], [-117.55745978537344, 33.32510517723789], [-117.52848849416068, 33.340025894884654], [-117.5026806299045, 33.358566978589785], [-117.46182062572446, 33.39758800448327], [-117.44417130919084, 33.42190818826834]], [[-117.73910556405293, 33.41830630716071], [-117.7195148656493, 33.406635197205524], [-117.69731469831396, 33.398879311245665], [-117.67360904230571, 33.39542414964054], [-117.63840923736306, 33.396441603631985], [-117.61524325174844, 33.401880964199094], [-117.58881380758433, 33.41475425910128], [-117.56375822301166, 33.437234136073585], [-117.54820305961002, 33.45241661239364], [-117.53706756774656, 33.4700991709593], [-117.53091909786043, 33.48932924893507], [-117.51826580469242, 33.511547670625916], [-117.51399362877795, 33.53132005386362], [-117.5164743946159, 33.5571431117343], [-117.50958550534824, 33.56515209668665], [-117.4984495802551, 33.58284032953014], [-117.49229804660538, 33.602145775176986], [-117.49144067207065, 33.62210693026394], [-117.49592381919817, 33.64172896640611], [-117.4989609282671, 33.66421094462128], [-117.5069379156836, 33.685922084776024], [-117.51637365606645, 33.70960789541528], [-117.52842897996646, 33.727987283363746], [-117.55189581693759, 33.75166185852941], [-117.57157993075116, 33.76331556360485], [-117.62363922376957, 33.77971591427514], [-117.64745839555036, 33.78313426287757], [-117.70517699403155, 33.78206616510172], [-117.72842521050367, 33.77656782062217], [-117.74962203288489, 33.7669155478289], [-117.76385298335595, 33.75643282662794], [-117.77241383586163, 33.75605380298363], [-117.79565589235163, 33.75055807550544], [-117.816847858573, 33.740908192566565], [-117.8349314557374, 33.72758643904265], [-117.84900488816788, 33.71125834977147], [-117.86591281427596, 33.675409335402904], [-117.87010483433761, 33.65562400210531], [-117.86891816457266, 33.63555770194426], [-117.86089126512995, 33.613867643343674], [-117.86290688705841, 33.592298909579725], [-117.85831028903327, 33.55761279368771], [-117.85183583532704, 33.538260380741676], [-117.83978831431467, 33.51988951229649], [-117.83092470212688, 33.49864918949056], [-117.80680873520446, 33.46793477489605], [-117.78658160924451, 33.44994698386538], [-117.761132459461, 33.437592872339714], [-117.73910556405293, 33.41830630716071]]]}, "id": "00000000000000000a2f_1", "properties": {"uc_id": "2671", "unit": "ring"}}, {"type": "Feature", "geometry": {"type": "Polygon", "coordinates": [[[-117.30429609712746, 33.052386507048546], [-117.31542606454474, 33.05238649254567], [-117.28674508272944, 33.0177928077113], [-117.26448528259995, 33.01779275539498], [-117.27165101451847, 33.02644342654378], [-117.26052112418161, 33.02644342397739], [-117.26768690778069, 33.035089636542196], [-117.24542705930263, 33.03508961911442], [-117.25259732747597, 33.04374031392583], [-117.23033303083037, 33.04374029077132], [-117.23750320735357, 33.052386454643816], [-117.22637331495321, 33.052386493886736], [-117.24072266578044, 33.069687771676335], [-117.22958837510244, 33.06968777123838], [-117.23676745978709, 33.078338454987296], [-117.22563313062156, 33.078338446377025], [-117.24000029719888, 33.09563532795], [-117.25113473118203, 33.095635277123286], [-117.25832273716676, 33.10428597993447], [-117.28059156243361, 33.10428594100981], [-117.25903624901457, 33.07833845834086], [-117.2701706168773, 33.07833847377631], [-117.26298698127871, 33.069687762676], [-117.28525573755954, 33.06968776053646], [-117.29243489810729, 33.07833845657145], [-117.31470369600972, 33.07833842003539], [-117.30752004459374, 33.0696877922799], [-117.31865440557105, 33.06968780824906], [-117.30429609712746, 33.052386507048546]]]}, "id": "00000000000000000aab_0", "properties": {"uc_id": "2799", "unit": "core"}}, {"type": "Feature", "geometry": {"type": "Polygon", "coordinates": [[[-117.01404140049293, 33.02576514857627], [-117.01085176150312, 33.080080168644876], [-117.01382609958213, 33.10840540049532], [-117.02209266426847, 33.13598430116248], [-117.0394137903291, 33.167391668464276], [-117.06790127018523, 33.203478487251836], [-117.09033406945858, 33.22483949743323], [-117.11651907013906, 33.24297295325237], [-117.16410390995838, 33.26607028289999], [-117.19575321454786, 33.276478003991365], [-117.22897347316722, 33.282579642692184], [-117.28061486244569, 33.28426325898331], [-117.31452181578172, 33.282009395585234], [-117.34757670964832, 33.275310555401255], [-117.37894985205723, 33.26433494314303], [-117.40785450481228, 33.24935806751358], [-117.46763362879989, 33.204808306404075], [-117.4895047595706, 33.18304697465339], [-117.50699721386225, 33.158671950603306], [-117.52360367789503, 33.12365274730951], [-117.53115880290571, 33.09593128015815], [-117.53340496611139, 33.06755900765258], [-117.52702119506853, 33.02194263727738], [-117.51863184797679, 32.994392079463644], [-117.50115738895167, 32.96298141440095], [-117.45825138235647, 32.90969244064104], [-117.43581722787839, 32.88839175328401], [-117.4096782839033, 32.87031850156439], [-117.38048601130534, 32.855921714822465], [-117.34896658768169, 32.84555888751381], [-117.31590302832802, 32.839487238780784], [-117.26450855630496, 32.837815437425505], [-117.23077084263878, 32.84005402490975], [-117.19786965812143, 32.84672039168004], [-117.1666217212509, 32.8576491100563], [-117.13780342145813, 32.87256890170952], [-117.07793467122342, 32.91705689169263], [-117.0560433083663, 32.938757143870475], [-117.03848698071, 32.96307773953253], [-117.0217226987335, 32.998069683768726], [-117.01404140049293, 33.02576514857627]], [[-117.11853028553647, 33.07175499870243], [-117.11944437176169, 33.09183099672668], [-117.12854717478534, 33.11684703182607], [-117.15178625323401, 33.147012499426395], [-117.17234717432669, 33.16555114585462], [-117.20534288081123, 33.18258110010514], [-117.22741865689986, 33.190474410134264], [-117.2510392786895, 33.194067784104696], [-117.29729379945056, 33.19318142064847], [-117.32044354998764, 33.18785977831974], [-117.34746305231799, 33.17473164925305], [-117.36831003919727, 33.15573643001436], [-117.37568209336354, 33.15242908412593], [-117.39378837410513, 33.13924557003452], [-117.40794471405879, 33.123025355475924], [-117.42138121119434, 33.09594424148676], [-117.42576160681145, 33.07619170947963], [-117.42155717366293, 33.038838596372976], [-117.41239341643318, 33.013793958457974], [-117.37482725322597, 32.96641263668385], [-117.35904096060415, 32.95130685763497], [-117.33965917228244, 32.93951353090514], [-117.31764683790169, 32.93161906061668], [-117.29409867206456, 32.92801585818723], [-117.24795129292053, 32.928879533914895], [-117.22485911358925, 32.93416915991772], [-117.19780456485283, 32.947299327916326], [-117.17797103180472, 32.965231724945255], [-117.16953137232942, 32.96959104039674], [-117.15143012987222, 32.98274572395335], [-117.13725368110916, 32.99893973032674], [-117.12770969619275, 33.01736731795489], [-117.12084790377652, 33.038891763655556], [-117.11989394934204, 33.05885250492969], [-117.11853028553647, 33.07175499870243]]]}, "id": "00000000000000000aab_1", "properties": {"uc_id": "2799", "unit": "ring"}}, {"type": "Feature", "geometry": {"type": "Polygon", "coordinates": [[[-117.40776952633746, 33.21677567192624], [-117.33559455751792, 33.130242358859626], [-117.34672896008968, 33.13024239428381], [-117.317945410802, 33.09563527764788], [-117.29567222121072, 33.09563533112598], [-117.3028647295481, 33.10428592021057], [-117.29173038436235, 33.10428591726881], [-117.29892285521156, 33.112941112647356], [-117.28778407493078, 33.11294103045216], [-117.29498108246639, 33.12159173502421], [-117.30611991001611, 33.12159174251072], [-117.32051835207218, 33.138893032021265], [-117.30937952147822, 33.138892996027025], [-117.31658543590508, 33.147548121588514], [-117.30544656483058, 33.14754816060918], [-117.31265244206622, 33.156198841511504], [-117.301513620346, 33.15619877520838], [-117.30872403408927, 33.1648539254322], [-117.28644183303936, 33.16485396849836], [-117.29365673700259, 33.17350454243086], [-117.3047955487247, 33.173504559350654], [-117.31201032789261, 33.18215969431846], [-117.32315367449769, 33.182159678081405], [-117.33759670502197, 33.19946993425447], [-117.32645336066248, 33.19946993315454], [-117.33367712905199, 33.20812062306075], [-117.32253383387625, 33.20812059744614], [-117.32975756537923, 33.21677571928891], [-117.34090529736778, 33.21677573125621], [-117.34813356088843, 33.22543080467454], [-117.35928124555984, 33.225430825473836], [-117.36651394823878, 33.23409038336387], [-117.38880499922051, 33.23409039985912], [-117.38157230735133, 33.22543083415258], [-117.39271559281809, 33.22543084389046], [-117.38548295507611, 33.21677568301403], [-117.40776952633746, 33.21677567192624]]]}, "id": "00000000000000000ae9_0", "properties": {"uc_id": "2862", "unit": "core"}}, {"type": "Feature", "geometry": {"type": "Polygon", "coordinates": [[[-117.21764460989755, 33.3698015963025], [-117.27215397036491, 33.395874238570094], [-117.3038503848925, 33.40628214927811], [-117.33712016005316, 33.412383944339524], [-117.38882779570817, 33.414067717880755], [-117.42278534277018, 33.41181390259767], [-117.45588954701559, 33.40511506549428], [-117.48730945583414, 33.39413941613836], [-117.51625714021532, 33.379162471832814], [-117.54200772722643, 33.36056002439817], [-117.58200280551836, 33.322323246638135], [-117.6003675597783, 33.29710856423736], [-117.61306693827561, 33.27073007981599], [-117.6206325345051, 33.24300818848947], [-117.62288018553906, 33.21463578942718], [-117.61987929129862, 33.187413614506], [-117.61167595384971, 33.159834038583206], [-117.59406754987847, 33.12765844799466], [-117.55011473070061, 33.07224838053804], [-117.53272587251895, 33.04097101125096], [-117.48960202993825, 32.98753370531577], [-117.46714785448378, 32.96623321530125], [-117.44098569965065, 32.948160178446635], [-117.41176760177164, 32.93376361250077], [-117.38022037339822, 32.923401000881675], [-117.34712770938678, 32.91732955306566], [-117.29569436108675, 32.91565801305405], [-117.26192701967892, 32.917896739355385], [-117.22899695574934, 32.92456321548339], [-117.19772159121771, 32.93549201393547], [-117.16887798632317, 32.95041185889725], [-117.14318379887521, 32.96895224872939], [-117.12127960004567, 32.99065251622174], [-117.10371296528304, 33.01497311868842], [-117.08299365245786, 33.05862157901024], [-117.07530648620313, 33.086316929622065], [-117.07291812437687, 33.11468107739338], [-117.07414086055105, 33.13713926625581], [-117.07144866013742, 33.16658606397216], [-117.07442400779998, 33.194911437399725], [-117.08269686492635, 33.2224907304093], [-117.09987193586267, 33.25368523229603], [-117.12140338474428, 33.281346283931484], [-117.13587117798534, 33.2969520079261], [-117.15741878433528, 33.32461732677985], [-117.16625967739405, 33.33302612085684], [-117.19020232308046, 33.35311713557765], [-117.21764460989755, 33.3698015963025]], [[-117.24924998567394, 33.014493007387166], [-117.23475156049828, 33.021534060697974], [-117.2166544011091, 33.034703001475634], [-117.20248774398321, 33.050908167539255], [-117.18504430977207, 33.08666568221451], [-117.1803489610196, 33.11246351277003], [-117.18462602413726, 33.1366923063569], [-117.17922153617624, 33.1584067915747], [-117.18017290096215, 33.17848160482788], [-117.18642352375463, 33.19787925689407], [-117.19824304606433, 33.216333226564224], [-117.22130200574605, 33.2400850971214], [-117.24151648964899, 33.26826704842979], [-117.26201009976607, 33.28669105772277], [-117.3136178778048, 33.312462293083996], [-117.33574282936905, 33.32032355879238], [-117.3594060045163, 33.323882631908056], [-117.40571547423424, 33.32296161832839], [-117.42888859720578, 33.31760652238067], [-117.45274933697394, 33.306122017573635], [-117.48711305659116, 33.277560827750015], [-117.50125600061585, 33.26131879407364], [-117.51073222871479, 33.242857151475064], [-117.51507190541032, 33.223097191921454], [-117.51406210355795, 33.20302436069416], [-117.50491595620801, 33.17817862632007], [-117.45183262114769, 33.11246876506157], [-117.44378233122008, 33.09165017302177], [-117.40603930134897, 33.0441755739642], [-117.39021968136886, 33.02908407656983], [-117.370805671932, 33.01730827227585], [-117.34876381711162, 33.009433688607835], [-117.32519028787733, 33.005851744781175], [-117.2789817999984, 33.00674073650261], [-117.24924998567394, 33.014493007387166]]]}, "id": "00000000000000000ae9_1", "properties": {"uc_id": "2862", "unit": "ring"}}, {"type": "Feature", "geometry": {"type": "Polygon", "coordinates": [[[-117.00113516213688, 33.72799830322569], [-116.98995174015369, 33.72799827603024], [-116.98258532196238, 33.719325341830825], [-116.96021403759491, 33.71932530788417], [-116.96758051539324, 33.72799824904111], [-116.92283782266668, 33.72799828280396], [-116.93020424586463, 33.736671192683936], [-116.89664506113846, 33.73667124540807], [-116.90401148654635, 33.74534860435053], [-116.87044784829314, 33.74534863546266], [-116.88518520603488, 33.76269901658428], [-116.9075609427458, 33.762698961431596], [-116.91493633808587, 33.77137635167376], [-116.92612424897334, 33.77137639801457], [-116.94088832889969, 33.78872674967643], [-116.95207613707073, 33.78872677778046], [-116.96685359890817, 33.806081571261885], [-116.97804596792277, 33.806081581709606], [-116.97065281494363, 33.79740418272159], [-116.99303745737758, 33.7974041936429], [-116.98564878068905, 33.78872678483842], [-116.99684105330552, 33.78872678518767], [-116.98945233008725, 33.78004938817224], [-117.01183255454909, 33.780049347040375], [-117.0044483087787, 33.77137636396336], [-117.01564066085459, 33.77137639143643], [-117.00825636911134, 33.76269899921813], [-117.01944429750976, 33.76269895766849], [-117.0120689409768, 33.754021596764986], [-117.02325684604662, 33.75402155474851], [-117.00113516213688, 33.72799830322569]]]}, "id": "00000000000000000fd6_0", "properties": {"uc_id": "4172", "unit": "core"}}, {"type": "Feature", "geometry": {"type": "Polygon", "coordinates": [[[-116.85570162903818, 33.55691944628209], [-116.77177719642505, 33.58519957631294], [-116.74271668360177, 33.60011736569958], [-116.71682847011407, 33.61865578466513], [-116.69524076847013, 33.63987974136955], [-116.6862934797515, 33.65198542442231], [-116.67089433213789, 33.677268332353606], [-116.66046444488329, 33.70425318631037], [-116.65526842327293, 33.73226770075383], [-116.65544098518083, 33.76061327415505], [-116.6609831027329, 33.78858235884411], [-116.67176145416218, 33.815476121687254], [-116.68170731174781, 33.83297217727911], [-116.71174545176916, 33.8705307883686], [-116.73434959436761, 33.89189362651827], [-116.7607356779452, 33.91002908577345], [-116.79024409803306, 33.924482303824426], [-116.8075706044508, 33.93025446366973], [-116.8423495522816, 33.95341672004359], [-116.87187385749282, 33.967868752125646], [-116.90378235533038, 33.97827571982202], [-116.93727465347301, 33.98437633550582], [-116.97805751955646, 33.986058900483826], [-117.0109944904859, 33.98396877629403], [-117.04495232663527, 33.977232560651736], [-117.07607365587818, 33.96661069247185], [-117.1202566381417, 33.94312341623422], [-117.14631258669881, 33.92465227168991], [-117.18729181635607, 33.885640025184834], [-117.20510329160082, 33.86135354677619], [-117.2298311529598, 33.80798080040536], [-117.23744413712913, 33.78025895476446], [-117.23965944848196, 33.75247061073515], [-117.23656553817683, 33.72357212494696], [-117.22810637647079, 33.69602197184679], [-117.21170610007889, 33.66620642313878], [-117.17404848175883, 33.61990217484264], [-117.15143149078766, 33.59860129775942], [-117.12507973231396, 33.58052768652877], [-117.07707987148417, 33.55745302699917], [-117.04530657991691, 33.54709082179106], [-117.01197699464822, 33.54101959564187], [-116.96023783266428, 33.53934798994506], [-116.9262288033503, 33.54158641121954], [-116.85570162903818, 33.55691944628209]], [[-116.80849674461672, 33.67157829911581], [-116.79036620849638, 33.684844673070224], [-116.77621894610324, 33.70112594369309], [-116.76676126234673, 33.71961205150719], [-116.76246712253366, 33.73938268941292], [-116.76355402780489, 33.7594529552706], [-116.77260734632425, 33.783847499338684], [-116.79671765847831, 33.814583958617945], [-116.81277309893846, 33.82960794045301], [-116.83244615826584, 33.841295388716986], [-116.86300891185856, 33.85053916371547], [-116.88057808739173, 33.86283483295912], [-116.89447906952189, 33.873045976680594], [-116.91417511354878, 33.88471834575546], [-116.93650398795361, 33.89246814763677], [-116.9603501199442, 33.895908000117885], [-116.99573755878487, 33.89486267029997], [-117.02188043905863, 33.88809135306986], [-117.06044696639127, 33.867849434429154], [-117.09213993886036, 33.84042793287066], [-117.1062553631704, 33.82411382043485], [-117.12703533489304, 33.77961741794535], [-117.13126776569466, 33.75983728452427], [-117.13011546457615, 33.73976954070499], [-117.12100910112885, 33.715427663441794], [-117.08944316188597, 33.676030658413225], [-117.07338349765698, 33.66103106472693], [-117.03519763282561, 33.640704954005294], [-117.01293499751009, 33.63295366879047], [-116.98916409702453, 33.62950338087156], [-116.94269464391463, 33.63052556318361], [-116.91657176571827, 33.63728022770981], [-116.89887948252732, 33.64024568739143], [-116.8297073381902, 33.66198654437106], [-116.80849674461672, 33.67157829911581]]]}, "id": "00000000000000000fd6_1", "properties": {"uc_id": "4172", "unit": "ring"}}, {"type": "Feature", "geometry": {"type": "Polygon", "coordinates": [[[-116.54509852684411, 33.82343636866794], [-116.55629531515764, 33.82343641308538], [-116.5415579433471, 33.80608155789881], [-116.55275031405002, 33.80608157091983], [-116.54538833781548, 33.79740414613334], [-116.55658070206158, 33.79740414670512], [-116.54186116948146, 33.78004933040204], [-116.5306733099726, 33.780049343645004], [-116.53803080634412, 33.78872674007647], [-116.526838440489, 33.78872674955414], [-116.5341959691572, 33.797404143850684], [-116.50062344030769, 33.79740417937206], [-116.50798540326673, 33.80608155801415], [-116.48560073653996, 33.806081577323205], [-116.4929626353215, 33.81475896052882], [-116.50415501880838, 33.81475899305945], [-116.51888784802463, 33.83211380738096], [-116.50769554535967, 33.83211381098947], [-116.51506646530795, 33.84079564779016], [-116.50386965709058, 33.84079564831191], [-116.52600458084689, 33.86683234408314], [-116.55959501769361, 33.866832397331926], [-116.55221076060636, 33.858150520705365], [-116.56340756220231, 33.858150522881424], [-116.55602774773814, 33.8494730752516], [-116.56722454304952, 33.849473066320414], [-116.54509852684411, 33.82343636866794]]]}, "id": "0000000000000000106c_0", "properties": {"uc_id": "4325", "unit": "core"}}, {"type": "Feature", "geometry": {"type": "Polygon", "coordinates": [[[-116.75365683906395, 33.947152838634786], [-116.7740296268918, 33.90343227110141], [-116.78165098640353, 33.87571040022194], [-116.78391522585393, 33.8473380050931], [-116.78084253645785, 33.8196668672077], [-116.772886464512, 33.792990160317466], [-116.77007569255441, 33.767660209298164], [-116.7615340848333, 33.73940505202281], [-116.74481458990006, 33.709182468710345], [-116.71487849151454, 33.671952325863465], [-116.69224763486368, 33.65065159034643], [-116.66587980398182, 33.6325781338224], [-116.63643213517649, 33.61818092919019], [-116.60463708572146, 33.60781742657617], [-116.57128440754158, 33.60174481938387], [-116.53068473196815, 33.6000720248663], [-116.4966519256439, 33.60231205742604], [-116.46430225720326, 33.60881111793062], [-116.43194202706279, 33.61990915486638], [-116.41813873209097, 33.62699521292134], [-116.3577700644387, 33.66085588605094], [-116.3318647133558, 33.67939539876822], [-116.30977991071866, 33.70109480477024], [-116.29206776924516, 33.72541464068374], [-116.27917283909905, 33.75174981802556], [-116.27142077507922, 33.779444532690704], [-116.2690693265566, 33.80710883623596], [-116.27200547451922, 33.83613398752875], [-116.28033816693872, 33.863713643729504], [-116.31499385621134, 33.92852063495094], [-116.35234494217775, 33.97465502896166], [-116.37497504002043, 33.996019105462544], [-116.40139200707794, 34.0141559897513], [-116.4309354635861, 34.028610775288534], [-116.4628653863254, 34.03902070067803], [-116.49638083717845, 34.04512440061317], [-116.55963008490019, 34.046809714011154], [-116.59383877437024, 34.044554204049575], [-116.62643892416165, 34.03800399622555], [-116.65883870046643, 34.02687588060297], [-116.68799891521427, 34.011896952250694], [-116.71393777318443, 33.99329260319157], [-116.73600705781303, 33.97152942380423], [-116.75365683906395, 33.947152838634786]], [[-116.4984296018552, 33.69469260857671], [-116.47646806061299, 33.70276397101417], [-116.45720113814806, 33.714684671542884], [-116.42367922899805, 33.73226862092143], [-116.40552267300428, 33.745522496380346], [-116.3913491862656, 33.761794008157445], [-116.38186637844319, 33.78027358733512], [-116.3775494703681, 33.80004125653468], [-116.37861710627512, 33.82011226521748], [-116.38501977380248, 33.83948606507869], [-116.39644154238175, 33.857196206214724], [-116.40327416661545, 33.87425486137347], [-116.4153015395554, 33.89265736027604], [-116.43742285206751, 33.91870985562731], [-116.45349603679783, 33.93373520431322], [-116.47319169035329, 33.94542431628351], [-116.49552690407262, 33.953193093337624], [-116.51938578677876, 33.95665320271456], [-116.57717658688541, 33.955630267689884], [-116.60048725178353, 33.95017622626248], [-116.62175380739797, 33.94056433444849], [-116.63991422375707, 33.927274989719606], [-116.65406285583612, 33.910972122300336], [-116.67109812204336, 33.87512710851743], [-116.67535130233506, 33.855349345884456], [-116.67421396056177, 33.83528096241207], [-116.66347569190317, 33.808724209341], [-116.66463677583289, 33.803342294000316], [-116.66351678693465, 33.78327326356432], [-116.6543826096757, 33.75881055758213], [-116.63030343029793, 33.72817659430373], [-116.61425729722508, 33.71315977013412], [-116.59461096790916, 33.70147542689357], [-116.57234248826059, 33.69370450141962], [-116.54855921019818, 33.690233229803546], [-116.52199357946118, 33.69087176848596], [-116.4984296018552, 33.69469260857671]]]}, "id": "0000000000000000106c_1", "properties": {"uc_id": "4325", "unit": "ring"}}, {"type": "Feature", "geometry": {"type": "Polygon", "coordinates": [[[-116.47411404970282, 33.832113837748864], [-116.48530643940045, 33.832113819877186], [-116.47057796401549, 33.81475902928958], [-116.48177034332312, 33.814758985101655], [-116.4449961108123, 33.77137635768056], [-116.4338037750163, 33.77137639849786], [-116.41178024947925, 33.74534864523386], [-116.42296813824157, 33.74534860949948], [-116.39364510474353, 33.71065232177416], [-116.40482853756019, 33.710652340505426], [-116.39750665391338, 33.70197491976463], [-116.40869008461492, 33.70197492022157], [-116.40136832032623, 33.69330200876298], [-116.41255174875812, 33.69330199080534], [-116.40523433662341, 33.68462905069869], [-116.37168404694683, 33.68462906446742], [-116.3790014123477, 33.693302005916216], [-116.36781802536797, 33.69330196489452], [-116.37513983275792, 33.701974938118994], [-116.36395644480778, 33.70197495734963], [-116.3712782806527, 33.7106523822167], [-116.30417327561514, 33.71065235059628], [-116.31149062794007, 33.71932534236977], [-116.32267853434662, 33.71932531707815], [-116.33000037008088, 33.727998237607], [-116.34118822699253, 33.7279982653851], [-116.37785989580543, 33.77137638507046], [-116.38904776464757, 33.77137639450585], [-116.39639638728727, 33.78004933508013], [-116.40758428316764, 33.780049367019075], [-116.41493287125235, 33.78872672560335], [-116.42612520315507, 33.788726794710065], [-116.43347825662852, 33.797404203802195], [-116.4446661058018, 33.79740413666668], [-116.45938567871329, 33.81475897263397], [-116.44819330860167, 33.81475901518242], [-116.45555530582932, 33.82343641292197], [-116.43316615475855, 33.823436373571994], [-116.4405325849473, 33.83211376798068], [-116.45172487033376, 33.832113854674155], [-116.46646227677114, 33.84947305802074], [-116.48885580554382, 33.84947311954585], [-116.47411404970282, 33.832113837748864]]]}, "id": "000000000000000010b5_0", "properties": {"uc_id": "4401", "unit": "core"}}, {"type": "Feature", "geometry": {"type": "Polygon", "coordinates": [[[-116.28958051841302, 33.96131338497484], [-116.3418846036173, 33.99680223891733], [-116.37142296178997, 34.01125570465555], [-116.40334702963065, 34.02166420883027], [-116.43685601815427, 34.0277664227825], [-116.48887872609636, 34.02945043757094], [-116.52308056865986, 34.02719651851227], [-116.55642280763288, 34.0204973706701], [-116.58806840516407, 34.009521235006], [-116.61722368563905, 33.99454367769741], [-116.64315852290704, 33.975940552007025], [-116.66522480081325, 33.9541784162951], [-116.68287266296609, 33.92980266766287], [-116.6956641396549, 33.90342370967864], [-116.70328382259336, 33.87570152136357], [-116.70554634782303, 33.84732903195275], [-116.69880966449769, 33.80166428508474], [-116.68698064317596, 33.75746141176674], [-116.67000307928538, 33.726485826721266], [-116.62696113970064, 33.6736970035432], [-116.62174432552031, 33.64993104846029], [-116.61089917233237, 33.623061492333754], [-116.60020002351025, 33.604611672118345], [-116.57804622675903, 33.57651706971907], [-116.55543782210812, 33.5552182439159], [-116.5290969313711, 33.5371470311792], [-116.4996800221696, 33.52275235625182], [-116.46791879517545, 33.51239161324032], [-116.43460217556887, 33.50632193236393], [-116.37171898935873, 33.5046517477913], [-116.33772346298629, 33.50688871296587], [-116.30558742664826, 33.51334898154048], [-116.27494457453703, 33.52369453608533], [-116.24774754348648, 33.53736611614178], [-116.20557378693958, 33.550489890751344], [-116.17741168458647, 33.5649472326233], [-116.15064065367031, 33.58393867935713], [-116.12857480406909, 33.605634191394095], [-116.11141816972516, 33.629206442576915], [-116.09838354612462, 33.65547761147777], [-116.09023840437379, 33.683977188670184], [-116.08782297714433, 33.71234071407182], [-116.09071668484407, 33.73979948266637], [-116.09912452283545, 33.76824785829635], [-116.11603333181878, 33.79896442261228], [-116.13814591997625, 33.827165109439434], [-116.16074004541234, 33.84852688301097], [-116.18711395304258, 33.86666110811715], [-116.20053875168796, 33.87477470594982], [-116.22701675419461, 33.90057726820541], [-116.24684049189845, 33.91460154442966], [-116.2669569808682, 33.9399512557276], [-116.28958051841302, 33.96131338497484]], [[-116.34458722766709, 33.87526411809726], [-116.36183922540746, 33.89320804957234], [-116.38012706617931, 33.9061874888462], [-116.3939188776533, 33.91633883443238], [-116.41360182721797, 33.928038011138014], [-116.43592670674946, 33.935818205302645], [-116.4597781457124, 33.93929051448012], [-116.50637196350223, 33.938279408325656], [-116.52968167724983, 33.93283655162317], [-116.55095060147772, 33.92323486702739], [-116.56911658625286, 33.909954241417616], [-116.58327370510449, 33.89365816919529], [-116.59271749937065, 33.87516037729327], [-116.59682363585894, 33.8526052864067], [-116.5922842663425, 33.81797436285948], [-116.58461809405424, 33.78828686700981], [-116.57497967036332, 33.76998917809065], [-116.51928094343799, 33.70483905390277], [-116.52046260840297, 33.699416522446725], [-116.51939140591006, 33.67934570059133], [-116.51299747894019, 33.65997263328605], [-116.5016026939329, 33.64226216050937], [-116.47770196113689, 33.6178534346935], [-116.45810394959366, 33.606138208341804], [-116.43587779877244, 33.59833228159166], [-116.41212877286792, 33.59482363502304], [-116.35448719655777, 33.5957865962213], [-116.33125012854642, 33.601173313615845], [-116.31002268273117, 33.610716115054714], [-116.29524158473141, 33.62147948708197], [-116.28698681495557, 33.621807792340135], [-116.26374178632126, 33.62719168056871], [-116.2425062531499, 33.6367318937263], [-116.22433664806009, 33.64995419284417], [-116.21013811418436, 33.66620104905101], [-116.20061948954513, 33.68466411906066], [-116.19625775695917, 33.70442424878751], [-116.19727377301511, 33.72449706753955], [-116.2036205821155, 33.743881943690454], [-116.22288160305499, 33.770989996843234], [-116.24127417595189, 33.78748944518188], [-116.27334813051957, 33.80427752516726], [-116.28925292598036, 33.8231072668197], [-116.30527204860333, 33.838159156035445], [-116.3300494530262, 33.85212253682362], [-116.34458722766709, 33.87526411809726]]]}, "id": "000000000000000010b5_1", "properties": {"uc_id": "4401", "unit": "ring"}}, {"type": "Feature", "geometry": {"type": "Polygon", "coordinates": [[[-116.35584531909348, 33.745348605959585], [-116.34466192915099, 33.74534860881868], [-116.33000037008088, 33.727998237607], [-116.31881694771455, 33.72799823848598], [-116.29685588208618, 33.701974973786754], [-116.28567245747854, 33.70197492858299], [-116.2783595515701, 33.69330201168771], [-116.23362577202414, 33.69330198649532], [-116.22631734654802, 33.68462905065795], [-116.21513835379372, 33.68462902661029], [-116.20783433669773, 33.675956063350654], [-116.19665099105904, 33.675956056237084], [-116.18205634187994, 33.658614675894995], [-116.15969836076691, 33.65861467188365], [-116.16699342899436, 33.66728757692442], [-116.14463103158535, 33.667287615125126], [-116.15922571188098, 33.68462907752766], [-116.17040912135991, 33.684629034915666], [-116.17771316041541, 33.693301964738836], [-116.1888965498655, 33.693301989452124], [-116.21082639699634, 33.719325338787236], [-116.19964300650425, 33.71932527109791], [-116.2069604250843, 33.72799825545078], [-116.18458909317998, 33.72799825333884], [-116.20655465360343, 33.754021570246216], [-116.22893039452643, 33.754021587481134], [-116.2362566762561, 33.76269894648741], [-116.2586369201036, 33.762699012535236], [-116.2513061710842, 33.7540215724079], [-116.26249405833431, 33.754021584567894], [-116.25516324483266, 33.745348613481426], [-116.27753905360505, 33.745348601468685], [-116.28486982452692, 33.75402156793611], [-116.2960531960456, 33.75402161526213], [-116.30338845279891, 33.762698946026305], [-116.3257642276616, 33.76269897425359], [-116.33310389635663, 33.77137642306618], [-116.34429178886195, 33.771376397945374], [-116.33695210158376, 33.76269900559723], [-116.35933231990201, 33.762699022078095], [-116.35199264293551, 33.75402161054888], [-116.36318055429709, 33.75402155247874], [-116.35584531909348, 33.745348605959585]]]}, "id": "000000000000000010db_0", "properties": {"uc_id": "4439", "unit": "core"}}, {"type": "Feature", "geometry": {"type": "Polygon", "coordinates": [[[-116.3410393425929, 33.521061804440336], [-116.3115811096606, 33.51456853829682], [-116.27648430784521, 33.49674233571074], [-116.24473331534209, 33.48638012061278], [-116.21142710668737, 33.48030890413935], [-116.15972174098748, 33.47863735390834], [-116.12692389084825, 33.48079779170343], [-116.09259394111629, 33.48754188848661], [-116.07794948406156, 33.492627422237064], [-116.04761082981962, 33.50541234998291], [-116.01800573987222, 33.521548689251986], [-115.99114210216511, 33.5406021290087], [-115.96909310016568, 33.56230171643288], [-115.95201902787326, 33.5857841158591], [-115.93853603723784, 33.612957015154194], [-115.93106352802792, 33.63969794166702], [-115.9283902728028, 33.66901578087267], [-115.93138148818252, 33.697341257214234], [-115.93970109193796, 33.724920829257144], [-115.95679018869001, 33.75587251147841], [-115.97925303187907, 33.78476702792024], [-115.99646919066781, 33.816390533136335], [-116.03313202536388, 33.861852824245695], [-116.05573378318162, 33.883215725371365], [-116.08211710675229, 33.901351259847566], [-116.11162246095984, 33.91580456420044], [-116.17320583247842, 33.93489015349051], [-116.20668064314525, 33.94099232451023], [-116.26697855561527, 33.94256612227127], [-116.30353785556336, 33.94967128767293], [-116.3443041502056, 33.95135371668229], [-116.3774933538324, 33.94916601550311], [-116.41178673084019, 33.94240342860582], [-116.44340395022674, 33.93142863218116], [-116.48756974397622, 33.9077695726438], [-116.51347821268898, 33.88916649825684], [-116.53552210944719, 33.867404420180456], [-116.5531521324806, 33.84302872689689], [-116.5697549729245, 33.80798050171543], [-116.57736789946892, 33.7802586451505], [-116.57962969690448, 33.751886254599505], [-116.57648918285733, 33.72357181659381], [-116.56827156781479, 33.69680878847794], [-116.55109648338374, 33.66550802059882], [-116.52879304560021, 33.637251930339545], [-116.5061713914189, 33.615951133819465], [-116.45936494820295, 33.58378750360313], [-116.43655114882606, 33.56533768396393], [-116.4089746894609, 33.54873706795496], [-116.37280441386399, 33.53142113994455], [-116.3410393425929, 33.521061804440336]], [[-116.32627748933989, 33.86118617908773], [-116.36163098096334, 33.8602044780664], [-116.38492921801732, 33.85479077170724], [-116.42123442632784, 33.83653596756053], [-116.43940532610608, 33.8232773977337], [-116.45357675279635, 33.80699852643741], [-116.46688139795353, 33.77983434030212], [-116.4711736813594, 33.760063119664096], [-116.4700820780172, 33.73999302979157], [-116.46366468713947, 33.72062429793434], [-116.45224455112438, 33.70292154402642], [-116.42829894447215, 33.678524050037296], [-116.39030325349101, 33.653934713414415], [-116.36934649128176, 33.635205652272134], [-116.33126613858873, 33.61482594438905], [-116.30904089352622, 33.60701380946858], [-116.2690055533254, 33.60237360178908], [-116.25458921989294, 33.59190466165049], [-116.23223767311856, 33.57919425303612], [-116.21280312963952, 33.57234567615985], [-116.18906584477453, 33.56881554890376], [-116.1426442752003, 33.56975381701078], [-116.11940590855161, 33.575115589112606], [-116.08308261306138, 33.593316618044064], [-116.06490654188603, 33.60652401856068], [-116.05069596887724, 33.62275923251851], [-116.04116032280865, 33.641214495450875], [-116.03677742418988, 33.660971042654104], [-116.03776917459501, 33.68104468392783], [-116.04688210401187, 33.705791104548986], [-116.0785790264645, 33.744625454245416], [-116.08677086070543, 33.76650146061628], [-116.11791836457448, 33.80569643954019], [-116.13392044409503, 33.8207584450239], [-116.15355121414005, 33.832492512781], [-116.20552576741058, 33.848988659220694], [-116.2362445302401, 33.8526876054363], [-116.27925009154197, 33.85076220598271], [-116.3024536544585, 33.85768670582558], [-116.32627748933989, 33.86118617908773]]]}, "id": "000000000000000010db_1", "properties": {"uc_id": "4439", "unit": "ring"}}, {"type": "Feature", "geometry": {"type": "Polygon", "coordinates": [[[-114.68505132305397, 32.68940678244691], [-114.67394819668466, 32.68940676992078], [-114.66014279700896, 32.67213667818412], [-114.64903964918565, 32.67213665625565], [-114.64214144381052, 32.663503829328896], [-114.63104274394583, 32.66350379441927], [-114.62414891868318, 32.654866571137106], [-114.61304579048503, 32.65486651428547], [-114.61993954742128, 32.66350378245513], [-114.60884082593478, 32.66350386722549], [-114.6157346597477, 32.672136645782345], [-114.59353274716615, 32.67213660332831], [-114.60043102832984, 32.68077388360486], [-114.58932783781802, 32.68077391808751], [-114.59622610479194, 32.68940672677701], [-114.60732927449547, 32.68940674720256], [-114.62113907125526, 32.706681262035744], [-114.61003594496336, 32.706681296885726], [-114.6238591436506, 32.72395583524211], [-114.63496231486987, 32.72395580390426], [-114.64187832115138, 32.732593155890385], [-114.65298594080875, 32.732593103774136], [-114.64606986843677, 32.72395588282454], [-114.66828072087665, 32.723955875078055], [-114.66136466120636, 32.71531857778273], [-114.68357541307381, 32.71531855312571], [-114.676663806865, 32.706681304075836], [-114.6877669421056, 32.706681269643845], [-114.68085532385756, 32.69804399503292], [-114.6919629531491, 32.69804400067286], [-114.68505132305397, 32.68940678244691]]]}, "id": "00000000000000001124_0", "properties": {"uc_id": "4514", "unit": "core"}}, {"type": "Feature", "geometry": {"type": "Polygon", "coordinates": [[[-114.40248616908941, 32.59147617818999], [-114.38553123993326, 32.626459492246155], [-114.37788293968975, 32.65415513846036], [-114.37550777016332, 32.68251937962763], [-114.37847000138157, 32.71084452170168], [-114.38670066299596, 32.73842317849028], [-114.40447850287637, 32.77054121893671], [-114.45248390541067, 32.83180045981962], [-114.47482281331258, 32.853161089738045], [-114.50089790036748, 32.87129417345736], [-114.54806782772067, 32.89438247461792], [-114.57958448661199, 32.904788399105804], [-114.612665049118, 32.91088827352324], [-114.65299837320434, 32.91257042250053], [-114.6867623925758, 32.91031805074433], [-114.71967828681142, 32.90362078950326], [-114.75091991752278, 32.892646789813895], [-114.81027698417095, 32.860391863938936], [-114.8358765437194, 32.84178997668088], [-114.85765843535178, 32.82002907528879], [-114.87507984954752, 32.795654433357576], [-114.8960527959514, 32.752011229605856], [-114.90357716618169, 32.72428993737443], [-114.9058148790785, 32.69591771812251], [-114.90271508466812, 32.66760304298293], [-114.89436010768198, 32.64005227865953], [-114.87646467326385, 32.60798964710173], [-114.85593330870286, 32.58131536743241], [-114.83358345241805, 32.56001334250824], [-114.78261012972399, 32.52466863697745], [-114.7175207040014, 32.49300043058505], [-114.6861298659069, 32.48263583024653], [-114.65320073840931, 32.476562439163054], [-114.61305824146662, 32.474889195561744], [-114.57945736082185, 32.477129268278816], [-114.56619518341651, 32.47982916918871], [-114.53409470364844, 32.48822222449225], [-114.5039540516115, 32.50076779950498], [-114.47652253815096, 32.51715440397223], [-114.45248321910996, 32.536974986788216], [-114.4199686473943, 32.567155215508265], [-114.40248616908941, 32.59147617818999]], [[-114.48284280130562, 32.67276569226961], [-114.48337393366235, 32.692851320558724], [-114.49267726193182, 32.719283504960394], [-114.53508332813712, 32.774186723533376], [-114.55371293670692, 32.79150056616526], [-114.58770173099475, 32.810199998566645], [-114.60953815424948, 32.818375312208474], [-114.63299112297932, 32.82227105410287], [-114.66799721643933, 32.82169228289075], [-114.69931856514238, 32.81371202512367], [-114.742942743399, 32.79018566739181], [-114.76121407224475, 32.777236942766734], [-114.77560766183058, 32.76120102300059], [-114.79377790014418, 32.72559613854511], [-114.79849392877891, 32.7059012618127], [-114.79789868887774, 32.68581690513001], [-114.7920253616678, 32.66634407211677], [-114.78116978046226, 32.64845265450242], [-114.76341615648131, 32.628948003866086], [-114.74553359291133, 32.615821712225184], [-114.72735909945335, 32.60217914817801], [-114.67829368755758, 32.57729058317022], [-114.65651976797322, 32.569108444813985], [-114.63313691628483, 32.565196971337855], [-114.59820500179073, 32.565750419053245], [-114.57511302354138, 32.57074142841521], [-114.55045408280894, 32.582363203118874], [-114.51609677421166, 32.61011953230933], [-114.50168227320029, 32.62612661313411], [-114.48761786472306, 32.65308137301647], [-114.48284280130562, 32.67276569226961]]]}, "id": "00000000000000001124_1", "properties": {"uc_id": "4514", "unit": "ring"}}, {"type": "Feature", "geometry": {"type": "Polygon", "coordinates": [[[-119.90142369437537, 39.51396280691195], [-119.86625475414155, 39.513962777368555], [-119.85662761629857, 39.505040138880936], [-119.84490464615047, 39.50504014991622], [-119.8352818471577, 39.49611744694416], [-119.82356333639808, 39.49611751462072], [-119.74675089569459, 39.424754000022766], [-119.72332271898277, 39.42475401192901], [-119.74249690112994, 39.44259489670907], [-119.73078285837056, 39.44259489612469], [-119.74037436199687, 39.45151312133988], [-119.7520883968319, 39.45151308781452], [-119.78089417811168, 39.47827664611431], [-119.76917566995321, 39.478276613050575], [-119.77878503248044, 39.487194854910626], [-119.76706652361155, 39.48719479399476], [-119.7862941519907, 39.505040125896464], [-119.77457565652081, 39.50504015197151], [-119.78419392203338, 39.51396283625936], [-119.77247100918667, 39.513962778276436], [-119.78209374871584, 39.522885474037246], [-119.75864773198744, 39.52288550115801], [-119.74902505343421, 39.513962764908904], [-119.71385608216433, 39.513962787189776], [-119.7234787925416, 39.52288543429051], [-119.70002842904792, 39.52288544524938], [-119.70965111494813, 39.53180811320161], [-119.69792814085545, 39.53180815828078], [-119.70755088217703, 39.540735251187144], [-119.6958279096905, 39.54073526857452], [-119.70545512580046, 39.549657901598955], [-119.6937277355642, 39.54965790291291], [-119.71299549535378, 39.56750765116081], [-119.79509648686799, 39.56750767790014], [-119.78545141368379, 39.55858058293146], [-119.82063368617543, 39.558580594207655], [-119.81099312504024, 39.54965792426528], [-119.86962582827292, 39.54965789039502], [-119.85998532924832, 39.54073525416335], [-119.89516311054076, 39.54073522381389], [-119.88552254717732, 39.53180815037245], [-119.90897301584693, 39.53180813326638], [-119.89933236332675, 39.52288550390377], [-119.91105987525302, 39.522885437603534], [-119.90142369437537, 39.51396280691195]]]}, "id": "00000000000000001148_0", "properties": {"uc_id": "4551", "unit": "core"}}, {"type": "Feature", "geometry": {"type": "Polygon", "coordinates": [[[-119.4916585973166, 39.44210699512759], [-119.47318180689348, 39.480999694580376], [-119.46102341724743, 39.53588783437443], [-119.46266100411026, 39.571964356114485], [-119.4725006703773, 39.60725758266206], [-119.49536609995292, 39.64468319050165], [-119.5332570551344, 39.682511996091385], [-119.55901868539303, 39.70289761292949], [-119.58864613794586, 39.719899721070085], [-119.62139786597527, 39.73309129620799], [-119.6564522966967, 39.74214080184758], [-119.70119011518756, 39.746864727629216], [-119.81209581375239, 39.74700853167863], [-119.85822748704639, 39.74033489889048], [-119.90655732854417, 39.727373906057025], [-119.95839276737634, 39.71614592051627], [-120.0168433286819, 39.6943779290939], [-120.06059512965737, 39.668714851169014], [-120.09252793010874, 39.64236185048062], [-120.11793802982278, 39.612098515405506], [-120.13617598872624, 39.573072564662276], [-120.14377678854981, 39.5360683453259], [-120.1418775905985, 39.50004842170791], [-120.13182323939904, 39.464843854461215], [-120.10871702530412, 39.42741942168798], [-120.08037407633277, 39.398632381149106], [-120.05461813162435, 39.37832749799669], [-120.02506043135372, 39.361404103789276], [-119.99243670134032, 39.34828203114358], [-119.9577089486136, 39.33932576060324], [-119.90850063884743, 39.295326034334906], [-119.87054762430475, 39.27234940968639], [-119.83799275254246, 39.259186700584124], [-119.8031764006459, 39.250147851991514], [-119.75863782716702, 39.24540641771332], [-119.70687278540788, 39.24522698178222], [-119.66090620623807, 39.25183812804011], [-119.61714751284359, 39.26459856395346], [-119.57290443267465, 39.28740527177935], [-119.54080915486377, 39.31374917109606], [-119.51518851631857, 39.34404919695109], [-119.49685487409569, 39.38267835023097], [-119.49105837107237, 39.41860585923317], [-119.4916585973166, 39.44210699512759]], [[-120.02454327971408, 39.50247500765009], [-120.01641147185579, 39.48428140008921], [-120.00267995102463, 39.46721424809743], [-119.97473591970882, 39.44399199522918], [-119.95280527653227, 39.43318622140404], [-119.92832234319314, 39.42640258677242], [-119.90858606476073, 39.42454972480466], [-119.889793439211, 39.41688940595701], [-119.83630578757287, 39.36723457971263], [-119.81997518727493, 39.354786863569174], [-119.79807348650641, 39.343979975109654], [-119.77362239789164, 39.33719511152973], [-119.74673571293393, 39.33476534127318], [-119.70945795441907, 39.335969019317986], [-119.68433322186742, 39.34055515628385], [-119.66114496610244, 39.34933339598264], [-119.64104601260568, 39.36186767093339], [-119.63252176036961, 39.36841257013099], [-119.61860032698158, 39.38537814049458], [-119.60988994811778, 39.40430753331502], [-119.60682857574089, 39.4242584334868], [-119.60957356673327, 39.4442368584427], [-119.61680689620256, 39.46063464914847], [-119.60909959095801, 39.466543848795766], [-119.59515844744463, 39.48350937362705], [-119.58643567210557, 39.50243873500812], [-119.57702411266794, 39.54916783946565], [-119.57977555621748, 39.569146140386515], [-119.58877094328983, 39.58885346576705], [-119.60191536569133, 39.60524729182559], [-119.63142263999941, 39.63113209987042], [-119.65178114595294, 39.64349660273012], [-119.67520069425294, 39.652070210146405], [-119.70051087557796, 39.65642411647078], [-119.7951497826077, 39.6574963280486], [-119.8210804938162, 39.655241647672675], [-119.871403156699, 39.639600599748604], [-119.89558838589953, 39.63739445331696], [-119.94573094169755, 39.62184631942697], [-119.96782516726365, 39.611171229934605], [-120.00008017334153, 39.58806043964277], [-120.01398862354449, 39.5710687339858], [-120.02265397135137, 39.552121341495784], [-120.02760135895015, 39.52240627533024], [-120.02454327971408, 39.50247500765009]]]}, "id": "00000000000000001148_1", "properties": {"uc_id": "4551", "unit": "ring"}}, {"type": "Feature", "geometry": {"type": "Polygon", "coordinates": [[[-112.45739591982228, 33.61525881893195], [-112.44621699818988, 33.61525881677216], [-112.43917156650662, 33.60659031231466], [-112.41681815589271, 33.60659034404494], [-112.40977721390891, 33.597917389306616], [-112.39860273039152, 33.597917345715516], [-112.39156624657208, 33.58924884470622], [-112.38039171384447, 33.589248848253156], [-112.37335978135448, 33.58058033032835], [-112.36218520275213, 33.58058038280656], [-112.36921718769791, 33.58924886109233], [-112.35804276032928, 33.589248866130255], [-112.36507922119145, 33.597917366598246], [-112.34273013314385, 33.59791739532148], [-112.33569375213924, 33.58924885851294], [-112.32451917380371, 33.589248846107495], [-112.29641798510303, 33.55457491514821], [-112.3075880279083, 33.55457492134794], [-112.2795313019587, 33.51990539334975], [-112.29070136665814, 33.519905426311155], [-112.28369168350726, 33.51124137467155], [-112.3060317739916, 33.511241341077046], [-112.31303699692111, 33.51990541825906], [-112.32420710780286, 33.519905411072045], [-112.33823537351692, 33.53724234985384], [-112.3605755225472, 33.5372423727028], [-112.35355686768148, 33.52857386892915], [-112.36472696235244, 33.52857386428239], [-112.34369333321622, 33.502572904072224], [-112.35485895210701, 33.50257284484081], [-112.3478536412271, 33.4939088091004], [-112.3701892843856, 33.49390880586165], [-112.37719458298898, 33.502572834852494], [-112.42186582832446, 33.502572831752516], [-112.40084565585708, 33.47657634005075], [-112.37851447353101, 33.47657632722239], [-112.3715136377757, 33.46791226854056], [-112.36034804980295, 33.46791224152387], [-112.3463599117567, 33.450584162371534], [-112.35752105462869, 33.450584222151534], [-112.35053358273706, 33.44192016130277], [-112.36169469522898, 33.441920205480294], [-112.34771993962833, 33.424596538118166], [-112.31423651712836, 33.424596566475394], [-112.30725804035147, 33.41593254444351], [-112.296096909041, 33.41593252955588], [-112.289118355613, 33.40726852597614], [-112.25563947533594, 33.4072684716257], [-112.26261798294225, 33.415932508735644], [-112.1956511501956, 33.41593251717342], [-112.18868157843517, 33.40726847525912], [-112.17752490054794, 33.40726848282898], [-112.18449451141066, 33.4159325474268], [-112.13984997093159, 33.41593256237394], [-112.14681952619206, 33.42459656056611], [-112.04636943413807, 33.42459652463681], [-112.0394087729692, 33.41593250407831], [-112.02824764400982, 33.41593255140913], [-112.04217782982155, 33.43325611601387], [-112.03101225479377, 33.433256172871296], [-112.03798185248054, 33.44192015132719], [-111.99333286447067, 33.4419201686298], [-112.00030246317078, 33.45058421328604], [-111.96681012922927, 33.45058416941496], [-111.95984500470006, 33.44192020459231], [-111.94868385475888, 33.441920197569594], [-111.9556490024937, 33.45058417857488], [-111.93332227280794, 33.450584227812136], [-111.92635717195122, 33.44192019815449], [-111.91519600816841, 33.44192021105745], [-111.92215667231679, 33.45058418577876], [-111.88866886449584, 33.45058422088077], [-111.89563394176754, 33.459248225253695], [-111.88446832501225, 33.45924825526951], [-111.89840748807477, 33.47657627301092], [-111.88724187872765, 33.47657629102971], [-111.89421150696688, 33.48524478759671], [-111.88304588644205, 33.48524477817112], [-111.89699842708045, 33.502572843551306], [-111.88583281396009, 33.50257290521822], [-111.89281135977546, 33.51124133306759], [-111.88164127792851, 33.511241378743655], [-111.89561165368447, 33.528573852740955], [-111.88444157924148, 33.52857389060614], [-111.8914290425972, 33.53724240210837], [-111.8802589571243, 33.53724241348029], [-111.89424271029374, 33.554574894227905], [-111.88306817459159, 33.55457491121336], [-111.8900645554522, 33.563243415247484], [-111.87889446641881, 33.56324339429325], [-111.88589085408303, 33.57191188127643], [-111.78533358055458, 33.57191186238742], [-111.79232991016843, 33.58058036370404], [-111.78115542971, 33.58058035805886], [-111.78815176357816, 33.58924884206254], [-111.77697727641207, 33.58924888919547], [-111.78397807213788, 33.59791734721568], [-111.81750162298052, 33.597917375986576], [-111.82450683154622, 33.60659027600027], [-111.84685588193756, 33.60659028047963], [-111.85386550922782, 33.615258774235855], [-111.86504448459432, 33.615258781525846], [-111.88608698966505, 33.641268764064314], [-111.91962394360547, 33.64126875286863], [-111.92664700570495, 33.649941667137], [-111.97136290103425, 33.64994166315252], [-111.97839486350361, 33.65861467695884], [-111.98957383204532, 33.6586146344362], [-111.99660584425452, 33.66728762158582], [-112.0077892940347, 33.66728761970498], [-112.01482572037844, 33.675956110908906], [-112.05955050248126, 33.675956109773935], [-112.06659143355812, 33.684629050663695], [-112.07777486704441, 33.68462905928252], [-112.09187006887414, 33.701974982397296], [-112.10305347684236, 33.701974923485544], [-112.11010774455559, 33.710652357301804], [-112.12129124645197, 33.71065232991513], [-112.11423692220666, 33.70197495297553], [-112.12542031275294, 33.701974925595465], [-112.11837045869636, 33.69330203061664], [-112.1407373240346, 33.693302011846], [-112.13368751878355, 33.68462904262768], [-112.1448664447558, 33.6846290137836], [-112.13782111015168, 33.67595606753908], [-112.17136246777038, 33.675956073171726], [-112.17841232862082, 33.68462900231277], [-112.20077918773724, 33.68462907305248], [-112.20783349178915, 33.69330196264705], [-112.24137930170265, 33.69330199709776], [-112.24844245694854, 33.70197492694524], [-112.25962591094283, 33.701974943970235], [-112.2525627089641, 33.693301995038176], [-112.29729635065927, 33.693301995142804], [-112.29023321248977, 33.684629003031574], [-112.30141657654816, 33.684629027274774], [-112.29435782176023, 33.67595606645875], [-112.3167202342253, 33.67595609391388], [-112.32377898334758, 33.68462902750589], [-112.33496238945737, 33.684629067681904], [-112.34202560512158, 33.69330198394088], [-112.38675484952608, 33.69330200203061], [-112.37969165992233, 33.68462906917311], [-112.40205402015981, 33.68462901232709], [-112.39499081362732, 33.67595611056216], [-112.42853664063006, 33.67595609184127], [-112.42147347475989, 33.667287564887836], [-112.43265241593676, 33.66728757910144], [-112.42559363645209, 33.65861462326564], [-112.44795154374921, 33.658614620455616], [-112.44089284265496, 33.649941680407444], [-112.45207180814644, 33.64994166375515], [-112.44501749388877, 33.641268750676204], [-112.45619642542698, 33.64126872442181], [-112.44914213264839, 33.63260023619453], [-112.46031666464, 33.63260022230821], [-112.45326684981825, 33.62392728914135], [-112.46444134753108, 33.62392726597957], [-112.45739591982228, 33.61525881893195]]]}, "id": "000000000000000011d9_0", "properties": {"uc_id": "4699", "unit": "core"}}, {"type": "Feature", "geometry": {"type": "Polygon", "coordinates": [[[-112.64153593337836, 33.73894481796796], [-112.67070242493743, 33.677887746970626], [-112.67830428656903, 33.65016597911869], [-112.6805631471818, 33.621793615368276], [-112.67742786386918, 33.59347914021127], [-112.66898187936584, 33.56592890111562], [-112.65090173024936, 33.53387704499629], [-112.63662285920861, 33.514814061814405], [-112.63639927769192, 33.48881670153841], [-112.63109126786516, 33.46081590598092], [-112.62056833460007, 33.43386122364446], [-112.60804092886563, 33.41248918060691], [-112.57325039967866, 33.36847336633537], [-112.55069792769356, 33.34717325486455], [-112.53770221181063, 33.33794028358606], [-112.50519184681934, 33.30173833783577], [-112.47121248419327, 33.277115217908445], [-112.44188366809102, 33.26272026719249], [-112.41021740450358, 33.252359303139364], [-112.38326400349588, 33.24539251854506], [-112.35160406169798, 33.23503146065972], [-112.31839356233068, 33.22896154079004], [-112.25567450309482, 33.22729115497628], [-112.21797905982147, 33.22896404473979], [-112.17753625906973, 33.22729116404964], [-112.14364923242184, 33.22953126395836], [-112.089667343657, 33.24140609627007], [-112.05450565221038, 33.23681832101135], [-112.01460657666496, 33.23685874293075], [-111.98105519489125, 33.24088243559572], [-111.9486747607983, 33.24926703856953], [-111.91520726316361, 33.26194289227335], [-111.88130680006553, 33.264183000321154], [-111.8482471204908, 33.270850707634146], [-111.79033250323103, 33.2904357418597], [-111.76137082128892, 33.305353868185975], [-111.73557085870877, 33.323892650955436], [-111.71357581242268, 33.345591491815185], [-111.69593553944533, 33.36991091249166], [-111.67886457721691, 33.4049285404541], [-111.67511323293054, 33.4178079424297], [-111.64739387005076, 33.43419239783074], [-111.62310133617217, 33.45401089183083], [-111.60284186238718, 33.476770905379226], [-111.58712263256233, 33.50190640762278], [-111.57106477293395, 33.534928612960925], [-111.56333472279357, 33.562623813464455], [-111.56093244035206, 33.590987912836376], [-111.56392310165717, 33.619313231351775], [-111.57223725552943, 33.64689236564643], [-111.590198315996, 33.679011676910186], [-111.61086434466488, 33.70574160168007], [-111.63342378540261, 33.72710533409398], [-111.65975800740932, 33.74524186962091], [-111.68920870926979, 33.75969633262282], [-111.7210382172033, 33.770105989565124], [-111.74071480823012, 33.77407723816351], [-111.76180427763826, 33.78859330685549], [-111.7912698763192, 33.803047783462084], [-111.82311550148027, 33.81345744222256], [-111.9026653991604, 33.82936421257261], [-111.93096135247332, 33.84132738350005], [-111.96336597120147, 33.85025141568917], [-111.97772546638937, 33.85431435971606], [-112.0152351533214, 33.87244000419043], [-112.04710801297605, 33.882846786106406], [-112.08056284309346, 33.88894723859007], [-112.12130362834465, 33.890629648650666], [-112.15544984271708, 33.888377130085146], [-112.18873814311358, 33.88167939508242], [-112.20144085908176, 33.877268285381774], [-112.24273521671745, 33.88188973636343], [-112.2937800085984, 33.87969988168085], [-112.3284426639424, 33.872523910595824], [-112.40101742709867, 33.87234062577688], [-112.43479916143852, 33.868232585667556], [-112.46737435630223, 33.85974948211111], [-112.49792554945142, 33.84710432274476], [-112.53970995456048, 33.829745337221546], [-112.56746294731686, 33.813252402741746], [-112.59173167098794, 33.79332890633607], [-112.62053231106349, 33.7671642915609], [-112.64153593337836, 33.73894481796796]], [[-112.49585518962016, 33.746398339902754], [-112.52664546520633, 33.72034487634441], [-112.54113932963347, 33.70427400008345], [-112.56741472087553, 33.65127877851808], [-112.57212500930287, 33.63157459560778], [-112.57146654917567, 33.61149147667425], [-112.56547583666706, 33.59203035377599], [-112.55445469239835, 33.574160503307226], [-112.53650268477716, 33.55472514615409], [-112.51899203735572, 33.541835973734344], [-112.52464084596059, 33.53006444053135], [-112.5293832076363, 33.51036670344188], [-112.52876509064166, 33.490282713975695], [-112.51932633616138, 33.463966586755745], [-112.49024801100065, 33.426239298433316], [-112.4746342958394, 33.41094904617611], [-112.45623254273816, 33.39947824836744], [-112.43711405699017, 33.37431552228291], [-112.4215234267632, 33.35901548305278], [-112.40226233787784, 33.346982871037206], [-112.38028980378213, 33.33881598167992], [-112.35416288244032, 33.33498110720947], [-112.34370118867685, 33.32968001087943], [-112.32173841704504, 33.321502993102705], [-112.29815446082496, 33.31759689633991], [-112.24817208389288, 33.317981148384646], [-112.2246511134125, 33.321587142683185], [-112.19778187299409, 33.317601373848994], [-112.16259167005789, 33.31814833883667], [-112.12492019692657, 33.32681184069284], [-112.09757232815328, 33.333534295845254], [-112.08510103796783, 33.33461744601537], [-112.07215884122549, 33.330200667409336], [-112.04857832018182, 33.32627025915301], [-112.01334288791423, 33.32680890927296], [-111.99729445747953, 33.330239630779545], [-111.97530737156956, 33.33810553794878], [-111.95297475196519, 33.35193165876685], [-111.92635124013063, 33.351931538775936], [-111.89129951909196, 33.35417090166929], [-111.85047860416137, 33.36643180552304], [-111.82907068564928, 33.375596857635976], [-111.81062580424194, 33.388497063437015], [-111.79606267868293, 33.40449092345848], [-111.77943279480412, 33.43881947701731], [-111.77544704020373, 33.48268060059838], [-111.74697059916176, 33.48779716051258], [-111.72554569569031, 33.4969832903485], [-111.70709323190528, 33.509901639472425], [-111.69253230911035, 33.52590981161174], [-111.67420594101496, 33.56156589749392], [-111.6693834484471, 33.58125059407562], [-111.66992235462064, 33.601336180612236], [-111.67579947154134, 33.62082144999425], [-111.68672510833474, 33.638734461069284], [-111.70989692035185, 33.66344073945821], [-111.72920742689463, 33.67549686008304], [-111.75125517074014, 33.68368327633168], [-111.77493874615156, 33.68759080231967], [-111.79887183424216, 33.693949862742336], [-111.81202230035873, 33.70683427869071], [-111.83135245337347, 33.71887941958709], [-111.85341805395159, 33.72705329501546], [-111.8771167972452, 33.73094734369897], [-111.901618422423, 33.73748773246736], [-111.93255248283727, 33.73993125202669], [-111.960185571801, 33.75362355981821], [-111.98227236757745, 33.76177451269312], [-112.01377777096381, 33.76594054899251], [-112.0210073717226, 33.769581362114934], [-112.05549306598965, 33.788342941652154], [-112.07759380594803, 33.79648454132144], [-112.10131995543975, 33.80034392148326], [-112.13666970183523, 33.79972801989876], [-112.16006634368655, 33.79466772055171], [-112.18807997424493, 33.78138611429224], [-112.19908408720794, 33.78299600142568], [-112.21602191880845, 33.78783067526578], [-112.23974971423806, 33.7916728344234], [-112.27509580130877, 33.791039500696336], [-112.3023564709442, 33.7842897511331], [-112.31699721110627, 33.78144831632397], [-112.33333930725914, 33.7830002642761], [-112.40222819955021, 33.782365955277356], [-112.425614512795, 33.777287861024746], [-112.4503904456016, 33.76567094621693], [-112.46742158075841, 33.75993134153886], [-112.49585518962016, 33.746398339902754]]]}, "id": "000000000000000011d9_1", "properties": {"uc_id": "4699", "unit": "ring"}}, {"type": "Feature", "geometry": {"type": "Polygon", "coordinates": [[[-112.17199120104655, 33.37262124913346], [-112.18314781867373, 33.37262125860785], [-112.17619166557374, 33.363961690749115], [-112.165035009785, 33.363961742991314], [-112.1580787951205, 33.35530213626573], [-112.14692659040634, 33.35530209202258], [-112.1608345224472, 33.372621279567724], [-112.14967341786485, 33.37262127163834], [-112.15663402664207, 33.381285348816746], [-112.12315956984702, 33.381285304177204], [-112.11620340257566, 33.37262129565847], [-112.08273334913922, 33.372621274479926], [-112.07578161064222, 33.36396171871465], [-112.04231610065374, 33.36396172316391], [-112.03536880124642, 33.35530215722699], [-112.02421211328733, 33.35530216230015], [-112.0103354180161, 33.3379829649492], [-112.02148761277992, 33.33798301506353], [-112.0076198191984, 33.32066386690044], [-112.01877202453994, 33.320663819881844], [-112.01184258699722, 33.312004236039655], [-112.04529920114541, 33.312004277272734], [-112.03836528171828, 33.303344669768116], [-112.02721752081474, 33.303344728845396], [-112.02028810397262, 33.29468507749821], [-111.96453596970453, 33.29468508381802], [-111.95761541580256, 33.2860299975724], [-111.94646772217514, 33.286030006971544], [-111.9533837504338, 33.294685125436644], [-111.90878379842955, 33.2946851004573], [-111.90186777737253, 33.286030027692355], [-111.89071555024123, 33.28603001939784], [-111.87689235141372, 33.26871531198525], [-111.88804452416694, 33.26871534333261], [-111.88113738361055, 33.260055717888584], [-111.89228517868048, 33.260055707091894], [-111.87847535781425, 33.24274546013111], [-111.88962306885044, 33.24274551750485], [-111.88272484610373, 33.2340904080654], [-111.89386817938407, 33.234090422401096], [-111.88696987258831, 33.225430859062456], [-111.89811765220979, 33.225430836851274], [-111.87744082257679, 33.19946996721779], [-111.85515422718692, 33.19946994908641], [-111.86204357688798, 33.2081205853737], [-111.75060164761418, 33.20812060249726], [-111.778158935228, 33.24274550353952], [-111.76701117906521, 33.24274550772349], [-111.77390490801608, 33.25140064952824], [-111.76275723661682, 33.25140060231971], [-111.76965542707369, 33.26005575969407], [-111.72506445072797, 33.26005568814181], [-111.71817068504647, 33.25140063029267], [-111.65128415518288, 33.2514006102117], [-111.64439927747314, 33.24274554316703], [-111.63325150348807, 33.24274549857283], [-111.62636671513424, 33.234090369630955], [-111.59292785222118, 33.234090425791955], [-111.60669760729921, 33.25140061856283], [-111.61784529064636, 33.25140061288587], [-111.62473017004172, 33.260055760696275], [-111.64702571847151, 33.26005572801963], [-111.65391942032701, 33.26871535248231], [-111.6650671891738, 33.268715339078845], [-111.67196543583744, 33.27737040808952], [-111.68311319670792, 33.27737045178038], [-111.70382574117234, 33.303344688215994], [-111.69267353571186, 33.30334471147175], [-111.69958068797419, 33.31200426002327], [-111.68842847946549, 33.312004247706575], [-111.70917222108574, 33.33798296376714], [-111.6980154709933, 33.33798301087248], [-111.70493599404342, 33.346642602069565], [-111.69377933165595, 33.346642597733776], [-111.70070431443048, 33.35530211515527], [-111.60030326505807, 33.35530211505905], [-111.60721925654632, 33.363961721575166], [-111.58490597465685, 33.36396169706774], [-111.60567641568306, 33.389944864579334], [-111.59451972803781, 33.38994492489201], [-111.60144472518647, 33.39860894986203], [-111.57912698913064, 33.39860894003876], [-111.57220199717223, 33.38994491773955], [-111.53872754001145, 33.3899449144538], [-111.53180693208894, 33.38128533514909], [-111.5094892009616, 33.38128532701938], [-111.530259639274, 33.40726853534225], [-111.54142083944296, 33.4072684727436], [-111.56221807689396, 33.43325609825093], [-111.61802814992588, 33.43325615797505], [-111.62497098025145, 33.44192019747789], [-111.63613212838762, 33.44192017051294], [-111.66393455413879, 33.476576348999316], [-111.65276904482668, 33.4765762974461], [-111.65972970304198, 33.485244777657314], [-111.64855964364732, 33.48524479076136], [-111.65552030264698, 33.4939087850858], [-111.70018712422142, 33.49390885973829], [-111.69322638820607, 33.485244833802945], [-111.70439205748316, 33.48524480218245], [-111.69743132342278, 33.476576290576546], [-111.70859698947555, 33.47657630818282], [-111.70163625748033, 33.46791226910679], [-111.72396748191944, 33.46791229688243], [-111.71701130713214, 33.45924824238612], [-111.7393379532597, 33.45924822482749], [-111.74629866181289, 33.46791224157215], [-111.75745981969712, 33.46791222921312], [-111.76442488057982, 33.476576313914435], [-111.77558601369356, 33.476576331749946], [-111.76862532946551, 33.46791226973663], [-111.79095657231144, 33.46791225698026], [-111.78399590298856, 33.459248200241824], [-111.83981495018423, 33.4592482566476], [-111.83285424704309, 33.450584176403346], [-111.85518097312992, 33.45058417124536], [-111.8482202910378, 33.4419201797544], [-111.85938144892302, 33.441920204724724], [-111.85242523050049, 33.433256119242536], [-111.90823533140028, 33.43325613564726], [-111.90127473328562, 33.42459658377101], [-111.92359692732704, 33.424596606265], [-111.9305576668139, 33.43325609695127], [-111.9752066482387, 33.43325610793423], [-111.96824145070823, 33.424596544005745], [-112.01288599721991, 33.42459659236327], [-112.0059253432009, 33.415932503010225], [-112.08404881112816, 33.41593255667201], [-112.07708370429563, 33.40726845832294], [-112.14404604268528, 33.407268450312145], [-112.13708093571326, 33.398608874502145], [-112.14823755807375, 33.398608904169194], [-112.1412769218688, 33.389944912725724], [-112.16359470331294, 33.389944913098404], [-112.17055535661312, 33.39860892767066], [-112.18171653026265, 33.39860892019995], [-112.17475136694301, 33.38994488416244], [-112.18590806025641, 33.38994487751737], [-112.17199120104655, 33.37262124913346]]]}, "id": "000000000000000011fe_0", "properties": {"uc_id": "4736", "unit": "core"}}, {"type": "Feature", "geometry": {"type": "Polygon", "coordinates": [[[-111.48097174061742, 33.59956260279217], [-111.50513960073097, 33.623090334280654], [-111.53144090921298, 33.64122794403992], [-111.56085510553208, 33.655683634403545], [-111.59264544074337, 33.66609464871255], [-111.62601453336525, 33.67219961568342], [-111.7002332106101, 33.67388617467281], [-111.73429270232546, 33.67162926371816], [-111.76749565490816, 33.66492732065198], [-111.79507532295828, 33.65541990474911], [-111.83635079000312, 33.64928428213818], [-111.87326235779544, 33.63701073020132], [-111.90710752695185, 33.630263695872756], [-111.93860707570276, 33.61928362000533], [-111.95033338126211, 33.61323540397569], [-112.00928848294097, 33.610976486264676], [-112.08412975682093, 33.59590986304576], [-112.11815798761812, 33.593648377978376], [-112.15781789328595, 33.58633676755233], [-112.19149844067255, 33.5822867231545], [-112.2489181035281, 33.569636351835186], [-112.2803983553883, 33.558661920386164], [-112.30940184629854, 33.543686054289054], [-112.3352022909635, 33.52508453062197], [-112.35715494386498, 33.503323830349586], [-112.37471276338322, 33.47894927764189], [-112.39161094389593, 33.44390724726967], [-112.39919291793412, 33.41618560681566], [-112.40144637515655, 33.387813281717065], [-112.39551780554721, 33.34217556442509], [-112.38709702315127, 33.31462516298024], [-112.36906747899052, 33.28256969572148], [-112.34838002731153, 33.25586607920599], [-112.32585803410565, 33.234564946837985], [-112.29961669875962, 33.21649110941326], [-112.25218985363695, 33.193434856973276], [-112.22055008414314, 33.18307084867611], [-112.19288152653701, 33.17800881354415], [-112.16170483389261, 33.15587416656261], [-112.11429188457379, 33.13280071138398], [-112.08267130601736, 33.12244243090956], [-112.07311595291259, 33.12069562083809], [-112.04201677900477, 33.084468840293766], [-112.01833352589969, 33.06421404863814], [-111.99114955865737, 33.04733213939407], [-111.96114191466044, 33.03424245548972], [-111.92905667549833, 33.02526997860061], [-111.8930833214238, 33.020389088764944], [-111.84190011118362, 33.02037290153536], [-111.8084226330556, 33.024350379873205], [-111.78960404035915, 33.02815451909156], [-111.72414878750682, 33.02951215229899], [-111.6839289787681, 33.037024453588124], [-111.65260812027165, 33.04794191781839], [-111.63928431933408, 33.054743162582554], [-111.56652322236518, 33.05547615980917], [-111.5261590539782, 33.063015163701486], [-111.49483380812681, 33.073942421408695], [-111.46594381216103, 33.088860808789015], [-111.44020786548921, 33.10739987058411], [-111.41826757568205, 33.12909898389594], [-111.40067142413002, 33.153418646077576], [-111.387860997544, 33.17975373109641], [-111.38015973569969, 33.207448404112135], [-111.3792246968493, 33.21852314503775], [-111.37810617160363, 33.239065654967206], [-111.35650481239027, 33.2546006769715], [-111.3345286934926, 33.27630055253931], [-111.31690409377903, 33.30062081042396], [-111.3040733277842, 33.32695632037574], [-111.29636037018831, 33.35465124529311], [-111.29396240629443, 33.383015259772364], [-111.2969444509253, 33.41134068397085], [-111.30523721484587, 33.43892011508345], [-111.32313029665549, 33.47100952054516], [-111.35754333846549, 33.515110384622176], [-111.38005619110818, 33.536471725488994], [-111.4080737648039, 33.55876807175807], [-111.43821667526744, 33.580569965495215], [-111.46760930452919, 33.59502688453587], [-111.48097174061742, 33.59956260279217]], [[-111.46899394349639, 33.48072422321104], [-111.48802467926454, 33.49857987211496], [-111.5072515196057, 33.510687847943245], [-111.52922532899193, 33.518933521685724], [-111.55050974725543, 33.522511820146704], [-111.55830569547238, 33.53459016998573], [-111.58138194984826, 33.55931701780637], [-111.60064212590304, 33.57140308923079], [-111.62264487666437, 33.57962372587867], [-111.64629106192011, 33.58356803688874], [-111.71506586546286, 33.58303886527712], [-111.73842960674321, 33.578062538209515], [-111.76441887148269, 33.56656497328981], [-111.79047108913788, 33.5657052562359], [-111.81382961952272, 33.56072723452537], [-111.83858505270905, 33.54923718801008], [-111.8547069552085, 33.548376030175525], [-111.8865537400065, 33.540358776423986], [-111.91935325376295, 33.52257991536954], [-111.99016670178162, 33.522375433122875], [-112.02779137616913, 33.51372211770009], [-112.05524174320206, 33.50697954852886], [-112.09898920285251, 33.50505382821813], [-112.12642541863468, 33.49830713881183], [-112.1590156904943, 33.49638612997368], [-112.18643051639106, 33.48963985183836], [-112.21999775352828, 33.4827370261882], [-112.24141741548101, 33.47354811056202], [-112.25985377292551, 33.46062145743804], [-112.2743872651851, 33.44460288144615], [-112.28846828177949, 33.41764762722493], [-112.29326270518747, 33.397959705383755], [-112.28992316091184, 33.36055053483769], [-112.2840453181555, 33.34106912365297], [-112.26561811436036, 33.31379812532467], [-112.24680256758631, 33.29643053902831], [-112.2127193307082, 33.27775798012698], [-112.19077914924702, 33.26956312634886], [-112.16721378194322, 33.26563788320499], [-112.13737822077404, 33.2660566902187], [-112.13473804533585, 33.261922519945955], [-112.11228033038762, 33.237932300244076], [-112.09308535177874, 33.225855754441014], [-112.06030197781799, 33.211683274057776], [-112.03729518016678, 33.20632950131357], [-112.00255340565457, 33.204508920170646], [-111.99527605427447, 33.186837960342665], [-111.96688974534369, 33.14954477057196], [-111.95142635343963, 33.13418290850793], [-111.93228334308576, 33.122073863746], [-111.9104138864639, 33.11381974982163], [-111.88690565748061, 33.109830856809516], [-111.84063252406845, 33.110306312398734], [-111.81315265664702, 33.1170224055387], [-111.73613310532696, 33.118950746470624], [-111.71287093280665, 33.12385666095543], [-111.69148407490297, 33.13295889495291], [-111.66726111760536, 33.15136179346659], [-111.65941956115752, 33.14845817579258], [-111.63590516766907, 33.14445644785944], [-111.57848303044027, 33.14491738918085], [-111.55521243630326, 33.14981818140685], [-111.53381639059903, 33.15891570214759], [-111.51535922686737, 33.17175771219644], [-111.50076025619322, 33.18770559847069], [-111.49074807760954, 33.20596591441911], [-111.48582408188308, 33.225629642202364], [-111.48623700181987, 33.24571727580568], [-111.49196986637536, 33.2652275225686], [-111.50919842853115, 33.291325030129435], [-111.49486798930087, 33.29212960020952], [-111.47156656717377, 33.29705810801891], [-111.45014996550206, 33.30618108564523], [-111.4316835351985, 33.319045034377005], [-111.41708705451528, 33.33501025672631], [-111.40708901514942, 33.35328244909968], [-111.4021901281109, 33.37295200530619], [-111.40263790301469, 33.393039128276676], [-111.40841365758929, 33.41254254619827], [-111.4192327326843, 33.43048942906864], [-111.45098974172043, 33.46754591470188], [-111.46899394349639, 33.48072422321104]]]}, "id": "000000000000000011fe_1", "properties": {"uc_id": "4736", "unit": "ring"}}, {"type": "Feature", "geometry": {"type": "Polygon", "coordinates": [[[-111.0359103580852, 32.232157094900316], [-111.01377540257741, 32.232157170162616], [-111.00722050595824, 32.223537671848995], [-110.99615298690561, 32.22353767112292], [-110.96996918955453, 32.18906440950205], [-110.9478386112216, 32.189064359308006], [-110.94130161134265, 32.18044495206626], [-110.93023852434929, 32.180444926802075], [-110.91717342560891, 32.16321054354176], [-110.90611041584802, 32.16321052274337], [-110.89958222840148, 32.1545955696433], [-110.88852371065065, 32.15459551368171], [-110.9146450789817, 32.189064407100005], [-110.90358208718114, 32.18906438601316], [-110.91011911405555, 32.19767936104983], [-110.88798854537531, 32.19767935611064], [-110.88145152234557, 32.18906435436515], [-110.87038849940153, 32.189064388933204], [-110.86385591947999, 32.18044491486742], [-110.85278848160657, 32.18044495540434], [-110.84626034651417, 32.17182995119437], [-110.83519731899881, 32.17182997409702], [-110.82866917391615, 32.16321052372345], [-110.81760610324847, 32.16321055065816], [-110.82413428742983, 32.17182996165755], [-110.79094072426764, 32.17182997919453], [-110.79746887145508, 32.18044489999922], [-110.77533832779014, 32.18044492391899], [-110.78186639817218, 32.18906441805307], [-110.77080343886784, 32.18906436155412], [-110.7773315776024, 32.19767933004599], [-110.7662640185094, 32.19767941105446], [-110.77279659081803, 32.206298793373435], [-110.75066610118964, 32.20629881774183], [-110.76373575906645, 32.22353771739552], [-110.7748032057126, 32.22353766126576], [-110.7878862026087, 32.24077660559028], [-110.79895367013651, 32.240776571464366], [-110.80549968189474, 32.24939597877714], [-110.81656720268467, 32.24939600983376], [-110.829667975051, 32.266634892963516], [-110.81860053090736, 32.26663487460906], [-110.82515536773809, 32.27525435940506], [-110.8583667558806, 32.275254389122885], [-110.85181185608421, 32.26663491823916], [-110.86288383405831, 32.26663494536972], [-110.85632900478296, 32.258015494958165], [-110.8784683835109, 32.25801549995777], [-110.88502331117068, 32.266634901647535], [-110.89609526449317, 32.2666348903642], [-110.90265454322528, 32.275254367224875], [-110.92479850992599, 32.27525433474446], [-110.9313578180263, 32.28387828757429], [-110.94242973539063, 32.28387828026534], [-110.95556625721983, 32.30111716995512], [-110.98878653411865, 32.30111712041729], [-110.99536373887747, 32.3097410097355], [-111.03966048653326, 32.30974100606741], [-111.00680136595231, 32.26663487499631], [-111.01787331647247, 32.26663487504134], [-111.01130949105807, 32.258015427852996], [-111.02238146893592, 32.25801544151411], [-111.01581762736309, 32.249396029729596], [-111.04902901778834, 32.24939603321675], [-111.0359103580852, 32.232157094900316]]]}, "id": "00000000000000001264_0", "properties": {"uc_id": "4843", "unit": "core"}}, {"type": "Feature", "geometry": {"type": "Polygon", "coordinates": [[[-110.69399959828347, 32.01168386677932], [-110.64982720014162, 32.035223849239806], [-110.62439421953337, 32.053765265490966], [-110.57799233298176, 32.10132032109267], [-110.56060066869048, 32.12564181072909], [-110.54794069603135, 32.15197828635459], [-110.54033191720923, 32.17967381968317], [-110.53796865356966, 32.208038027502994], [-110.54091476190004, 32.236363211282736], [-110.5491015586382, 32.26394199058066], [-110.56632877994416, 32.29544854890165], [-110.59331486657487, 32.3313850754899], [-110.62252492453283, 32.35763756994457], [-110.6513053448098, 32.37864185265295], [-110.67684809128453, 32.40444773362231], [-110.7107259494595, 32.42653683832502], [-110.74869159719977, 32.44324252255509], [-110.7960682854143, 32.45354685697737], [-110.84597973741033, 32.45523271856745], [-110.87925092130791, 32.46916057029899], [-110.96625479765406, 32.48803225583632], [-111.03970459356657, 32.489718321244105], [-111.07330862478446, 32.48746179868277], [-111.10606783390696, 32.48076063162956], [-111.13716008837456, 32.4697830533115], [-111.16580580250361, 32.45480457527377], [-111.19128774525035, 32.436200959723145], [-111.21296916146856, 32.41443865125342], [-111.23030973277392, 32.390062925935595], [-111.2428789736095, 32.36368407456417], [-111.25036673813642, 32.33596198559559], [-111.25212213244035, 32.3032988855931], [-111.25959338522662, 32.275626713945975], [-111.26181767377213, 32.247254365975124], [-111.25873098844762, 32.21893986948453], [-111.25041521758095, 32.19138959307712], [-111.23301717497182, 32.15987600462581], [-111.21463483480001, 32.1346309480646], [-111.18368554211328, 32.10275817661293], [-111.14984785576051, 32.080741551684035], [-111.12834091340122, 32.069046249185945], [-111.09177718401672, 32.04159228661857], [-111.05437230321922, 32.02438149838297], [-110.99244132747418, 31.992730153972726], [-110.9524006469292, 31.98072982817259], [-110.91050623081252, 31.974856498813736], [-110.85511943683287, 31.976858382173052], [-110.81761639794253, 31.983233231839936], [-110.78419684479385, 31.98547366712399], [-110.75160640929639, 31.992142118535472], [-110.69399959828347, 32.01168386677932]], [[-110.75058346309615, 32.33948421303228], [-110.76930625672576, 32.35187103057568], [-110.79081973224848, 32.36043639681885], [-110.81404937936296, 32.36475225451649], [-110.85838313138065, 32.36524304757366], [-110.87899584138286, 32.36328287652126], [-110.89977880605805, 32.37777420778375], [-110.92130712045451, 32.386324013460566], [-110.9445477890002, 32.39062306700289], [-110.96113052692964, 32.3949562263578], [-110.98437488952935, 32.399249597490645], [-111.03968251806869, 32.39972966365768], [-111.06937907710412, 32.39569584288489], [-111.09697318112545, 32.38559339870277], [-111.12279073902933, 32.36599631573224], [-111.1376163859306, 32.343902394271375], [-111.14552484895036, 32.31940063110406], [-111.14358320578803, 32.290278148069184], [-111.14964050228954, 32.27872017460137], [-111.15543144957033, 32.24976339828099], [-111.1507896769474, 32.2246977726762], [-111.13899053553521, 32.201373062097176], [-111.11465084550844, 32.172359785747474], [-111.0970125816189, 32.15907208420289], [-111.09160511664247, 32.15549836743846], [-111.06520336276752, 32.146041741107645], [-111.04870081349546, 32.12929149373654], [-111.0257060855725, 32.11244135414144], [-110.99450661493532, 32.10150687471056], [-110.97829412924006, 32.09016081712553], [-110.94005042883613, 32.07188720414844], [-110.91076930849948, 32.06510720099191], [-110.87601720510105, 32.06523255106509], [-110.84258110808962, 32.073455281995244], [-110.82866341065093, 32.073221864341015], [-110.79404937594535, 32.075461426139434], [-110.76145797204843, 32.08583023733383], [-110.7340187430036, 32.095839663602845], [-110.69994145495977, 32.11701863654545], [-110.68276221578698, 32.13705579538851], [-110.67522602402067, 32.142891107828156], [-110.65504827029821, 32.166936155165146], [-110.64636420501662, 32.191153137547154], [-110.64498424448391, 32.21643401168494], [-110.65270062249186, 32.240306677901174], [-110.6741549828076, 32.27209656541658], [-110.68912462647006, 32.28769964521707], [-110.72662540987379, 32.31380195760749], [-110.75058346309615, 32.33948421303228]]]}, "id": "00000000000000001264_1", "properties": {"uc_id": "4843", "unit": "ring"}}, {"type": "Feature", "geometry": {"type": "Polygon", "coordinates": [[[-120.60474877037991, 46.57289809963809], [-120.59214743071173, 46.5728981543338], [-120.60517686580361, 46.58221320904633], [-120.5673681775464, 46.582213157884155], [-120.55433868963439, 46.57289814601999], [-120.52913580417267, 46.572898153149296], [-120.51611533166987, 46.56358308032206], [-120.49091241020751, 46.56358307017249], [-120.47790516863193, 46.55427243881753], [-120.46530386358631, 46.554272463701814], [-120.47831103817215, 46.563583052265564], [-120.46570956720788, 46.56358304536095], [-120.47872571249744, 46.57289809089838], [-120.46612431675416, 46.57289814383541], [-120.49216536289427, 46.59152824806824], [-120.47955953208165, 46.59152824987257], [-120.49258902983475, 46.60084777982867], [-120.47998320222355, 46.60084778218891], [-120.50605998097487, 46.61948233442862], [-120.56910718481683, 46.61948237086641], [-120.55605547465603, 46.61016282610888], [-120.60648787855125, 46.61016282681219], [-120.59344054543179, 46.60084777540033], [-120.64386841802886, 46.60084776263629], [-120.60474877037991, 46.57289809963809]]]}, "id": "00000000000000001397_0", "properties": {"uc_id": "5158", "unit": "core"}}, {"type": "Feature", "geometry": {"type": "Polygon", "coordinates": [[[-120.59630736261434, 46.39252757211801], [-120.53817500127526, 46.37969551282946], [-120.51341916181654, 46.37596525164011], [-120.46532394108287, 46.37429514520351], [-120.42423787046013, 46.37653180043104], [-120.38416692973834, 46.38319082858161], [-120.34610237773718, 46.39410758905562], [-120.31098724132467, 46.4090120429841], [-120.2796934761077, 46.42753525348262], [-120.25300065421375, 46.44921829139367], [-120.23157666601932, 46.47352335353567], [-120.2159609001214, 46.49984684871206], [-120.20655033373967, 46.52753415797421], [-120.20394970405155, 46.56520555287187], [-120.20789247610587, 46.602850202879516], [-120.21792163801754, 46.630437744371264], [-120.22654291176617, 46.64440897888514], [-120.23903597086574, 46.670273865995], [-120.25793240450024, 46.69548237085099], [-120.27603045544421, 46.71334878036208], [-120.32327340737943, 46.748586372132046], [-120.35521248060307, 46.76674539003624], [-120.39094747732406, 46.781221082464754], [-120.42958148500924, 46.7916490325676], [-120.47014265173519, 46.797766541018945], [-120.5692120974054, 46.79945967551894], [-120.61061668447554, 46.79719467446569], [-120.65097496443617, 46.79047946556524], [-120.763971654834, 46.76085523344785], [-120.79923075388893, 46.7458570166169], [-120.83058082605154, 46.727232190620576], [-120.85723791484025, 46.7054491322352], [-120.87853844592742, 46.681055027986744], [-120.89395559922025, 46.65466187065056], [-120.90311196313921, 46.626930876280476], [-120.9057882073727, 46.598555741227706], [-120.90192763448923, 46.570245180381235], [-120.89163659015946, 46.54270519638563], [-120.87518082197282, 46.51662152565436], [-120.84695201829982, 46.487963515774936], [-120.78641760059719, 46.443443760895995], [-120.7545448984514, 46.425387866296596], [-120.71896324070907, 46.41100643311794], [-120.6805558433999, 46.4006554113768], [-120.64027398628025, 46.394590824207725], [-120.59630736261434, 46.39252757211801]], [[-120.344904857193, 46.605660089215554], [-120.36154817400798, 46.63933081367453], [-120.3769222575753, 46.65642599834165], [-120.41776318467439, 46.68538804956985], [-120.44812397892817, 46.700209373704745], [-120.48855520088867, 46.70866554335996], [-120.5691595536543, 46.709471023204664], [-120.59827339670092, 46.70721666880016], [-120.67301447173413, 46.68858364383258], [-120.71105270927087, 46.678114720611205], [-120.7254599748776, 46.671270484493924], [-120.74617867265238, 46.65707678158137], [-120.76178220912253, 46.64007976206079], [-120.77149592695933, 46.6211288246536], [-120.77484120812629, 46.60117008280169], [-120.77165822972889, 46.58119890732383], [-120.76211256505366, 46.562210206938275], [-120.7466855708187, 46.54514894482872], [-120.69273553616902, 46.50691402474983], [-120.6624056133348, 46.49212261821472], [-120.62219433047495, 46.48371346255538], [-120.57617749904028, 46.48386942293388], [-120.55397715553704, 46.47792167407757], [-120.50808534854434, 46.46671366377369], [-120.47789436296053, 46.46428377961001], [-120.44504968719205, 46.465848808405816], [-120.41706863897292, 46.471139241342826], [-120.39148098480686, 46.4805675793489], [-120.36955823500674, 46.49366587461151], [-120.35239210982047, 46.50978363585746], [-120.34084032393238, 46.52811978527371], [-120.33548343127583, 46.54776213674735], [-120.33737106796225, 46.58635721499945], [-120.344904857193, 46.605660089215554]]]}, "id": "00000000000000001397_1", "properties": {"uc_id": "5158", "unit": "ring"}}, {"type": "Feature", "geometry": {"type": "Polygon", "coordinates": [[[-112.08891367645647, 40.68660825086684], [-112.07706141752305, 40.686608252069206], [-112.06761253568631, 40.67762767286347], [-112.05576026650809, 40.67762760814113], [-112.03687149932063, 40.659670883212485], [-112.04871930585861, 40.65967088885836], [-112.039279416827, 40.650690182661876], [-112.0511273036176, 40.650690188159146], [-112.04169178959609, 40.641714066470804], [-112.05353520819463, 40.641714022307276], [-112.04410416019147, 40.63273339068143], [-112.05594756793643, 40.63273343788882], [-112.0465165286006, 40.62375723499418], [-112.03467316974192, 40.62375725329836], [-112.01582901239746, 40.60580047620334], [-112.02767236155215, 40.605800452322846], [-112.01825477800503, 40.59682424191613], [-112.03009365947457, 40.59682431177805], [-112.0206805415379, 40.587848103384836], [-112.03251941269893, 40.587848114463], [-112.02311076042947, 40.57887641703341], [-112.01127184963273, 40.57887642189493], [-111.99246774706711, 40.56092404402762], [-112.00430227679848, 40.56092408093375], [-111.99490690447067, 40.551952314538845], [-112.00674133353661, 40.55195238215847], [-111.99735051738651, 40.54297617428893], [-112.02101494123747, 40.54297620418013], [-112.00223764625474, 40.52503272428781], [-111.99040765683012, 40.52503272609645], [-111.96227518121134, 40.498117597082825], [-111.93861522742357, 40.49811763852244], [-111.94798829439578, 40.50708933326932], [-111.92432824406917, 40.50708931721293], [-111.93370125745999, 40.516061026687794], [-111.92187129580036, 40.51606102734045], [-111.93124431544867, 40.525032759998425], [-111.90758433941825, 40.52503274035099], [-111.91696185204354, 40.53400446997104], [-111.90512738045143, 40.53400444741844], [-111.91450935658776, 40.542976200475216], [-111.89084045462394, 40.54297618927216], [-111.88146288169806, 40.53400449170388], [-111.86962849085437, 40.53400446378194], [-111.85088242514554, 40.51606100930245], [-111.8390524154946, 40.51606100664569], [-111.84842097686281, 40.525032718003516], [-111.83659096148868, 40.52503272151877], [-111.84596398502937, 40.53400446262213], [-111.81046511108784, 40.534004479234], [-111.81983817935702, 40.54297618386494], [-111.80800373549759, 40.54297617348712], [-111.82676314675078, 40.56092408018452], [-111.81492871706621, 40.56092404778749], [-111.82431506017701, 40.569900244369066], [-111.80063725165707, 40.56990021565296], [-111.81002816604887, 40.57887639121264], [-111.79818924527527, 40.578876400882386], [-111.81697543370159, 40.59682426370003], [-111.80513652643242, 40.59682425542068], [-111.8145318006048, 40.605800451018936], [-111.79084949634188, 40.60580047607866], [-111.80025379834309, 40.614781089214], [-111.78841040172574, 40.61478104916503], [-111.8072233656919, 40.632733407091244], [-111.81906672649255, 40.63273341712339], [-111.83789751455582, 40.65069021637737], [-111.82605410238948, 40.650690185501595], [-111.83547172140419, 40.659670855617826], [-111.79993275283415, 40.6596708190206], [-111.80935478119, 40.66864704709669], [-111.79750694372726, 40.66864699812357], [-111.80693352442132, 40.677627646022245], [-111.78323781887332, 40.67762767139923], [-111.79266442014804, 40.68660830239532], [-111.7808120947145, 40.686608297081136], [-111.81856728348596, 40.7225352523877], [-111.80671054859457, 40.7225352878804], [-111.81615940355317, 40.731520314453896], [-111.80430712157461, 40.731520366452116], [-111.8326714822936, 40.75847114394939], [-111.8208146856989, 40.7584711331732], [-111.83974353647729, 40.77643686052977], [-111.86346602211884, 40.776436836841675], [-111.8729416103726, 40.785421959284086], [-111.89666401496092, 40.78542192848517], [-111.90614407840782, 40.79441150936733], [-111.91800529245356, 40.79441150503856], [-111.92748976134921, 40.80339656633995], [-111.9393509987106, 40.80339656133285], [-111.94884441765299, 40.81238164100364], [-111.96071004003342, 40.812381718534596], [-111.94172769903112, 40.794411460560866], [-111.9535888885788, 40.794411493732724], [-111.94410439774634, 40.785421937374906], [-111.9559655791033, 40.785421990926736], [-111.94648555240067, 40.77643682665294], [-111.95834672549147, 40.77643689984808], [-111.93939557436477, 40.75847114547576], [-111.95125231434119, 40.75847116781636], [-111.94178118978004, 40.74948608609133], [-111.98921268377538, 40.74948607629083], [-111.97974148708641, 40.740501010179926], [-112.03902079549174, 40.740500992710786], [-112.02008297026762, 40.72253525999154], [-112.03193976466974, 40.72253526526021], [-112.02247753009846, 40.7135546520033], [-112.04618213202463, 40.71355459072341], [-112.05564428334388, 40.72253528112419], [-112.06750110139842, 40.72253523905388], [-112.05803444514753, 40.713554648620246], [-112.11730034821333, 40.71355458877033], [-112.08891367645647, 40.68660825086684]]]}, "id": "0000000000000000146c_0", "properties": {"uc_id": "5377", "unit": "core"}}, {"type": "Feature", "geometry": {"type": "Polygon", "coordinates": [[[-112.12657141313845, 40.36868455065644], [-112.09231667174237, 40.34781359403344], [-112.05962811538085, 40.334111384173156], [-112.0245271080532, 40.32449400819319], [-111.97862755737142, 40.31899226673009], [-111.92696056844605, 40.318359242625256], [-111.88997206690382, 40.32199263117118], [-111.85418832358184, 40.33001108730575], [-111.83328230238996, 40.33643273894835], [-111.79048075235627, 40.339922489920546], [-111.75468366544267, 40.347930990638666], [-111.72097688649517, 40.36012650098508], [-111.69019710002958, 40.37620678188126], [-111.63445924199841, 40.41373038980111], [-111.61173736469446, 40.43629887642006], [-111.59395442759052, 40.46130682728833], [-111.58155833813093, 40.488132381630486], [-111.55250573858197, 40.59702969441263], [-111.55171701737348, 40.62545801533846], [-111.5519611934773, 40.63954422473089], [-111.54463766063121, 40.66897649794622], [-111.54387298666157, 40.69740521026352], [-111.54902530004661, 40.725570352284635], [-111.55997322573707, 40.7527681277784], [-111.57610214559607, 40.779773333527025], [-111.58894687610048, 40.80640873265069], [-111.61634068172238, 40.850320952571494], [-111.6536735914406, 40.88855926908841], [-111.67933541350395, 40.90935082640956], [-111.70902509885286, 40.926820874083454], [-111.74199972439887, 40.940530561031764], [-111.81012084580772, 40.95935446832858], [-111.85126919685143, 40.976550750228675], [-111.88673395656475, 40.9861280830266], [-111.93310319715845, 40.99154487262029], [-111.9732778406887, 40.99210818523389], [-112.01061997120631, 40.98836100703706], [-112.04670640741358, 40.9802098671318], [-112.0806300408207, 40.96785980698241], [-112.1115393779623, 40.951621346937124], [-112.13866026549658, 40.93190250932769], [-112.16131547224052, 40.90919836381068], [-112.17600056472862, 40.888271346731706], [-112.22611274675819, 40.87357222536604], [-112.26780975706772, 40.85285330945916], [-112.29490380225408, 40.83314517586534], [-112.31754093799701, 40.810449989666026], [-112.33515821332183, 40.785336991344906], [-112.34732012993148, 40.75843538717405], [-112.35372908274223, 40.73041840954202], [-112.35423218900827, 40.70198634096958], [-112.34882439664008, 40.67384894223053], [-112.33764786527577, 40.646707731813954], [-112.32098770951961, 40.62123855887987], [-112.28300528184971, 40.58261652681482], [-112.27048696002352, 40.55741632655834], [-112.25990823664641, 40.539166317860385], [-112.24826765962008, 40.494343582411545], [-112.23532056561241, 40.46775401221606], [-112.21516077933894, 40.4407944185476], [-112.17677088148267, 40.4043509512959], [-112.14961703568383, 40.384961064243036], [-112.12657141313845, 40.36868455065644]], [[-112.14371418360257, 40.80129078720682], [-112.16876605579483, 40.79465967589927], [-112.19113414350167, 40.784033610233884], [-112.21002369480107, 40.7697907938298], [-112.22410195777401, 40.75287901564251], [-112.23298170535062, 40.73384723778812], [-112.236006729484, 40.713986217183326], [-112.23315772816603, 40.694014481548734], [-112.22460674950389, 40.675102319482995], [-112.20997697789548, 40.657348280827776], [-112.17323499621106, 40.62410909362607], [-112.17165789173573, 40.613120658831264], [-112.16316829609015, 40.59435220185144], [-112.14948760934736, 40.57752093162235], [-112.14817356959772, 40.568385543032484], [-112.13969788732915, 40.549514686209356], [-112.13656835346254, 40.52335741528192], [-112.1280273046467, 40.504538286277565], [-112.1140085689447, 40.487299442591265], [-112.08571316514532, 40.46204684734635], [-112.06526297028721, 40.44953803847205], [-112.03621766597352, 40.42788173881695], [-112.01440686445316, 40.417342901111645], [-111.98956985517663, 40.41055846634112], [-111.96337759835963, 40.40813284760385], [-111.91292978857977, 40.41027707739252], [-111.88797102057474, 40.416796997018], [-111.86559459075025, 40.42733437338613], [-111.85199336568223, 40.42607631839901], [-111.82623501200983, 40.42716766367139], [-111.80064407625564, 40.431542088010666], [-111.77696045824302, 40.44012432439789], [-111.75636142142204, 40.452488106566655], [-111.73692592368924, 40.46350030778472], [-111.71853598449802, 40.477327386962926], [-111.70427993949825, 40.494240950578124], [-111.69527299307008, 40.51334895478837], [-111.69117616004294, 40.53229674582231], [-111.68540610779469, 40.549070315774664], [-111.68129599656389, 40.56821628261435], [-111.67552105977248, 40.58517402182892], [-111.67145227448978, 40.6041343668226], [-111.67123813140206, 40.624098781805124], [-111.67549427663313, 40.64055640081275], [-111.66779827364206, 40.656869322541105], [-111.6621641847482, 40.68596501945609], [-111.66493703313924, 40.7060939845387], [-111.67351403366818, 40.72510370218816], [-111.68705785743016, 40.74177892561301], [-111.69258993739521, 40.76038986872762], [-111.70906016742818, 40.78735827739335], [-111.72029845586196, 40.805419859888225], [-111.74678722945565, 40.83253543265757], [-111.76554846266366, 40.846754149281175], [-111.7880194299289, 40.857465479785816], [-111.8501223152688, 40.87345559675308], [-111.89720163526361, 40.893450181144225], [-111.92181550992768, 40.89997529701449], [-111.94868736618564, 40.90236976236097], [-111.97384401186255, 40.901254512590725], [-111.99960116762385, 40.896831376384576], [-112.02341254241719, 40.88819397132094], [-112.04408802720133, 40.87577435761237], [-112.06059590571572, 40.860193496567646], [-112.07211450748909, 40.84222991968258], [-112.07773567200145, 40.82498616129957], [-112.0905073329202, 40.82160609559561], [-112.10164450498408, 40.816318442963805], [-112.12229939478186, 40.803900549459655], [-112.14371418360257, 40.80129078720682]]]}, "id": "0000000000000000146c_1", "properties": {"uc_id": "5377", "unit": "ring"}}, {"type": "Feature", "geometry": {"type": "Polygon", "coordinates": [[[-120.34099748565406, 47.413672764870974], [-120.31404213154227, 47.39493339463846], [-120.25041520964164, 47.394933391805246], [-120.26387730691539, 47.404301968666], [-120.23842473004964, 47.40430200028524], [-120.30581510475996, 47.45115372945795], [-120.35675140655844, 47.45115372506313], [-120.34325372929035, 47.44178073125424], [-120.35598450959434, 47.44178074312525], [-120.3424912265962, 47.432412189681074], [-120.36795267880811, 47.43241215199461], [-120.34099748565406, 47.413672764870974]]]}, "id": "00000000000000001485_0", "properties": {"uc_id": "5403", "unit": "core"}}, {"type": "Feature", "geometry": {"type": "Polygon", "coordinates": [[[-120.35683889611636, 47.631131034402216], [-120.39889818969439, 47.62886784371993], [-120.43989480570183, 47.6221539748594], [-120.47879586931957, 47.61115868035428], [-120.51462284322771, 47.59615900419868], [-120.54647670525013, 47.57753260591164], [-120.57286537406233, 47.55630771262373], [-120.59520115517681, 47.53135253773081], [-120.62196030122986, 47.486244725019155], [-120.63126300320232, 47.45851410140623], [-120.63398365061134, 47.43013907067545], [-120.63006489931254, 47.40182835886684], [-120.61961500324975, 47.374287953653365], [-120.60333832376321, 47.348881728433675], [-120.57546853736318, 47.32048607523433], [-120.49845173322649, 47.26543460178608], [-120.46607737375184, 47.24738711580242], [-120.42993951474772, 47.23301476404749], [-120.39093502689528, 47.22267318321707], [-120.35002975606378, 47.216618094389105], [-120.25052351390322, 47.2149560877595], [-120.20878942018956, 47.21718315041831], [-120.16913959214828, 47.22366017058045], [-120.1294139189167, 47.234739483889534], [-120.09549228359403, 47.24877298062848], [-120.06193900622775, 47.26814936287101], [-120.02274496895417, 47.29922953401279], [-120.00097269529108, 47.3235320910596], [-119.9855304022618, 47.34914098521235], [-119.9755318231231, 47.37753981576452], [-119.97251525789555, 47.405901013071976], [-119.97603840496015, 47.43346279677678], [-119.98631567905323, 47.46181867560168], [-120.00280810375084, 47.48797708486858], [-120.03018318326382, 47.51588290113381], [-120.12015828560834, 47.580262681922044], [-120.15260179979896, 47.598421460887906], [-120.1889016928242, 47.61289657481428], [-120.22814672500708, 47.62332352979016], [-120.26934944737725, 47.629439580153644], [-120.35683889611636, 47.631131034402216]], [[-120.37255147257913, 47.31414471535849], [-120.33773217298689, 47.30679885222588], [-120.33095579348507, 47.30567733234298], [-120.25046945395762, 47.304944739795125], [-120.20875909467392, 47.309484568493986], [-120.17509464222879, 47.32136626075253], [-120.14685225927649, 47.33856096722286], [-120.12349263890802, 47.36003886400231], [-120.10897653617407, 47.383834886411094], [-120.105992885283, 47.41237583101071], [-120.11543148342187, 47.437318128527394], [-120.13379227446278, 47.45987308885045], [-120.21642743257976, 47.517263609814336], [-120.24697523377766, 47.53188325702468], [-120.28887391526222, 47.54041146293706], [-120.35679507625028, 47.54114237974099], [-120.38636789025514, 47.53888934467978], [-120.42570475487285, 47.52814084282878], [-120.45468619642311, 47.51144261858299], [-120.47656162995048, 47.49038328896572], [-120.4975801734884, 47.45270464777092], [-120.50040600706237, 47.42412594765903], [-120.4908336340796, 47.399222936929405], [-120.4723931213601, 47.37672287387667], [-120.40308951355028, 47.32874497917007], [-120.37255147257913, 47.31414471535849]]]}, "id": "00000000000000001485_1", "properties": {"uc_id": "5403", "unit": "ring"}}, {"type": "Feature", "geometry": {"type": "Polygon", "coordinates": [[[-106.74971536753223, 35.05040712900878], [-106.7610147831112, 35.05040713949814], [-106.74679464904426, 35.032958661726816], [-106.75808959643561, 35.03295866282606], [-106.7509817590807, 35.024232184128856], [-106.72839640127202, 35.02423214529639], [-106.7354997359817, 35.03295867720466], [-106.71291001845587, 35.032958594879865], [-106.70580660025578, 35.02423217014401], [-106.69451171320297, 35.0242322145539], [-106.68741284770582, 35.015505691039074], [-106.67612241548368, 35.01550575288981], [-106.68321677702072, 35.024232207144976], [-106.67192638117417, 35.02423215575405], [-106.6790252848956, 35.03295866116347], [-106.66773033742243, 35.032958652442424], [-106.67483369306869, 35.04168513946167], [-106.66353878221408, 35.041685099337926], [-106.67064218154013, 35.050407123976726], [-106.65934721753638, 35.05040714646126], [-106.66645506843139, 35.05913356200751], [-106.6551557334168, 35.05913351996059], [-106.67649693358494, 35.08531740398248], [-106.68779629195909, 35.08531742055788], [-106.70203872429278, 35.102774789362925], [-106.69073485390228, 35.10277474776585], [-106.70499061305055, 35.12023215608993], [-106.69368677083543, 35.120232205606996], [-106.70082137862745, 35.128958636724334], [-106.68951757085144, 35.128958657037806], [-106.696647634651, 35.13768950960484], [-106.68534377177004, 35.13768951290958], [-106.69248287697104, 35.146420420473575], [-106.68117455040681, 35.14642045840561], [-106.68831360988082, 35.155146911327606], [-106.6770097266439, 35.15514695038718], [-106.69129221524611, 35.17260873300664], [-106.70260052304101, 35.17260880309526], [-106.69545704032427, 35.163877869978386], [-106.71806917603324, 35.16387787728321], [-106.71092564154287, 35.155146934682655], [-106.72222946842736, 35.15514695440586], [-106.71509047822508, 35.14642045007891], [-106.72639433834192, 35.14642044130162], [-106.71212072846542, 35.12895861147697], [-106.72342452656308, 35.128958628417934], [-106.71629440573969, 35.120232131562425], [-106.72759382822693, 35.12023217168477], [-106.72046366285956, 35.111501221004914], [-106.75437068785439, 35.11150122743713], [-106.74724056121542, 35.10277478543332], [-106.75853994110548, 35.10277482035015], [-106.73717198361219, 35.07659091224084], [-106.74847130145005, 35.07659092778854], [-106.74135009314804, 35.06786449166537], [-106.76394441815025, 35.06786445138438], [-106.74971536753223, 35.05040712900878]]]}, "id": "0000000000000000149c_0", "properties": {"uc_id": "5428", "unit": "core"}}, {"type": "Feature", "geometry": {"type": "Polygon", "coordinates": [[[-106.4866783249355, 35.24488087201181], [-106.51489102937093, 35.280439865500725], [-106.53395677912938, 35.29815813864116], [-106.56471810733716, 35.31993967494444], [-106.59473189532696, 35.33439329788349], [-106.62717026679248, 35.34480157020458], [-106.66121932885095, 35.35090309184705], [-106.70261139383953, 35.352586121906015], [-106.73736449343963, 35.35033356180498], [-106.77124417217105, 35.343635277642484], [-106.80339965321194, 35.33265954061252], [-106.84849022262493, 35.30894426251719], [-106.87483769268133, 35.290339479939], [-106.89725391212339, 35.26857571913019], [-106.91518035338723, 35.24419852833208], [-106.92538449614516, 35.22436604820561], [-106.95136027499433, 35.191813050179285], [-106.96848113656958, 35.1567261606686], [-106.97621476601898, 35.12900368343425], [-106.98382006575251, 35.065709737781724], [-106.9746792327812, 35.002500642375466], [-106.96608676483368, 34.974951172789154], [-106.94771742149226, 34.942926865459654], [-106.92657333213243, 34.916121469492104], [-106.90360156935216, 34.89482318196488], [-106.87683815046965, 34.87675232908837], [-106.84695001985772, 34.86235771604835], [-106.81468046478432, 34.851996637089826], [-106.78083083508294, 34.84592615439853], [-106.7511148297679, 34.843272642669874], [-106.71726914214429, 34.83720083094869], [-106.67613334531403, 34.83552843408328], [-106.6415977471321, 34.837768330894825], [-106.6079183807005, 34.84443529177932], [-106.57593092002526, 34.85536395019799], [-106.54642984217887, 34.87028314749666], [-106.52014898706126, 34.88882254133974], [-106.49774349205103, 34.910521647947526], [-106.47977352737128, 34.93484111201688], [-106.44561267910586, 35.00480147510545], [-106.43774194123026, 35.03249585737697], [-106.43529272985447, 35.06085969674629], [-106.43833178482895, 35.08918533801501], [-106.44678883878596, 35.11676534862169], [-106.45840417316208, 35.13933319030515], [-106.45809662534224, 35.16813209744906], [-106.46329480588523, 35.19616144283339], [-106.47383546360194, 35.22317115375856], [-106.4866783249355, 35.24488087201181]], [[-106.5457011841101, 35.050775270702076], [-106.54615032165951, 35.070862509196665], [-106.5542047415742, 35.093898945067004], [-106.57485502517282, 35.12281205814499], [-106.56741451414895, 35.14689096607455], [-106.56789217618473, 35.1669777726334], [-106.57750629152589, 35.1936525931643], [-106.59972543937279, 35.22259973293717], [-106.61557924741369, 35.237959717087115], [-106.63521583832333, 35.25006092440243], [-106.65765536111303, 35.25829861815325], [-106.68177669948138, 35.262260981014244], [-106.71769112599137, 35.26174894291284], [-106.74153363685937, 35.25678834555682], [-106.76342963061775, 35.247627931377195], [-106.79774946531849, 35.225991279400745], [-106.8126218529687, 35.20999112707722], [-106.82794910384908, 35.179876815902496], [-106.84884369083461, 35.15764026499845], [-106.86570425955698, 35.12310310155851], [-106.86848604044955, 35.095778557720145], [-106.87389089383804, 35.06823031188784], [-106.86702743600462, 35.02112466764931], [-106.86109514362951, 35.00163044729019], [-106.84946093478474, 34.98298891414009], [-106.83168308314075, 34.963911210523946], [-106.81333873961043, 34.95075161474189], [-106.79189451302929, 34.94125209093293], [-106.76841713037155, 34.93588479888378], [-106.73416116130926, 34.93424389235753], [-106.72110353612902, 34.92985633400443], [-106.69708700128916, 34.925866890516744], [-106.66875154056268, 34.92619591735067], [-106.66133083628365, 34.926337127522146], [-106.63756839768949, 34.93124477302904], [-106.6157218116473, 34.94034833001898], [-106.59687767509162, 34.95319534322869], [-106.58197452894427, 34.96914705292447], [-106.55070600886866, 35.031106984299484], [-106.5457011841101, 35.050775270702076]]]}, "id": "0000000000000000149c_1", "properties": {"uc_id": "5428", "unit": "ring"}}, {"type": "Feature", "geometry": {"type": "Polygon", "coordinates": [[[-106.6794355239841, 35.102774819544784], [-106.69073485390228, 35.10277474776585], [-106.68361370891328, 35.09404389716225], [-106.6723142964103, 35.094043862554614], [-106.6438607622151, 35.05913353980577], [-106.63256143085009, 35.05913354182863], [-106.62545810540196, 35.05040712867317], [-106.61416315110836, 35.05040707964168], [-106.62126655561067, 35.0591335942618], [-106.55348374710988, 35.059133532795926], [-106.54638483259461, 35.050407111947756], [-106.5350854994809, 35.05040711207682], [-106.54218439697458, 35.05913356319996], [-106.48570098340275, 35.05913354136388], [-106.49279984260295, 35.06786446981479], [-106.48150049361128, 35.0678645157268], [-106.48860379528183, 35.076590938213876], [-106.47730449185637, 35.0765909481809], [-106.49151563579099, 35.0940438884363], [-106.48021626585965, 35.09404382348936], [-106.49443632550566, 35.11150123125398], [-106.48313248444188, 35.11150121611199], [-106.49024923414937, 35.12023215964436], [-106.47894543818425, 35.12023219101322], [-106.48606213614187, 35.128958598377665], [-106.47475829559009, 35.128958606775264], [-106.48900063735898, 35.146420436243616], [-106.47769241447415, 35.14642048491823], [-106.48481805834807, 35.1551469249171], [-106.50743012309528, 35.15514690737829], [-106.51456027782578, 35.16387787239176], [-106.52586409269793, 35.16387784584575], [-106.54727224017424, 35.1900750434488], [-106.60381362647341, 35.19007505846474], [-106.59667014779252, 35.18134416902368], [-106.60797839674461, 35.181344137414946], [-106.60083936656596, 35.17260873015554], [-106.64606356210368, 35.17260878477013], [-106.6389245350534, 35.16387783766743], [-106.65023283281067, 35.16387788303846], [-106.64309384876096, 35.15514695369442], [-106.65439768565177, 35.15514694947639], [-106.64726306254447, 35.14642048867997], [-106.65856693601073, 35.14642045411659], [-106.65143235623371, 35.137689525625596], [-106.67403995179406, 35.137689528111636], [-106.66690990392166, 35.12895859632207], [-106.68951757085144, 35.128958657037806], [-106.68238746878171, 35.12023212275422], [-106.69368677083543, 35.120232205606996], [-106.6794355239841, 35.102774819544784]]]}, "id": "000000000000000014b4_0", "properties": {"uc_id": "5453", "unit": "core"}}, {"type": "Feature", "geometry": {"type": "Polygon", "coordinates": [[[-106.8865436446611, 35.209279999559655], [-106.90367269722502, 35.17418431553614], [-106.91140811417931, 35.146461862175094], [-106.91370385521988, 35.11808928969191], [-106.9075093240883, 35.072314808587], [-106.8989090606618, 35.0447654341427], [-106.88052094293423, 35.012737995864775], [-106.85936255285954, 34.98594120465901], [-106.83637262085925, 34.96464190500421], [-106.81953421241495, 34.95103044886643], [-106.79655402529391, 34.92973118266613], [-106.76978037949043, 34.9116591824909], [-106.72146871434674, 34.88853731696905], [-106.68918962626022, 34.87817468060593], [-106.65532965900421, 34.872102555317404], [-106.61417673184276, 34.870429760956206], [-106.57625522593663, 34.87210240804402], [-106.53509791875256, 34.870429793334985], [-106.5005476477836, 34.87266949235978], [-106.45497934964656, 34.88114628545072], [-106.4175095146127, 34.88804999619879], [-106.38550195634771, 34.89897249444947], [-106.35598094261046, 34.913885998218305], [-106.32968080311674, 34.932420310125224], [-106.30725715214702, 34.95411507676124], [-106.28927061245501, 34.978431055009935], [-106.26771633251093, 35.02225974698452], [-106.25984405587626, 35.04995415639371], [-106.25739446559481, 35.07831800414033], [-106.25799902072892, 35.09936649590089], [-106.25470693842554, 35.130685228886726], [-106.26063625879624, 35.17647338868002], [-106.26910248049116, 35.20405338039195], [-106.28737519530081, 35.236146308260764], [-106.30844853012366, 35.26297118372879], [-106.33143214518311, 35.28433573618641], [-106.35826256666907, 35.3024729178902], [-106.39379289173068, 35.31924215676425], [-106.42063102322614, 35.33738315135172], [-106.45064736751014, 35.35184219529621], [-106.48308992390032, 35.362256321287944], [-106.5171446931656, 35.3683639813576], [-106.53144128049037, 35.369167786269195], [-106.61766915820346, 35.36915710739176], [-106.65208240838207, 35.36513383500537], [-106.68528305294203, 35.35673178144351], [-106.71643766279495, 35.344161992497924], [-106.75863978296377, 35.3267074253076], [-106.78696370269887, 35.31028840549217], [-106.81175283263886, 35.290429005006125], [-106.83238832428326, 35.26762726070369], [-106.86862475670979, 35.23365711039456], [-106.8865436446611, 35.209279999559655]], [[-106.64274510999219, 35.27425769048722], [-106.66831913795117, 35.262587827360555], [-106.70015409410573, 35.25044896438835], [-106.71994603185676, 35.238698181478554], [-106.73604654298317, 35.223651702716744], [-106.7476536515337, 35.20606109756647], [-106.76913030317729, 35.19110062946877], [-106.78400490823353, 35.17510581994875], [-106.79830999064491, 35.148110130191185], [-106.80325255959322, 35.12843030146642], [-106.79976242056627, 35.090919430640284], [-106.7938193328151, 35.071426378466676], [-106.78274396405719, 35.053497369056906], [-106.76437683685299, 35.03371727884231], [-106.74601547848627, 35.02055913374228], [-106.73527035069652, 35.009174815665254], [-106.71600974369552, 34.991689690437155], [-106.6815057910283, 34.97300758044602], [-106.65915284288116, 34.96475504799461], [-106.63512560318715, 34.96076754761763], [-106.60676875229602, 34.96109916629254], [-106.58277478244757, 34.9646655484845], [-106.5560837198996, 34.96076980586704], [-106.52027696727397, 34.961239672396665], [-106.4921705338251, 34.96795554141782], [-106.47092225920207, 34.96996260854396], [-106.44714603041396, 34.97486653838927], [-106.42528569079556, 34.983966672585595], [-106.40642851660522, 34.996810728218215], [-106.3915136955767, 35.012760095422664], [-106.37284923797633, 35.04852255307408], [-106.36734748752335, 35.07611046716858], [-106.37084338684997, 35.098236867182514], [-106.36521010137517, 35.120599416540834], [-106.3656593309342, 35.14068665941633], [-106.3685770212407, 35.158192053496464], [-106.37447934680152, 35.177694670983584], [-106.38610580957688, 35.1963510329911], [-106.40906252662619, 35.2204523384343], [-106.42868396538815, 35.2325653539215], [-106.45531206964152, 35.24150976351936], [-106.47150660448396, 35.255397873796504], [-106.49114067000507, 35.267506382863345], [-106.51358042916819, 35.275752418691255], [-106.53770475433289, 35.27972374638004], [-106.61889686763641, 35.27921639649641], [-106.64274510999219, 35.27425769048722]]]}, "id": "000000000000000014b4_1", "properties": {"uc_id": "5453", "unit": "ring"}}, {"type": "Feature", "geometry": {"type": "Polygon", "coordinates": [[[-111.92987538465609, 40.8393458608997], [-111.9061396208028, 40.83934588150796], [-111.89664172688343, 40.83035629330024], [-111.88477599233615, 40.830356321623064], [-111.89427391362038, 40.83934584004945], [-111.8705425805807, 40.83934584379507], [-111.8800404421403, 40.848335427864036], [-111.86817038636107, 40.84833540490573], [-111.87767271059654, 40.857324956717626], [-111.86580701523431, 40.85732496967124], [-111.87531380208411, 40.86631448695791], [-111.85157354450973, 40.86631448176549], [-111.86108036034076, 40.87530404534955], [-111.8492102561215, 40.875304024314154], [-111.85872153425157, 40.88429362574294], [-111.84685142427286, 40.884293625237426], [-111.86588279523498, 40.90227713947199], [-111.85400824526596, 40.90227716984786], [-111.87306196665516, 40.92026070024472], [-111.86118288632753, 40.920260710731434], [-111.88025004185872, 40.93824424405506], [-111.89212907099845, 40.93824428143034], [-111.8825911171941, 40.92925027256136], [-111.89447013978271, 40.92925026030824], [-111.88493655791774, 40.920260704390074], [-111.8968111162693, 40.92026072000034], [-111.88728208832936, 40.91126668852914], [-111.91103570554351, 40.91126668117168], [-111.90150661999297, 40.90227712291298], [-111.9133811299171, 40.90227719634524], [-111.90385650764053, 40.89328318141047], [-111.91573110143216, 40.893283186397554], [-111.90621094248225, 40.88429361318023], [-111.9180810715062, 40.88429357212315], [-111.90856537592467, 40.87530403047748], [-111.93230558214822, 40.87530408042789], [-111.92279428907082, 40.86631452487605], [-111.94653012796412, 40.86631446935998], [-111.93701887248073, 40.857324960671306], [-111.948888993186, 40.85732492306963], [-111.92987538465609, 40.8393458608997]]]}, "id": "000000000000000014e6_0", "properties": {"uc_id": "5503", "unit": "core"}}, {"type": "Feature", "geometry": {"type": "Polygon", "coordinates": [[[-111.91237310089608, 40.65119464720241], [-111.87234028003371, 40.65062580776902], [-111.83518291977109, 40.65434492653264], [-111.79925373754021, 40.662446167514155], [-111.7654432867536, 40.67472886341642], [-111.72961822879557, 40.69448941397967], [-111.69321789564106, 40.71950448850871], [-111.67048772069921, 40.742128431073866], [-111.63364680851743, 40.794191343469045], [-111.62953453256777, 40.803147936473856], [-111.61793298779322, 40.83420604853496], [-111.609923510957, 40.86704202248421], [-111.60923601235153, 40.89547189670302], [-111.61448251129411, 40.92362871857389], [-111.6398073047563, 40.9868844906999], [-111.65643577475764, 41.012399821918365], [-111.69400237976524, 41.0506301911956], [-111.7197788469593, 41.07138544068698], [-111.74958493990117, 41.088813452399776], [-111.78267478689722, 41.10247641118491], [-111.81821832630794, 41.11203084174214], [-111.86467018729776, 41.117417378604145], [-111.90493631755676, 41.11796208393231], [-111.94234541976809, 41.11418934618526], [-111.97849107602217, 41.10601345722523], [-112.01246466677435, 41.09364008770911], [-112.04341343237637, 41.07738035310612], [-112.07056223167847, 41.05764282060526], [-112.09323314903918, 41.03492303947044], [-112.13222503980953, 40.97823017175713], [-112.15321236346337, 40.954716232992205], [-112.16902020491696, 40.92899734513105], [-112.18039657951363, 40.897937392597385], [-112.1858467981522, 40.87405338596037], [-112.18632234143541, 40.84562103500881], [-112.18087452676967, 40.817486767847626], [-112.16964656151308, 40.79035201651598], [-112.1529248820528, 40.76489245718811], [-112.11534311597288, 40.72678404031777], [-112.08961628272453, 40.70608876923058], [-112.05992592019902, 40.688715784416054], [-112.02701120946689, 40.67509598534963], [-111.9585179875859, 40.65659174877592], [-111.91237310089608, 40.65119464720241]], [[-112.00423038584917, 40.76918152406138], [-111.98141454756573, 40.75825490622412], [-111.92407985669823, 40.742798485045434], [-111.89682448158177, 40.740368309066376], [-111.85860886965781, 40.742575759552025], [-111.83338865489793, 40.74921270181192], [-111.81103934619773, 40.75977433344196], [-111.77783602291788, 40.783002164988424], [-111.76362088740335, 40.799967071672334], [-111.75898166298722, 40.809838577488335], [-111.74460841311918, 40.8269356123077], [-111.73574402910297, 40.84575373549779], [-111.72782621101759, 40.88380048309008], [-111.7306230014749, 40.90372413467773], [-111.7377359420021, 40.92169410090164], [-111.74919095136188, 40.949226980604855], [-111.760479039867, 40.96728061004189], [-111.78720558853401, 40.99447468729597], [-111.80520037420955, 41.008152628189656], [-111.8286008061422, 41.01934620586191], [-111.85267774311377, 41.02579254578024], [-111.87911243950825, 41.0282288057454], [-111.91860085662564, 41.02598595696694], [-111.94374039597795, 41.01935999946424], [-111.96627441987481, 41.00869778361535], [-111.98514725979709, 40.9944995116679], [-111.99932419676145, 40.977545642839424], [-112.00401131745006, 40.967524338238455], [-112.01821496692945, 40.95052451567654], [-112.02683108718145, 40.93207701088071], [-112.0393681801925, 40.92264416061681], [-112.05357775043551, 40.905663980977344], [-112.06247275668282, 40.886624348489015], [-112.0663331801836, 40.86771270442167], [-112.06643587504439, 40.84774781572343], [-112.06068211114027, 40.82826311548501], [-112.04936338073756, 40.81022895495881], [-112.02268783132678, 40.783102067525974], [-112.00423038584917, 40.76918152406138]]]}, "id": "000000000000000014e6_1", "properties": {"uc_id": "5503", "unit": "ring"}}, {"type": "Feature", "geometry": {"type": "Polygon", "coordinates": [[[-112.07697217946438, 41.14521343459511], [-112.08887356046047, 41.14521345286714], [-112.06960579862142, 41.1272075558643], [-112.0815071243377, 41.12720760116866], [-112.06225713471342, 41.10920172917105], [-112.0741540380958, 41.10920172373989], [-112.06453130759057, 41.10019881096758], [-112.07642820019898, 41.100198842689316], [-112.0668143931761, 41.09120035775479], [-112.07870681756152, 41.09120036898474], [-112.04988314291151, 41.06419600820996], [-112.01420586057634, 41.06419605146612], [-112.00460993355239, 41.055197532902575], [-111.99271745763637, 41.05519754627198], [-111.96395630848609, 41.02820215802162], [-111.90451650642002, 41.02820215022646], [-111.94285136847063, 41.064196022708295], [-111.93095893963405, 41.06419601844352], [-111.96936074475707, 41.10019878936697], [-111.98125758641824, 41.100198782990965], [-111.99087141832361, 41.10920175346646], [-112.0027682680865, 41.10920176429323], [-112.03163656831187, 41.13621051105327], [-112.01973519810309, 41.13621052107618], [-112.0293668245772, 41.145213453306965], [-112.01746553566062, 41.14521340865097], [-112.03673777660063, 41.16322375403964], [-112.02483642833897, 41.16322373465872], [-112.03447695195703, 41.172226699733706], [-112.01066536146179, 41.17222667012704], [-112.02995993642273, 41.19024145128401], [-112.01805410160677, 41.19024141633232], [-112.027703563624, 41.199244370283594], [-112.05151964575765, 41.19924437655871], [-112.0418657197786, 41.190241405472854], [-112.06568176539031, 41.19024145487287], [-112.05602780098707, 41.18123407082658], [-112.09174517273905, 41.18123409069729], [-112.08209567593282, 41.172226709542365], [-112.0940014890915, 41.17222665694383], [-112.08435200131906, 41.16322371783014], [-112.09625780330452, 41.163223778331364], [-112.07697217946438, 41.14521343459511]]]}, "id": "000000000000000014fe_0", "properties": {"uc_id": "5527", "unit": "core"}}, {"type": "Feature", "geometry": {"type": "Polygon", "coordinates": [[[-112.32367110816072, 41.22531440065956], [-112.3344009223287, 41.17926437231175], [-112.33473317956134, 41.15083084683606], [-112.329116303853, 41.12271265899587], [-112.3171082734684, 41.09337008859078], [-112.31399970937312, 41.06069355121142], [-112.29998947818846, 41.02374576874792], [-112.28311116718334, 40.99832294534202], [-112.2355680712439, 40.95124579299373], [-112.20967811678594, 40.93060467738672], [-112.17982353970635, 40.91329410959402], [-112.14674755775971, 40.89974341340177], [-112.11912088893827, 40.891984007745386], [-112.093951882937, 40.87736214794238], [-112.06090516742776, 40.86379569095633], [-112.02545638700478, 40.85432381690595], [-111.9791899358531, 40.84901260514511], [-111.89152684310726, 40.84849252681874], [-111.85426947100396, 40.85227273341567], [-111.81825640821599, 40.86043295320173], [-111.78438025706893, 40.87277106786729], [-111.7534818733595, 40.88898133832813], [-111.72632984462507, 40.908661817431835], [-111.70360157203523, 40.93132411998685], [-111.68586640121787, 40.9564053317629], [-111.67357121792868, 40.98328178769265], [-111.6670288854695, 41.011284402188956], [-111.66594884980888, 41.029830427787026], [-111.67173718667445, 41.06786460047553], [-111.68288525800176, 41.09502919125305], [-111.69958212795446, 41.120529288289724], [-111.71469615593959, 41.13941040911445], [-111.73468181882113, 41.16605384074021], [-111.77632739619042, 41.206641913042176], [-111.79606535593705, 41.25742734090731], [-111.81287636560917, 41.28290041544482], [-111.84120145777128, 41.312088103245344], [-111.86717089904846, 41.332779967588415], [-111.8971718056259, 41.35013465340392], [-111.93045336896859, 41.363716154658555], [-111.96618064460918, 41.37318301701881], [-112.0127616145342, 41.378453652265186], [-112.06521117282229, 41.37892742920745], [-112.10275217171777, 41.37505632196888], [-112.13900407100587, 41.36678530762961], [-112.1730555444617, 41.354322462978416], [-112.23861920789831, 41.32293741807732], [-112.27134056362225, 41.300206370083394], [-112.29399949674263, 41.27743245105627], [-112.31158788402304, 41.25225820819588], [-112.32367110816072, 41.22531440065956]], [[-111.9099334702753, 41.22873558135812], [-111.92397398314262, 41.24582813006435], [-111.9523485996646, 41.26914883549438], [-111.97620120485058, 41.28047329295067], [-112.00001366891398, 41.286791284356276], [-112.0265536192595, 41.289228875737535], [-112.07810554503135, 41.28698456836342], [-112.10334469231651, 41.280357150258325], [-112.13161522697543, 41.26548399628704], [-112.14356325471974, 41.262344222040056], [-112.16644046794794, 41.251525577196], [-112.18530860682591, 41.23730023133041], [-112.19950140071442, 41.22027982041499], [-112.2083137753417, 41.2013145241445], [-112.2157904592774, 41.163340229325904], [-112.2128991899587, 41.14360994531699], [-112.19658782957136, 41.10146012678821], [-112.19665256448805, 41.08149514233372], [-112.19084102298837, 41.06201675292046], [-112.17944762640126, 41.04399498312976], [-112.14280517955207, 41.00775814661682], [-112.12489116978632, 40.99422322273192], [-112.10184665740428, 40.98325440094155], [-112.07615620776062, 40.976417704374505], [-112.06035418524944, 40.97507155913618], [-112.04784710972605, 40.96504932337003], [-112.02719819175353, 40.952581362346066], [-112.00340771415078, 40.94387919307854], [-111.97765823694394, 40.93937501583288], [-111.90450190899577, 40.938218163898384], [-111.87812601337083, 40.94044636846308], [-111.85290565204419, 40.94708375296337], [-111.8303560649669, 40.957741546807824], [-111.81156042701699, 40.97184381504035], [-111.79729988546893, 40.98880642998201], [-111.78836742968237, 41.00777557519885], [-111.78523174440944, 41.027684147217414], [-111.7880529201796, 41.0477028699924], [-111.79667828274, 41.06671046062047], [-111.81875427334927, 41.09323316287409], [-111.83008708394449, 41.111279668675], [-111.87622920071715, 41.15656288932713], [-111.8916700072736, 41.16822829593813], [-111.89393312898544, 41.19170516877558], [-111.9099334702753, 41.22873558135812]]]}, "id": "000000000000000014fe_1", "properties": {"uc_id": "5527", "unit": "ring"}}, {"type": "Feature", "geometry": {"type": "Polygon", "coordinates": [[[-111.98912344284871, 41.163223763608016], [-111.97721762491977, 41.16322377207623], [-111.96758601216581, 41.1542163450691], [-111.9556846628489, 41.15421634948656], [-111.94605744502125, 41.14521343016521], [-111.9341561117666, 41.145213447030216], [-111.94378336248243, 41.15421633146394], [-111.91997618412867, 41.154216366894445], [-111.92960338146698, 41.16322376242241], [-111.91770199428538, 41.163223769859364], [-111.94661482153312, 41.19024141568413], [-111.93470457501317, 41.1902414164776], [-111.94434965447667, 41.19924436730732], [-111.93244385791685, 41.19924439161902], [-111.94209331010337, 41.20825171837527], [-111.93018304843956, 41.20825179137704], [-111.9398370552523, 41.2172591410863], [-111.92792678611305, 41.21725910456806], [-111.94723915225755, 41.235278376704436], [-111.93532890784577, 41.23527835016452], [-111.94499172487077, 41.244285724323966], [-111.93308147288957, 41.24428573572903], [-111.94274438700451, 41.25329313942242], [-111.93083412750792, 41.25329311565445], [-111.9501776806925, 41.271316813112904], [-111.93826298869216, 41.27131681855447], [-111.95761987334437, 41.2893360862969], [-111.94570520703584, 41.28933603696146], [-111.95539037393684, 41.298347864001656], [-111.97922869129292, 41.29834792071888], [-111.96953904578896, 41.28933608967892], [-111.98145826529797, 41.289336061258346], [-111.97177308410828, 41.28032417942082], [-111.98368783771379, 41.28032420783545], [-111.97400712087519, 41.27131680400977], [-112.00975567445126, 41.27131681154813], [-112.00007504064115, 41.26230495508879], [-112.01198977426861, 41.262304949411124], [-111.99264168025998, 41.24428575249164], [-112.00455644385296, 41.24428576628236], [-111.97556334061268, 41.21725910406019], [-111.98747362235423, 41.21725914300651], [-111.97781966229375, 41.20825177486686], [-111.98972547791828, 41.208251720287365], [-111.98007598236379, 41.19924438943065], [-111.99198169834821, 41.1992443908414], [-111.98233220984298, 41.19024142781916], [-112.01805410160677, 41.19024141633232], [-111.98912344284871, 41.163223763608016]]]}, "id": "00000000000000001514_0", "properties": {"uc_id": "5551", "unit": "core"}}, {"type": "Feature", "geometry": {"type": "Polygon", "coordinates": [[[-111.77647118755552, 41.0105971768779], [-111.74128173560888, 41.03481717153698], [-111.71854128422432, 41.05749736798941], [-111.70646278010061, 41.07349895312256], [-111.6885251764887, 41.109478636130824], [-111.67969391413426, 41.14655910190041], [-111.67912669780775, 41.17499052068632], [-111.68451763819994, 41.20313424973761], [-111.68867133718098, 41.21893399059752], [-111.69473482481588, 41.283294956746644], [-111.72137550832355, 41.35167960241049], [-111.7402869053329, 41.38208426468105], [-111.76869163051954, 41.41127282885283], [-111.79471660842272, 41.43195343901141], [-111.82477669362243, 41.449295099218574], [-111.85811958183221, 41.46286211955841], [-111.89390876906614, 41.472313400421584], [-111.94054619239516, 41.47756335702705], [-111.99308105350939, 41.478024929462556], [-112.0306763525309, 41.474137306029505], [-112.06697710392457, 41.4658503029977], [-112.10107073475777, 41.45337240479382], [-112.1321014520819, 41.437017379729305], [-112.15929208085655, 41.41719621629884], [-112.2123740198427, 41.3674143053295], [-112.22996431272547, 41.342231245284964], [-112.24204025052593, 41.3152813775837], [-112.25050663838272, 41.27823694483021], [-112.25081630459049, 41.2498032719445], [-112.24859899764257, 41.23747692781444], [-112.25629313848219, 41.20630212649319], [-112.25662972335905, 41.177868628932245], [-112.25101467235702, 41.14974997219454], [-112.23959547233329, 41.12264716836643], [-112.22266340432343, 41.09723505940205], [-112.17496285012648, 41.05015670113399], [-112.14901114073238, 41.029531952564646], [-112.11909260998168, 41.01224023073264], [-112.04293698775754, 40.980725963823254], [-112.00741156572988, 40.97128378809851], [-111.96108770932908, 40.966011824212174], [-111.92081775438565, 40.96551739880183], [-111.88350123503433, 40.96933602387014], [-111.84743908648142, 40.9775333277643], [-111.81352511033721, 40.98990627950582], [-111.77647118755552, 41.0105971768779]], [[-111.90246537042744, 41.37908773731322], [-111.92765794160444, 41.38589469949809], [-111.9553735261941, 41.38833652262753], [-111.99275881976294, 41.38719548776935], [-112.01869257403331, 41.3827231360644], [-112.04265177011962, 41.3740401541232], [-112.06343887117458, 41.361580906837844], [-112.08001659487479, 41.34596836648198], [-112.10349748354662, 41.327336428232606], [-112.11752835718644, 41.310568396263406], [-112.126502623299, 41.291339255927845], [-112.13018982389474, 41.27249550842053], [-112.13023393010977, 41.25253047251798], [-112.12438692670223, 41.23305549904457], [-112.13018059251849, 41.219916440837025], [-112.13611994160512, 41.20045779680556], [-112.1361717572513, 41.1804927835908], [-112.1303387522181, 41.161016537941364], [-112.11891643922912, 41.142998972860994], [-112.0821231460737, 41.10672755824028], [-112.0631653578863, 41.09260157413896], [-111.9980649625536, 41.06426777038997], [-111.97362657224518, 41.05765559889911], [-111.94717853242295, 41.05522873623393], [-111.90757224511546, 41.05749321083587], [-111.88230632448692, 41.06414836080517], [-111.8597359351659, 41.07482937415866], [-111.82682658644788, 41.097872307150375], [-111.81254322721755, 41.11483708218302], [-111.80355710054039, 41.13392144107975], [-111.79817032131211, 41.162916533817345], [-111.8009876409888, 41.18270851856942], [-111.80969177732976, 41.20179819397168], [-111.80829622345993, 41.216989752638774], [-111.81300214869057, 41.24093613456237], [-111.81115747609311, 41.25292928856577], [-111.81395879106186, 41.27277735578647], [-111.83759471502059, 41.32810602385067], [-111.8516255470476, 41.34503211095733], [-111.87992044142287, 41.368252061078806], [-111.90246537042744, 41.37908773731322]]]}, "id": "00000000000000001514_1", "properties": {"uc_id": "5551", "unit": "ring"}}, {"type": "Feature", "geometry": {"type": "Polygon", "coordinates": [[[-108.60673477551065, 39.08615661101219], [-108.5950563917907, 39.08615661320678], [-108.56936304609313, 39.05945109106337], [-108.54601070968947, 39.059451094835055], [-108.55457219241812, 39.06835144782878], [-108.53121991783006, 39.06835141468961], [-108.53977687807773, 39.077251849247695], [-108.51642457980404, 39.07725179197387], [-108.50786755025099, 39.068351488756164], [-108.49618922951946, 39.06835145959206], [-108.48763667791233, 39.05945109701178], [-108.44093207071423, 39.059451093334545], [-108.44948455966538, 39.06835144351077], [-108.43780620576361, 39.06835144586573], [-108.44635879828343, 39.07725179377872], [-108.43468480646821, 39.077251794738814], [-108.4517988330821, 39.09505698713993], [-108.46347720713852, 39.09505701087337], [-108.47204320408281, 39.10396184279405], [-108.54212236502168, 39.10396187598104], [-108.55069725178241, 39.112866660786025], [-108.57405850008084, 39.11286662216706], [-108.56548359708059, 39.103961807592924], [-108.60052326586126, 39.1039618373544], [-108.59194836813998, 39.09505699770493], [-108.61530512964764, 39.095057025108346], [-108.60673477551065, 39.08615661101219]]]}, "id": "0000000000000000152c_0", "properties": {"uc_id": "5575", "unit": "core"}}, {"type": "Feature", "geometry": {"type": "Polygon", "coordinates": [[[-108.60106763925437, 38.88118487117116], [-108.54148205748966, 38.879508219546835], [-108.51898986621852, 38.88113658983095], [-108.43651983374268, 38.87950646980194], [-108.40016767592167, 38.882286208788926], [-108.36482548937639, 38.8894773359252], [-108.33136947193066, 38.90090165579577], [-108.3006300687883, 38.91627596541669], [-108.27337170254974, 38.935218931207146], [-108.25027397751583, 38.957260369381615], [-108.23191479893438, 38.98185272120371], [-108.21560559049433, 39.017275341917625], [-108.20482739567338, 39.05398396613079], [-108.20292958989823, 39.08238038987041], [-108.20681778293759, 39.110654445533044], [-108.2164016950826, 39.138099825615285], [-108.23144810196798, 39.164030115493816], [-108.26596797447996, 39.20286819654311], [-108.28980831169604, 39.22395615328623], [-108.31824791712818, 39.24224898181175], [-108.36988223364249, 39.265582967860006], [-108.4044052895021, 39.27613520069245], [-108.44028041062431, 39.28224770631934], [-108.48277714978377, 39.284975307224634], [-108.51882052860452, 39.291130067059626], [-108.57868407794149, 39.29280824414702], [-108.6152436872016, 39.28999153085512], [-108.65076753763306, 39.28274271000038], [-108.71082564138638, 39.26233424427609], [-108.75641624613735, 39.23796369494407], [-108.78368625364807, 39.21892959722949], [-108.80673127356953, 39.19680112298376], [-108.82497757351767, 39.17213325672769], [-108.83797324377667, 39.14554405559639], [-108.84493125343971, 39.11945402659315], [-108.84707621920839, 39.08929416476758], [-108.8429695820327, 39.06103882565273], [-108.83318844791418, 39.033637649402], [-108.817982868691, 39.00777320925913], [-108.79195590493887, 38.97803248090733], [-108.76799819356836, 38.95694740408363], [-108.74169372146307, 38.940057441587534], [-108.71635182189621, 38.921113501930776], [-108.68650483479747, 38.90486139475921], [-108.65375282581132, 38.892461051193486], [-108.61890910227567, 38.88421991373398], [-108.60106763925437, 38.88118487117116]], [[-108.64715944622766, 39.186362011069164], [-108.66957601656712, 39.17627739743004], [-108.7033144023737, 39.153677786021426], [-108.71787801170649, 39.13706271129749], [-108.72732001854584, 39.11835487319127], [-108.73117335402792, 39.0984880126154], [-108.72925057298706, 39.07845291798633], [-108.72165228514338, 39.059247933897495], [-108.70876120211655, 39.04182925655173], [-108.68969948030562, 39.02412724163284], [-108.66991448976331, 39.01138493723907], [-108.64445221827218, 38.9909306529129], [-108.62302031570398, 38.97970103677891], [-108.59892282153838, 38.97244262993927], [-108.56934815913448, 38.969462432291955], [-108.52034524558248, 38.971699748228914], [-108.48870243161153, 38.969466247562934], [-108.4192118931911, 38.97105903498132], [-108.39452579281857, 38.9770011994133], [-108.37214480953443, 38.9870486889262], [-108.35318209236071, 39.000702313686055], [-108.33858244131909, 39.01728338609034], [-108.32593698732454, 39.04486278423223], [-108.31886186475971, 39.07361847187984], [-108.32069405331752, 39.09365867334173], [-108.3298796045318, 39.11575027386578], [-108.3587995252124, 39.14883837861195], [-108.37875474334594, 39.16496720502893], [-108.4086700913615, 39.17867724481441], [-108.43163324063298, 39.18772402747204], [-108.45661765577415, 39.1925912220191], [-108.50070306238148, 39.19395559617006], [-108.5210837669146, 39.19987618544818], [-108.5481613167569, 39.20271664506781], [-108.58498991654501, 39.20190341887395], [-108.61020688283598, 39.197799979645005], [-108.6323921513156, 39.190053011899145], [-108.64715944622766, 39.186362011069164]]]}, "id": "0000000000000000152c_1", "properties": {"uc_id": "5575", "unit": "ring"}}, {"type": "Feature", "geometry": {"type": "Polygon", "coordinates": [[[-105.15358911683349, 40.13962818776643], [-105.13000932643429, 40.1396281587582], [-105.12134089919866, 40.13067431641471], [-105.10955097290862, 40.13067428022502], [-105.11821949216765, 40.1396281899898], [-105.09463977544418, 40.13962821524932], [-105.1033083095668, 40.14858205044402], [-105.0915139701811, 40.14858202881432], [-105.10018688860173, 40.157535968825705], [-105.06481280616494, 40.15753593539209], [-105.07348136382763, 40.16648977222152], [-105.04989713118151, 40.166489779977624], [-105.07592936845005, 40.193355918497886], [-105.08772820397805, 40.193355908211345], [-105.09641448151496, 40.202309806293634], [-105.15539506844965, 40.20230973531729], [-105.14670424679467, 40.193355871540994], [-105.15849852774677, 40.19335590432923], [-105.1237710606588, 40.15753595203397], [-105.13556093575205, 40.1575359475903], [-105.12688802258339, 40.14858201936748], [-105.15047218553863, 40.14858207218881], [-105.15914508909678, 40.1575359144792], [-105.17093945386465, 40.15753594903211], [-105.15358911683349, 40.13962818776643]]]}, "id": "000000000000000016cf_0", "properties": {"uc_id": "6006", "unit": "core"}}, {"type": "Feature", "geometry": {"type": "Polygon", "coordinates": [[[-105.36807242486225, 40.2800043828412], [-105.38446632894615, 40.24454241688926], [-105.39611229332134, 40.21007573843065], [-105.40446811775568, 40.18093999389595], [-105.40632804641092, 40.15254091232699], [-105.4023138251937, 40.12427237469952], [-105.39253276921464, 40.096839385642355], [-105.37723528217103, 40.070925279535224], [-105.34163017216193, 40.031488902949015], [-105.31750096493954, 40.01061342525664], [-105.2889138712417, 39.9924861663947], [-105.25764438575432, 39.978231220584746], [-105.1895480789223, 39.95843793570573], [-105.15403464537076, 39.95249049148443], [-105.10596894602459, 39.95071785530597], [-105.06904027224745, 39.95338926495718], [-105.0331149885373, 39.96047461921965], [-104.99908349291094, 39.97179839473975], [-104.95287143700526, 39.99602755695964], [-104.88027078388228, 40.04175556134324], [-104.85669022849531, 40.06372674493912], [-104.83791061582976, 40.0882630691922], [-104.82440423598365, 40.114754511642474], [-104.81651355879617, 40.14254170951375], [-104.81444216333487, 40.170932229521675], [-104.81824900452172, 40.199217734366506], [-104.82784622356161, 40.226691629510725], [-104.84300062772955, 40.25266675369864], [-104.88711199130813, 40.30116148618529], [-104.91171130815842, 40.322531366167404], [-104.94043297513251, 40.34067367119038], [-104.99297378640779, 40.364065705698], [-105.02769914227817, 40.37448530896136], [-105.06291628227439, 40.380464148124695], [-105.09633635623982, 40.382287115458105], [-105.17593528455537, 40.381044881021154], [-105.19636742374038, 40.37955284052556], [-105.2324945253326, 40.372406634662106], [-105.26668269745915, 40.361004663861834], [-105.29807357359091, 40.34563360101974], [-105.3258805583324, 40.326679681601895], [-105.34940876293861, 40.30461880630195], [-105.36807242486225, 40.2800043828412]], [[-104.9690361987928, 40.10185093331941], [-104.95228887405663, 40.117170575237054], [-104.94039629008675, 40.13494869426362], [-104.93395414919382, 40.15430071956192], [-104.9332879616579, 40.17426299352206], [-104.93843595655599, 40.1938406217023], [-104.94914618757947, 40.21205704067851], [-104.98118126706962, 40.2468714139253], [-104.99909262707554, 40.261594601651886], [-105.0413588546389, 40.28188270783358], [-105.06911500853633, 40.28985280393446], [-105.0805371567812, 40.29092016119476], [-105.15543445084118, 40.29229838981176], [-105.17719276000317, 40.290747004815664], [-105.2023690686428, 40.28484665951801], [-105.22519558296747, 40.27482787366583], [-105.24453197344602, 40.26119171161422], [-105.2594140461486, 40.24461979873158], [-105.26910187621006, 40.22593996173617], [-105.2760664829966, 40.19782762646901], [-105.28455675267853, 40.1812068532686], [-105.28858074844881, 40.16135294105311], [-105.28674010889532, 40.14131165886251], [-105.27726839234921, 40.11893163451696], [-105.2481176891342, 40.08604049175662], [-105.23021678770279, 40.07134278477727], [-105.20850777694469, 40.06004652676092], [-105.15184432093724, 40.043764369743585], [-105.12589807845625, 40.04075322678774], [-105.08793547595504, 40.04221823587881], [-105.06283624724081, 40.048086708279], [-105.04005713304687, 40.05806717742567], [-105.0138130633593, 40.074987631799395], [-104.99530893672305, 40.084919084743895], [-104.9690361987928, 40.10185093331941]]]}, "id": "000000000000000016cf_1", "properties": {"uc_id": "6006", "unit": "ring"}}, {"type": "Feature", "geometry": {"type": "Polygon", "coordinates": [[[-105.10819543456893, 40.40842725187737], [-105.12001202997446, 40.408427294612], [-105.11124991702049, 40.39946003248804], [-105.08761223900804, 40.39945998677192], [-105.07885453460152, 40.390492716742905], [-105.0315880587871, 40.39049277663197], [-105.04909894388915, 40.40842726972477], [-105.03727793719962, 40.40842726365401], [-105.04604000543283, 40.41739448110262], [-105.03421895398698, 40.41739452544768], [-105.06929874594324, 40.4532634820201], [-105.09294528541558, 40.45326354383678], [-105.0841698117342, 40.44429625481194], [-105.11963747887332, 40.44429625391601], [-105.11086200343013, 40.43532897742284], [-105.12268307337047, 40.43532898883073], [-105.11390752447478, 40.42636175758206], [-105.12572863504697, 40.4263617347488], [-105.10819543456893, 40.40842725187737]]]}, "id": "000000000000000016f0_0", "properties": {"uc_id": "6042", "unit": "core"}}, {"type": "Feature", "geometry": {"type": "Polygon", "coordinates": [[[-105.11187038423873, 40.21228546811711], [-105.02748759321264, 40.21054262918856], [-104.99042525518848, 40.21327444577636], [-104.95438238880354, 40.22041845156422], [-104.92025225926841, 40.23179768190578], [-104.88888180077193, 40.24713014738519], [-104.86105096813027, 40.26603567190345], [-104.83745357522729, 40.28804513312587], [-104.81868006785682, 40.31261189879071], [-104.80520265089746, 40.33912520007604], [-104.79736315280974, 40.36692513483749], [-104.7953639631304, 40.39531895023205], [-104.80181919673949, 40.4505773063885], [-104.81154467088184, 40.47803234518202], [-104.82684316936009, 40.50397773681942], [-104.87973999272052, 40.56105724553609], [-104.9038999412418, 40.582034721107036], [-104.932655456712, 40.60024766535826], [-104.96519057146895, 40.614890314854165], [-105.0003697255411, 40.62544894727079], [-105.03696148362879, 40.63155526698188], [-105.0692661785069, 40.633240799348165], [-105.13032601326846, 40.63098495057858], [-105.17081396508796, 40.62323355266282], [-105.23178828618825, 40.602802577798094], [-105.26324725135694, 40.58737829736853], [-105.29109877684566, 40.568377188823476], [-105.3146468854108, 40.54627635612965], [-105.33330536881682, 40.52163022539267], [-105.34963219441418, 40.48607709020557], [-105.36026133524864, 40.44933463488789], [-105.36203806166765, 40.42093218578425], [-105.35791778523154, 40.39267117977281], [-105.34225094168683, 40.34735599240841], [-105.32682132257568, 40.32146795098725], [-105.30001198319448, 40.29131932730166], [-105.27530713174811, 40.27002804567529], [-105.24727574113274, 40.25236282777223], [-105.21521701973977, 40.23788021619251], [-105.14821706677425, 40.218464408038926], [-105.11187038423873, 40.21228546811711]], [[-105.24394126925098, 40.42672114539521], [-105.24193886729864, 40.40992429269074], [-105.22850306142988, 40.37279052974761], [-105.21541133344714, 40.35535125595591], [-105.18796564582695, 40.331039925709646], [-105.16613926537327, 40.31978195828056], [-105.10920736518901, 40.30352822841863], [-105.07882280087482, 40.30050406047829], [-105.00964125315122, 40.302072316288594], [-104.98446221348291, 40.30798181243947], [-104.96162363716662, 40.3179994593424], [-104.9422613010382, 40.331627629356134], [-104.92733988041333, 40.348188993053206], [-104.91760495145736, 40.36685989736426], [-104.91354547275114, 40.38671106014706], [-104.91719221130221, 40.42528518452651], [-104.9223930701289, 40.444857164819176], [-104.93317445151321, 40.463062375041], [-104.97437367547492, 40.506972797201996], [-104.99240614626731, 40.521659310185285], [-105.01428276502669, 40.53293453077373], [-105.03891120495312, 40.540234627246726], [-105.06506007577102, 40.54319439917843], [-105.1039987169063, 40.54230833370486], [-105.12971792819383, 40.538220267856644], [-105.15309400621013, 40.53013257073731], [-105.16702038056614, 40.52675364358861], [-105.18989978220858, 40.51669627249956], [-105.20926589289006, 40.503027407430906], [-105.22415305541212, 40.48643032120615], [-105.23685364792338, 40.45876075069726], [-105.24394126925098, 40.42672114539521]]]}, "id": "000000000000000016f0_1", "properties": {"uc_id": "6042", "unit": "ring"}}, {"type": "Feature", "geometry": {"type": "Polygon", "coordinates": [[[-105.11598105558154, 40.525032756603764], [-105.10415101152934, 40.5250327162231], [-105.09534433876681, 40.51606101194078], [-105.07168434041667, 40.51606105323836], [-105.06288655236007, 40.507089309598285], [-105.05105651635351, 40.50708932987568], [-105.0422586841979, 40.498117633893436], [-105.03043318213827, 40.498117648761564], [-105.03922653860641, 40.50708935998109], [-105.01556649715636, 40.50708933356423], [-105.02435984890836, 40.51606102454154], [-105.01252985818951, 40.51606106273361], [-105.02132768152099, 40.525032718297005], [-105.00949327629874, 40.525032780548784], [-105.02709780977129, 40.54297617190003], [-105.01526779713248, 40.54297618427469], [-105.03288571087306, 40.56092404964923], [-105.02105126267666, 40.56092404649658], [-105.02986239022546, 40.56990020793124], [-105.04170131663714, 40.56990019065487], [-105.05052141447732, 40.578876400590026], [-105.06236033057512, 40.57887636328467], [-105.08001394745828, 40.59682428710896], [-105.11553513846012, 40.596824266748314], [-105.10670162537653, 40.58784814099839], [-105.13037943979741, 40.587848105257834], [-105.12155048214564, 40.57887635207915], [-105.1452238301994, 40.578876355657734], [-105.1363992523323, 40.56990020478793], [-105.1482336676089, 40.56990022438695], [-105.13940910721614, 40.560924086155566], [-105.15124355987679, 40.5609240762373], [-105.11598105558154, 40.525032756603764]]]}, "id": "00000000000000001702_0", "properties": {"uc_id": "6060", "unit": "core"}}, {"type": "Feature", "geometry": {"type": "Polygon", "coordinates": [[[-105.04759192795645, 40.775114482926796], [-105.12027659098844, 40.77676567029547], [-105.15764019907269, 40.77394688531174], [-105.19394448622889, 40.76669546006354], [-105.22827671531658, 40.75519380617746], [-105.25602433742671, 40.741865997834104], [-105.31723351870677, 40.70279494040102], [-105.34079258560104, 40.680671747086805], [-105.35944793752361, 40.65600788826173], [-105.37572123039516, 40.62043432418421], [-105.38629439476867, 40.583614061478876], [-105.38801518908994, 40.55520949668529], [-105.38382752852915, 40.5269535159136], [-105.37384318938173, 40.49955077963965], [-105.35831774655223, 40.47368382740263], [-105.30543316493952, 40.41723399920271], [-105.28035549727544, 40.39560882008531], [-105.25197448272307, 40.37778230906187], [-105.19920223894312, 40.354373391546964], [-105.16169611651719, 40.34345017886981], [-105.1285073281047, 40.331151848014045], [-105.0929358056127, 40.32290105669089], [-105.0750498545911, 40.319880667283584], [-105.02605589087666, 40.3181711955392], [-104.98893863931943, 40.320935311913225], [-104.95284904650386, 40.328110682849534], [-104.91868151752942, 40.339519571537615], [-104.87241007312626, 40.36384402934547], [-104.84455772182955, 40.382772323128876], [-104.82095044916076, 40.404801065102404], [-104.80217897144995, 40.429383151878405], [-104.78563629287594, 40.46491037552849], [-104.77475698201292, 40.5017061127833], [-104.77280398170967, 40.53010194943598], [-104.77676021146422, 40.55837719938969], [-104.79797792246994, 40.62172814584474], [-104.81334266179987, 40.6476621686384], [-104.83962578158098, 40.67734018129503], [-104.86429151218319, 40.698757810115545], [-104.89360254232439, 40.71721690558256], [-104.92908613453076, 40.73496765730672], [-104.95967398789364, 40.751289949605365], [-104.99328639660014, 40.76374930794185], [-105.02907978462372, 40.772032494592786], [-105.04759192795645, 40.775114482926796]], [[-105.07252450963767, 40.41112577194535], [-105.046423355138, 40.40818479249103], [-105.00831833406339, 40.40971638250006], [-104.98310793964112, 40.41564780978088], [-104.9602478833085, 40.425685328224255], [-104.9260012608737, 40.448297692952806], [-104.91107740209534, 40.464871292408205], [-104.89829446809426, 40.49253762947713], [-104.89120735104426, 40.52137278252699], [-104.8930698395556, 40.54141345190395], [-104.91224231990753, 40.59653717853866], [-104.92601515336362, 40.61467584259577], [-104.95289781988475, 40.63833630459353], [-104.98577905616672, 40.65359640971178], [-105.00309583752792, 40.66531056834738], [-105.02504249034301, 40.676560043723164], [-105.04973879410989, 40.683831137855734], [-105.07594993731176, 40.686760093628024], [-105.126713963102, 40.685860488992155], [-105.15248342938165, 40.68175549234325], [-105.17640433088584, 40.673412172278326], [-105.18611018691257, 40.669138693662994], [-105.2269298240811, 40.6433133742403], [-105.24372023813017, 40.6279390004015], [-105.2555905922598, 40.61011942712437], [-105.26794055398726, 40.57279217450932], [-105.26848091272016, 40.55282839655972], [-105.26317982678447, 40.53327096766833], [-105.2523062278063, 40.51509393172631], [-105.21078314059478, 40.47117204188971], [-105.1927069931906, 40.45652629497907], [-105.15018620783323, 40.436326065140875], [-105.11937460937712, 40.42819930768374], [-105.09712285431415, 40.41839740068884], [-105.07252450963767, 40.41112577194535]]]}, "id": "00000000000000001702_1", "properties": {"uc_id": "6060", "unit": "ring"}}, {"type": "Feature", "geometry": {"type": "Polygon", "coordinates": [[[-104.7623564410266, 40.417394550009554], [-104.75053541083685, 40.417394532227995], [-104.7330646048417, 40.399460034301214], [-104.74488572654381, 40.3994599777811], [-104.73615480163313, 40.390492747048306], [-104.7716091148539, 40.3904927360189], [-104.76287819904489, 40.38152998024678], [-104.73924497114939, 40.38152996464908], [-104.73052744804679, 40.37256268746345], [-104.68326542670268, 40.372562686762144], [-104.69198294589272, 40.38152997233497], [-104.68016632570122, 40.38152999096685], [-104.68888829582338, 40.39049279112179], [-104.65343405555106, 40.390492777163345], [-104.67961343935384, 40.41739450896169], [-104.66779234518813, 40.41739448337278], [-104.68526304584213, 40.43532900249424], [-104.77984060602053, 40.435329040555494], [-104.7623564410266, 40.417394550009554]]]}, "id": "00000000000000001714_0", "properties": {"uc_id": "6078", "unit": "core"}}, {"type": "Feature", "geometry": {"type": "Polygon", "coordinates": [[[-104.84922812585069, 40.21463891911618], [-104.80033856033864, 40.20064430462161], [-104.76328177830064, 40.19437237874789], [-104.67960665980137, 40.19260701195302], [-104.64254753393439, 40.19528603113568], [-104.60649686310953, 40.2023786912483], [-104.57234809993994, 40.213709299321444], [-104.54094862832083, 40.2289970711989], [-104.48316946281939, 40.26581924590498], [-104.45952415724939, 40.287798705701036], [-104.44069710450671, 40.31234159319908], [-104.42716182462063, 40.33883774013855], [-104.41926157367116, 40.36662767941885], [-104.41720024732328, 40.395018916195525], [-104.42103663191534, 40.423303095203636], [-104.43068221089577, 40.45077364796259], [-104.4602203121072, 40.50370444753988], [-104.49503998010083, 40.542390810854805], [-104.51958215608195, 40.56385726700131], [-104.54828348603397, 40.582112367162125], [-104.58042626735592, 40.59669765639008], [-104.61626215873197, 40.6074935647586], [-104.6528408719945, 40.6136109700614], [-104.68513600200228, 40.61530629561663], [-104.8005383878592, 40.614058658970606], [-104.83735824586864, 40.60934103845935], [-104.87273128375683, 40.60026905833323], [-104.90576866092711, 40.587070875593646], [-104.93564154302437, 40.570078254026676], [-104.96160220717543, 40.549718049779884], [-104.98300290799655, 40.52650128583356], [-104.99931201408263, 40.50101011549509], [-105.01012701677462, 40.473883028580154], [-105.01518411424884, 40.4457986957603], [-105.01436417946329, 40.41745887587324], [-105.00598232805044, 40.37266475565621], [-104.99932632441006, 40.344775475265955], [-104.98699782194055, 40.318032059048804], [-104.978516377738, 40.30374453782005], [-104.95232546581958, 40.27413805510998], [-104.93964404114595, 40.26309342823987], [-104.91297722163071, 40.24336315584703], [-104.8825865533019, 40.2270770171613], [-104.84922812585069, 40.21463891911618]], [[-104.56092530125707, 40.45589021984732], [-104.59022737833835, 40.48889888981777], [-104.60821767930405, 40.50361183907451], [-104.63005973913124, 40.514919146180326], [-104.654662973932, 40.5222553784727], [-104.68079726681354, 40.52525352963702], [-104.77990391746546, 40.52531768718509], [-104.80177557417441, 40.523757453878176], [-104.82703503455099, 40.51784685281243], [-104.84993360584625, 40.5078187300665], [-104.8693273414691, 40.49417463044608], [-104.88424919008368, 40.47759659125905], [-104.89395727125834, 40.4589127588961], [-104.89797147776233, 40.439055749263545], [-104.89609665652888, 40.41901589891679], [-104.88850118374047, 40.39996694775016], [-104.8896606424013, 40.394231652111806], [-104.8877906683149, 40.37419160672488], [-104.880133922475, 40.354966698928344], [-104.86641374263455, 40.33682826226002], [-104.83969369632099, 40.31318819058903], [-104.81789286471594, 40.30190796541803], [-104.75775635083795, 40.28500085789788], [-104.73161239240761, 40.28257782916722], [-104.66154127688144, 40.28411111784091], [-104.63635451054306, 40.28998473961703], [-104.6134975318251, 40.299969841661536], [-104.59312050529054, 40.313764090143636], [-104.57228856003749, 40.325866620059415], [-104.5554897809451, 40.3411886837147], [-104.54356237515152, 40.35896847464942], [-104.53710381530958, 40.37832135061316], [-104.53644048081345, 40.39828361823123], [-104.54161051537206, 40.417860383407664], [-104.55238249218947, 40.4368805692752], [-104.56092530125707, 40.45589021984732]]]}, "id": "00000000000000001714_1", "properties": {"uc_id": "6078", "unit": "ring"}}, {"type": "Feature", "geometry": {"type": "Polygon", "coordinates": [[[-108.60624432559767, 45.77398775750029], [-108.61872973914085, 45.77398774616616], [-108.60739030129774, 45.764726184727316], [-108.61987572574417, 45.76472621003372], [-108.59721011006886, 45.746198626104594], [-108.57224360201175, 45.74619861563147], [-108.58356973667505, 45.755460188179214], [-108.5586032587853, 45.755460183703384], [-108.54727711113073, 45.74619862161882], [-108.53479168904012, 45.74619862286079], [-108.54611772158613, 45.75546016328962], [-108.4961758249895, 45.755460160817854], [-108.50749750928297, 45.76472616138456], [-108.48252657802152, 45.76472621654783], [-108.4938526825092, 45.77398773827949], [-108.48136272712817, 45.773987735627145], [-108.49269778254305, 45.78325378315352], [-108.48020778521006, 45.78325375282953], [-108.50288227342432, 45.801785791659164], [-108.51537672276031, 45.80178575445174], [-108.50403273838135, 45.79251977504749], [-108.52901263712904, 45.79251979563205], [-108.54035661846534, 45.80178577937974], [-108.6402940113965, 45.801785776073864], [-108.60624432559767, 45.77398775750029]]]}, "id": "0000000000000000187a_0", "properties": {"uc_id": "6457", "unit": "core"}}, {"type": "Feature", "geometry": {"type": "Polygon", "coordinates": [[[-108.45483053795849, 45.57511773429992], [-108.37873654705695, 45.59527770396948], [-108.3358906773824, 45.615120305451924], [-108.28489843377605, 45.64920436103174], [-108.25212890148033, 45.683971367331104], [-108.23425536824023, 45.71769995741521], [-108.22510021959354, 45.753092180077736], [-108.22307745135106, 45.79245134465518], [-108.23015672813113, 45.828066508090245], [-108.25156517823336, 45.86695490532592], [-108.28343410991987, 45.89987523846217], [-108.33493465565427, 45.93859584546164], [-108.36800182208765, 45.95532539406255], [-108.40446349010266, 45.96821389332797], [-108.44340375688022, 45.9769368645719], [-108.49198025127397, 45.981244538430964], [-108.66234436446811, 45.981107528317224], [-108.7210004128858, 45.97277096743195], [-108.76803231555346, 45.957751339023034], [-108.81052214584695, 45.93722117499447], [-108.85061727295836, 45.90634786330188], [-108.85624040239635, 45.899812510446026], [-108.88047423738415, 45.86803594628179], [-108.89580227058161, 45.82782259097778], [-108.89740915280083, 45.79186322373143], [-108.88996179629274, 45.7562633881457], [-108.84773652267668, 45.68054561872621], [-108.81567185472018, 45.64769509723618], [-108.76417437230452, 45.60914745499378], [-108.73122246862614, 45.59250415125521], [-108.69495273686468, 45.579688657096334], [-108.65626476880593, 45.57101815083625], [-108.60801550196446, 45.566739169056966], [-108.51309842579323, 45.56686114983612], [-108.45483053795849, 45.57511773429992]], [[-108.50437217544007, 45.65890134892086], [-108.44049013133561, 45.674304768225035], [-108.41609863633393, 45.684945078034346], [-108.3820048722146, 45.70837431099416], [-108.36658517893763, 45.72533672089862], [-108.35693240029056, 45.74426392528208], [-108.35117119829651, 45.78274792811487], [-108.35420405814575, 45.80272692805152], [-108.36352386660627, 45.82173834705346], [-108.3786714804951, 45.83883313446638], [-108.42154310096616, 45.87168955673393], [-108.4458427442658, 45.88252624320275], [-108.47806115769247, 45.890097795858196], [-108.53905210385058, 45.89176985080088], [-108.65666795281258, 45.89049218165816], [-108.68453183827913, 45.88574555155935], [-108.71018090981325, 45.87680822864994], [-108.73233268107829, 45.864127564806026], [-108.74988172849213, 45.848337917128006], [-108.76195504099395, 45.83022857331106], [-108.7679551920718, 45.81070396226821], [-108.76758925284712, 45.79073822191295], [-108.76088217879719, 45.7713264576707], [-108.74817424396235, 45.75343515715726], [-108.74574492780346, 45.74510091105742], [-108.73635107699653, 45.726110310322774], [-108.72116351625225, 45.70904602470537], [-108.68655678872894, 45.68210261130011], [-108.6639720377624, 45.66986567629217], [-108.63807300920533, 45.66142927293362], [-108.61014631520146, 45.657212120035744], [-108.54848557350721, 45.65621392001843], [-108.50437217544007, 45.65890134892086]]]}, "id": "0000000000000000187a_1", "properties": {"uc_id": "6457", "unit": "ring"}}]}