year,step8,time_id,concurrent_represented_population,concurrent_cities,inversion_threshold_c
2003,2,1,1601477.32317,3,0.0
2003,3,2,2295731.22756,4,0.0
2003,4,3,4448982.08551,5,0.0
2003,5,4,11427209.86201,12,0.0
2003,6,5,11125081.40939,12,0.0
2003,7,6,50276.8408,1,0.0
2003,8,7,11446750.314289998,9,0.0
2003,9,8,29749088.77543,5,0.0
2003,10,9,378530.3996,3,0.0
2003,11,10,712092.2586000001,2,0.0
2003,12,11,276403.3823,2,0.0
2003,13,12,1912806.81562,7,0.0
2003,14,13,245772.33822,3,0.0
2003,15,14,8024612.1665,9,0.0
2003,16,15,3377941.99953,14,0.0
2003,17,16,22393751.66802,17,0.0
2003,18,17,73117857.15961,20,0.0
2003,19,18,21606717.7077,19,0.0
2003,20,19,41465968.47412,49,0.0
2003,21,20,24920649.05572,68,0.0
2003,22,21,5986888.25939,12,0.0
2003,23,22,7291728.44892,25,0.0
2003,24,23,3350705.9324000003,7,0.0
2003,25,24,50492699.958699994,70,0.0
2003,26,25,22389397.98311,65,0.0
2003,27,26,18635397.77084,40,0.0
2003,28,27,53228877.0945,151,0.0
2003,29,28,44447004.86792,144,0.0
2003,30,29,25490859.93425,75,0.0
2003,31,30,15859776.669879999,12,0.0
2003,33,32,2460212.7384,8,0.0
2003,35,34,129051.0553,1,0.0
2003,36,35,385866.3501,3,0.0
2003,38,37,230942.30177,2,0.0
2003,40,39,182101.3636,1,0.0
2003,41,40,2091238.61187,4,0.0
2003,42,41,84221.02736,1,0.0
2003,44,43,11012645.72861,6,0.0
2003,45,44,273471.00112000003,3,0.0
2004,1,46,278356.3117,1,0.0
2004,2,47,4822188.85941,4,0.0
2004,3,48,910909.7178,1,0.0
2004,4,49,910909.7178,1,0.0
2004,6,51,331173.97525,3,0.0
2004,9,54,4872845.5347,2,0.0
2004,10,55,25274153.800049998,9,0.0
2004,11,56,10182529.23956,7,0.0
2004,12,57,20900159.24948,5,0.0
2004,13,58,1491927.6951000001,2,0.0
2004,14,59,7221407.51525,7,0.0
2004,15,60,7993327.032799999,5,0.0
2004,16,61,91740.46784,1,0.0
2004,17,62,6625828.08381,11,0.0
2004,18,63,29713468.8083,11,0.0
2004,19,64,23871198.67214,3,0.0
2004,20,65,148039.1977,1,0.0
2004,21,66,1443140.22974,3,0.0
2004,22,67,4019927.9733,3,0.0
2004,23,68,55058681.14771,18,0.0
2004,24,69,5089396.29741,11,0.0
2004,25,70,7480577.151,7,0.0
2004,26,71,33257851.34607,36,0.0
2004,27,72,22224921.47874,29,0.0
2004,28,73,9971698.540229999,8,0.0
2004,29,74,22094475.518129997,23,0.0
2004,30,75,13725513.880749999,6,0.0
2004,31,76,1949859.502,1,0.0
2004,37,82,1192036.5775,3,0.0
2004,38,83,924566.4405,1,0.0
2004,40,85,51251.53819,1,0.0
2004,42,87,298992.6473,1,0.0
2005,1,92,3956276.67997,4,0.0
2005,2,93,4116694.92252,3,0.0
2005,3,94,174023.2926,1,0.0
2005,4,95,246785.78648999997,2,0.0
2005,6,97,78333.67209,1,0.0
2005,7,98,8709649.80314,26,0.0
2005,8,99,1131185.2352,6,0.0
2005,9,100,6542474.35915,17,0.0
2005,10,101,1416355.0991,2,0.0
2005,11,102,2334597.8544,4,0.0
2005,12,103,2676978.9762000004,2,0.0
2005,13,104,16294906.16051,6,0.0
2005,14,105,2329292.4256,4,0.0
2005,15,106,17289784.57407,5,0.0
2005,16,107,30209496.63255,9,0.0
2005,17,108,581362.3793,2,0.0
2005,18,109,44067672.86249,21,0.0
2005,19,110,13330094.463930001,19,0.0
2005,20,111,60827530.489199996,55,0.0
2005,21,112,101433504.95415999,59,0.0
2005,22,113,55555511.12754,38,0.0
2005,23,114,34607175.20229,60,0.0
2005,24,115,15888721.06541,22,0.0
2005,25,116,17486370.88414,19,0.0
2005,26,117,1648231.91683,9,0.0
2005,27,118,3939089.85287,17,0.0
2005,28,119,23801048.85591,44,0.0
2005,29,120,4084319.19956,22,0.0
2005,30,121,15257908.827,2,0.0
2005,31,122,15574948.13933,14,0.0
2005,32,123,9619916.909319999,18,0.0
2005,33,124,8032499.963129999,6,0.0
2005,34,125,879631.625,1,0.0
2005,35,126,382676.5664,2,0.0
2005,36,127,310875.38102000003,2,0.0
2005,37,128,643486.50539,2,0.0
2005,38,129,596285.3981999999,3,0.0
2005,41,132,4558800.68119,6,0.0
2005,42,133,1106247.4081899999,2,0.0
2005,43,134,1616164.3207999999,2,0.0
2005,44,135,744216.46127,7,0.0
2005,45,136,368712.14559,5,0.0
2005,46,137,5525662.63209,10,0.0
2006,1,138,2412598.2165200002,8,0.0
2006,2,139,784608.41923,4,0.0
2006,3,140,3764382.9604700003,10,0.0
2006,4,141,1838423.85565,9,0.0
2006,5,142,1942300.46272,7,0.0
2006,6,143,6780644.16377,7,0.0
2006,7,144,2532633.47656,5,0.0
2006,8,145,672419.1016,2,0.0
2006,10,147,7521256.2152,3,0.0
2006,11,148,422281.83823,3,0.0
2006,12,149,1359616.605,1,0.0
2006,13,150,1359616.605,1,0.0
2006,15,152,510651.7887,1,0.0
2006,16,153,4217374.1968,4,0.0
2006,17,154,1906568.82815,5,0.0
2006,21,158,4585533.0620800005,9,0.0
2006,22,159,19380377.13592,26,0.0
2006,23,160,6987743.88363,27,0.0
2006,24,161,16154540.87525,35,0.0
2006,25,162,23107480.61691,57,0.0
2006,26,163,45893844.39427,122,0.0
2006,27,164,35884429.68675,90,0.0
2006,28,165,9380245.60101,26,0.0
2006,29,166,16775577.08828,27,0.0
2006,30,167,9957525.43508,22,0.0
2006,31,168,13933765.39672,8,0.0
2006,32,169,223479.33423,3,0.0
2006,35,172,10488435.82364,2,0.0
2006,36,173,46625824.70647,12,0.0
2006,37,174,41197272.522,3,0.0
2006,38,175,239737.844,1,0.0
2006,39,176,9292604.24387,4,0.0
2006,40,177,1546292.9341,4,0.0
2006,41,178,10839169.562800001,9,0.0
2006,42,179,7625477.2011,5,0.0
2006,43,180,1888199.564,1,0.0
2006,44,181,2235116.4309,3,0.0
2006,45,182,51796.12479,1,0.0
2007,2,185,4256148.08558,4,0.0
2007,3,186,4159599.51102,3,0.0
2007,4,187,15102407.73872,7,0.0
2007,5,188,4910681.47412,6,0.0
2007,6,189,56382.13578,1,0.0
2007,7,190,12822836.071630001,7,0.0
2007,8,191,11471934.0836,7,0.0
2007,9,192,5159688.0216,3,0.0
2007,10,193,5967603.65868,6,0.0
2007,11,194,1639500.69532,4,0.0
2007,12,195,12842376.887640001,8,0.0
2007,13,196,938328.4515,1,0.0
2007,16,199,1025061.26444,3,0.0
2007,17,200,428170.4652,2,0.0
2007,18,201,2165072.4613,5,0.0
2007,19,202,8578384.77519,21,0.0
2007,20,203,14103493.70167,18,0.0
2007,21,204,3849813.55041,7,0.0
2007,22,205,4008349.45314,17,0.0
2007,23,206,21924433.98328,26,0.0
2007,24,207,4472880.17933,17,0.0
2007,25,208,26774390.6164,32,0.0
2007,26,209,26712772.359360002,88,0.0
2007,27,210,36484980.51529,51,0.0
2007,28,211,13974713.82362,40,0.0
2007,29,212,7027758.53631,20,0.0
2007,30,213,52855607.11618,31,0.0
2007,31,214,3399967.01,12,0.0
2007,32,215,561946.8495,3,0.0
2007,33,216,507945.2871,1,0.0
2007,34,217,2566134.3155300003,5,0.0
2007,35,218,2202367.65147,3,0.0
2007,36,219,1859397.5281099998,12,0.0
2007,37,220,440606.83979,4,0.0
2007,39,222,2118842.7139,3,0.0
2007,40,223,1099676.6741,2,0.0
2007,41,224,983295.5776,1,0.0
2007,42,225,385237.98227,4,0.0
2007,44,227,278356.3117,1,0.0
2007,46,229,106147.1236,1,0.0
2008,2,231,426629.95157,2,0.0
2008,4,233,75159.12366,1,0.0
2008,5,234,1888840.8103999998,3,0.0
2008,6,235,355235.9665,1,0.0
2008,7,236,5676582.2738,5,0.0
2008,8,237,1147656.32711,6,0.0
2008,9,238,4591708.288699999,3,0.0
2008,10,239,5184743.7284699995,4,0.0
2008,11,240,7642801.0049,3,0.0
2008,15,244,2059390.24499,7,0.0
2008,16,245,7758124.5024999995,6,0.0
2008,18,247,4523599.59721,8,0.0
2008,20,249,2705444.09227,6,0.0
2008,21,250,4955027.5417599995,10,0.0
2008,22,251,4667510.8357,2,0.0
2008,23,252,6300956.4222099995,12,0.0
2008,24,253,4009363.3337,3,0.0
2008,25,254,5073922.58174,9,0.0
2008,26,255,11411379.609480001,16,0.0
2008,27,256,20482223.99204,16,0.0
2008,28,257,19251947.38768,21,0.0
2008,29,258,14102568.91285,5,0.0
2008,30,259,10585768.30391,17,0.0
2008,31,260,1821630.02862,6,0.0
2008,32,261,1292033.86823,5,0.0
2008,33,262,741080.8282999999,2,0.0
2008,34,263,797409.32264,4,0.0
2008,35,264,412535.7956,2,0.0
2008,36,265,879631.625,1,0.0
2008,38,267,379554.72239999997,2,0.0
2008,39,268,2227893.38585,10,0.0
2008,40,269,253625.5111,1,0.0
2008,41,270,253625.5111,1,0.0
2008,42,271,986937.03058,3,0.0
2008,43,272,258392.14835,2,0.0
2008,44,273,460656.06868,2,0.0
2008,45,274,1078591.15912,6,0.0
2008,46,275,714099.2257600001,3,0.0
2009,1,276,279761.325,1,0.0
2009,2,277,1531352.4421,7,0.0
2009,3,278,4544736.2197,2,0.0
2009,4,279,122064.57360999999,2,0.0
2009,5,280,938328.4515,1,0.0
2009,7,282,279514.821,1,0.0
2009,8,283,98411.45174,1,0.0
2009,10,285,561529.3965,1,0.0
2009,11,286,8778718.061040001,9,0.0
2009,12,287,158560.1771,2,0.0
2009,13,288,7566555.3151,5,0.0
2009,14,289,4300925.6852,8,0.0
2009,15,290,7796222.98755,10,0.0
2009,16,291,39472440.550909996,21,0.0
2009,17,292,32518414.92183,15,0.0
2009,18,293,20895917.0163,3,0.0
2009,19,294,928627.1087,2,0.0
2009,20,295,211845.37258999998,2,0.0
2009,21,296,54614395.327300005,13,0.0
2009,22,297,36525607.50057,26,0.0
2009,23,298,31550245.52249,56,0.0
2009,24,299,14573143.33532,25,0.0
2009,25,300,32966599.51627,43,0.0
2009,26,301,39740176.94233,24,0.0
2009,27,302,59585131.414340004,24,0.0
2009,28,303,43791761.83782,41,0.0
2009,29,304,9242811.97762,19,0.0
2009,30,305,16630872.478349999,21,0.0
2009,31,306,4327641.56818,10,0.0
2009,32,307,2768793.03658,11,0.0
2009,33,308,924566.4405,1,0.0
2009,35,310,309862.368,2,0.0
2009,37,312,1357547.955,1,0.0
2009,39,314,2760689.4987000003,3,0.0
2009,40,315,8912963.5821,3,0.0
2009,42,317,166828.6139,1,0.0
2009,44,319,538878.09579,3,0.0
2009,45,320,160351.70767,2,0.0
2009,46,321,1610062.0637100001,3,0.0
2010,2,323,4088149.89474,2,0.0
2010,3,324,8368240.73339,5,0.0
2010,4,325,865532.91609,4,0.0
2010,5,326,3448062.85181,5,0.0
2010,6,327,6057197.59822,7,0.0
2010,7,328,16058349.5865,10,0.0
2010,8,329,2993764.5955,4,0.0
2010,9,330,3746827.368,4,0.0
2010,10,331,1406507.69319,6,0.0
2010,11,332,12819152.0094,6,0.0
2010,12,333,10568003.027900001,2,0.0
2010,13,334,14497144.63272,19,0.0
2010,14,335,6246811.05912,8,0.0
2010,15,336,4208702.39858,12,0.0
2010,16,337,94938.5797,1,0.0
2010,17,338,13728427.88414,12,0.0
2010,18,339,40335323.74132,13,0.0
2010,19,340,14585832.9263,15,0.0
2010,20,341,35421328.47987,11,0.0
2010,21,342,2247862.83237,8,0.0
2010,22,343,37233692.4723,11,0.0
2010,23,344,67216622.9271,111,0.0
2010,24,345,43089233.16511,91,0.0
2010,25,346,21861746.79069,52,0.0
2010,26,347,35886898.75859,40,0.0
2010,27,348,43949563.27572,25,0.0
2010,28,349,63285373.39779,47,0.0
2010,29,350,40639239.961500004,40,0.0
2010,30,351,4098009.35758,7,0.0
2010,31,352,15819964.76409,10,0.0
2010,32,353,12969210.80696,19,0.0
2010,33,354,991239.8655999999,4,0.0
2010,34,355,192786.8071,1,0.0
2010,35,356,594528.7106999999,2,0.0
2010,36,357,816892.3619599999,4,0.0
2010,37,358,587388.0278,1,0.0
2010,38,359,84221.02736,1,0.0
2010,39,360,1381517.2379,5,0.0
2010,40,361,1981564.1099,4,0.0
2010,43,364,1357547.955,1,0.0
2010,45,366,633196.1256,1,0.0
2011,2,369,628217.6479,1,0.0
2011,4,371,72491.84693,1,0.0
2011,5,372,101345.1578,1,0.0
2011,6,373,10413672.412759999,8,0.0
2011,7,374,6808163.911470001,11,0.0
2011,8,375,539724.07942,2,0.0
2011,9,376,4362904.089199999,4,0.0
2011,10,377,4084009.66195,3,0.0
2011,11,378,3847557.992,1,0.0
2011,12,379,5207127.05274,9,0.0
2011,13,380,437308.9181,2,0.0
2011,14,381,219703.6849,1,0.0
2011,16,383,124580.1316,1,0.0
2011,18,385,1384014.169,1,0.0
2011,19,386,755406.63829,3,0.0
2011,20,387,8827755.53313,26,0.0
2011,21,388,31837978.23167,24,0.0
2011,22,389,25399187.68991,23,0.0
2011,23,390,1067566.98351,7,0.0
2011,24,391,11314217.91782,26,0.0
2011,25,392,11649876.57434,27,0.0
2011,26,393,31866198.02816,67,0.0
2011,27,394,11499451.1668,25,0.0
2011,28,395,11558557.75353,19,0.0
2011,29,396,3935863.6873999997,6,0.0
2011,30,397,9467184.98044,24,0.0
2011,31,398,58708661.930530004,37,0.0
2011,32,399,1589910.3670299998,8,0.0
2011,39,406,50409.96989,1,0.0
2011,40,407,920368.6701,2,0.0
2011,41,408,156542.58120000002,3,0.0
2011,42,409,1028776.293,1,0.0
2011,43,410,54336.48652,1,0.0
2011,45,412,1976141.8721,2,0.0
2011,46,413,1083112.7795199999,2,0.0
2012,1,414,1868528.6579699998,5,0.0
2012,2,415,19447151.74694,9,0.0
2012,3,416,1564075.66784,5,0.0
2012,4,417,806517.8929,1,0.0
2012,5,418,3181563.22014,12,0.0
2012,6,419,3172284.92813,12,0.0
2012,7,420,6272213.556919999,13,0.0
2012,8,421,775313.25732,5,0.0
2012,9,422,502333.6457,2,0.0
2012,10,423,148830.8233,1,0.0
2012,11,424,7078164.63542,7,0.0
2012,12,425,12804840.601259999,6,0.0
2012,13,426,91250.55975,1,0.0
2012,14,427,91250.55975,1,0.0
2012,15,428,331636.3283,1,0.0
2012,16,429,511292.48360000004,3,0.0
2012,17,430,2675013.4798999997,5,0.0
2012,18,431,14302559.430230001,22,0.0
2012,19,432,13215848.726400001,27,0.0
2012,20,433,30532866.50133,28,0.0
2012,21,434,45496641.60237,38,0.0
2012,22,435,31879416.15861,66,0.0
2012,23,436,41867163.55572,72,0.0
2012,24,437,28870935.38283,82,0.0
2012,25,438,45808209.80347,82,0.0
2012,26,439,31001529.59263,46,0.0
2012,27,440,44122085.44606,87,0.0
2012,28,441,48739435.16283,113,0.0
2012,29,442,16183122.267229998,18,0.0
2012,30,443,25120083.198739998,78,0.0
2012,31,444,28124595.28405,30,0.0
2012,32,445,4311560.4717999995,2,0.0
2012,33,446,166165.5595,1,0.0
2012,34,447,983295.5776,1,0.0
2012,36,449,983295.5776,1,0.0
2012,38,451,272205.14234,3,0.0
2012,39,452,4536133.70545,3,0.0
2012,40,453,2076037.334,1,0.0
2012,41,454,298992.6473,1,0.0
2012,42,455,1010820.29843,2,0.0
2012,43,456,712252.20933,4,0.0
2012,44,457,6581524.9159200005,12,0.0
2012,45,458,723975.82011,6,0.0
2012,46,459,139907.62125999999,2,0.0
2013,1,460,5581978.424790001,5,0.0
2013,2,461,5666005.667160001,6,0.0
2013,4,463,4436110.2808,3,0.0
2013,5,464,4093635.9181,2,0.0
2013,6,465,199175.45822,3,0.0
2013,7,466,754461.39487,5,0.0
2013,8,467,5697960.9025,8,0.0
2013,9,468,513729.64367,2,0.0
2013,10,469,382512.0942,1,0.0
2013,11,470,4217114.2709800005,3,0.0
2013,12,471,4595197.69769,4,0.0
2013,13,472,16358243.55222,11,0.0
2013,14,473,19349198.436809998,8,0.0
2013,15,474,19073210.7174,6,0.0
2013,16,475,1313492.7691000002,4,0.0
2013,17,476,1668239.9115999998,3,0.0
2013,18,477,13984330.05055,17,0.0
2013,19,478,2385273.2520000003,6,0.0
2013,21,480,835421.4202,4,0.0
2013,22,481,5888996.90647,15,0.0
2013,23,482,11846044.73868,22,0.0
2013,24,483,5109874.07838,15,0.0
2013,25,484,16984236.2697,42,0.0
2013,26,485,28084178.49459,70,0.0
2013,27,486,47462906.83521,37,0.0
2013,28,487,62318212.08353,101,0.0
2013,29,488,61914470.83258,102,0.0
2013,30,489,29961874.12739,60,0.0
2013,31,490,9743855.832519999,16,0.0
2013,32,491,3865808.82987,5,0.0
2013,33,492,1034915.8946,5,0.0
2013,34,493,1060250.077,1,0.0
2013,39,498,587388.0278,1,0.0
2013,40,499,1089070.94659,4,0.0
2013,41,500,587388.0278,1,0.0
2013,43,502,278978.2479,1,0.0
2013,45,504,426455.38532,3,0.0
2013,46,505,470185.155,1,0.0
2014,1,506,6752355.53003,3,0.0
2014,2,507,6998405.42954,5,0.0
2014,3,508,9226197.41283,19,0.0
2014,4,509,3644692.3021,7,0.0
2014,5,510,10136855.87663,36,0.0
2014,6,511,23373370.15812,35,0.0
2014,7,512,8617588.89569,4,0.0
2014,8,513,17609593.029260002,23,0.0
2014,9,514,841436.3586899999,5,0.0
2014,10,515,6620400.00591,14,0.0
2014,11,516,7823460.7140999995,2,0.0
2014,12,517,5306206.5302,3,0.0
2014,13,518,1644595.3460000001,4,0.0
2014,14,519,3712581.2786,5,0.0
2014,15,520,74493146.99689,21,0.0
2014,16,521,16978455.9838,5,0.0
2014,17,522,6392318.39633,15,0.0
2014,18,523,70135845.2348,43,0.0
2014,19,524,1070619.66006,9,0.0
2014,20,525,2855842.8925,10,0.0
2014,21,526,27321684.97456,14,0.0
2014,22,527,12231966.54482,5,0.0
2014,23,528,28835229.14866,25,0.0
2014,24,529,12042942.90978,10,0.0
2014,25,530,45710844.78607,59,0.0
2014,26,531,67040184.88448,87,0.0
2014,27,532,82656486.58881,82,0.0
2014,28,533,55262327.52459,26,0.0
2014,29,534,20264491.90532,10,0.0
2014,30,535,34283006.552710004,11,0.0
2014,31,536,10422637.46723,13,0.0
2014,32,537,252904.58419999998,2,0.0
2014,33,538,2688479.7268000003,4,0.0
2014,36,541,5538349.93437,13,0.0
2014,37,542,4829155.26257,15,0.0
2014,38,543,638837.7824,1,0.0
2014,39,544,1834451.428,1,0.0
2014,40,545,1234049.2186,3,0.0
2014,42,547,4217533.5127,2,0.0
2014,43,548,4764075.4178100005,3,0.0
2014,46,551,2342406.50888,4,0.0
2015,1,552,10923204.219279999,11,0.0
2015,2,553,12252319.73749,18,0.0
2015,3,554,23593260.55113,38,0.0
2015,4,555,758733.6324499999,4,0.0
2015,5,556,1915909.34682,7,0.0
2015,6,557,16845046.826360002,10,0.0
2015,7,558,10060900.108900001,3,0.0
2015,8,559,54596.85727,1,0.0
2015,9,560,848026.667,7,0.0
2015,10,561,12626787.828820001,19,0.0
2015,11,562,456387.11319999996,2,0.0
2015,12,563,2419130.754,1,0.0
2015,13,564,421600.92618,3,0.0
2015,15,566,8613268.56471,6,0.0
2015,16,567,1155553.5991,2,0.0
2015,17,568,6286563.63587,2,0.0
2015,18,569,16360288.2951,7,0.0
2015,19,570,28265195.01153,11,0.0
2015,20,571,8957051.87239,14,0.0
2015,21,572,3254618.17149,8,0.0
2015,22,573,9747415.07306,9,0.0
2015,23,574,33823561.85026,33,0.0
2015,24,575,67078170.08009,57,0.0
2015,25,576,52091410.95639,48,0.0
2015,26,577,25391011.99725,65,0.0
2015,27,578,35102498.362959996,46,0.0
2015,28,579,54438308.57796,144,0.0
2015,29,580,36063235.04176,81,0.0
2015,30,581,20122967.40815,31,0.0
2015,31,582,27875559.70922,63,0.0
2015,32,583,19727917.67024,17,0.0
2015,33,584,45780260.91199,13,0.0
2015,34,585,6922055.19923,18,0.0
2015,35,586,9260816.82422,12,0.0
2015,36,587,12447599.02572,18,0.0
2015,37,588,20558039.825290002,14,0.0
2015,38,589,57166948.0801,9,0.0
2015,39,590,44142352.10579,8,0.0
2015,40,591,10705454.31962,5,0.0
2015,41,592,167770.9111,1,0.0
2015,42,593,2004053.12121,7,0.0
2015,43,594,3786114.68367,10,0.0
2015,44,595,16474008.28537,14,0.0
2015,45,596,17427935.99919,12,0.0
2015,46,597,18968994.77673,17,0.0
2016,1,598,6688497.803,16,0.0
2016,2,599,14158199.16598,7,0.0
2016,3,600,2707005.4709,4,0.0
2016,4,601,3796101.6329,12,0.0
2016,5,602,22932413.731060002,10,0.0
2016,6,603,11544593.24707,15,0.0
2016,8,605,5385264.87531,7,0.0
2016,9,606,19215885.57879,14,0.0
2016,10,607,1434463.40769,5,0.0
2016,11,608,4520467.43,6,0.0
2016,12,609,15425429.908300001,12,0.0
2016,13,610,14650091.47143,21,0.0
2016,14,611,44898837.89868,31,0.0
2016,15,612,35884797.11322,26,0.0
2016,16,613,23254024.6107,10,0.0
2016,17,614,43712791.91715,12,0.0
2016,18,615,7224254.547,7,0.0
2016,19,616,4624875.03389,5,0.0
2016,20,617,3570956.912,2,0.0
2016,21,618,21348822.541020002,5,0.0
2016,22,619,8612145.81955,6,0.0
2016,23,620,1569444.56257,10,0.0
2016,24,621,2436625.9857900003,12,0.0
2016,25,622,9292908.24968,10,0.0
2016,26,623,28983163.2736,20,0.0
2016,27,624,38362609.601129994,25,0.0
2016,28,625,13189042.44997,23,0.0
2016,29,626,28177349.969690003,24,0.0
2016,30,627,49348796.61493,56,0.0
2016,31,628,6875655.87556,15,0.0
2016,32,629,3957753.17166,26,0.0
2016,33,630,11231571.09188,23,0.0
2016,34,631,95304.70105,1,0.0
2016,35,632,485513.36513,3,0.0
2016,36,633,430307.5596,1,0.0
2016,37,634,2269718.4729999998,2,0.0
2016,38,635,4242575.73167,11,0.0
2016,39,636,3966843.97963,6,0.0
2016,40,637,8849958.29336,8,0.0
2016,42,639,640350.2926,1,0.0
2016,45,642,438225.74272,5,0.0
2016,46,643,5303895.81067,17,0.0
2017,1,644,8745226.49101,12,0.0
2017,2,645,2837481.13899,10,0.0
2017,3,646,11435998.94749,11,0.0
2017,4,647,1448400.57185,8,0.0
2017,5,648,1711610.29479,3,0.0
2017,6,649,2410475.43512,9,0.0
2017,7,650,3729893.93866,13,0.0
2017,8,651,523664.89443,3,0.0
2017,9,652,5946371.882470001,5,0.0
2017,10,653,7570881.26795,6,0.0
2017,11,654,1853996.00728,4,0.0
2017,12,655,4076852.0393000003,4,0.0
2017,13,656,4119483.72151,9,0.0
2017,14,657,8756426.30243,9,0.0
2017,15,658,7546273.08169,3,0.0
2017,16,659,6601186.3719,7,0.0
2017,18,661,12268685.81896,5,0.0
2017,19,662,2165085.49781,9,0.0
2017,20,663,467831.78517,5,0.0
2017,21,664,7404945.4471,18,0.0
2017,22,665,27355761.49906,51,0.0
2017,23,666,2033101.99471,12,0.0
2017,24,667,14428236.40295,27,0.0
2017,25,668,59229185.66371,43,0.0
2017,26,669,96796928.05662,96,0.0
2017,27,670,73272008.30119,57,0.0
2017,28,671,28026503.96463,55,0.0
2017,29,672,60561690.56517,40,0.0
2017,30,673,28489850.25995,9,0.0
2017,31,674,11268241.72098,16,0.0
2017,32,675,111957.9831,1,0.0
2017,34,677,1263574.22806,9,0.0
2017,35,678,3276639.3591,3,0.0
2017,36,679,1888052.4712999999,2,0.0
2017,37,680,5590666.57218,9,0.0
2017,38,681,1532873.2031,4,0.0
2017,41,684,69906.07557,1,0.0
2017,43,686,2192374.924,1,0.0
2017,45,688,1609406.3165,8,0.0
2017,46,689,86348.98529,1,0.0
2018,1,690,1503954.9768,5,0.0
2018,2,691,11429061.70512,6,0.0
2018,3,692,9399910.72769,6,0.0
2018,4,693,365808.04044,4,0.0
2018,5,694,3006683.54576,11,0.0
2018,6,695,2470284.98703,9,0.0
2018,7,696,5535953.877540001,7,0.0
2018,8,697,488710.3572,3,0.0
2018,10,699,97072.7123,1,0.0
2018,11,700,112470.86888,2,0.0
2018,15,704,2456446.583,2,0.0
2018,17,706,4382968.82235,3,0.0
2018,18,707,2183691.02355,5,0.0
2018,19,708,32643730.56109,38,0.0
2018,20,709,12834180.63681,24,0.0
2018,21,710,7322944.0845,16,0.0
2018,22,711,4027862.0944,7,0.0
2018,23,712,50775373.17635,28,0.0
2018,24,713,25363351.00643,60,0.0
2018,25,714,45239031.20822,70,0.0
2018,26,715,113908730.12775,172,0.0
2018,27,716,60946495.20136,162,0.0
2018,28,717,73284220.71107,165,0.0
2018,29,718,28790040.77956,62,0.0
2018,30,719,24831553.76718,83,0.0
2018,31,720,9801744.015250001,12,0.0
2018,32,721,232629.1749,1,0.0
2018,33,722,399914.51054,2,0.0
2018,35,724,62713670.481300004,7,0.0
2018,36,725,4622293.821140001,7,0.0
2018,37,726,7096730.950999999,2,0.0
2018,39,728,441090.73935,3,0.0
2018,41,730,9629921.9779,3,0.0
2018,42,731,463627.6037,2,0.0
2018,43,732,56365.07028,1,0.0
2018,44,733,3732630.35812,13,0.0
2018,45,734,16461595.412920002,15,0.0
2018,46,735,9380234.48956,11,0.0
2019,1,736,23502304.979700003,9,0.0
2019,2,737,1098868.78918,4,0.0
2019,3,738,4826943.97874,17,0.0
2019,4,739,10875560.25193,28,0.0
2019,5,740,6017923.60133,23,0.0
2019,6,741,3384394.98407,11,0.0
2019,7,742,1757062.79907,6,0.0
2019,8,743,16674749.79407,5,0.0
2019,9,744,4524451.6446,2,0.0
2019,10,745,2125965.0742699997,9,0.0
2019,11,746,32030199.36216,27,0.0
2019,12,747,4642429.6565000005,8,0.0
2019,13,748,16857938.821089998,18,0.0
2019,14,749,7517933.65832,15,0.0
2019,15,750,21335810.19085,12,0.0
2019,16,751,8690849.35366,24,0.0
2019,17,752,20226247.35703,26,0.0
2019,18,753,31894172.42704,31,0.0
2019,19,754,9788768.54231,21,0.0
2019,20,755,21716424.0717,8,0.0
2019,21,756,12439724.76423,32,0.0
2019,22,757,41741148.25089,51,0.0
2019,23,758,141733780.33079,115,0.0
2019,24,759,15443269.4576,33,0.0
2019,25,760,34500875.7965,62,0.0
2019,26,761,61544004.23602,80,0.0
2019,27,762,35268368.77545,79,0.0
2019,28,763,10314612.60346,15,0.0
2019,29,764,32125828.76676,14,0.0
2019,30,765,18355990.04138,49,0.0
2019,31,766,17152369.08335,39,0.0
2019,32,767,19836290.26074,26,0.0
2019,33,768,10046412.822110001,13,0.0
2019,34,769,1063613.8975499999,5,0.0
2019,35,770,180769.74422,2,0.0
2019,36,771,417273.68779999996,2,0.0
2019,37,772,15981022.977050003,10,0.0
2019,38,773,8936878.78814,17,0.0
2019,39,774,10300020.9761,25,0.0
2019,40,775,10342742.342600001,13,0.0
2019,41,776,55241627.15319999,10,0.0
2019,42,777,7293158.9813,10,0.0
2019,44,779,8216097.611,2,0.0
2019,45,780,11263163.06014,7,0.0
2019,46,781,13336285.16438,23,0.0
2020,1,782,4523093.40318,10,0.0
2020,2,783,701943.8936999999,3,0.0
2020,3,784,7988793.28181,8,0.0
2020,4,785,2575496.5173,3,0.0
2020,5,786,933471.38642,8,0.0
2020,6,787,8162215.92523,10,0.0
2020,7,788,4187419.3703699997,6,0.0
2020,8,789,13586045.35831,9,0.0
2020,9,790,11359434.41866,10,0.0
2020,10,791,4490639.45984,17,0.0
2020,12,793,6832471.3058,8,0.0
2020,13,794,14173520.54918,9,0.0
2020,14,795,2579330.87628,9,0.0
2020,15,796,4348505.42565,13,0.0
2020,16,797,7693706.95079,14,0.0
2020,17,798,20623138.31816,15,0.0
2020,18,799,7075086.56547,14,0.0
2020,19,800,39193791.77782,11,0.0
2020,20,801,18090763.25857,40,0.0
2020,21,802,176264.24180000002,2,0.0
2020,22,803,52217207.305089995,17,0.0
2020,23,804,27917615.14949,42,0.0
2020,24,805,9013735.11993,17,0.0
2020,25,806,26038915.377469998,24,0.0
2020,26,807,36728960.198079996,31,0.0
2020,27,808,39351488.650649995,47,0.0
2020,28,809,66419281.867649995,108,0.0
2020,29,810,20791207.07984,63,0.0
2020,30,811,33730217.54576,48,0.0
2020,31,812,32611437.26702,22,0.0
2020,33,814,14883809.48422,27,0.0
2020,35,816,4850093.1581500005,15,0.0
2020,36,817,9017784.434940001,19,0.0
2020,38,819,296516.0661,1,0.0
2020,39,820,84459.96572,1,0.0
2020,40,821,3389936.0892000003,8,0.0
2020,41,822,1755161.70573,4,0.0
2020,42,823,10513206.17416,21,0.0
2020,43,824,1359104.504,1,0.0
2020,44,825,1861333.0841100002,4,0.0
2020,46,827,1296097.2676,3,0.0
2021,2,829,253727.39705,3,0.0
2021,4,831,1127547.5098,6,0.0
2021,5,832,661387.04814,2,0.0
2021,6,833,582510.2496,1,0.0
2021,7,834,713993.531,3,0.0
2021,8,835,6779560.54315,5,0.0
2021,9,836,5301014.8769,4,0.0
2021,11,838,3111768.09532,9,0.0
2021,12,839,467764.0237,3,0.0
2021,13,840,2264673.4480999997,3,0.0
2021,14,841,9246968.55741,9,0.0
2021,15,842,6516394.65587,11,0.0
2021,17,844,1151830.8506,3,0.0
2021,18,845,58848128.45521,13,0.0
2021,19,846,51833810.05003,11,0.0
2021,20,847,2434869.8663,2,0.0
2021,21,848,12702849.36515,11,0.0
2021,22,849,15083950.97278,21,0.0
2021,23,850,32656409.97648,50,0.0
2021,24,851,52546300.02395,41,0.0
2021,25,852,17510259.34918,39,0.0
2021,26,853,13549492.386969998,13,0.0
2021,27,854,34737433.72528,20,0.0
2021,28,855,26100654.68408,30,0.0
2021,29,856,14109742.66568,27,0.0
2021,30,857,8874832.70774,19,0.0
2021,31,858,3808352.3134000003,6,0.0
2021,32,859,5586066.23481,16,0.0
2021,33,860,5011738.943539999,7,0.0
2021,34,861,6018951.74226,13,0.0
2021,36,863,5035998.0759000005,9,0.0
2021,38,865,477915.47124,2,0.0
2021,39,866,1396449.41505,2,0.0
2021,40,867,5349941.52078,7,0.0
2021,41,868,2542224.4438,8,0.0
2021,42,869,596577.37888,4,0.0
2021,43,870,5973339.5583,7,0.0
2021,44,871,9929262.57781,20,0.0
2021,45,872,4392578.11197,19,0.0
2021,46,873,22533409.05338,28,0.0
2022,1,874,1488381.94976,7,0.0
2022,2,875,6695304.4941,15,0.0
2022,3,876,4085263.16734,15,0.0
2022,4,877,3988681.0289,14,0.0
2022,5,878,416874.6149,1,0.0
2022,6,879,611942.2250699999,4,0.0
2022,7,880,2562456.04041,16,0.0
2022,8,881,4008784.32554,21,0.0
2022,9,882,2357166.41747,17,0.0
2022,10,883,5800270.54564,8,0.0
2022,11,884,3268139.25065,5,0.0
2022,12,885,4997758.53713,7,0.0
2022,13,886,9305152.848650001,9,0.0
2022,14,887,141728.8339,1,0.0
2022,16,889,363401.4929,2,0.0
2022,17,890,26828354.177619997,7,0.0
2022,18,891,31729804.99517,15,0.0
2022,19,892,7680109.744220001,4,0.0
2022,20,893,7767559.4764,14,0.0
2022,21,894,6519464.92954,25,0.0
2022,22,895,23048540.66686,75,0.0
2022,23,896,22713237.32741,85,0.0
2022,24,897,35470326.06781,58,0.0
2022,25,898,101642599.41729,141,0.0
2022,26,899,98602247.30296,163,0.0
2022,27,900,120495568.00622,185,0.0
2022,28,901,131781953.74874,213,0.0
2022,29,902,112218751.71377,233,0.0
2022,30,903,103875263.48103,131,0.0
2022,31,904,34632388.171509996,91,0.0
2022,32,905,10277547.76123,38,0.0
2022,33,906,1739809.26524,4,0.0
2022,35,908,159654.4889,1,0.0
2022,36,909,1143002.0213,3,0.0
2022,38,911,1710847.6787,5,0.0
2022,39,912,1168626.58408,3,0.0
2022,40,913,741555.9894,2,0.0
2022,42,915,3767328.36664,4,0.0
2022,43,916,17724369.75232,11,0.0
2022,44,917,7390194.10082,5,0.0
2022,45,918,517707.4456,1,0.0
2023,1,920,16723404.67745,8,0.0
2023,2,921,16501802.006790001,10,0.0
2023,3,922,11712393.32984,10,0.0
2023,4,923,4027152.9489800003,13,0.0
2023,5,924,1385040.0613199999,5,0.0
2023,6,925,25115545.83305,21,0.0
2023,7,926,13779861.624839999,12,0.0
2023,8,927,26448179.82336,14,0.0
2023,9,928,14809447.3208,5,0.0
2023,10,929,15742829.861170001,7,0.0
2023,11,930,358950.01856999996,3,0.0
2023,13,932,11009418.29562,7,0.0
2023,14,933,13308016.295729998,15,0.0
2023,15,934,8369674.15618,6,0.0
2023,16,935,5518256.186729999,8,0.0
2023,17,936,8910456.776589999,11,0.0
2023,18,937,10691724.4202,6,0.0
2023,19,938,17613525.69038,15,0.0
2023,20,939,20069098.86717,44,0.0
2023,21,940,48437138.07887,92,0.0
2023,22,941,138660679.86318,137,0.0
2023,23,942,12680119.50904,30,0.0
2023,24,943,28268194.29496,39,0.0
2023,25,944,78004709.87481,72,0.0
2023,26,945,29795568.248770002,40,0.0
2023,27,946,54485839.70798,38,0.0
2023,28,947,54391475.19174,20,0.0
2023,29,948,31234099.33953,55,0.0
2023,30,949,44866644.017349996,77,0.0
2023,31,950,48570072.51454,49,0.0
2023,32,951,30382430.69473,42,0.0
2023,33,952,9305543.72499,18,0.0
2023,34,953,12420637.505619999,15,0.0
2023,35,954,48724563.02935,12,0.0
2023,36,955,16857327.671269998,13,0.0
2023,37,956,10634532.94411,15,0.0
2023,38,957,2077654.05715,4,0.0
2023,39,958,15454095.54013,13,0.0
2023,40,959,10890099.43033,17,0.0
2023,41,960,13982585.20427,27,0.0
2023,42,961,6035176.1689100005,9,0.0
2023,43,962,5594922.45072,19,0.0
2023,44,963,14719761.141329998,21,0.0
2023,45,964,6576882.21244,28,0.0
2023,46,965,4664411.51404,22,0.0
2024,1,966,7114061.73804,19,0.0
2024,2,967,28477977.32944,25,0.0
2024,3,968,8480947.404959999,15,0.0
2024,4,969,6420125.4903,6,0.0
2024,5,970,4468858.92259,15,0.0
2024,6,971,50742644.96252,26,0.0
2024,7,972,14348419.92869,8,0.0
2024,8,973,6825293.14115,13,0.0
2024,9,974,12762867.20302,20,0.0
2024,10,975,44621556.30762,41,0.0
2024,11,976,54058510.355,23,0.0
2024,12,977,42988096.670159996,10,0.0
2024,13,978,44511566.737849995,20,0.0
2024,14,979,26531509.15625,20,0.0
2024,15,980,76477292.53772,41,0.0
2024,16,981,127992923.83592999,61,0.0
2024,17,982,58593981.03773,33,0.0
2024,18,983,63703484.13189,55,0.0
2024,19,984,63669711.245629996,51,0.0
2024,20,985,89449037.59021,42,0.0
2024,21,986,79180422.10407999,100,0.0
2024,22,987,131163329.04911,103,0.0
2024,23,988,43933505.36178,59,0.0
2024,24,989,24394099.40992,46,0.0
2024,25,990,23821158.08073,52,0.0
2024,26,991,65644442.90908,86,0.0
2024,27,992,14863152.2681,33,0.0
2024,28,993,30694337.72471,38,0.0
2024,29,994,85440501.00072,77,0.0
2024,30,995,30042765.95941,63,0.0
2024,31,996,61819791.91646,136,0.0
2024,32,997,50383221.715050004,100,0.0
2024,33,998,36013915.34883,44,0.0
2024,34,999,19223000.26885,13,0.0
2024,35,1000,12361766.7473,23,0.0
2024,36,1001,3558805.07759,5,0.0
2024,37,1002,7368048.868600001,3,0.0
2024,38,1003,11787113.06614,9,0.0
2024,39,1004,44232567.70178,6,0.0
2024,40,1005,99477.40029,1,0.0
2024,41,1006,217876.36443000002,3,0.0
2024,42,1007,1030576.80891,4,0.0
2024,43,1008,2050991.3981,6,0.0
2024,44,1009,13883440.32463,11,0.0
2024,45,1010,7842336.52148,9,0.0
2024,46,1011,6621212.09858,7,0.0
2025,1,1012,645116.5988,2,0.0
2025,2,1013,8752344.88917,14,0.0
2025,3,1014,3159340.61874,9,0.0
2025,4,1015,10820488.63122,5,0.0
2025,5,1016,15786932.78158,15,0.0
2025,6,1017,13388751.188609999,14,0.0
2025,7,1018,20477099.711179998,10,0.0
2025,8,1019,29775444.707679998,55,0.0
2025,9,1020,20096701.482240003,46,0.0
2025,10,1021,7438664.93982,17,0.0
2025,11,1022,174023.2926,1,0.0
2025,12,1023,721130.3222,1,0.0
2025,13,1024,174023.2926,1,0.0
2025,14,1025,74687.06014,1,0.0
2025,15,1026,23540116.67944,6,0.0
2025,16,1027,64408.20068,1,0.0
2025,17,1028,1374076.41393,3,0.0
2025,18,1029,6871493.1989,10,0.0
2025,19,1030,3140468.27498,3,0.0
2025,20,1031,1627957.1283,3,0.0
2025,21,1032,17424320.05197,33,0.0
2025,22,1033,30358007.25154,73,0.0
2025,23,1034,54082664.98841,146,0.0
2025,24,1035,65914797.49807,114,0.0
2025,25,1036,55032418.66606,143,0.0
2025,26,1037,52941786.66653,108,0.0
2025,27,1038,80091976.64366001,96,0.0
2025,28,1039,70278078.49187,92,0.0
2025,29,1040,41575104.49821,114,0.0
2025,30,1041,46109363.47153,69,0.0
2025,31,1042,46538002.221140005,55,0.0
2025,32,1043,23315811.75285,24,0.0
2025,33,1044,4457344.10678,7,0.0
2025,34,1045,1100276.2991,2,0.0
2025,35,1046,1752525.73558,11,0.0
2025,36,1047,5072596.449820001,4,0.0
2025,37,1048,896119.92674,4,0.0
2025,38,1049,3251119.5311,3,0.0
2025,39,1050,2544696.62281,2,0.0
2025,40,1051,853705.7149,1,0.0
2025,42,1053,270540.97969999997,2,0.0
2025,43,1054,1676250.9001099998,8,0.0
2025,44,1055,317890.0627,1,0.0
2025,45,1056,1280538.1061,2,0.0
2025,46,1057,13586697.84088,19,0.0
2003,2,1,1601477.32317,3,0.1
2003,3,2,2295731.22756,4,0.1
2003,4,3,4448982.08551,5,0.1
2003,5,4,11359211.42683,11,0.1
2003,6,5,10633057.655829998,8,0.1
2003,7,6,50276.8408,1,0.1
2003,8,7,1593057.51229,8,0.1
2003,9,8,10263931.045429999,4,0.1
2003,10,9,378530.3996,3,0.1
2003,11,10,712092.2586000001,2,0.1
2003,12,11,276403.3823,2,0.1
2003,13,12,1658418.78714,5,0.1
2003,14,13,176275.00665,2,0.1
2003,15,14,4634244.248199999,5,0.1
2003,16,15,1748114.6638,8,0.1
2003,17,16,21503778.80912,15,0.1
2003,18,17,40129673.92481,17,0.1
2003,19,18,5744274.4073,15,0.1
2003,20,19,29511130.61852,40,0.1
2003,21,20,23262467.89136,60,0.1
2003,22,21,1713763.0161899999,9,0.1
2003,23,22,5617351.22068,21,0.1
2003,24,23,3249227.7466,6,0.1
2003,25,24,44236174.0742,52,0.1
2003,26,25,17237866.9062,52,0.1
2003,27,26,15954556.49402,32,0.1
2003,28,27,45954695.54505,127,0.1
2003,29,28,27529594.972659998,127,0.1
2003,30,29,23329294.99274,66,0.1
2003,31,30,15675242.078179998,11,0.1
2003,33,32,2385301.886,7,0.1
2003,35,34,129051.0553,1,0.1
2003,36,35,264452.9571,2,0.1
2003,38,37,230942.30177,2,0.1
2003,40,39,182101.3636,1,0.1
2003,41,40,2014993.80549,3,0.1
2003,42,41,84221.02736,1,0.1
2003,44,43,10961494.55083,5,0.1
2003,45,44,221674.87633,2,0.1
2004,1,46,278356.3117,1,0.1
2004,2,47,4822188.85941,4,0.1
2004,3,48,910909.7178,1,0.1
2004,4,49,910909.7178,1,0.1
2004,6,51,331173.97525,3,0.1
2004,9,54,4872845.5347,2,0.1
2004,10,55,25002786.0071,7,0.1
2004,11,56,4394233.32556,6,0.1
2004,12,57,20145235.271,3,0.1
2004,13,58,1357547.955,1,0.1
2004,14,59,670308.63465,5,0.1
2004,15,60,6325337.4501,2,0.1
2004,16,61,91740.46784,1,0.1
2004,17,62,6353551.0214,8,0.1
2004,18,63,29713468.8083,11,0.1
2004,19,64,23871198.67214,3,0.1
2004,21,66,1443140.22974,3,0.1
2004,22,67,4019927.9733,3,0.1
2004,23,68,10933998.810309999,13,0.1
2004,24,69,4382650.01203,7,0.1
2004,25,70,7168933.0978,5,0.1
2004,26,71,19008643.60983,24,0.1
2004,27,72,6903821.36084,15,0.1
2004,28,73,2156143.41823,6,0.1
2004,29,74,20372208.05604,19,0.1
2004,30,75,1821564.9922500001,4,0.1
2004,31,76,1949859.502,1,0.1
2004,37,82,1192036.5775,3,0.1
2004,38,83,924566.4405,1,0.1
2004,40,85,51251.53819,1,0.1
2004,42,87,298992.6473,1,0.1
2005,1,92,3956276.67997,4,0.1
2005,2,93,3533370.361,1,0.1
2005,4,95,246785.78648999997,2,0.1
2005,6,97,78333.67209,1,0.1
2005,7,98,5466596.6704,21,0.1
2005,8,99,917924.1269,4,0.1
2005,9,100,6469711.865259999,16,0.1
2005,10,101,861932.7849,1,0.1
2005,11,102,2156647.409,3,0.1
2005,12,103,2676978.9762000004,2,0.1
2005,13,104,15329021.44111,5,0.1
2005,14,105,2329292.4256,4,0.1
2005,15,106,14612188.79537,2,0.1
2005,16,107,30100795.57035,8,0.1
2005,17,108,581362.3793,2,0.1
2005,18,109,37378736.57829,16,0.1
2005,19,110,11929134.65994,15,0.1
2005,20,111,32538699.621,47,0.1
2005,21,112,97367783.35489,48,0.1
2005,22,113,44390357.29994,26,0.1
2005,23,114,23340621.14577,50,0.1
2005,24,115,14769858.48731,19,0.1
2005,25,116,16518641.967039999,15,0.1
2005,26,117,1551342.33519,8,0.1
2005,27,118,3446888.60407,15,0.1
2005,28,119,15625267.926199999,39,0.1
2005,29,120,2774784.08546,18,0.1
2005,30,121,14197658.75,1,0.1
2005,31,122,15351114.18303,13,0.1
2005,32,123,7963303.30786,14,0.1
2005,33,124,7952500.1523,5,0.1
2005,34,125,879631.625,1,0.1
2005,35,126,129051.0553,1,0.1
2005,36,127,310875.38102000003,2,0.1
2005,37,128,643486.50539,2,0.1
2005,38,129,596285.3981999999,3,0.1
2005,41,132,4558800.68119,6,0.1
2005,42,133,77471.11519,1,0.1
2005,44,135,614857.79181,5,0.1
2005,45,136,228871.05895,3,0.1
2005,46,137,496783.04705,7,0.1
2006,1,138,1942531.85432,5,0.1
2006,2,139,784608.41923,4,0.1
2006,3,140,3647291.9882300003,8,0.1
2006,4,141,1597153.18751,7,0.1
2006,5,142,1942300.46272,7,0.1
2006,6,143,6780644.16377,7,0.1
2006,7,144,1726115.58366,4,0.1
2006,8,145,110889.7051,1,0.1
2006,10,147,4757906.591200001,2,0.1
2006,11,148,369531.51061,2,0.1
2006,12,149,1359616.605,1,0.1
2006,15,152,510651.7887,1,0.1
2006,16,153,4217374.1968,4,0.1
2006,17,154,1721139.7744,3,0.1
2006,21,158,4531244.15902,8,0.1
2006,22,159,18319953.24452,23,0.1
2006,23,160,4302435.4538,22,0.1
2006,24,161,13208868.967559999,27,0.1
2006,25,162,14766687.14225,43,0.1
2006,26,163,42748795.05242,107,0.1
2006,27,164,27899231.81239,78,0.1
2006,28,165,7578466.71033,19,0.1
2006,29,166,5592406.78196,20,0.1
2006,30,167,5163783.47853,14,0.1
2006,31,168,13651974.74582,7,0.1
2006,32,169,223479.33423,3,0.1
2006,35,172,10488435.82364,2,0.1
2006,36,173,3046949.79957,7,0.1
2006,37,174,40662106.5815,2,0.1
2006,38,175,239737.844,1,0.1
2006,39,176,8742462.194969999,2,0.1
2006,40,177,730449.2781,2,0.1
2006,41,178,10332858.0901,8,0.1
2006,42,179,768484.0941,4,0.1
2006,43,180,1888199.564,1,0.1
2006,44,181,2235116.4309,3,0.1
2007,2,185,245489.83358,3,0.1
2007,3,186,148941.25902,2,0.1
2007,4,187,14827233.299420001,5,0.1
2007,5,188,1018407.8172200001,4,0.1
2007,6,189,56382.13578,1,0.1
2007,7,190,3669466.09024,3,0.1
2007,8,191,11471934.0836,7,0.1
2007,9,192,5159688.0216,3,0.1
2007,10,193,5876192.57921,5,0.1
2007,11,194,1538155.5375199998,3,0.1
2007,12,195,12842376.887640001,8,0.1
2007,13,196,938328.4515,1,0.1
2007,16,199,1025061.26444,3,0.1
2007,17,200,300409.4608,1,0.1
2007,18,201,1336383.1703,4,0.1
2007,19,202,5967508.52099,17,0.1
2007,20,203,8359530.8266,12,0.1
2007,21,204,3658833.01211,6,0.1
2007,22,205,4008349.45314,17,0.1
2007,23,206,5838595.37995,19,0.1
2007,24,207,3980760.05673,16,0.1
2007,25,208,22917847.49832,28,0.1
2007,26,209,22724775.16379,73,0.1
2007,27,210,18776551.32215,41,0.1
2007,28,211,10006076.18952,30,0.1
2007,29,212,5855733.81268,14,0.1
2007,30,213,43196055.74386,25,0.1
2007,31,214,2608258.5186799997,8,0.1
2007,32,215,561946.8495,3,0.1
2007,34,217,767013.69653,4,0.1
2007,35,218,2135016.8081,2,0.1
2007,36,219,1859397.5281099998,12,0.1
2007,37,220,440606.83979,4,0.1
2007,39,222,2002461.6173999999,2,0.1
2007,40,223,1099676.6741,2,0.1
2007,41,224,983295.5776,1,0.1
2007,42,225,232957.68066999997,3,0.1
2007,44,227,278356.3117,1,0.1
2008,2,231,426629.95157,2,0.1
2008,4,233,75159.12366,1,0.1
2008,5,234,1888840.8103999998,3,0.1
2008,6,235,355235.9665,1,0.1
2008,7,236,5573135.534399999,4,0.1
2008,8,237,1147656.32711,6,0.1
2008,9,238,1320840.5457,2,0.1
2008,10,239,5184743.7284699995,4,0.1
2008,11,240,7642801.0049,3,0.1
2008,15,244,1481591.9256,3,0.1
2008,16,245,2304204.7801,2,0.1
2008,18,247,4523599.59721,8,0.1
2008,20,249,910627.8840399999,4,0.1
2008,21,250,2924014.7482399996,5,0.1
2008,23,252,6110500.35307,9,0.1
2008,24,253,4009363.3337,3,0.1
2008,25,254,5012605.80661,8,0.1
2008,26,255,10640113.871779999,12,0.1
2008,27,256,18897133.87674,13,0.1
2008,28,257,10359244.01094,15,0.1
2008,29,258,14102568.91285,5,0.1
2008,30,259,7873738.273010001,11,0.1
2008,31,260,1565389.51712,5,0.1
2008,32,261,1222002.9071499999,4,0.1
2008,33,262,451566.5571,1,0.1
2008,34,263,797409.32264,4,0.1
2008,35,264,412535.7956,2,0.1
2008,36,265,879631.625,1,0.1
2008,38,267,192786.8071,1,0.1
2008,39,268,1852718.46345,9,0.1
2008,40,269,253625.5111,1,0.1
2008,41,270,253625.5111,1,0.1
2008,42,271,762830.6605,1,0.1
2008,43,272,258392.14835,2,0.1
2008,44,273,460656.06868,2,0.1
2008,45,274,1078591.15912,6,0.1
2008,46,275,291397.88636,2,0.1
2009,2,277,1355753.37617,5,0.1
2009,3,278,4544736.2197,2,0.1
2009,4,279,122064.57360999999,2,0.1
2009,5,280,938328.4515,1,0.1
2009,7,282,279514.821,1,0.1
2009,8,283,98411.45174,1,0.1
2009,10,285,561529.3965,1,0.1
2009,11,286,8254354.15644,7,0.1
2009,12,287,158560.1771,2,0.1
2009,13,288,7005025.9186,4,0.1
2009,14,289,1786944.5514,4,0.1
2009,15,290,4726961.76595,8,0.1
2009,16,291,38460778.77811,16,0.1
2009,17,292,32091128.096359998,12,0.1
2009,18,293,20895917.0163,3,0.1
2009,19,294,928627.1087,2,0.1
2009,20,295,211845.37258999998,2,0.1
2009,21,296,51721952.275400005,11,0.1
2009,22,297,33343708.53684,20,0.1
2009,23,298,27044126.04032,43,0.1
2009,24,299,13237541.18632,22,0.1
2009,25,300,27181487.086199995,30,0.1
2009,26,301,38954651.90043,21,0.1
2009,27,302,59084697.7042,22,0.1
2009,28,303,40296711.7961,31,0.1
2009,29,304,8035411.7970199995,13,0.1
2009,30,305,15518201.207589999,15,0.1
2009,31,306,3051914.18978,6,0.1
2009,32,307,1559796.6568,7,0.1
2009,33,308,924566.4405,1,0.1
2009,35,310,182101.3636,1,0.1
2009,37,312,1357547.955,1,0.1
2009,39,314,2343814.8838,2,0.1
2009,40,315,8912963.5821,3,0.1
2009,42,317,166828.6139,1,0.1
2009,44,319,538878.09579,3,0.1
2009,45,320,160351.70767,2,0.1
2009,46,321,68991.03697,1,0.1
2010,2,323,4088149.89474,2,0.1
2010,3,324,6190844.61579,3,0.1
2010,4,325,865532.91609,4,0.1
2010,5,326,3342531.19591,4,0.1
2010,6,327,4879675.371619999,5,0.1
2010,7,328,15891022.444500001,9,0.1
2010,8,329,2993764.5955,4,0.1
2010,9,330,3619066.3636,3,0.1
2010,10,331,969775.21859,5,0.1
2010,11,332,11876651.966500001,5,0.1
2010,12,333,10419360.65,1,0.1
2010,13,334,14031579.72634,17,0.1
2010,14,335,4409757.253520001,4,0.1
2010,15,336,2906486.49353,8,0.1
2010,16,337,94938.5797,1,0.1
2010,17,338,11273257.11604,10,0.1
2010,18,339,37540038.982820004,7,0.1
2010,19,340,10603165.0483,9,0.1
2010,20,341,34729086.48727,10,0.1
2010,21,342,1949756.45327,7,0.1
2010,22,343,36191905.4746,8,0.1
2010,23,344,61222196.65135,98,0.1
2010,24,345,39838216.05149,81,0.1
2010,25,346,18168358.54257,41,0.1
2010,26,347,28722109.99196,30,0.1
2010,27,348,26993238.63184,18,0.1
2010,28,349,58648521.92238,41,0.1
2010,29,350,36361771.15119,33,0.1
2010,30,351,2569984.47568,5,0.1
2010,31,352,3109898.4378,8,0.1
2010,32,353,12242474.09626,17,0.1
2010,33,354,891386.2393,3,0.1
2010,34,355,192786.8071,1,0.1
2010,35,356,594528.7106999999,2,0.1
2010,36,357,732671.3346,3,0.1
2010,38,359,84221.02736,1,0.1
2010,39,360,973118.6023,3,0.1
2010,40,361,587388.0278,1,0.1
2010,43,364,1357547.955,1,0.1
2010,45,366,633196.1256,1,0.1
2011,2,369,628217.6479,1,0.1
2011,4,371,72491.84693,1,0.1
2011,5,372,101345.1578,1,0.1
2011,6,373,10341924.36519,7,0.1
2011,7,374,6482299.07617,9,0.1
2011,8,375,539724.07942,2,0.1
2011,9,376,4362904.089199999,4,0.1
2011,10,377,4084009.66195,3,0.1
2011,11,378,3847557.992,1,0.1
2011,12,379,5123042.68455,8,0.1
2011,13,380,437308.9181,2,0.1
2011,14,381,219703.6849,1,0.1
2011,16,383,124580.1316,1,0.1
2011,18,385,1384014.169,1,0.1
2011,19,386,755406.63829,3,0.1
2011,20,387,6720446.77582,18,0.1
2011,21,388,29143171.94845,16,0.1
2011,22,389,25023256.383449998,18,0.1
2011,23,390,1067566.98351,7,0.1
2011,24,391,6772544.11503,17,0.1
2011,25,392,8473358.40849,21,0.1
2011,26,393,22482769.46835,48,0.1
2011,27,394,7489163.0557,21,0.1
2011,28,395,7082519.293579999,14,0.1
2011,29,396,3935863.6873999997,6,0.1
2011,30,397,7041558.23694,19,0.1
2011,31,398,13585964.98356,25,0.1
2011,32,399,1447829.4296199998,6,0.1
2011,39,406,50409.96989,1,0.1
2011,40,407,182281.9105,1,0.1
2011,41,408,156542.58120000002,3,0.1
2011,42,409,1028776.293,1,0.1
2011,43,410,54336.48652,1,0.1
2011,45,412,1976141.8721,2,0.1
2011,46,413,1083112.7795199999,2,0.1
2012,1,414,1305022.38457,3,0.1
2012,2,415,19238881.44004,8,0.1
2012,3,416,1564075.66784,5,0.1
2012,4,417,806517.8929,1,0.1
2012,5,418,2927638.28079,10,0.1
2012,6,419,2927807.4950099997,9,0.1
2012,7,420,2899832.1982,10,0.1
2012,8,421,775313.25732,5,0.1
2012,9,422,298992.6473,1,0.1
2012,11,424,7078164.63542,7,0.1
2012,12,425,12804840.601259999,6,0.1
2012,13,426,91250.55975,1,0.1
2012,14,427,91250.55975,1,0.1
2012,16,429,339675.4495,2,0.1
2012,17,430,991525.4534,1,0.1
2012,18,431,8850016.52065,14,0.1
2012,19,432,9474675.15074,21,0.1
2012,20,433,24383578.86253,21,0.1
2012,21,434,32718907.62584,32,0.1
2012,22,435,25236664.34347,55,0.1
2012,23,436,36738215.315409996,58,0.1
2012,24,437,24124304.41837,67,0.1
2012,25,438,36464675.67024,67,0.1
2012,26,439,14621322.537729999,32,0.1
2012,27,440,35313246.73458,72,0.1
2012,28,441,36789469.33405,96,0.1
2012,29,442,14134880.18533,14,0.1
2012,30,443,19297989.10649,58,0.1
2012,31,444,26874056.40752,24,0.1
2012,32,445,4311560.4717999995,2,0.1
2012,33,446,166165.5595,1,0.1
2012,34,447,983295.5776,1,0.1
2012,36,449,983295.5776,1,0.1
2012,38,451,272205.14234,3,0.1
2012,39,452,4536133.70545,3,0.1
2012,40,453,2076037.334,1,0.1
2012,41,454,298992.6473,1,0.1
2012,42,455,1010820.29843,2,0.1
2012,43,456,660681.95212,3,0.1
2012,44,457,6519849.47199,11,0.1
2012,45,458,493379.90202000004,4,0.1
2012,46,459,139907.62125999999,2,0.1
2013,1,460,5581978.424790001,5,0.1
2013,2,461,5188640.38026,3,0.1
2013,4,463,588552.2888,2,0.1
2013,5,464,4093635.9181,2,0.1
2013,6,465,126303.74432999999,2,0.1
2013,7,466,545774.90547,4,0.1
2013,8,467,5478257.2176,7,0.1
2013,9,468,513729.64367,2,0.1
2013,10,469,382512.0942,1,0.1
2013,11,470,4160732.1352,2,0.1
2013,12,471,4230070.0862,2,0.1
2013,13,472,16301861.41644,10,0.1
2013,14,473,18581657.50201,7,0.1
2013,15,474,19073210.7174,6,0.1
2013,16,475,553592.7339,3,0.1
2013,17,476,1668239.9115999998,3,0.1
2013,18,477,13703002.526250001,15,0.1
2013,19,478,2225470.9969,5,0.1
2013,21,480,835421.4202,4,0.1
2013,22,481,5069008.228,12,0.1
2013,23,482,11612613.83358,21,0.1
2013,24,483,3355021.9937899997,9,0.1
2013,25,484,13757066.08056,34,0.1
2013,26,485,14915702.1892,51,0.1
2013,27,486,10099748.489020001,25,0.1
2013,28,487,47060495.39412,79,0.1
2013,29,488,47875311.37611,78,0.1
2013,30,489,19255105.07375,48,0.1
2013,31,490,6047238.35252,8,0.1
2013,32,491,1288500.6118700001,4,0.1
2013,33,492,1034915.8946,5,0.1
2013,34,493,1060250.077,1,0.1
2013,39,498,587388.0278,1,0.1
2013,40,499,886380.6751000001,2,0.1
2013,41,500,587388.0278,1,0.1
2013,45,504,426455.38532,3,0.1
2013,46,505,470185.155,1,0.1
2014,1,506,56730.34791,1,0.1
2014,2,507,274134.11731,3,0.1
2014,3,508,8514006.90643,18,0.1
2014,4,509,1683069.5396,5,0.1
2014,5,510,8353691.71045,27,0.1
2014,6,511,18537893.87059,29,0.1
2014,7,512,3439711.2366899997,3,0.1
2014,8,513,16737542.340909999,17,0.1
2014,9,514,755087.3733999999,4,0.1
2014,10,515,6247762.94147,11,0.1
2014,11,516,7823460.7140999995,2,0.1
2014,12,517,5205444.3768,2,0.1
2014,13,518,487926.128,3,0.1
2014,14,519,2231077.7181,3,0.1
2014,15,520,72955852.57636999,15,0.1
2014,16,521,16684745.8277,3,0.1
2014,17,522,4461514.69233,11,0.1
2014,18,523,37180329.49025,28,0.1
2014,19,524,1070619.66006,9,0.1
2014,20,525,2855842.8925,10,0.1
2014,21,526,25571734.96839,10,0.1
2014,22,527,12082045.254519999,4,0.1
2014,23,528,26595222.36306,22,0.1
2014,24,529,11159770.26954,7,0.1
2014,25,530,37111758.99432,48,0.1
2014,26,531,62142691.58626,76,0.1
2014,27,532,39893500.367300004,63,0.1
2014,28,533,53832239.76077,20,0.1
2014,29,534,17797803.009060003,7,0.1
2014,30,535,33573024.70565,7,0.1
2014,31,536,8519206.151039999,9,0.1
2014,32,537,252904.58419999998,2,0.1
2014,33,538,370102.5698,3,0.1
2014,36,541,5347212.99231,11,0.1
2014,37,542,2444730.96397,10,0.1
2014,38,543,638837.7824,1,0.1
2014,39,544,1834451.428,1,0.1
2014,40,545,965263.3461,2,0.1
2014,42,547,4217533.5127,2,0.1
2014,43,548,4764075.4178100005,3,0.1
2014,46,551,2258899.6926,3,0.1
2015,1,552,10633265.30184,9,0.1
2015,2,553,11936902.020680001,14,0.1
2015,3,554,22398234.67444,30,0.1
2015,4,555,758733.6324499999,4,0.1
2015,5,556,1860266.2306600001,6,0.1
2015,6,557,10992649.140840001,6,0.1
2015,7,558,1468057.5379,2,0.1
2015,8,559,54596.85727,1,0.1
2015,9,560,722767.4787,6,0.1
2015,10,561,12288738.39894,17,0.1
2015,11,562,101151.1467,1,0.1
2015,12,563,2419130.754,1,0.1
2015,13,564,256379.01148,2,0.1
2015,15,566,8536592.99141,5,0.1
2015,16,567,1155553.5991,2,0.1
2015,17,568,6286563.63587,2,0.1
2015,18,569,16360288.2951,7,0.1
2015,19,570,25834551.83343,9,0.1
2015,20,571,5386134.20249,11,0.1
2015,21,572,2778188.7297,5,0.1
2015,22,573,9575798.03896,8,0.1
2015,23,574,18988935.19222,26,0.1
2015,24,575,65649735.0941,50,0.1
2015,25,576,20187682.34831,36,0.1
2015,26,577,22812870.02045,57,0.1
2015,27,578,29891015.464679997,33,0.1
2015,28,579,44705292.38517,120,0.1
2015,29,580,33103815.54973,67,0.1
2015,30,581,19123182.580709998,26,0.1
2015,31,582,24720498.71799,52,0.1
2015,32,583,17638938.736109998,9,0.1
2015,33,584,44822548.219289996,10,0.1
2015,34,585,2570458.35991,10,0.1
2015,35,586,6559136.91232,10,0.1
2015,36,587,6734889.57582,12,0.1
2015,37,588,20220031.01364,11,0.1
2015,38,589,16621822.220099999,8,0.1
2015,39,590,3545944.90882,6,0.1
2015,40,591,10406461.67232,4,0.1
2015,41,592,167770.9111,1,0.1
2015,42,593,1720653.64551,5,0.1
2015,43,594,2802819.1060699997,9,0.1
2015,44,595,14821280.94139,10,0.1
2015,45,596,10607534.74372,8,0.1
2015,46,597,18456373.32133,15,0.1
2016,1,598,4584424.9646,12,0.1
2016,2,599,14158199.16598,7,0.1
2016,3,600,2707005.4709,4,0.1
2016,4,601,3796101.6329,12,0.1
2016,5,602,9928091.517180001,8,0.1
2016,6,603,11475602.2101,14,0.1
2016,8,605,5385264.87531,7,0.1
2016,9,606,13798991.38257,11,0.1
2016,10,607,1434463.40769,5,0.1
2016,11,608,4317126.4316,5,0.1
2016,12,609,15425429.908300001,12,0.1
2016,13,610,9158162.86813,17,0.1
2016,14,611,39353177.27807,23,0.1
2016,15,612,33920013.38929,21,0.1
2016,16,613,8471870.965,8,0.1
2016,17,614,26712859.115250003,9,0.1
2016,18,615,3893116.7893000003,5,0.1
2016,19,616,4624875.03389,5,0.1
2016,20,617,3570956.912,2,0.1
2016,21,618,20950212.973020002,4,0.1
2016,22,619,8612145.81955,6,0.1
2016,23,620,1259772.64052,7,0.1
2016,24,621,2040251.29123,9,0.1
2016,25,622,8738526.22118,9,0.1
2016,26,623,10118930.8959,14,0.1
2016,27,624,17708823.12554,20,0.1
2016,28,625,12614142.12519,20,0.1
2016,29,626,25455446.31114,19,0.1
2016,30,627,36984334.27939,42,0.1
2016,31,628,6261330.00846,12,0.1
2016,32,629,3334907.30585,21,0.1
2016,33,630,10243625.6974,19,0.1
2016,34,631,95304.70105,1,0.1
2016,35,632,71625.09053,1,0.1
2016,36,633,430307.5596,1,0.1
2016,37,634,1403418.731,1,0.1
2016,38,635,3988726.3205,9,0.1
2016,39,636,3706319.46734,4,0.1
2016,40,637,8118145.22016,7,0.1
2016,45,642,295366.52632,4,0.1
2016,46,643,4626742.13227,14,0.1
2017,1,644,8373275.611970001,9,0.1
2017,2,645,2739069.68725,9,0.1
2017,3,646,11015978.410589999,9,0.1
2017,4,647,1224545.97791,6,0.1
2017,5,648,55989.72469,1,0.1
2017,6,649,2201525.47664,7,0.1
2017,7,650,3581769.07271,11,0.1
2017,8,651,523664.89443,3,0.1
2017,9,652,4488292.8559,2,0.1
2017,10,653,7570881.26795,6,0.1
2017,11,654,1797613.8715000001,3,0.1
2017,12,655,3902828.7467,3,0.1
2017,13,656,2203165.0505999997,5,0.1
2017,14,657,8608387.10473,8,0.1
2017,15,658,7546273.08169,3,0.1
2017,16,659,3000828.9881,5,0.1
2017,18,661,12268685.81896,5,0.1
2017,19,662,1143909.64831,6,0.1
2017,20,663,467831.78517,5,0.1
2017,21,664,6955443.624369999,14,0.1
2017,22,665,25873598.24888,45,0.1
2017,23,666,1822351.04701,9,0.1
2017,24,667,11389548.28872,15,0.1
2017,25,668,27110454.83987,30,0.1
2017,26,669,89239910.89606,78,0.1
2017,27,670,67937582.50805,48,0.1
2017,28,671,21023404.48593,41,0.1
2017,29,672,56650461.51306,30,0.1
2017,30,673,2948454.87481,6,0.1
2017,31,674,8302382.62453,13,0.1
2017,32,675,111957.9831,1,0.1
2017,34,677,1185745.3744,8,0.1
2017,35,678,286803.6363,1,0.1
2017,36,679,1601248.835,1,0.1
2017,37,680,2152703.44391,4,0.1
2017,38,681,1532873.2031,4,0.1
2017,41,684,69906.07557,1,0.1
2017,43,686,2192374.924,1,0.1
2017,45,688,1530165.4003299999,7,0.1
2017,46,689,86348.98529,1,0.1
2018,1,690,760143.6698,3,0.1
2018,2,691,2539703.06802,4,0.1
2018,3,692,719755.07259,4,0.1
2018,4,693,309073.41372,3,0.1
2018,5,694,2942469.24002,10,0.1
2018,6,695,2098789.14981,6,0.1
2018,7,696,5535953.877540001,7,0.1
2018,8,697,411569.41755,2,0.1
2018,10,699,97072.7123,1,0.1
2018,15,704,2456446.583,2,0.1
2018,17,706,3960562.859,1,0.1
2018,18,707,2183691.02355,5,0.1
2018,19,708,28818024.067479998,32,0.1
2018,20,709,11810291.67783,19,0.1
2018,21,710,6186747.19,13,0.1
2018,22,711,4027862.0944,7,0.1
2018,23,712,33850670.47154,19,0.1
2018,24,713,19413738.2497,47,0.1
2018,25,714,41761528.50441,62,0.1
2018,26,715,109244196.42346,146,0.1
2018,27,716,47691903.74794,129,0.1
2018,28,717,44670688.41921,140,0.1
2018,29,718,24040924.48531,51,0.1
2018,30,719,21393365.7065,76,0.1
2018,31,720,8803383.05759,8,0.1
2018,33,722,399914.51054,2,0.1
2018,35,724,62033196.698,5,0.1
2018,36,725,4622293.821140001,7,0.1
2018,37,726,7096730.950999999,2,0.1
2018,39,728,367126.2731,2,0.1
2018,41,730,9629921.9779,3,0.1
2018,42,731,463627.6037,2,0.1
2018,43,732,56365.07028,1,0.1
2018,44,733,1032274.13206,6,0.1
2018,45,734,15478531.881199999,11,0.1
2018,46,735,9380234.48956,11,0.1
2019,1,736,23169951.0245,6,0.1
2019,2,737,613466.10828,3,0.1
2019,3,738,3727303.77875,13,0.1
2019,4,739,8608595.914560001,22,0.1
2019,5,740,2301485.46445,16,0.1
2019,6,741,3325553.03665,10,0.1
2019,7,742,471664.68546999997,3,0.1
2019,8,743,16674749.79407,5,0.1
2019,9,744,4524451.6446,2,0.1
2019,10,745,2000705.88597,8,0.1
2019,11,746,26693099.47818,20,0.1
2019,12,747,4431099.252400001,7,0.1
2019,13,748,15225116.50939,15,0.1
2019,14,749,6575433.615420001,14,0.1
2019,15,750,17489582.99995,10,0.1
2019,16,751,8247755.85116,23,0.1
2019,17,752,19484456.665710002,22,0.1
2019,18,753,25517584.33125,25,0.1
2019,19,754,8912777.13485,16,0.1
2019,20,755,11846804.3657,6,0.1
2019,21,756,12063422.27953,29,0.1
2019,22,757,25114176.40269,43,0.1
2019,23,758,83606710.3914,95,0.1
2019,24,759,14219393.52818,29,0.1
2019,25,760,25640646.79058,53,0.1
2019,26,761,53913508.03054,66,0.1
2019,27,762,24426962.70958,65,0.1
2019,28,763,8550816.14216,12,0.1
2019,29,764,27219771.016760003,9,0.1
2019,30,765,6533132.97184,28,0.1
2019,31,766,16104071.30513,34,0.1
2019,32,767,17080985.3709,16,0.1
2019,33,768,9695752.39248,11,0.1
2019,34,769,774590.39518,3,0.1
2019,35,770,180769.74422,2,0.1
2019,37,772,14517443.593050001,9,0.1
2019,38,773,6216950.02082,12,0.1
2019,39,774,8927496.76975,18,0.1
2019,40,775,10155974.4273,12,0.1
2019,41,776,4553027.750200001,5,0.1
2019,42,777,7293158.9813,10,0.1
2019,44,779,8216097.611,2,0.1
2019,45,780,11263163.06014,7,0.1
2019,46,781,13167172.76953,20,0.1
2020,1,782,4419646.66378,9,0.1
2020,2,783,701943.8936999999,3,0.1
2020,3,784,7935587.36647,7,0.1
2020,4,785,2575496.5173,3,0.1
2020,5,786,602527.27858,6,0.1
2020,6,787,6786858.06216,5,0.1
2020,7,788,971962.01937,5,0.1
2020,8,789,12475695.84471,7,0.1
2020,9,790,7008810.56666,9,0.1
2020,10,791,3758869.62214,14,0.1
2020,12,793,1870058.1471000002,5,0.1
2020,13,794,11270704.68618,7,0.1
2020,14,795,2334428.91488,7,0.1
2020,15,796,4050976.68838,10,0.1
2020,16,797,7693706.95079,14,0.1
2020,17,798,3261314.10779,11,0.1
2020,18,799,4959682.76416,11,0.1
2020,19,800,38258849.22282,8,0.1
2020,20,801,14504216.922379998,31,0.1
2020,21,802,91208.04882,1,0.1
2020,22,803,47254363.27274,15,0.1
2020,23,804,22986084.49749,38,0.1
2020,24,805,8179431.28845,11,0.1
2020,25,806,22972024.08334,22,0.1
2020,26,807,30041065.950109996,22,0.1
2020,27,808,37883055.47835,43,0.1
2020,28,809,60697592.557,94,0.1
2020,29,810,18503508.03951,57,0.1
2020,30,811,27372712.73868,41,0.1
2020,31,812,28864363.44397,17,0.1
2020,33,814,14730177.70318,25,0.1
2020,35,816,4700915.48365,13,0.1
2020,36,817,8843780.85413,17,0.1
2020,38,819,296516.0661,1,0.1
2020,39,820,84459.96572,1,0.1
2020,40,821,3336307.16774,7,0.1
2020,41,822,813273.6752299999,3,0.1
2020,42,823,7544748.1069,16,0.1
2020,43,824,1359104.504,1,0.1
2020,44,825,1861333.0841100002,4,0.1
2020,46,827,1296097.2676,3,0.1
2021,2,829,180964.90316,2,0.1
2021,4,831,1127547.5098,6,0.1
2021,5,832,78876.79854,1,0.1
2021,6,833,582510.2496,1,0.1
2021,7,834,713993.531,3,0.1
2021,8,835,6779560.54315,5,0.1
2021,9,836,5301014.8769,4,0.1
2021,11,838,2915757.58012,8,0.1
2021,12,839,467764.0237,3,0.1
2021,13,840,1649099.2744,2,0.1
2021,14,841,9134619.91721,8,0.1
2021,15,842,6285164.40175,8,0.1
2021,17,844,1151830.8506,3,0.1
2021,18,845,58310058.95591,11,0.1
2021,19,846,8685564.99094,8,0.1
2021,20,847,2315538.314,1,0.1
2021,21,848,12638368.16003,10,0.1
2021,22,849,13791617.84249,17,0.1
2021,23,850,28902247.82984,41,0.1
2021,24,851,16477165.7121,28,0.1
2021,25,852,15452901.98796,28,0.1
2021,26,853,8856146.51133,7,0.1
2021,27,854,32055997.79702,17,0.1
2021,28,855,24950507.16708,29,0.1
2021,29,856,13697064.07411,22,0.1
2021,30,857,6609096.150789999,11,0.1
2021,31,858,3552841.96166,4,0.1
2021,32,859,3423999.70553,10,0.1
2021,33,860,3132989.38084,4,0.1
2021,34,861,5396078.24366,11,0.1
2021,36,863,1666505.7918,4,0.1
2021,38,865,477915.47124,2,0.1
2021,39,866,1331212.795,1,0.1
2021,40,867,4144026.67448,5,0.1
2021,41,868,2542224.4438,8,0.1
2021,42,869,596577.37888,4,0.1
2021,43,870,5649243.8722,5,0.1
2021,44,871,9189594.24841,18,0.1
2021,45,872,4392578.11197,19,0.1
2021,46,873,20714566.23604,22,0.1
2022,1,874,899975.93747,3,0.1
2022,2,875,6264429.4117,13,0.1
2022,3,876,3607940.11462,13,0.1
2022,4,877,3988681.0289,14,0.1
2022,5,878,416874.6149,1,0.1
2022,6,879,486499.08287,3,0.1
2022,7,880,2200232.86062,13,0.1
2022,8,881,3546491.64508,18,0.1
2022,9,882,1742513.64127,15,0.1
2022,10,883,5699508.39224,7,0.1
2022,11,884,3268139.25065,5,0.1
2022,12,885,4997758.53713,7,0.1
2022,13,886,9073289.6678,7,0.1
2022,14,887,141728.8339,1,0.1
2022,16,889,141728.8339,1,0.1
2022,17,890,385117.57302,4,0.1
2022,18,891,31655117.93503,14,0.1
2022,19,892,7680109.744220001,4,0.1
2022,20,893,7767559.4764,14,0.1
2022,21,894,4038809.4510399997,20,0.1
2022,22,895,17145353.74337,66,0.1
2022,23,896,16710353.29263,63,0.1
2022,24,897,33715814.93476,47,0.1
2022,25,898,85381917.55856,114,0.1
2022,26,899,44662345.22744,144,0.1
2022,27,900,113518403.58086,166,0.1
2022,28,901,110284782.42278,189,0.1
2022,29,902,100937458.17447,192,0.1
2022,30,903,77590352.83812,108,0.1
2022,31,904,32616618.37908,79,0.1
2022,32,905,8278884.1839000005,29,0.1
2022,33,906,1739809.26524,4,0.1
2022,35,908,159654.4889,1,0.1
2022,36,909,936168.9463,2,0.1
2022,38,911,1045667.9975,3,0.1
2022,39,912,1168626.58408,3,0.1
2022,40,913,741555.9894,2,0.1
2022,42,915,3767328.36664,4,0.1
2022,43,916,3413363.5373799996,8,0.1
2022,44,917,7390194.10082,5,0.1
2022,45,918,517707.4456,1,0.1
2023,1,920,15732562.939620001,5,0.1
2023,2,921,16501802.006790001,10,0.1
2023,3,922,11239153.64466,8,0.1
2023,4,923,3449182.05378,11,0.1
2023,5,924,1257805.90324,3,0.1
2023,6,925,24340426.789720003,17,0.1
2023,7,926,13298877.54089,9,0.1
2023,8,927,26386321.250239998,13,0.1
2023,9,928,406205.99397999997,2,0.1
2023,10,929,1108084.90802,4,0.1
2023,11,930,358950.01856999996,3,0.1
2023,13,932,8257809.29862,6,0.1
2023,14,933,9108331.24124,10,0.1
2023,15,934,447956.38518,3,0.1
2023,16,935,3865607.63173,7,0.1
2023,17,936,8797660.80689,10,0.1
2023,18,937,10691724.4202,6,0.1
2023,19,938,16921283.697780002,14,0.1
2023,20,939,17902173.671949998,35,0.1
2023,21,940,43847589.73853,83,0.1
2023,22,941,94652082.69277,118,0.1
2023,23,942,12342738.96924,29,0.1
2023,24,943,22537074.82536,31,0.1
2023,25,944,73778226.96483,65,0.1
2023,26,945,22286295.42048,30,0.1
2023,27,946,19419090.177670002,29,0.1
2023,28,947,10996703.71994,17,0.1
2023,29,948,15081863.23494,32,0.1
2023,30,949,29685321.28523,56,0.1
2023,31,950,43606871.77817,38,0.1
2023,32,951,27467776.68107,30,0.1
2023,33,952,8321902.24919,13,0.1
2023,34,953,7852004.03812,12,0.1
2023,35,954,8027276.02945,10,0.1
2023,36,955,8097704.148150001,11,0.1
2023,37,956,8892889.85549,12,0.1
2023,38,957,1939709.86143,2,0.1
2023,39,958,14325114.6455,10,0.1
2023,40,959,10890099.43033,17,0.1
2023,41,960,11986047.56287,23,0.1
2023,42,961,5676272.87301,8,0.1
2023,43,962,5541293.52926,18,0.1
2023,44,963,13978729.160519999,16,0.1
2023,45,964,5758216.3945700005,25,0.1
2023,46,965,2602367.18438,13,0.1
2024,1,966,6639552.16753,14,0.1
2024,2,967,28188723.472340003,24,0.1
2024,3,968,8172540.3708999995,13,0.1
2024,4,969,4114038.4012,4,0.1
2024,5,970,4035128.56224,13,0.1
2024,6,971,48645931.55765,22,0.1
2024,7,972,14348419.92869,8,0.1
2024,8,973,6676455.458099999,11,0.1
2024,9,974,12580585.292520002,19,0.1
2024,10,975,44028278.43359,37,0.1
2024,11,976,48985184.66904,15,0.1
2024,12,977,27563870.05346,8,0.1
2024,13,978,42825370.09225,15,0.1
2024,14,979,26038642.80985,18,0.1
2024,15,980,72342022.09129,32,0.1
2024,16,981,92716731.18176,46,0.1
2024,17,982,56995822.62643,29,0.1
2024,18,983,58087520.75242,47,0.1
2024,19,984,59874785.68529,43,0.1
2024,20,985,88305075.32377,39,0.1
2024,21,986,65213827.90058,84,0.1
2024,22,987,116044129.45559,76,0.1
2024,23,988,29009947.84648,39,0.1
2024,24,989,21553593.96982,40,0.1
2024,25,990,13722558.52283,34,0.1
2024,26,991,58633084.575270005,75,0.1
2024,27,992,13694150.09927,27,0.1
2024,28,993,27989012.05267,31,0.1
2024,29,994,65529295.83739,55,0.1
2024,30,995,29662721.89209,60,0.1
2024,31,996,45824967.08473,112,0.1
2024,32,997,44423031.20365,87,0.1
2024,33,998,33584806.00813,39,0.1
2024,34,999,19169762.3286,12,0.1
2024,35,1000,10167248.239,20,0.1
2024,36,1001,2679173.45259,4,0.1
2024,37,1002,7368048.868600001,3,0.1
2024,38,1003,8571655.71514,8,0.1
2024,39,1004,44232567.70178,6,0.1
2024,41,1006,217876.36443000002,3,0.1
2024,42,1007,1030576.80891,4,0.1
2024,43,1008,2050991.3981,6,0.1
2024,44,1009,13883440.32463,11,0.1
2024,45,1010,7659283.12438,8,0.1
2024,46,1011,6375134.17248,6,0.1
2025,1,1012,645116.5988,2,0.1
2025,2,1013,8471815.38401,12,0.1
2025,3,1014,2752628.75814,8,0.1
2025,4,1015,10765866.9179,4,0.1
2025,5,1016,15632293.82739,13,0.1
2025,6,1017,12580924.47771,11,0.1
2025,7,1018,20276848.78893,8,0.1
2025,8,1019,23405931.44319,47,0.1
2025,9,1020,11988828.676970001,36,0.1
2025,10,1021,7249056.06532,16,0.1
2025,11,1022,174023.2926,1,0.1
2025,12,1023,721130.3222,1,0.1
2025,13,1024,174023.2926,1,0.1
2025,14,1025,74687.06014,1,0.1
2025,15,1026,23329478.81374,5,0.1
2025,17,1028,1054752.91093,2,0.1
2025,18,1029,6422160.7156,8,0.1
2025,19,1030,2975246.36028,2,0.1
2025,20,1031,105118.9375,1,0.1
2025,21,1032,14257456.539870001,26,0.1
2025,22,1033,28175601.70034,64,0.1
2025,23,1034,44349006.55034,123,0.1
2025,24,1035,57596270.97608,100,0.1
2025,25,1036,50094057.13575,130,0.1
2025,26,1037,33621388.35874,87,0.1
2025,27,1038,69684737.83268,72,0.1
2025,28,1039,30354898.71304,71,0.1
2025,29,1040,34838679.69252,95,0.1
2025,30,1041,25191243.78214,49,0.1
2025,31,1042,25313757.466140002,38,0.1
2025,32,1043,17619357.98475,21,0.1
2025,33,1044,3451129.68793,5,0.1
2025,34,1045,1100276.2991,2,0.1
2025,35,1046,1496364.28648,7,0.1
2025,36,1047,5072596.449820001,4,0.1
2025,37,1048,896119.92674,4,0.1
2025,38,1049,3251119.5311,3,0.1
2025,39,1050,2544696.62281,2,0.1
2025,40,1051,853705.7149,1,0.1
2025,42,1053,270540.97969999997,2,0.1
2025,43,1054,1601273.8142499998,7,0.1
2025,44,1055,317890.0627,1,0.1
2025,45,1056,517707.4456,1,0.1
2025,46,1057,12694695.850709999,16,0.1
2003,2,1,1601477.32317,3,0.25
2003,3,2,2295731.22756,4,0.25
2003,4,3,235730.64917,2,0.25
2003,5,4,10326037.627009999,7,0.25
2003,6,5,588348.07442,5,0.25
2003,8,7,682585.86621,6,0.25
2003,9,8,351599.01954999997,2,0.25
2003,10,9,378530.3996,3,0.25
2003,11,10,712092.2586000001,2,0.25
2003,12,11,276403.3823,2,0.25
2003,13,12,1592892.53307,4,0.25
2003,14,13,66311.77765,1,0.25
2003,15,14,3936410.5347999996,3,0.25
2003,16,15,676231.8562,3,0.25
2003,17,16,13550528.481859999,13,0.25
2003,18,17,20283884.90654,12,0.25
2003,19,18,5027694.2718,12,0.25
2003,20,19,21971416.06627,28,0.25
2003,21,20,19459001.60408,44,0.25
2003,22,21,1466707.3456899999,6,0.25
2003,23,22,4381150.92889,16,0.25
2003,24,23,882779.8276,5,0.25
2003,25,24,37902403.618319996,35,0.25
2003,26,25,12923920.54842,43,0.25
2003,27,26,14003514.22038,22,0.25
2003,28,27,35146606.59497,95,0.25
2003,29,28,21910592.76274,96,0.25
2003,30,29,17940541.27585,49,0.25
2003,31,30,13150974.65338,8,0.25
2003,33,32,1418011.1722,5,0.25
2003,35,34,129051.0553,1,0.25
2003,36,35,264452.9571,2,0.25
2003,38,37,230942.30177,2,0.25
2003,40,39,182101.3636,1,0.25
2003,41,40,2014993.80549,3,0.25
2003,42,41,84221.02736,1,0.25
2003,44,43,243427.43753,2,0.25
2003,45,44,221674.87633,2,0.25
2004,1,46,278356.3117,1,0.25
2004,2,47,4454186.978130001,2,0.25
2004,3,48,910909.7178,1,0.25
2004,4,49,910909.7178,1,0.25
2004,6,51,136893.746,1,0.25
2004,10,55,12321633.2881,5,0.25
2004,11,56,4207939.71236,5,0.25
2004,12,57,20145235.271,3,0.25
2004,13,58,1357547.955,1,0.25
2004,14,59,190275.33655,3,0.25
2004,15,60,134379.7401,1,0.25
2004,16,61,91740.46784,1,0.25
2004,17,62,2620313.9318,4,0.25
2004,18,63,29024565.183369998,8,0.25
2004,19,64,23871198.67214,3,0.25
2004,21,66,382890.15274000005,2,0.25
2004,22,67,3596136.5114,2,0.25
2004,23,68,4649234.75641,10,0.25
2004,24,69,3757634.3407400004,4,0.25
2004,25,70,6395560.125,3,0.25
2004,26,71,12531881.757720001,11,0.25
2004,27,72,6017793.37734,13,0.25
2004,28,73,2017804.8577299998,5,0.25
2004,29,74,5856419.33845,10,0.25
2004,30,75,1685103.50995,3,0.25
2004,31,76,1949859.502,1,0.25
2004,37,82,1015789.0037,2,0.25
2004,38,83,924566.4405,1,0.25
2004,40,85,51251.53819,1,0.25
2004,42,87,298992.6473,1,0.25
2005,1,92,3657284.03267,3,0.25
2005,2,93,3533370.361,1,0.25
2005,4,95,72762.49389,1,0.25
2005,6,97,78333.67209,1,0.25
2005,7,98,4249791.04428,18,0.25
2005,8,99,852425.56992,3,0.25
2005,9,100,3706362.24126,15,0.25
2005,10,101,861932.7849,1,0.25
2005,11,102,2156647.409,3,0.25
2005,12,103,727119.4742,1,0.25
2005,13,104,15329021.44111,5,0.25
2005,14,105,2223760.7697,3,0.25
2005,15,106,14612188.79537,2,0.25
2005,16,107,1047561.044,4,0.25
2005,17,108,581362.3793,2,0.25
2005,18,109,21952661.34959,11,0.25
2005,19,110,3800902.47578,9,0.25
2005,20,111,9427149.70541,23,0.25
2005,21,112,69663502.49622001,35,0.25
2005,22,113,5398080.14033,12,0.25
2005,23,114,18763673.64303,34,0.25
2005,24,115,13217752.05111,13,0.25
2005,25,116,15671770.08184,12,0.25
2005,26,117,441161.90876,3,0.25
2005,27,118,2258069.95121,11,0.25
2005,28,119,11118615.13342,27,0.25
2005,29,120,2195301.90863,12,0.25
2005,30,121,14197658.75,1,0.25
2005,31,122,8741232.13923,10,0.25
2005,32,123,7032115.25756,11,0.25
2005,33,124,1993332.3004,3,0.25
2005,35,126,129051.0553,1,0.25
2005,36,127,233450.2729,1,0.25
2005,37,128,592234.9672,1,0.25
2005,38,129,596285.3981999999,3,0.25
2005,41,132,900736.4931900001,5,0.25
2005,42,133,77471.11519,1,0.25
2005,44,135,453211.65633,3,0.25
2005,45,136,82903.10407,1,0.25
2005,46,137,291445.25414000003,4,0.25
2006,1,138,1879000.74364,4,0.25
2006,2,139,297925.16661,2,0.25
2006,3,140,3647291.9882300003,8,0.25
2006,4,141,1426936.99934,5,0.25
2006,5,142,1859397.3586499998,6,0.25
2006,6,143,5803168.825270001,6,0.25
2006,7,144,1726115.58366,4,0.25
2006,10,147,4757906.591200001,2,0.25
2006,11,148,369531.51061,2,0.25
2006,12,149,1359616.605,1,0.25
2006,16,153,3925009.311,3,0.25
2006,17,154,1384014.169,1,0.25
2006,21,158,1463402.6079199999,6,0.25
2006,22,159,16909590.45162,19,0.25
2006,23,160,3364794.9051800002,15,0.25
2006,24,161,11193409.458449999,20,0.25
2006,25,162,11535408.35209,29,0.25
2006,26,163,36951797.79054,82,0.25
2006,27,164,23581341.01487,67,0.25
2006,28,165,5949812.88753,13,0.25
2006,29,166,3885158.69277,14,0.25
2006,30,167,4667760.522349999,10,0.25
2006,31,168,12541201.54882,6,0.25
2006,32,169,223479.33423,3,0.25
2006,35,172,10419360.65,1,0.25
2006,36,173,2964046.6955,6,0.25
2006,37,174,40662106.5815,2,0.25
2006,38,175,239737.844,1,0.25
2006,39,176,8742462.194969999,2,0.25
2006,40,177,397986.2633,1,0.25
2006,41,178,9672531.8202,6,0.25
2006,42,179,768484.0941,4,0.25
2006,43,180,1888199.564,1,0.25
2006,44,181,2052834.5204,2,0.25
2007,2,185,245489.83358,3,0.25
2007,3,186,93483.56208,1,0.25
2007,4,187,14435266.67509,3,0.25
2007,5,188,56734.62672,1,0.25
2007,6,189,56382.13578,1,0.25
2007,7,190,3569860.3902999996,2,0.25
2007,8,191,10248444.643099999,5,0.25
2007,9,192,5053540.898,2,0.25
2007,10,193,5616005.3462,3,0.25
2007,11,194,1538155.5375199998,3,0.25
2007,12,195,5538160.581789999,3,0.25
2007,13,196,938328.4515,1,0.25
2007,16,199,1025061.26444,3,0.25
2007,18,201,1336383.1703,4,0.25
2007,19,202,5587890.63179,16,0.25
2007,20,203,4202655.7837000005,7,0.25
2007,21,204,3054214.84181,5,0.25
2007,22,205,3755046.8836399997,15,0.25
2007,23,206,2407606.27619,14,0.25
2007,24,207,2398614.08214,13,0.25
2007,25,208,5160254.36185,18,0.25
2007,26,209,18556303.88953,57,0.25
2007,27,210,12084958.95187,26,0.25
2007,28,211,6512262.89481,18,0.25
2007,29,212,2469117.02298,8,0.25
2007,30,213,5480930.28648,14,0.25
2007,31,214,1492756.75098,5,0.25
2007,32,215,376976.8197,2,0.25
2007,34,217,418461.5007,1,0.25
2007,35,218,2135016.8081,2,0.25
2007,36,219,1613196.03614,8,0.25
2007,37,220,315026.52569,3,0.25
2007,40,223,116381.0965,1,0.25
2007,41,224,983295.5776,1,0.25
2007,42,225,156712.87429,2,0.25
2007,44,227,278356.3117,1,0.25
2008,2,231,356723.876,1,0.25
2008,4,233,75159.12366,1,0.25
2008,5,234,1712617.6944999998,2,0.25
2008,6,235,355235.9665,1,0.25
2008,7,236,5573135.534399999,4,0.25
2008,8,237,648737.8376,3,0.25
2008,9,238,938328.4515,1,0.25
2008,10,239,5018892.77907,3,0.25
2008,11,240,213507.6636,1,0.25
2008,16,245,486371.6091,1,0.25
2008,18,247,3657203.25051,7,0.25
2008,20,249,310952.63134,3,0.25
2008,21,250,420847.21364,3,0.25
2008,23,252,1297667.46477,5,0.25
2008,24,253,76675.5733,1,0.25
2008,25,254,4657040.1349100005,7,0.25
2008,26,255,3444262.26076,7,0.25
2008,27,256,18834334.19038,12,0.25
2008,28,257,5507905.17513,9,0.25
2008,29,258,1376937.8328,3,0.25
2008,30,259,2754036.52102,7,0.25
2008,31,260,1505003.7906,4,0.25
2008,32,261,1032336.80545,3,0.25
2008,34,263,440505.47250000003,2,0.25
2008,35,264,412535.7956,2,0.25
2008,36,265,879631.625,1,0.25
2008,38,267,192786.8071,1,0.25
2008,39,268,1549800.56845,7,0.25
2008,40,269,253625.5111,1,0.25
2008,41,270,253625.5111,1,0.25
2008,42,271,762830.6605,1,0.25
2008,43,272,258392.14835,2,0.25
2008,44,273,460656.06868,2,0.25
2008,45,274,777259.0873,4,0.25
2008,46,275,291397.88636,2,0.25
2009,2,277,1283261.52924,4,0.25
2009,3,278,4544736.2197,2,0.25
2009,4,279,122064.57360999999,2,0.25
2009,5,280,938328.4515,1,0.25
2009,7,282,279514.821,1,0.25
2009,8,283,98411.45174,1,0.25
2009,10,285,561529.3965,1,0.25
2009,11,286,1509686.1477,5,0.25
2009,12,287,74627.50728,1,0.25
2009,13,288,7005025.9186,4,0.25
2009,15,290,2902314.7869499996,5,0.25
2009,16,291,35739944.318299994,9,0.25
2009,17,292,31652131.581129998,9,0.25
2009,18,293,20895917.0163,3,0.25
2009,19,294,628217.6479,1,0.25
2009,20,295,84084.36819,1,0.25
2009,21,296,12045487.7902,6,0.25
2009,22,297,7548251.44824,13,0.25
2009,23,298,14121450.33925,26,0.25
2009,24,299,6772767.386460001,14,0.25
2009,25,300,23423190.396179996,24,0.25
2009,26,301,6180128.442129999,16,0.25
2009,27,302,54524751.048200004,13,0.25
2009,28,303,22881592.6768,18,0.25
2009,29,304,1505466.1031799999,8,0.25
2009,30,305,5852718.41846,10,0.25
2009,31,306,2737634.6298,4,0.25
2009,32,307,1183484.7372,5,0.25
2009,33,308,924566.4405,1,0.25
2009,37,312,1357547.955,1,0.25
2009,39,314,986266.9288,1,0.25
2009,40,315,7024764.0181,2,0.25
2009,42,317,166828.6139,1,0.25
2009,44,319,125528.45429,2,0.25
2009,45,320,68712.13618,1,0.25
2010,2,323,4010658.252,1,0.25
2010,3,324,6190844.61579,3,0.25
2010,4,325,764174.13249,3,0.25
2010,5,326,3342531.19591,4,0.25
2010,6,327,1608807.62862,4,0.25
2010,7,328,11072755.9549,5,0.25
2010,8,329,2525915.8235,3,0.25
2010,9,330,3619066.3636,3,0.25
2010,10,331,782046.18169,4,0.25
2010,11,332,399604.6455,2,0.25
2010,12,333,10419360.65,1,0.25
2010,13,334,6783552.33566,10,0.25
2010,14,335,120043.0009,1,0.25
2010,15,336,2045576.9822,6,0.25
2010,16,337,94938.5797,1,0.25
2010,17,338,9273892.97684,5,0.25
2010,18,339,33161959.97582,5,0.25
2010,19,340,10225890.8968,7,0.25
2010,20,341,32409955.4497,6,0.25
2010,21,342,506714.37139,4,0.25
2010,22,343,34979390.8249,6,0.25
2010,23,344,33173389.53054,66,0.25
2010,24,345,31899955.882149998,60,0.25
2010,25,346,15706234.78139,29,0.25
2010,26,347,27622078.452990003,23,0.25
2010,27,348,20120195.32914,10,0.25
2010,28,349,51384215.44745,33,0.25
2010,29,350,18791580.8361,24,0.25
2010,30,351,2569984.47568,5,0.25
2010,31,352,1238916.2,5,0.25
2010,32,353,10004240.861070001,11,0.25
2010,33,354,720244.7037,2,0.25
2010,35,356,418461.5007,1,0.25
2010,36,357,732671.3346,3,0.25
2010,38,359,84221.02736,1,0.25
2010,39,360,739668.3294,2,0.25
2010,40,361,587388.0278,1,0.25
2010,43,364,1357547.955,1,0.25
2010,45,366,633196.1256,1,0.25
2011,2,369,628217.6479,1,0.25
2011,4,371,72491.84693,1,0.25
2011,5,372,101345.1578,1,0.25
2011,6,373,10131707.96654,4,0.25
2011,7,374,6394985.992070001,8,0.25
2011,8,375,87723.61632,1,0.25
2011,9,376,4195576.9472,3,0.25
2011,10,377,65236.62005,1,0.25
2011,11,378,3847557.992,1,0.25
2011,12,379,854753.35387,4,0.25
2011,13,380,331777.2622,1,0.25
2011,14,381,219703.6849,1,0.25
2011,16,383,124580.1316,1,0.25
2011,18,385,1384014.169,1,0.25
2011,19,386,689173.1298,2,0.25
2011,20,387,4718881.20707,11,0.25
2011,21,388,21415744.89445,12,0.25
2011,22,389,20027668.3617,10,0.25
2011,23,390,579279.76684,3,0.25
2011,24,391,976258.06452,9,0.25
2011,25,392,6926864.848479999,13,0.25
2011,26,393,12956486.398710001,31,0.25
2011,27,394,5683019.5596199995,16,0.25
2011,28,395,5824438.284539999,9,0.25
2011,29,396,3180016.4082,2,0.25
2011,30,397,3071230.21772,14,0.25
2011,31,398,5309948.10692,9,0.25
2011,32,399,1447829.4296199998,6,0.25
2011,39,406,50409.96989,1,0.25
2011,40,407,182281.9105,1,0.25
2011,41,408,102206.09468000001,2,0.25
2011,42,409,1028776.293,1,0.25
2011,43,410,54336.48652,1,0.25
2011,45,412,1976141.8721,2,0.25
2011,46,413,1083112.7795199999,2,0.25
2012,1,414,1238533.04078,2,0.25
2012,2,415,15568293.22074,5,0.25
2012,3,416,1336064.59051,3,0.25
2012,5,418,2927638.28079,10,0.25
2012,6,419,2255078.4792,6,0.25
2012,7,420,2722281.3863,9,0.25
2012,8,421,669166.13372,4,0.25
2012,11,424,6778434.28162,5,0.25
2012,12,425,12804840.601259999,6,0.25
2012,14,427,91250.55975,1,0.25
2012,16,429,339675.4495,2,0.25
2012,17,430,991525.4534,1,0.25
2012,18,431,7345633.9460700005,9,0.25
2012,19,432,7969938.27629,16,0.25
2012,20,433,21850385.5211,16,0.25
2012,21,434,25699393.07855,24,0.25
2012,22,435,19714255.91018,39,0.25
2012,23,436,26783225.32581,41,0.25
2012,24,437,18306717.741,45,0.25
2012,25,438,23532513.9686,41,0.25
2012,26,439,4819954.3661,17,0.25
2012,27,440,26960463.17271,48,0.25
2012,28,441,29808618.61102,73,0.25
2012,29,442,5917669.31851,5,0.25
2012,30,443,10452655.61145,43,0.25
2012,31,444,26093047.77597,19,0.25
2012,32,445,4311560.4717999995,2,0.25
2012,34,447,983295.5776,1,0.25
2012,38,451,180794.06287,2,0.25
2012,40,453,2076037.334,1,0.25
2012,41,454,298992.6473,1,0.25
2012,42,455,938328.4515,1,0.25
2012,43,456,572976.22866,2,0.25
2012,44,457,6519849.47199,11,0.25
2012,45,458,75159.12366,1,0.25
2012,46,459,62415.97852,1,0.25
2013,1,460,1034256.63197,2,0.25
2013,2,461,75159.12366,1,0.25
2013,4,463,588552.2888,2,0.25
2013,5,464,3847557.992,1,0.25
2013,6,465,126303.74432999999,2,0.25
2013,7,466,475868.8299,3,0.25
2013,8,467,4544156.11,4,0.25
2013,9,468,70636.14117,1,0.25
2013,11,470,4160732.1352,2,0.25
2013,13,472,7828430.41354,6,0.25
2013,14,473,18488240.154459998,6,0.25
2013,15,474,6392057.998400001,4,0.25
2013,16,475,553592.7339,3,0.25
2013,17,476,179323.6776,1,0.25
2013,18,477,4693054.32095,10,0.25
2013,19,478,587213.7043,2,0.25
2013,21,480,508418.5971,2,0.25
2013,22,481,3245151.2892,7,0.25
2013,23,482,5888006.57675,15,0.25
2013,24,483,2164439.3214,4,0.25
2013,25,484,8588319.22044,21,0.25
2013,26,485,11355605.694290001,37,0.25
2013,27,486,7350513.4047,17,0.25
2013,28,487,24449939.04021,48,0.25
2013,29,488,22473447.65834,43,0.25
2013,30,489,6389203.03417,24,0.25
2013,31,490,5860570.07422,7,0.25
2013,32,491,344487.72010000004,2,0.25
2013,33,492,740121.7855,3,0.25
2013,34,493,1060250.077,1,0.25
2013,40,499,298992.6473,1,0.25
2013,45,504,334972.51794,2,0.25
2014,2,507,274134.11731,3,0.25
2014,3,508,5673207.93755,13,0.25
2014,4,509,1683069.5396,5,0.25
2014,5,510,6752588.83664,20,0.25
2014,6,511,17440069.50951,26,0.25
2014,7,512,168843.49369,2,0.25
2014,8,513,2449487.68855,14,0.25
2014,9,514,666382.8003,3,0.25
2014,10,515,5035995.43767,8,0.25
2014,11,516,7823460.7140999995,2,0.25
2014,13,518,487926.128,3,0.25
2014,14,519,1985358.509,2,0.25
2014,15,520,34609956.421569996,11,0.25
2014,16,521,16156008.2385,2,0.25
2014,17,522,3830277.1735,7,0.25
2014,18,523,7233175.55674,17,0.25
2014,19,524,797643.42508,6,0.25
2014,20,525,2363381.7853,7,0.25
2014,21,526,24849083.67309,7,0.25
2014,22,527,437548.5485,1,0.25
2014,23,528,22197512.89636,16,0.25
2014,24,529,11063387.7435,6,0.25
2014,25,530,17150038.34494,35,0.25
2014,26,531,27773593.44989,49,0.25
2014,27,532,30422227.40191,39,0.25
2014,28,533,51808475.64568,14,0.25
2014,29,534,17448233.895400003,5,0.25
2014,30,535,31650111.61222,3,0.25
2014,31,536,70421.20544,1,0.25
2014,32,537,118794.5255,1,0.25
2014,33,538,267886.6067,2,0.25
2014,36,541,4968626.71721,9,0.25
2014,37,542,1581288.63682,6,0.25
2014,38,543,638837.7824,1,0.25
2014,39,544,1834451.428,1,0.25
2014,40,545,233450.2729,1,0.25
2014,42,547,3658064.188,1,0.25
2014,46,551,523948.2676,2,0.25
2015,1,552,390843.46167,5,0.25
2015,2,553,6844036.8612399995,8,0.25
2015,3,554,20697519.65727,19,0.25
2015,4,555,137103.26875,2,0.25
2015,5,556,709957.12556,4,0.25
2015,6,557,2059857.88837,3,0.25
2015,7,558,1468057.5379,2,0.25
2015,8,559,54596.85727,1,0.25
2015,9,560,722767.4787,6,0.25
2015,10,561,1510019.53097,11,0.25
2015,11,562,101151.1467,1,0.25
2015,12,563,2419130.754,1,0.25
2015,13,564,256379.01148,2,0.25
2015,15,566,8536592.99141,5,0.25
2015,16,567,1155553.5991,2,0.25
2015,17,568,6190957.71,1,0.25
2015,18,569,14565910.9062,5,0.25
2015,19,570,5585253.007470001,4,0.25
2015,20,571,3774822.1051000003,7,0.25
2015,21,572,957476.51599,3,0.25
2015,22,573,7727280.36566,5,0.25
2015,23,574,15619860.81552,19,0.25
2015,24,575,37600093.9674,34,0.25
2015,25,576,17816782.51628,28,0.25
2015,26,577,19364219.75341,40,0.25
2015,27,578,21616865.33058,20,0.25
2015,28,579,38193715.95638,83,0.25
2015,29,580,23415665.20138,51,0.25
2015,30,581,9263992.79401,21,0.25
2015,31,582,24117163.63354,47,0.25
2015,32,583,12818733.80301,6,0.25
2015,33,584,43980002.44524,6,0.25
2015,34,585,693252.9178800001,4,0.25
2015,35,586,4387327.9419,3,0.25
2015,36,587,6268890.358150001,7,0.25
2015,37,588,15462249.21115,4,0.25
2015,38,589,12818273.841,5,0.25
2015,39,590,708503.3575200001,3,0.25
2015,40,591,1075532.34172,2,0.25
2015,42,593,1720653.64551,5,0.25
2015,43,594,1343894.4092700002,6,0.25
2015,44,595,14111957.42067,7,0.25
2015,45,596,10012946.37374,6,0.25
2015,46,597,17888783.536030002,13,0.25
2016,1,598,1513810.73758,7,0.25
2016,2,599,13714547.61248,5,0.25
2016,3,600,1519623.6079,3,0.25
2016,4,601,3185376.9533,10,0.25
2016,5,602,853718.2255000001,5,0.25
2016,6,603,10215179.92175,10,0.25
2016,8,605,2043298.90079,5,0.25
2016,9,606,12629322.57729,8,0.25
2016,10,607,882503.30209,4,0.25
2016,11,608,4176084.1426,4,0.25
2016,12,609,12568018.203000002,9,0.25
2016,13,610,7698445.51416,12,0.25
2016,14,611,8038990.07299,10,0.25
2016,15,612,12707794.23813,11,0.25
2016,16,613,3714699.7601,5,0.25
2016,17,614,941340.41429,3,0.25
2016,18,615,3187361.1571,3,0.25
2016,19,616,4624875.03389,5,0.25
2016,21,618,20887413.28666,3,0.25
2016,22,619,8285790.60255,4,0.25
2016,23,620,1259772.64052,7,0.25
2016,24,621,1720016.9093,5,0.25
2016,25,622,7411829.31858,7,0.25
2016,26,623,7546302.768149999,8,0.25
2016,27,624,3257808.9813,14,0.25
2016,28,625,9441518.28054,15,0.25
2016,29,626,7802906.56323,8,0.25
2016,30,627,35718498.00449,37,0.25
2016,31,628,4381563.69446,6,0.25
2016,32,629,2688787.6665000003,15,0.25
2016,33,630,5263381.7239500005,11,0.25
2016,34,631,95304.70105,1,0.25
2016,35,632,71625.09053,1,0.25
2016,36,633,430307.5596,1,0.25
2016,37,634,1403418.731,1,0.25
2016,38,635,2790887.21979,5,0.25
2016,39,636,3606530.1875,3,0.25
2016,40,637,8018355.94032,6,0.25
2016,45,642,295366.52632,4,0.25
2016,46,643,4379552.71967,12,0.25
2017,1,644,3908805.40765,7,0.25
2017,2,645,1819070.40175,7,0.25
2017,3,646,10938251.32524,8,0.25
2017,4,647,1091016.52316,4,0.25
2017,5,648,55989.72469,1,0.25
2017,6,649,2060569.25784,5,0.25
2017,7,650,2728139.6505,8,0.25
2017,8,651,278978.2479,1,0.25
2017,9,652,4255253.768,1,0.25
2017,10,653,7161963.0660999995,4,0.25
2017,11,654,1797613.8715000001,3,0.25
2017,12,655,3902828.7467,3,0.25
2017,13,656,2021438.8551,4,0.25
2017,14,657,683084.7997,3,0.25
2017,15,658,7462188.713500001,2,0.25
2017,16,659,1148033.7323999999,3,0.25
2017,18,661,12176256.0896,4,0.25
2017,19,662,552382.49254,3,0.25
2017,20,663,416016.52538,4,0.25
2017,21,664,6673754.27377,12,0.25
2017,22,665,23669066.2931,33,0.25
2017,23,666,575378.28977,4,0.25
2017,24,667,4928494.36933,10,0.25
2017,25,668,18628106.65024,22,0.25
2017,26,669,66216393.89552,56,0.25
2017,27,670,21911941.17392,26,0.25
2017,28,671,17801686.83566,31,0.25
2017,29,672,8472968.7645,18,0.25
2017,30,673,1003353.6244900001,3,0.25
2017,31,674,8302382.62453,13,0.25
2017,32,675,111957.9831,1,0.25
2017,34,677,1050840.5748,7,0.25
2017,35,678,286803.6363,1,0.25
2017,36,679,1601248.835,1,0.25
2017,37,680,1965989.27491,3,0.25
2017,38,681,327307.57279999997,2,0.25
2017,41,684,69906.07557,1,0.25
2017,45,688,1376637.62945,5,0.25
2017,46,689,86348.98529,1,0.25
2018,1,690,164634.9564,1,0.25
2018,2,691,2539703.06802,4,0.25
2018,3,692,504029.14699,3,0.25
2018,4,693,144438.45732,2,0.25
2018,5,694,2664974.36794,7,0.25
2018,6,695,1367273.86571,4,0.25
2018,7,696,5437542.4258,6,0.25
2018,8,697,411569.41755,2,0.25
2018,10,699,97072.7123,1,0.25
2018,15,704,1299777.365,1,0.25
2018,17,706,3960562.859,1,0.25
2018,18,707,2054270.73095,4,0.25
2018,19,708,26668046.8547,24,0.25
2018,20,709,7274042.72939,13,0.25
2018,21,710,2934051.6481,7,0.25
2018,22,711,3275951.2796,5,0.25
2018,23,712,33850670.47154,19,0.25
2018,24,713,16552692.86245,35,0.25
2018,25,714,32312337.16558,43,0.25
2018,26,715,49886189.79355,113,0.25
2018,27,716,38379019.20092,90,0.25
2018,28,717,34626182.09684,106,0.25
2018,29,718,15026158.43188,33,0.25
2018,30,719,15846061.57645,56,0.25
2018,31,720,7731719.94869,6,0.25
2018,33,722,399914.51054,2,0.25
2018,35,724,40693165.0577,2,0.25
2018,36,725,1170183.0774,4,0.25
2018,37,726,7096730.950999999,2,0.25
2018,39,728,367126.2731,2,0.25
2018,41,730,298992.6473,1,0.25
2018,42,731,164634.9564,1,0.25
2018,43,732,56365.07028,1,0.25
2018,44,733,468214.26598,4,0.25
2018,45,734,6639223.59732,7,0.25
2018,46,735,6415604.67821,8,0.25
2019,1,736,20667533.391400002,3,0.25
2019,2,737,613466.10828,3,0.25
2019,3,738,1467757.07185,7,0.25
2019,4,739,7065671.81776,12,0.25
2019,5,740,2110996.8664100002,14,0.25
2019,6,741,3010259.38368,8,0.25
2019,7,742,471664.68546999997,3,0.25
2019,8,743,16674749.79407,5,0.25
2019,9,744,4375394.497,1,0.25
2019,10,745,1500828.53197,6,0.25
2019,11,746,18191415.42332,14,0.25
2019,12,747,659731.0855,3,0.25
2019,13,748,10058491.04339,10,0.25
2019,14,749,1512896.8197,6,0.25
2019,15,750,16322761.44005,7,0.25
2019,16,751,3670185.47056,16,0.25
2019,17,752,17626594.20927,16,0.25
2019,18,753,21834028.05538,18,0.25
2019,19,754,2182759.45739,10,0.25
2019,20,755,11846804.3657,6,0.25
2019,21,756,11591146.23743,26,0.25
2019,22,757,20304755.03975,33,0.25
2019,23,758,72263015.09134,73,0.25
2019,24,759,10826223.40554,19,0.25
2019,25,760,22967338.69671,40,0.25
2019,26,761,41751198.143599994,50,0.25
2019,27,762,16057026.63227,52,0.25
2019,28,763,4795455.12026,8,0.25
2019,29,764,409219.40966,4,0.25
2019,30,765,3730272.26939,16,0.25
2019,31,766,13123635.77605,28,0.25
2019,32,767,14174731.32,12,0.25
2019,33,768,2607286.47818,7,0.25
2019,34,769,774590.39518,3,0.25
2019,35,770,100172.4756,1,0.25
2019,37,772,13741314.7156,5,0.25
2019,38,773,5581833.39922,10,0.25
2019,39,774,7227199.60338,13,0.25
2019,40,775,4536883.1581999995,8,0.25
2019,41,776,4156253.2145000002,4,0.25
2019,42,777,6490573.3006,7,0.25
2019,44,779,8216097.611,2,0.25
2019,45,780,3349584.80744,4,0.25
2019,46,781,8752949.57908,12,0.25
2020,1,782,4311509.97078,8,0.25
2020,2,783,701943.8936999999,3,0.25
2020,3,784,7873728.79335,6,0.25
2020,4,785,2575496.5173,3,0.25
2020,5,786,453793.52123,4,0.25
2020,6,787,473883.88545999996,2,0.25
2020,7,788,971962.01937,5,0.25
2020,8,789,12475695.84471,7,0.25
2020,9,790,5786185.418459999,6,0.25
2020,10,791,3381313.9802900003,11,0.25
2020,12,793,1683764.5339000002,4,0.25
2020,13,794,8305891.17458,5,0.25
2020,14,795,1785076.3416799998,4,0.25
2020,15,796,3922013.41028,9,0.25
2020,16,797,4045785.1908499994,8,0.25
2020,17,798,2935757.23829,9,0.25
2020,18,799,4766840.4830599995,10,0.25
2020,19,800,37405143.50792,7,0.25
2020,20,801,14125040.11309,28,0.25
2020,21,802,91208.04882,1,0.25
2020,22,803,26325822.50184,12,0.25
2020,23,804,18897714.59644,32,0.25
2020,24,805,4822063.35251,7,0.25
2020,25,806,18059783.66,12,0.25
2020,26,807,28179867.77682,14,0.25
2020,27,808,17185808.37731,36,0.25
2020,28,809,31631810.26916,74,0.25
2020,29,810,14934683.03892,47,0.25
2020,30,811,25118441.80142,29,0.25
2020,31,812,2540365.08428,11,0.25
2020,33,814,4729778.7847299995,18,0.25
2020,35,816,1770507.8222500002,8,0.25
2020,36,817,8629669.09756,15,0.25
2020,38,819,296516.0661,1,0.25
2020,39,820,84459.96572,1,0.25
2020,40,821,3126122.9835900003,5,0.25
2020,41,822,813273.6752299999,3,0.25
2020,42,823,6356759.544,13,0.25
2020,43,824,1359104.504,1,0.25
2020,44,825,1806996.5975900001,3,0.25
2020,46,827,879222.6527,2,0.25
2021,2,829,115933.9616,1,0.25
2021,4,831,1072610.37276,5,0.25
2021,5,832,78876.79854,1,0.25
2021,6,833,582510.2496,1,0.25
2021,7,834,635116.7324600001,2,0.25
2021,8,835,6779560.54315,5,0.25
2021,9,836,5301014.8769,4,0.25
2021,11,838,864075.44742,5,0.25
2021,12,839,358890.58770000003,2,0.25
2021,13,840,326869.8644,1,0.25
2021,14,841,8851405.58556,5,0.25
2021,15,842,5561234.01731,4,0.25
2021,17,844,906111.6415,2,0.25
2021,18,845,9100623.4581,4,0.25
2021,19,846,3418107.2161,6,0.25
2021,20,847,2315538.314,1,0.25
2021,21,848,11867999.04563,9,0.25
2021,22,849,11268734.994520001,13,0.25
2021,23,850,25478915.49604,33,0.25
2021,24,851,8954384.9414,13,0.25
2021,25,852,10450675.31333,19,0.25
2021,26,853,8783093.07824,6,0.25
2021,27,854,28196430.720620003,13,0.25
2021,28,855,17727859.26245,21,0.25
2021,29,856,8217197.07265,16,0.25
2021,30,857,5576943.9567,6,0.25
2021,31,858,67455.02778,1,0.25
2021,32,859,1423169.30986,3,0.25
2021,33,860,3132989.38084,4,0.25
2021,34,861,3639490.20362,7,0.25
2021,38,865,78876.79854,1,0.25
2021,39,866,1331212.795,1,0.25
2021,40,867,4144026.67448,5,0.25
2021,41,868,2476987.82375,7,0.25
2021,42,869,215857.56948,2,0.25
2021,43,870,4060998.2545000003,3,0.25
2021,44,871,8370353.08857,12,0.25
2021,45,872,2125166.44491,9,0.25
2021,46,873,18865730.06653,15,0.25
2022,1,874,64886.07871,1,0.25
2022,2,875,2292233.2046,9,0.25
2022,3,876,1077976.43277,6,0.25
2022,4,877,3352788.12156,10,0.25
2022,5,878,416874.6149,1,0.25
2022,6,879,486499.08287,3,0.25
2022,7,880,1712946.21061,10,0.25
2022,8,881,2099284.78826,9,0.25
2022,9,882,1348129.66097,9,0.25
2022,10,883,5699508.39224,7,0.25
2022,11,884,3093415.43255,4,0.25
2022,12,885,4851084.28229,5,0.25
2022,13,886,8041705.563060001,5,0.25
2022,16,889,141728.8339,1,0.25
2022,17,890,87334.41371,1,0.25
2022,18,891,31505226.94053,13,0.25
2022,19,892,7591241.55269,3,0.25
2022,20,893,2314721.96094,9,0.25
2022,21,894,1971769.7908299998,11,0.25
2022,22,895,11303940.44758,42,0.25
2022,23,896,12923826.06677,46,0.25
2022,24,897,16124806.87291,38,0.25
2022,25,898,56562753.65065,90,0.25
2022,26,899,31758742.58497,110,0.25
2022,27,900,47054306.75106,134,0.25
2022,28,901,93413516.1416,140,0.25
2022,29,902,84779292.75371,138,0.25
2022,30,903,45229930.44878,74,0.25
2022,31,904,11485338.418779999,41,0.25
2022,32,905,4348612.89503,21,0.25
2022,33,906,322714.6919,2,0.25
2022,35,908,159654.4889,1,0.25
2022,36,909,517707.4456,1,0.25
2022,38,911,1045667.9975,3,0.25
2022,39,912,1168626.58408,3,0.25
2022,40,913,741555.9894,2,0.25
2022,42,915,3767328.36664,4,0.25
2022,43,916,3215520.5476699998,5,0.25
2022,44,917,524036.94292,3,0.25
2022,45,918,517707.4456,1,0.25
2023,1,920,282298.54964,2,0.25
2023,2,921,16360666.11369,9,0.25
2023,3,922,2414597.6981,5,0.25
2023,4,923,1514813.4657800002,9,0.25
2023,5,924,806517.8929,1,0.25
2023,6,925,16120494.48602,9,0.25
2023,7,926,6002206.11845,5,0.25
2023,8,927,26303350.77326,12,0.25
2023,9,928,406205.99397999997,2,0.25
2023,10,929,74028.24274,1,0.25
2023,11,930,95392.18628,1,0.25
2023,13,932,523820.56452,4,0.25
2023,14,933,7803588.731009999,4,0.25
2023,16,935,3541364.69151,4,0.25
2023,17,936,7062096.20279,8,0.25
2023,18,937,9649884.7055,4,0.25
2023,19,938,14526422.59863,9,0.25
2023,20,939,12251155.62619,27,0.25
2023,21,940,27311645.1335,62,0.25
2023,22,941,72355249.81031,87,0.25
2023,23,942,9987084.04459,21,0.25
2023,24,943,20526495.426289998,24,0.25
2023,25,944,15076120.08974,49,0.25
2023,26,945,16122567.90078,21,0.25
2023,27,946,14457329.56725,20,0.25
2023,28,947,10401931.114769999,14,0.25
2023,29,948,6551851.70912,17,0.25
2023,30,949,17338197.14623,34,0.25
2023,31,950,32576252.54678,27,0.25
2023,32,951,7871391.60893,21,0.25
2023,33,952,7157532.0733,9,0.25
2023,34,953,5628562.75433,5,0.25
2023,35,954,2456595.07545,8,0.25
2023,36,955,7497011.9535799995,9,0.25
2023,37,956,3947623.8214000002,6,0.25
2023,38,957,51510.29743,1,0.25
2023,39,958,11972667.0953,8,0.25
2023,40,959,7808381.29858,13,0.25
2023,41,960,8801999.75274,20,0.25
2023,42,961,1093565.22271,5,0.25
2023,43,962,4641697.26298,14,0.25
2023,44,963,13098546.54293,12,0.25
2023,45,964,2503962.4953,15,0.25
2023,46,965,2505294.47208,12,0.25
2024,1,966,6450831.468180001,12,0.25
2024,2,967,26647700.10221,17,0.25
2024,3,968,7735257.8647,12,0.25
2024,4,969,4012679.6175999995,3,0.25
2024,5,970,1838422.9580400002,10,0.25
2024,6,971,6251905.72584,14,0.25
2024,7,972,6912780.33869,5,0.25
2024,8,973,6031650.7812,7,0.25
2024,9,974,2347331.57584,11,0.25
2024,10,975,35168131.66282,22,0.25
2024,11,976,48677638.52654,13,0.25
2024,12,977,7858650.96066,5,0.25
2024,13,978,7504254.2466,6,0.25
2024,14,979,10113776.22731,11,0.25
2024,15,980,35207048.98545,18,0.25
2024,16,981,82436217.1191,32,0.25
2024,17,982,55793549.93152,23,0.25
2024,18,983,41189496.52961,25,0.25
2024,19,984,55136596.91448,31,0.25
2024,20,985,50687875.33965,28,0.25
2024,21,986,56834142.928179994,64,0.25
2024,22,987,101683614.2393,59,0.25
2024,23,988,15971360.3188,25,0.25
2024,24,989,11971584.11293,22,0.25
2024,25,990,12824750.81823,28,0.25
2024,26,991,51409338.16445,57,0.25
2024,27,992,10338123.68743,22,0.25
2024,28,993,25353207.24081,19,0.25
2024,29,994,53477027.60664,42,0.25
2024,30,995,17916705.54318,45,0.25
2024,31,996,34019254.88707,86,0.25
2024,32,997,35130934.14199,61,0.25
2024,33,998,18234668.7338,26,0.25
2024,34,999,18722693.9413,9,0.25
2024,35,1000,6380657.37308,14,0.25
2024,36,1001,2679173.45259,4,0.25
2024,37,1002,582510.2496,1,0.25
2024,38,1003,7823121.92934,7,0.25
2024,39,1004,42245852.09529,3,0.25
2024,41,1006,158872.44632,2,0.25
2024,42,1007,1030576.80891,4,0.25
2024,43,1008,1225408.816,4,0.25
2024,44,1009,10185435.00723,9,0.25
2024,45,1010,6416636.86558,6,0.25
2024,46,1011,6216037.8026,4,0.25
2025,1,1012,645116.5988,2,0.25
2025,2,1013,8111540.80281,10,0.25
2025,3,1014,1714720.3506399998,4,0.25
2025,4,1015,10476613.0608,3,0.25
2025,5,1016,14467666.099949999,5,0.25
2025,6,1017,1570204.1593,4,0.25
2025,7,1018,486566.27363,5,0.25
2025,8,1019,20894011.2162,32,0.25
2025,9,1020,10625032.15725,27,0.25
2025,10,1021,6836551.58072,13,0.25
2025,11,1022,174023.2926,1,0.25
2025,12,1023,721130.3222,1,0.25
2025,13,1024,174023.2926,1,0.25
2025,14,1025,74687.06014,1,0.25
2025,15,1026,23254791.753599998,4,0.25
2025,17,1028,1054752.91093,2,0.25
2025,18,1029,5787110.9132,5,0.25
2025,19,1030,74627.50728,1,0.25
2025,20,1031,105118.9375,1,0.25
2025,21,1032,4656465.55424,14,0.25
2025,22,1033,24969192.12985,54,0.25
2025,23,1034,33789032.13811,98,0.25
2025,24,1035,51576442.67325,85,0.25
2025,25,1036,35599644.01884,95,0.25
2025,26,1037,23947461.02192,57,0.25
2025,27,1038,64854949.1144,53,0.25
2025,28,1039,20777066.30517,48,0.25
2025,29,1040,25977040.42647,63,0.25
2025,30,1041,19278264.25609,36,0.25
2025,31,1042,20249044.58756,25,0.25
2025,32,1043,16265352.10415,16,0.25
2025,33,1044,3354297.5248000002,4,0.25
2025,34,1045,1100276.2991,2,0.25
2025,35,1046,944404.18088,6,0.25
2025,36,1047,4993600.175170001,3,0.25
2025,37,1048,676450.0462,2,0.25
2025,39,1050,2544696.62281,2,0.25
2025,40,1051,853705.7149,1,0.25
2025,42,1053,123131.252,1,0.25
2025,43,1054,1490017.16845,6,0.25
2025,44,1055,317890.0627,1,0.25
2025,45,1056,517707.4456,1,0.25
2025,46,1057,12167690.118409999,13,0.25
2003,2,1,1427454.0305700002,2,0.5
2003,3,2,126288.21135,2,0.5
2003,4,3,165824.5736,1,0.5
2003,5,4,5744851.35569,4,0.5
2003,6,5,364516.19721,3,0.5
2003,8,7,362485.06418,2,0.5
2003,9,8,351599.01954999997,2,0.5
2003,10,9,108136.693,1,0.5
2003,12,11,148642.3779,1,0.5
2003,13,12,132868.1872,1,0.5
2003,14,13,66311.77765,1,0.5
2003,16,15,205664.8586,1,0.5
2003,17,16,12294503.26525,8,0.5
2003,18,17,1694430.00984,8,0.5
2003,19,18,4082448.223,9,0.5
2003,20,19,16998582.01407,14,0.5
2003,21,20,13848857.701410001,32,0.5
2003,22,21,93375.88154,1,0.5
2003,23,22,3876402.37495,13,0.5
2003,24,23,250181.137,2,0.5
2003,25,24,14314588.77422,23,0.5
2003,26,25,4967520.77376,21,0.5
2003,27,26,6165168.38851,11,0.5
2003,28,27,24906169.7942,58,0.5
2003,29,28,9302245.38933,49,0.5
2003,30,29,12783984.1443,25,0.5
2003,31,30,2535266.32887,2,0.5
2003,33,32,133413.8589,1,0.5
2003,40,39,182101.3636,1,0.5
2003,41,40,2014993.80549,3,0.5
2003,42,41,84221.02736,1,0.5
2003,44,43,164634.9564,1,0.5
2003,45,44,164634.9564,1,0.5
2004,2,47,4375394.497,1,0.5
2004,10,55,6381424.8114,3,0.5
2004,11,56,3884136.39256,3,0.5
2004,12,57,910909.7178,1,0.5
2004,14,59,109396.23885,2,0.5
2004,15,60,134379.7401,1,0.5
2004,17,62,134379.7401,1,0.5
2004,18,63,27070395.98937,4,0.5
2004,19,64,23871198.67214,3,0.5
2004,22,67,3596136.5114,2,0.5
2004,23,68,2578466.6485800003,4,0.5
2004,24,69,195686.75044,2,0.5
2004,25,70,6218236.7747,2,0.5
2004,26,71,1075953.1623,4,0.5
2004,27,72,1676857.12745,5,0.5
2004,28,73,1604656.7746,2,0.5
2004,29,74,4369045.9499,4,0.5
2004,30,75,832177.5617500001,2,0.5
2004,31,76,1949859.502,1,0.5
2005,2,93,3533370.361,1,0.5
2005,6,97,78333.67209,1,0.5
2005,7,98,1968001.20477,7,0.5
2005,8,99,506176.672,1,0.5
2005,9,100,829624.00359,7,0.5
2005,10,101,861932.7849,1,0.5
2005,11,102,75118.4844,1,0.5
2005,12,103,727119.4742,1,0.5
2005,13,104,604245.41601,3,0.5
2005,16,107,937135.217,3,0.5
2005,17,108,581362.3793,2,0.5
2005,18,109,4261915.51716,6,0.5
2005,19,110,978090.38795,5,0.5
2005,20,111,4046365.61645,10,0.5
2005,21,112,32115789.59862,14,0.5
2005,22,113,2369699.1984,5,0.5
2005,23,114,15018772.65941,21,0.5
2005,24,115,6948700.743,8,0.5
2005,25,116,6081973.115259999,6,0.5
2005,26,117,90571.00994,1,0.5
2005,27,118,1156338.45934,6,0.5
2005,28,119,1092328.4192599999,8,0.5
2005,29,120,1533295.76553,10,0.5
2005,31,122,4554381.8968,4,0.5
2005,32,123,6974923.28474,10,0.5
2005,33,124,1786499.2253999999,2,0.5
2005,36,127,233450.2729,1,0.5
2005,38,129,420218.1882,2,0.5
2005,41,132,900736.4931900001,5,0.5
2005,42,133,77471.11519,1,0.5
2005,44,135,152280.3016,1,0.5
2005,46,137,59618.96959,1,0.5
2006,1,138,1193201.2641,2,0.5
2006,2,139,64886.07871,1,0.5
2006,3,140,3437135.9904000005,5,0.5
2006,4,141,1223596.0009400002,4,0.5
2006,5,142,212823.53777,3,0.5
2006,6,143,4721802.942000001,3,0.5
2006,11,148,369531.51061,2,0.5
2006,12,149,1359616.605,1,0.5
2006,16,153,118244.0408,1,0.5
2006,21,158,393136.3916,2,0.5
2006,22,159,6436117.87063,11,0.5
2006,23,160,983810.2494,6,0.5
2006,24,161,4819582.60308,8,0.5
2006,25,162,3974891.81115,10,0.5
2006,26,163,25608466.01026,50,0.5
2006,27,164,11554354.95877,38,0.5
2006,28,165,3037760.00517,5,0.5
2006,29,166,966634.1389199999,6,0.5
2006,30,167,520907.39764,5,0.5
2006,31,168,4014294.8432,4,0.5
2006,32,169,223479.33423,3,0.5
2006,35,172,10419360.65,1,0.5
2006,36,173,2710421.1843999997,5,0.5
2006,37,174,40545125.86,1,0.5
2006,41,178,7167397.3119,2,0.5
2006,42,179,483366.6633,3,0.5
2006,43,180,1888199.564,1,0.5
2006,44,181,1888199.564,1,0.5
2007,2,185,88673.35304,1,0.5
2007,3,186,93483.56208,1,0.5
2007,4,187,5788295.914,1,0.5
2007,6,189,56382.13578,1,0.5
2007,8,191,182281.9105,1,0.5
2007,9,192,4923114.703,1,0.5
2007,10,193,5616005.3462,3,0.5
2007,11,194,1487878.69672,2,0.5
2007,12,195,469138.17279,2,0.5
2007,16,199,127761.0044,1,0.5
2007,18,201,1066158.2527,3,0.5
2007,19,202,2269946.92983,7,0.5
2007,20,203,179539.8678,1,0.5
2007,21,204,227822.20524,2,0.5
2007,22,205,2046381.25507,9,0.5
2007,23,206,1843827.24651,9,0.5
2007,24,207,1884011.79286,9,0.5
2007,25,208,3975227.69003,12,0.5
2007,26,209,8024081.86382,28,0.5
2007,27,210,4215684.20314,12,0.5
2007,28,211,1833283.56281,7,0.5
2007,29,212,756589.4182,2,0.5
2007,30,213,2894058.18708,7,0.5
2007,31,214,1424771.2677,4,0.5
2007,34,217,418461.5007,1,0.5
2007,35,218,2016833.232,1,0.5
2007,36,219,633902.92298,3,0.5
2007,37,220,184600.33068999997,2,0.5
2007,42,225,84221.02736,1,0.5
2007,44,227,278356.3117,1,0.5
2008,2,231,356723.876,1,0.5
2008,4,233,75159.12366,1,0.5
2008,5,234,1357381.728,1,0.5
2008,6,235,355235.9665,1,0.5
2008,8,237,55802.3694,1,0.5
2008,10,239,4010658.252,1,0.5
2008,11,240,213507.6636,1,0.5
2008,18,247,3067973.77275,3,0.5
2008,23,252,595912.99237,2,0.5
2008,24,253,76675.5733,1,0.5
2008,25,254,1599510.17179,3,0.5
2008,26,255,521238.4302,3,0.5
2008,27,256,2212266.68498,6,0.5
2008,28,257,2864358.71833,5,0.5
2008,30,259,533153.76999,3,0.5
2008,31,260,108272.2891,1,0.5
2008,32,261,943838.8866,2,0.5
2008,34,263,207055.1996,1,0.5
2008,35,264,412535.7956,2,0.5
2008,36,265,879631.625,1,0.5
2008,38,267,192786.8071,1,0.5
2008,39,268,417436.64131,3,0.5
2008,42,271,762830.6605,1,0.5
2008,43,272,258392.14835,2,0.5
2008,44,273,82970.47698,1,0.5
2008,45,274,354557.7479,3,0.5
2008,46,275,219138.6881,1,0.5
2009,2,277,452000.4631,1,0.5
2009,3,278,4375394.497,1,0.5
2009,5,280,938328.4515,1,0.5
2009,8,283,98411.45174,1,0.5
2009,11,286,244867.7157,1,0.5
2009,12,287,74627.50728,1,0.5
2009,13,288,6739935.91185,2,0.5
2009,15,290,2784852.2046499997,4,0.5
2009,16,291,26046098.000299998,6,0.5
2009,17,292,19589023.492,2,0.5
2009,18,293,142237.5255,1,0.5
2009,19,294,628217.6479,1,0.5
2009,20,295,84084.36819,1,0.5
2009,21,296,7919201.4662,3,0.5
2009,22,297,5558309.67985,8,0.5
2009,23,298,9452964.12074,15,0.5
2009,24,299,2583602.5338,5,0.5
2009,25,300,20230933.29197,11,0.5
2009,26,301,1684567.2992,7,0.5
2009,27,302,45656738.807000004,7,0.5
2009,28,303,11497618.82833,7,0.5
2009,29,304,386403.71338,4,0.5
2009,30,305,152173.22404,2,0.5
2009,32,307,669444.5979,1,0.5
2009,37,312,1357547.955,1,0.5
2009,39,314,986266.9288,1,0.5
2009,40,315,6856993.107,1,0.5
2009,45,320,68712.13618,1,0.5
2010,2,323,4010658.252,1,0.5
2010,3,324,6190844.61579,3,0.5
2010,4,325,617038.64509,2,0.5
2010,5,326,3274532.7607299997,3,0.5
2010,6,327,1448959.03447,2,0.5
2010,7,328,10560736.043,2,0.5
2010,8,329,2398154.8191,2,0.5
2010,9,330,2667322.485,1,0.5
2010,10,331,549270.15009,3,0.5
2010,11,332,166828.6139,1,0.5
2010,13,334,4335308.46919,3,0.5
2010,15,336,259745.89400000003,2,0.5
2010,17,338,8691686.648,3,0.5
2010,18,339,33110144.71603,4,0.5
2010,19,340,8137304.1787,3,0.5
2010,20,341,32082189.0427,3,0.5
2010,21,342,375773.69409,3,0.5
2010,22,343,1830743.69,1,0.5
2010,23,344,14699198.71598,32,0.5
2010,24,345,8603767.16533,27,0.5
2010,25,346,6093547.67787,13,0.5
2010,26,347,11516844.605489999,18,0.5
2010,27,348,2667801.0634,3,0.5
2010,28,349,24007413.22202,19,0.5
2010,29,350,6782000.0632299995,17,0.5
2010,30,351,144218.4358,1,0.5
2010,31,352,341007.12192,3,0.5
2010,32,353,1066697.3441,5,0.5
2010,33,354,117536.5135,1,0.5
2010,35,356,418461.5007,1,0.5
2010,36,357,556604.1246,2,0.5
2010,38,359,84221.02736,1,0.5
2010,39,360,152280.3016,1,0.5
2010,40,361,587388.0278,1,0.5
2010,43,364,1357547.955,1,0.5
2010,45,366,633196.1256,1,0.5
2011,2,369,628217.6479,1,0.5
2011,5,372,101345.1578,1,0.5
2011,6,373,278015.16454,3,0.5
2011,7,374,504379.51875,4,0.5
2011,9,376,439306.5233,1,0.5
2011,10,377,65236.62005,1,0.5
2011,11,378,3847557.992,1,0.5
2011,12,379,105531.6559,1,0.5
2011,13,380,331777.2622,1,0.5
2011,14,381,219703.6849,1,0.5
2011,19,386,131842.2829,1,0.5
2011,20,387,3694435.7405799995,7,0.5
2011,21,388,17925095.431929998,3,0.5
2011,22,389,19106440.635179996,6,0.5
2011,23,390,579279.76684,3,0.5
2011,24,391,365743.89148,3,0.5
2011,25,392,3902491.2076000003,4,0.5
2011,26,393,8976080.49841,14,0.5
2011,27,394,1976750.38766,8,0.5
2011,28,395,733624.62317,3,0.5
2011,30,397,748121.32181,4,0.5
2011,31,398,3426799.59602,3,0.5
2011,32,399,945607.0118,2,0.5
2011,40,407,182281.9105,1,0.5
2011,42,409,1028776.293,1,0.5
2011,43,410,54336.48652,1,0.5
2011,45,412,507945.2871,1,0.5
2011,46,413,1083112.7795199999,2,0.5
2012,1,414,1238533.04078,2,0.5
2012,2,415,15514165.030650001,4,0.5
2012,3,416,148682.72751,2,0.5
2012,5,418,2758546.52041,8,0.5
2012,6,419,2188589.1354099996,5,0.5
2012,7,420,483932.16894,3,0.5
2012,8,421,441177.32915,2,0.5
2012,11,424,124580.1316,1,0.5
2012,12,425,7246737.85236,4,0.5
2012,14,427,91250.55975,1,0.5
2012,16,429,141861.5216,1,0.5
2012,18,431,3581527.22317,7,0.5
2012,19,432,2901332.77555,7,0.5
2012,20,433,17361903.87718,11,0.5
2012,21,434,18890918.83498,14,0.5
2012,22,435,6603433.88737,21,0.5
2012,23,436,13915959.9281,20,0.5
2012,24,437,5255761.78416,15,0.5
2012,25,438,14667125.82454,25,0.5
2012,26,439,1900917.36079,9,0.5
2012,27,440,21716041.34688,23,0.5
2012,28,441,15444222.53427,42,0.5
2012,29,442,1810875.0531799998,3,0.5
2012,30,443,3839494.99386,15,0.5
2012,31,444,4236297.42963,9,0.5
2012,32,445,300409.4608,1,0.5
2012,34,447,983295.5776,1,0.5
2012,38,451,180794.06287,2,0.5
2012,40,453,2076037.334,1,0.5
2012,41,454,298992.6473,1,0.5
2012,43,456,507945.2871,1,0.5
2012,44,457,4192268.81209,5,0.5
2013,1,460,1034256.63197,2,0.5
2013,2,461,75159.12366,1,0.5
2013,4,463,422701.3394,1,0.5
2013,5,464,3847557.992,1,0.5
2013,6,465,70728.51451,1,0.5
2013,7,466,330485.9058,2,0.5
2013,8,467,356723.876,1,0.5
2013,13,472,3930243.3371900003,4,0.5
2013,14,473,18299236.544699997,4,0.5
2013,16,475,553592.7339,3,0.5
2013,17,476,179323.6776,1,0.5
2013,18,477,4078714.376,5,0.5
2013,21,480,342311.1346,1,0.5
2013,22,481,1273493.97505,3,0.5
2013,23,482,1919023.56842,4,0.5
2013,24,483,1432696.483,2,0.5
2013,25,484,5806989.3534,13,0.5
2013,26,485,5205542.10455,21,0.5
2013,27,486,3836423.86523,8,0.5
2013,28,487,7848123.89176,20,0.5
2013,29,488,11914212.26412,18,0.5
2013,30,489,749220.00596,5,0.5
2013,31,490,248983.54044,2,0.5
2013,34,493,1060250.077,1,0.5
2013,40,499,298992.6473,1,0.5
2013,45,504,334972.51794,2,0.5
2014,2,507,106147.1236,1,0.5
2014,3,508,2886080.94407,6,0.5
2014,4,509,1309725.8543,4,0.5
2014,5,510,3341616.49115,12,0.5
2014,6,511,13548745.7467,13,0.5
2014,7,512,55989.72469,1,0.5
2014,8,513,1122390.9717899999,7,0.5
2014,9,514,523523.58389999997,2,0.5
2014,10,515,405337.37895,2,0.5
2014,13,518,329000.5051,2,0.5
2014,15,520,2878710.52788,4,0.5
2014,17,522,217263.5266,1,0.5
2014,18,523,2116302.7298,6,0.5
2014,19,524,177393.56045,2,0.5
2014,20,525,2363381.7853,7,0.5
2014,21,526,761707.65729,4,0.5
2014,22,527,437548.5485,1,0.5
2014,23,528,10692032.2279,6,0.5
2014,24,529,10571958.8795,4,0.5
2014,25,530,10328532.11509,14,0.5
2014,26,531,10111557.05842,22,0.5
2014,27,532,7244498.249220001,18,0.5
2014,28,533,615264.75943,4,0.5
2014,29,534,1228043.0239,2,0.5
2014,36,541,370982.32945,3,0.5
2014,37,542,539952.72402,4,0.5
2014,42,547,3658064.188,1,0.5
2014,46,551,320607.2692,1,0.5
2015,1,552,152448.84832,2,0.5
2015,2,553,4914089.2212,5,0.5
2015,3,554,9813221.671100002,11,0.5
2015,4,555,75159.12366,1,0.5
2015,6,557,233625.99336999998,2,0.5
2015,7,558,176223.1159,1,0.5
2015,9,560,390659.96710999997,4,0.5
2015,10,561,1080520.03008,7,0.5
2015,11,562,101151.1467,1,0.5
2015,13,564,256379.01148,2,0.5
2015,15,566,8536592.99141,5,0.5
2015,16,567,866299.742,1,0.5
2015,18,569,11595910.7162,3,0.5
2015,19,570,163351.50546999997,2,0.5
2015,20,571,767540.9348,1,0.5
2015,21,572,746838.65029,2,0.5
2015,22,573,7727280.36566,5,0.5
2015,23,574,3875505.4869299997,5,0.5
2015,24,575,32559498.82444,25,0.5
2015,25,576,5949335.62511,15,0.5
2015,26,577,15083520.23793,26,0.5
2015,27,578,3051369.95039,8,0.5
2015,28,579,13509068.21013,51,0.5
2015,29,580,10248176.39955,35,0.5
2015,30,581,7758811.49426,16,0.5
2015,31,582,22607150.57643,33,0.5
2015,32,583,2279365.5346,3,0.5
2015,33,584,2170926.3485,2,0.5
2015,34,585,314136.57680000004,2,0.5
2015,35,586,3533622.227,2,0.5
2015,36,587,362912.93595,3,0.5
2015,37,588,13030136.44315,2,0.5
2015,38,589,3625955.2418,2,0.5
2015,39,590,468765.51352,2,0.5
2015,40,591,1018797.715,1,0.5
2015,42,593,120222.43361000001,2,0.5
2015,43,594,176848.82918,2,0.5
2015,44,595,12780349.65218,4,0.5
2015,45,596,9746957.156680001,4,0.5
2015,46,597,14755820.65803,9,0.5
2016,1,598,215819.24758000002,2,0.5
2016,2,599,13151871.0695,3,0.5
2016,3,600,1519623.6079,3,0.5
2016,4,601,2854159.7479,6,0.5
2016,5,602,75159.12366,1,0.5
2016,6,603,388370.83898999996,3,0.5
2016,8,605,515093.3325,2,0.5
2016,9,606,8801130.14351,5,0.5
2016,11,608,3491548.0831,2,0.5
2016,12,609,3608837.0362,5,0.5
2016,13,610,1062943.23036,6,0.5
2016,14,611,506630.4609,3,0.5
2016,15,612,9014778.78683,7,0.5
2016,16,613,91250.55975,1,0.5
2016,17,614,624685.6173899999,2,0.5
2016,18,615,107998.2234,1,0.5
2016,19,616,2734104.08579,3,0.5
2016,21,618,20453270.03,1,0.5
2016,22,619,387140.79955,3,0.5
2016,23,620,908650.42304,4,0.5
2016,24,621,942242.5032,3,0.5
2016,25,622,6522877.68378,3,0.5
2016,26,623,545300.79535,4,0.5
2016,27,624,1039766.6253,5,0.5
2016,28,625,788994.8855999999,4,0.5
2016,29,626,427153.42506,3,0.5
2016,30,627,27447680.01501,22,0.5
2016,31,628,444776.5145,2,0.5
2016,32,629,406872.78752,4,0.5
2016,33,630,4942178.51767,9,0.5
2016,35,632,71625.09053,1,0.5
2016,36,633,430307.5596,1,0.5
2016,37,634,1403418.731,1,0.5
2016,38,635,2271166.51299,4,0.5
2016,39,636,2907723.958,1,0.5
2016,40,637,7686761.699200001,4,0.5
2016,45,642,93405.68221,1,0.5
2016,46,643,406766.41708000004,5,0.5
2017,1,644,433020.08595,3,0.5
2017,2,645,313485.93679,3,0.5
2017,3,646,10617038.252179999,5,0.5
2017,4,647,220284.32452000002,2,0.5
2017,6,649,2060569.25784,5,0.5
2017,7,650,231727.4377,2,0.5
2017,8,651,278978.2479,1,0.5
2017,9,652,4255253.768,1,0.5
2017,10,653,7161963.0660999995,4,0.5
2017,11,654,499974.6765,2,0.5
2017,12,655,244867.7157,1,0.5
2017,13,656,721661.4901,3,0.5
2017,14,657,311233.8735,2,0.5
2017,15,658,7462188.713500001,2,0.5
2017,18,661,71625.09053,1,0.5
2017,19,662,499609.87127,2,0.5
2017,20,663,188403.1825,1,0.5
2017,21,664,4227928.3608,5,0.5
2017,22,665,14980970.33934,18,0.5
2017,23,666,383904.2923,2,0.5
2017,24,667,1391648.32063,4,0.5
2017,25,668,12301537.71776,15,0.5
2017,26,669,10259414.46333,19,0.5
2017,27,670,17934406.82984,13,0.5
2017,28,671,3366157.3136599995,11,0.5
2017,29,672,2369990.03959,8,0.5
2017,30,673,821353.05009,2,0.5
2017,31,674,6978310.77241,7,0.5
2017,32,675,111957.9831,1,0.5
2017,34,677,697264.9413000001,4,0.5
2017,37,680,55612.01011,1,0.5
2017,41,684,69906.07557,1,0.5
2017,45,688,1056030.36025,4,0.5
2017,46,689,86348.98529,1,0.5
2018,1,690,164634.9564,1,0.5
2018,2,691,354567.87712,2,0.5
2018,3,692,99376.38789,1,0.5
2018,4,693,50249.41305,1,0.5
2018,5,694,380225.0899,1,0.5
2018,6,695,1063824.32379,2,0.5
2018,7,696,5049724.991900001,4,0.5
2018,8,697,93679.35485,1,0.5
2018,15,704,1299777.365,1,0.5
2018,17,706,3960562.859,1,0.5
2018,18,707,311443.14685,2,0.5
2018,19,708,6365598.7277,12,0.5
2018,20,709,6633451.58476,10,0.5
2018,21,710,662343.3569,4,0.5
2018,22,711,690522.4886,1,0.5
2018,23,712,31153697.35151,12,0.5
2018,24,713,4417260.93314,14,0.5
2018,25,714,11967778.07406,19,0.5
2018,26,715,25346845.05627,67,0.5
2018,27,716,27829170.66042,47,0.5
2018,28,717,25162489.140750002,64,0.5
2018,29,718,8247166.19778,15,0.5
2018,30,719,8362611.56324,33,0.5
2018,31,720,1063381.62389,3,0.5
2018,35,724,40693165.0577,2,0.5
2018,36,725,263555.5905,1,0.5
2018,39,728,82008.8423,1,0.5
2018,43,732,56365.07028,1,0.5
2018,44,733,468214.26598,4,0.5
2018,45,734,4412737.19082,4,0.5
2018,46,735,4117568.61291,5,0.5
2019,1,736,19485157.73,1,0.5
2019,2,737,55575.22982,1,0.5
2019,3,738,440092.40845,2,0.5
2019,4,739,1569278.7622099998,7,0.5
2019,5,740,545763.103,5,0.5
2019,6,741,1576177.79382,6,0.5
2019,7,742,70636.14117,1,0.5
2019,8,743,7350368.5935700005,2,0.5
2019,10,745,1289236.1719999998,3,0.5
2019,11,746,10326147.81214,8,0.5
2019,12,747,244867.7157,1,0.5
2019,13,748,838955.90943,4,0.5
2019,14,749,684174.2390000001,2,0.5
2019,15,750,13757839.63085,5,0.5
2019,16,751,2374640.70357,10,0.5
2019,17,752,1613593.5293,3,0.5
2019,18,753,5263718.9688,6,0.5
2019,19,754,1272893.27339,7,0.5
2019,20,755,11171008.3834,4,0.5
2019,21,756,9553280.42518,18,0.5
2019,22,757,4628016.51723,17,0.5
2019,23,758,34062050.13999,40,0.5
2019,24,759,5584797.196599999,10,0.5
2019,25,760,6522559.86114,22,0.5
2019,26,761,10223086.40068,29,0.5
2019,27,762,12921190.70319,33,0.5
2019,28,763,423858.98557,3,0.5
2019,29,764,91208.04882,1,0.5
2019,30,765,1518532.7764299999,6,0.5
2019,31,766,7464436.9738,15,0.5
2019,32,767,3378976.6728000003,4,0.5
2019,33,768,1939896.9172999999,3,0.5
2019,37,772,4996311.0047,3,0.5
2019,38,773,632239.25872,3,0.5
2019,39,774,1576165.5385,7,0.5
2019,40,775,3544579.0777000003,3,0.5
2019,41,776,638837.7824,1,0.5
2019,42,777,6401932.713,6,0.5
2019,44,779,6856993.107,1,0.5
2019,45,780,3349584.80744,4,0.5
2019,46,781,7401005.25816,5,0.5
2020,1,782,2226877.15891,3,0.5
2020,2,783,554410.0214,1,0.5
2020,3,784,1146213.5811,4,0.5
2020,4,785,951598.7503,2,0.5
2020,5,786,398335.82429,3,0.5
2020,6,787,416874.6149,1,0.5
2020,7,788,300440.11191,3,0.5
2020,8,789,12146787.627700001,4,0.5
2020,9,790,2570728.0674599996,5,0.5
2020,10,791,137648.5726,2,0.5
2020,12,793,991522.5413,3,0.5
2020,13,794,3397229.1656799996,3,0.5
2020,14,795,1413463.8181999999,2,0.5
2020,15,796,2492685.37788,7,0.5
2020,16,797,3179485.44885,7,0.5
2020,17,798,1458357.22309,5,0.5
2020,18,799,3174173.8737899996,5,0.5
2020,19,800,19127348.99862,4,0.5
2020,20,801,6833946.39259,21,0.5
2020,21,802,91208.04882,1,0.5
2020,22,803,7561088.637,8,0.5
2020,23,804,13015784.725370001,24,0.5
2020,24,805,3618929.5361,3,0.5
2020,25,806,6963116.7818,5,0.5
2020,26,807,26302632.4841,6,0.5
2020,27,808,4188843.56042,20,0.5
2020,28,809,12367448.53114,41,0.5
2020,29,810,7116005.94673,26,0.5
2020,30,811,14893861.836919999,19,0.5
2020,31,812,690522.4886,1,0.5
2020,33,814,3725515.25775,13,0.5
2020,35,816,405948.16715,3,0.5
2020,36,817,5533814.50746,12,0.5
2020,38,819,296516.0661,1,0.5
2020,40,821,3038909.4687799998,4,0.5
2020,41,822,216773.7485,1,0.5
2020,42,823,436509.6752,4,0.5
2020,44,825,1407957.9248900001,2,0.5
2020,46,827,738086.7596,1,0.5
2021,2,829,115933.9616,1,0.5
2021,4,831,106147.1236,1,0.5
2021,6,833,582510.2496,1,0.5
2021,7,834,73587.33596,1,0.5
2021,8,835,6630003.37304,3,0.5
2021,9,836,3926600.3932,2,0.5
2021,11,838,502829.07646999997,2,0.5
2021,12,839,358890.58770000003,2,0.5
2021,14,841,7400569.1542,2,0.5
2021,15,842,5295823.9432,2,0.5
2021,17,844,535165.9405,1,0.5
2021,18,845,8127307.842,3,0.5
2021,19,846,2438616.7882,4,0.5
2021,21,848,1938713.07593,7,0.5
2021,22,849,7766681.64224,9,0.5
2021,23,850,14319389.93973,19,0.5
2021,24,851,7015192.86314,6,0.5
2021,25,852,3909634.07891,10,0.5
2021,26,853,6597879.5062,4,0.5
2021,27,854,2420347.46091,5,0.5
2021,28,855,12795721.54574,13,0.5
2021,29,856,3250277.4317799998,7,0.5
2021,30,857,3830257.0955999997,4,0.5
2021,31,858,67455.02778,1,0.5
2021,32,859,1348192.224,2,0.5
2021,33,860,2658771.3031,2,0.5
2021,34,861,93637.43144,1,0.5
2021,39,866,1331212.795,1,0.5
2021,40,867,2959520.08279,2,0.5
2021,41,868,245959.65645,2,0.5
2021,42,869,139612.7631,1,0.5
2021,43,870,3658064.188,1,0.5
2021,44,871,6210689.89814,8,0.5
2021,45,872,175703.89474,2,0.5
2021,46,873,2497983.6470500003,10,0.5
2022,2,875,1595460.9187,5,0.5
2022,3,876,647664.8909100001,3,0.5
2022,4,877,2551538.50038,5,0.5
2022,5,878,416874.6149,1,0.5
2022,6,879,486499.08287,3,0.5
2022,7,880,969689.96051,7,0.5
2022,8,881,816211.39668,4,0.5
2022,9,882,324657.09926,4,0.5
2022,10,883,214927.88354,2,0.5
2022,11,884,2999736.0777000003,3,0.5
2022,12,885,4473019.46579,3,0.5
2022,13,886,7892874.73976,4,0.5
2022,17,890,87334.41371,1,0.5
2022,18,891,26041429.514599998,6,0.5
2022,20,893,1363593.87627,6,0.5
2022,21,894,632535.34261,6,0.5
2022,22,895,7495964.61914,22,0.5
2022,23,896,4428286.86927,22,0.5
2022,24,897,8675930.05629,26,0.5
2022,25,898,29715970.97918,54,0.5
2022,26,899,20874276.2802,71,0.5
2022,27,900,31106239.5734,86,0.5
2022,28,901,33484185.28961,89,0.5
2022,29,902,38155194.28188,79,0.5
2022,30,903,30118468.68545,45,0.5
2022,31,904,5548170.50476,17,0.5
2022,32,905,3752306.98412,17,0.5
2022,33,906,201288.1951,1,0.5
2022,36,909,517707.4456,1,0.5
2022,38,911,458279.9697,2,0.5
2022,39,912,1105095.4734,2,0.5
2022,40,913,223848.5438,1,0.5
2022,42,915,3559058.05974,3,0.5
2022,43,916,3128645.36344,4,0.5
2022,44,917,50970.02748,1,0.5
2022,45,918,517707.4456,1,0.5
2023,1,920,208270.3069,1,0.5
2023,2,921,1876884.22632,4,0.5
2023,3,922,912174.3735,2,0.5
2023,4,923,613491.58548,6,0.5
2023,5,924,806517.8929,1,0.5
2023,6,925,1430272.8090499998,4,0.5
2023,7,926,5255604.74435,2,0.5
2023,8,927,16542657.34942,6,0.5
2023,10,929,74028.24274,1,0.5
2023,13,932,255138.77723,2,0.5
2023,16,935,2605678.13,1,0.5
2023,17,936,774252.1335,2,0.5
2023,18,937,3068623.2145,2,0.5
2023,19,938,8122951.83993,5,0.5
2023,20,939,3193394.17917,11,0.5
2023,21,940,16309402.85821,31,0.5
2023,22,941,57740526.16364,59,0.5
2023,23,942,6892309.95089,13,0.5
2023,24,943,4331607.08331,10,0.5
2023,25,944,8812120.11497,33,0.5
2023,26,945,5018956.2531,9,0.5
2023,27,946,3181307.01724,9,0.5
2023,28,947,2922218.69223,6,0.5
2023,29,948,2327009.27102,6,0.5
2023,30,949,7057999.14681,17,0.5
2023,31,950,1890452.57738,12,0.5
2023,32,951,2400097.90025,11,0.5
2023,33,952,1137167.05248,4,0.5
2023,34,953,5563036.50026,4,0.5
2023,35,954,837521.6531,2,0.5
2023,36,955,2730231.21421,5,0.5
2023,37,956,3947623.8214000002,6,0.5
2023,38,957,51510.29743,1,0.5
2023,39,958,10039369.809999999,5,0.5
2023,40,959,4580153.81986,9,0.5
2023,41,960,7628850.09398,13,0.5
2023,42,961,788336.86251,3,0.5
2023,43,962,3157491.7800700003,6,0.5
2023,44,963,3656919.55948,7,0.5
2023,45,964,1135980.30927,8,0.5
2023,46,965,1843929.74025,7,0.5
2024,1,966,1058703.8056,3,0.5
2024,2,967,24470954.79702,8,0.5
2024,3,968,1191021.12598,7,0.5
2024,4,969,3733164.7966,2,0.5
2024,5,970,1535259.42302,6,0.5
2024,6,971,2059754.0238100002,10,0.5
2024,7,972,4307102.20869,4,0.5
2024,8,973,4379843.0747,4,0.5
2024,9,974,205878.59791,2,0.5
2024,10,975,6911673.84213,10,0.5
2024,11,976,47735697.65748,8,0.5
2024,12,977,7612931.75156,4,0.5
2024,13,978,7255184.3323,4,0.5
2024,14,979,3137661.2092,3,0.5
2024,15,980,27151052.48012,8,0.5
2024,16,981,18671733.89652,17,0.5
2024,17,982,50448390.50835,13,0.5
2024,18,983,30271461.20462,12,0.5
2024,19,984,26188029.16029,16,0.5
2024,20,985,32550520.5215,17,0.5
2024,21,986,50487383.28255,45,0.5
2024,22,987,91917417.62349999,35,0.5
2024,23,988,2321555.36818,8,0.5
2024,24,989,5693790.051410001,13,0.5
2024,25,990,9413491.815000001,17,0.5
2024,26,991,36298781.28749,37,0.5
2024,27,992,8115388.31263,14,0.5
2024,28,993,6291997.27982,8,0.5
2024,29,994,45438885.0888,24,0.5
2024,30,995,9337575.70782,24,0.5
2024,31,996,9096125.82317,38,0.5
2024,32,997,20546184.747160003,36,0.5
2024,33,998,11460226.10007,14,0.5
2024,34,999,16992813.98585,6,0.5
2024,35,1000,825407.88859,5,0.5
2024,36,1001,2679173.45259,4,0.5
2024,37,1002,582510.2496,1,0.5
2024,38,1003,7173222.1008,5,0.5
2024,39,1004,42146374.695,2,0.5
2024,41,1006,158872.44632,2,0.5
2024,42,1007,223638.87451,2,0.5
2024,43,1008,164634.9564,1,0.5
2024,44,1009,1150755.90513,6,0.5
2024,45,1010,1085510.91972,2,0.5
2024,46,1011,6216037.8026,4,0.5
2025,1,1012,246077.9261,1,0.5
2025,2,1013,6107484.86884,5,0.5
2025,3,1014,1646779.73696,3,0.5
2025,4,1015,10476613.0608,3,0.5
2025,5,1016,14204135.33298,3,0.5
2025,6,1017,208270.3069,1,0.5
2025,7,1018,251848.25513,3,0.5
2025,8,1019,8203145.9836099995,15,0.5
2025,9,1020,8257411.137880001,13,0.5
2025,10,1021,4524747.13696,5,0.5
2025,12,1023,721130.3222,1,0.5
2025,17,1028,88868.19153,1,0.5
2025,18,1029,773367.2064,3,0.5
2025,20,1031,105118.9375,1,0.5
2025,21,1032,2673947.0171,9,0.5
2025,22,1033,8726103.285799999,33,0.5
2025,23,1034,13669546.52626,57,0.5
2025,24,1035,47396012.35222,55,0.5
2025,25,1036,14886629.71419,59,0.5
2025,26,1037,12460516.0535,29,0.5
2025,27,1038,42621024.95155,25,0.5
2025,28,1039,13870511.00959,33,0.5
2025,29,1040,20881889.4853,41,0.5
2025,30,1041,16740009.113680001,23,0.5
2025,31,1042,4001998.0832399996,12,0.5
2025,32,1043,5471914.364349999,10,0.5
2025,33,1044,1144485.708,1,0.5
2025,35,1046,564625.64622,3,0.5
2025,36,1047,400436.48017,2,0.5
2025,37,1048,116980.7215,1,0.5
2025,42,1053,123131.252,1,0.5
2025,43,1054,344575.60932,3,0.5
2025,45,1056,517707.4456,1,0.5
2025,46,1057,11529818.727799999,10,0.5
